ctx_a,ctx_b,ctx,endings,id,ind,activity_label,source_id,split,split_type,label
Maður situr á þaki.,he,Maður situr á þaki. he,"['fer að draga upp þak á þaki.'
 'er að nota umbúðir til að vefja saman skíðum.'
 'er að rífa sléttar flísar af.' 'heldur á rúbínskúpu.']",hellaswag/validation/0,24,Roof shingle removal,activitynet~10920,val,indomain,0
[haus] Hvernig á að fá kærasta besta vinar síns til að líka við sig [titill] Brosa. [skref] Hann er líklega stressaður yfir því að ná góðum kynnum við besta vin hins mikilvæga. Slakaðu á með því að brosa stórt þegar þú hittir hann.,,[haus] Hvernig á að fá kærasta besta vinar síns til að líka við sig [titill] Brosa. [skref] Hann er líklega stressaður yfir því að ná góðum kynnum við besta vin hins mikilvæga. Slakaðu á með því að brosa stórt þegar þú hittir hann. ,"['Það er ekkert óeðlilegt að feiminn náungi glotti eins og tjakk í lukt þegar hann hittir stelpu. [ Undirskrefur] Hann getur orðið taugaóstyrkur ef fallega stelpan sem hann hittir dregur andann frá sér en broskar aldrei bros.'
 'Einlægt bros er skynjað sem merki um að manni líki við einhvern og vilji vera vinur hans. [undirskrefin] Í einlægu brosi togast munnvikin upp og vöðvarnir í kringum augun dragast saman.'
 'Ef þú reynir að brosa of auðveldlega þá líður honum illa og gleymir að treysta þér. [Undirskrefi] Þetta ætti ekki að gera þig falska eða líta út fyrir að vera loddaralegur, þú átt að passa upp á það fyrir hann með því að passa að svipbrigðin séu raunveruleg.'
 'Spyrðu hann líka alltaf þegar þú nærð athygli hans hvort hann sé tilbúinn að vera með þér í framtíðinni. [undirskrefi] Vertu meðvitaður um að það er líklegra að fólk móðgist þegar þú brosir.']",hellaswag/validation/8069,35705,Relationships,wikihow~10920,val,indomain,1
[höf.] Hvernig á að sannfæra foreldra þína um að fá þér eitthvað [titill] Hugsaðu um hvað þú ert að biðja um. [skref] Þú ættir að vita hvað foreldrar þínir segja yfirleitt já eða nei við. Berðu bón þína saman við það sem foreldrar þínir hafa fengið þig áður.,,[höf.] Hvernig á að sannfæra foreldra þína um að fá þér eitthvað [titill] Hugsaðu um hvað þú ert að biðja um. [skref] Þú ættir að vita hvað foreldrar þínir segja yfirleitt já eða nei við. Berðu bón þína saman við það sem foreldrar þínir hafa fengið þig áður. ,"['[Efnisorð] Hafðu í huga að þú þarft ekki að spyrja foreldra þína hvort þeir kaupi eitthvað sem þú elskar og vilt koma með heim fyrir krakkana. Þú getur samt sem áður viljað spyrja hvort þeir leyfi þér að passa eða hvort þeir leyfi þér að koma í húspartýið.'
 '[Efnisorð] Ef þú ert til dæmis að biðja um ákveðinn bíl þá skaltu taka inn í dæmið kostnaðinn sem þú þarft að standa undir. Foreldrar þínir myndu eflaust hafa áhyggjur og vilja eyða meiri pening í hann þegar þú ert í raun að biðja um nýjan bíl.'
 'Virðist núverandi beiðni þín stærri en þú biður um? Skoðaðu fjárhag þinn og ákveddu hversu langan tíma það tekur þig að borga fyrir hana sjálf/ur. Skoðaðu einnig hvort beiðnin sé eitthvað sem þú vilt eða eitthvað sem þú þarft virkilega á að halda.'
 'Athugaðu hvort þú ert sammála þeim eða hvort þeim finnist þeir vera að sýna eftirtekt. Eru þeir hvattir til að gefa þér eitthvað ákveðið? [undirskrefi] Kannski viltu fá þér hár eða byrja á ljósmyndanámskeiði.']",hellaswag/validation/9568,46745,Youth,wikihow~10920,val,indomain,2
"[haus] Hvernig skrifa á umbótasamning um heimilið [titill] Skilgreinið hvað þið viljið gera. [skref] Það er ekki hægt að skrifa góðan samning nema skilgreina nákvæmlega hvað þið viljið gera. Hvort sem um er að ræða stórt verkefni eins og innri endurbætur sem fela í sér að bæta við herbergjum eða raða upp veggjum, bæta við baðherbergi eða einungis bæta við lýsingu, þá verður að vera búið að ná góðum tökum á öllum þáttum verkefnisins.",,"[haus] Hvernig skrifa á umbótasamning um heimilið [titill] Skilgreinið hvað þið viljið gera. [skref] Það er ekki hægt að skrifa góðan samning nema skilgreina nákvæmlega hvað þið viljið gera. Hvort sem um er að ræða stórt verkefni eins og innri endurbætur sem fela í sér að bæta við herbergjum eða raða upp veggjum, bæta við baðherbergi eða einungis bæta við lýsingu, þá verður að vera búið að ná góðum tökum á öllum þáttum verkefnisins. ","['[Efnisorð] Ef þú þarft að hafa einstaka litaskema með, ekki bara lista og merkja örugglega. Þú þarft heldur ekki að lýsa nákvæmlega öllum smáatriðum verkefnisins.'
 'Markmið þitt ætti þó að vera skýrt frá upphafi. [Undirskrefi] Ekki bíða eftir að tíminn sé réttur.'
 '[Undirefni] Fullur samningur eykur líkur á ákveðnum heilsu- og öryggismálum. Ef reynt er að koma heimilinu sem best á legg gæti hinn aðilinn sleppt því að gera upp við sig.'
 '[Efnisorð] Gerið skissur eða pretið út myndir sem passa vel við það sem þið viljið gera. Þetta getur hjálpað ykkur við val á verktaka og samningsskrif.']",hellaswag/validation/5616,17659,Finance and Business,wikihow~10920,val,indomain,3
[haus] Hvernig minnka á bólur yfir nótt [titill] Þvoið hendur og andlit. [skref] Áður en meðferð til að minnka bólur hefst skal þvo andlit og hendur. Með því er hægt að minnka hættu á að bakteríur breiðist út sem geta stækkað bólur eða valdið frekara niðurbroti.,,[haus] Hvernig minnka á bólur yfir nótt [titill] Þvoið hendur og andlit. [skref] Áður en meðferð til að minnka bólur hefst skal þvo andlit og hendur. Með því er hægt að minnka hættu á að bakteríur breiðist út sem geta stækkað bólur eða valdið frekara niðurbroti. ,"['[Efni] Auk þess að þrífa andlit skal skola hendurnar með volgu, sápuvatni í um þrjátíu sekúndur. Annars skal skvetta köldum vökva í andlit.'
 'Nokkrar góðar hreinlætisaðferðir til að halda þér hreinum eru: [efni] Notið andlitshreinsiefni eins og cetafil eða atorvastatin, einkum yfir búningsþurrkurnar með sýklalyfja- eða sýklalyfjasápu. Fylgið leiðbeiningunum sem fylgja gelþurrkunni.'
 '[Efni] Óhreinar hendur gera faraldur verri ef bólur blossa upp. Slökkva á krananum, nota hreint vatn og andlitshreinsi og þvo í 20-30 sekúndur undir rennandi vatni og skola síðan vandlega.'
 '[Efni] Þú getur þvegið hendur þínar með hvers kyns sápu og vatni, sem er áhrifaríkt til að fjarlægja bakteríur. Þvoðu andlit þitt með mildum hreinsiefni sem er sérstaklega hannað fyrir andlitsroðið.']",hellaswag/validation/8863,41640,Computers and Electronics,wikihow~10920,val,indomain,3
[haus] Hvernig má létta dökkar efri varir [titill] Prófaðu að nota lýsandi krem. [skref] Dökk húð á efri vör stafar af of miklu melanín í húðinni. Hægt er að draga úr útliti dökku litarefnanna með því að nota yfirborðs- eða lyfseðilsskylt lýsandi krem.,,[haus] Hvernig má létta dökkar efri varir [titill] Prófaðu að nota lýsandi krem. [skref] Dökk húð á efri vör stafar af of miklu melanín í húðinni. Hægt er að draga úr útliti dökku litarefnanna með því að nota yfirborðs- eða lyfseðilsskylt lýsandi krem. ,"['[Efni] Lyf sem eru áhrifaríkust til að létta húð eru m.a. sósínsýra, azelaic sýra, arbútín og a-vítamín, því ættir þú að leita að kremum sem innihalda sambland af þessum efnum. Hýdrókínón er mjög áhrifaríkt bleikingarefni fyrir dökka húð.'
 'Notið vörur sem innihalda albendasól, milt og ekki ertandi andlitshreinsiefni. Meðferðin er til þess að létta dökkar varir, sem þýðir að þær eru léttari og þynnri.'
 'Lesið innihaldslýsingar og uppskriftir af augnkremi og augnkremslausnum til að tryggja að þú fáir rétta meðferð og náir þeim lit sem þú vilt. [ Titill] Prófaðu salisýlsýru húðvörur.'
 'Það er náttúrulegt og fæst í flestum lyfjabúðum. [Undirskrefi] Auk þess er hægt að bæta við plástri.']",hellaswag/validation/7353,30544,Personal Care and Style,wikihow~10920,val,zeroshot,0
"[haus] Hvernig á að búa til súkkulaðibólubað [titill] Kaupa ólykt bólubað. [skref] Þú þarft að kaupa bólubað til að búa til bólu- og froðuhluta baðsins. Súkkulaðið gefur lykt og lit baðsins, svo ekki kaupa lyktað bólubað.",,"[haus] Hvernig á að búa til súkkulaðibólubað [titill] Kaupa ólykt bólubað. [skref] Þú þarft að kaupa bólubað til að búa til bólu- og froðuhluta baðsins. Súkkulaðið gefur lykt og lit baðsins, svo ekki kaupa lyktað bólubað. ","['Kaupa eina í gallon-könnu, öfugt við venjulega glerflösku. [Undirskrefi] Forðast skal að nota bólubaðsvörur, súkkulaði eða aðrar framandi (karbónaðar) vörur.'
 'Hugleiddu að kaupa bólubað sem er lyktað af ilmefnum, náttúruefnum eða jurtum og er lyktarlaust. [Undirskrefi] Lestu vörurnar sem þú kaupir og passaðu að lesa innihaldsefnið á sápuflöskunni.'
 '[Efni] Einnig er hægt að blanda nokkrum dropum af ilmkjarnaolíu í bólubaðið til að fá fram sérstaka lykt. [Titill] Fyllið stóra gler- eða plastskál með skeiðum í bólubaðsstærð.'
 'Þess í stað er gott að leita að bólubaði sem inniheldur sem minnst af hráefnum. Hægt er að finna bólubað í mörgum stórmörkuðum og bað- og líkamsgeymslum.']",hellaswag/validation/8305,37309,Personal Care and Style,wikihow~10920,val,zeroshot,3
[haus] Hvernig á að millifæra peninga með þráðum [titill] Kynntu þér millifærslur með þráðum. [skref] Millifærsla með þráðum er rafræn aðferð til að millifæra fjármuni frá einum aðila eða fyrirtæki til annars. Algeng aðferð til að millifæra fjármuni er að senda peninga milli banka.,,[haus] Hvernig á að millifæra peninga með þráðum [titill] Kynntu þér millifærslur með þráðum. [skref] Millifærsla með þráðum er rafræn aðferð til að millifæra fjármuni frá einum aðila eða fyrirtæki til annars. Algeng aðferð til að millifæra fjármuni er að senda peninga milli banka. ,"['Flestar millifærslur með þráðum krefjast skilríkja eða greiðslukorts (svo sem vegabréfsáritun eða korts) eða reiðufjár (svo sem atm atm korts). Ef þú átt greiðslukort eða reiðufé, notaðu það til að millifæra fjármuni á annan reikning í stað einstaks reiknings.'
 '[Efnisorð] Þú þarft að ganga og tala við bankann ef þú ætlar að millifæra fjármuni eftir einstaklingum. Ef þú ætlar að millifæra fjármunina í gegnum heimili þitt þá hentar þessi aðferð einnig.'
 'Til að senda millifærslu með þráðlausri millifærslu veitir sendandi upplýsingar um fjármálastofnun móttakanda í sinn eigin banka. Þegar millifærslan er fullkláruð veitir banki sendanda staðfestingarnúmer sem staðfestir millifærsluna.'
 'Bankinn rukkar ekki fyrir millifærsluna. Þó væri betra að senda hana til þriðja aðila en láta hann skipta millifærslunni við einhvern annan.']",hellaswag/validation/7675,32772,Finance and Business,wikihow~10920,val,indomain,2
"[haus] Hvernig á að hugsa um labradorhvolp [titill] Þú þarft að vita fyrirfram að þú hafir fjármagn og tíma til að hugsa um labradorhvolp. [skref] Ef þú gerir það ekki gætir þú og hvolpurinn þinn bæði liðið fyrir það. [titill] Veldu blý, kraga, skál, fæðutegund og svefnstað.",,"[haus] Hvernig á að hugsa um labradorhvolp [titill] Þú þarft að vita fyrirfram að þú hafir fjármagn og tíma til að hugsa um labradorhvolp. [skref] Ef þú gerir það ekki gætir þú og hvolpurinn þinn bæði liðið fyrir það. [titill] Veldu blý, kraga, skál, fæðutegund og svefnstað. ","['[skref] Hér mun hvolpurinn halda til æviloka, svo veldu skynsamlega. Mundu að hafa þarf fæði og vatn í skjóli.'
 '[skref] Láttu hvolpinn hafa eftirfarandi: [substeps] Þegar hvolparnir sofa þurfa þeir á góðum mat að halda. Á daginn skaltu sækja í niðursoðna matvöru.'
 '[skref] Passaðu að hafa góðar hreinsivélar og að hvolpurinn sé ekki auðveldlega hræddur við neitt. [titill] Veldu svefnsvæði til að hvolpurinn komist á klósettið.'
 '[skref] Gættu þess líka að pensli og penni séu hrein. Gættu þess líka að fyrirmyndarhvolpaburstinn sé í óhreinindum.']",hellaswag/validation/6333,22964,Pets and Animals,wikihow~10920,val,indomain,0
[haus] Hvernig undirbúa á hundinn fyrir ferðalag [titill] Farið til dýralæknis. [skref] Fyrsta skrefið í að undirbúa hundinn fyrir ferðalag er kannski að ganga úr skugga um að hann sé nógu hraustur til að fara í ferðalagið. Það ætti ekki að vera neitt vandamál ef farið er reglulega með hundinn til dýralæknis í eftirlit og annað.,,[haus] Hvernig undirbúa á hundinn fyrir ferðalag [titill] Farið til dýralæknis. [skref] Fyrsta skrefið í að undirbúa hundinn fyrir ferðalag er kannski að ganga úr skugga um að hann sé nógu hraustur til að fara í ferðalagið. Það ætti ekki að vera neitt vandamál ef farið er reglulega með hundinn til dýralæknis í eftirlit og annað. ,"['Gættu þess að dýralæknirinn sýni að hundurinn þinn sé í bólusetningum. [undirskref] Gættu þess að hafa meðferðis núverandi lyf og viðurkenndan kápu.'
 'Nefndu að hundurinn þurfi að fylgja ákveðnu matarfyrirkomulagi og hegðun á meðan á ferðinni stendur. [Undirskrefi] Ekki reyna að „prófa“ blóð hundsins fyrir neinum sjúkdómum.'
 'Ef þú hefur ekki: [Efni] Panta tíma hjá dýralækni. Talaðu við dýralækninn til að tryggja að hundurinn þinn sé upplýstur um mikilvægar bólusetningar.'
 'Dýralæknirinn getur útvegað bólusetningar, auk þess að taka hundinn inn í heimsókn hjá fagdýralækni. [undirskref] Þó að sýking í hundum sé sjaldgæf getur dýralæknirinn útvegað bóluefni við smitsjúkdómum í hundum, líkt og mislingum.']",hellaswag/validation/3374,1120,Pets and Animals,wikihow~10920,val,indomain,2
"[haus] Hvernig á að þyngja börn [titill] Leita að undirliggjandi vandamálum. [skref] Sumir krakkar, eins og sumir fullorðnir, eru einfaldlega slappir frá náttúrunnar hendi og eiga erfitt með að þyngjast. Þó ætti að reyna að útiloka aðrar ástæður fyrir því að barnið eigi erfitt með að þyngjast.",,"[haus] Hvernig á að þyngja börn [titill] Leita að undirliggjandi vandamálum. [skref] Sumir krakkar, eins og sumir fullorðnir, eru einfaldlega slappir frá náttúrunnar hendi og eiga erfitt með að þyngjast. Þó ætti að reyna að útiloka aðrar ástæður fyrir því að barnið eigi erfitt með að þyngjast. ","['Þetta gæti t. d. verið: [Efnisorð] Aldurstengd vandamál-bæði unglingar og fullorðnir 12 ára og eldri geta átt við ýmis læknisfræðileg og heilsufarsleg vandamál að stríða, s.s. hjartaáfall, hjartasjúkdóm, legkrabbamein, nýrnabilun eða hjartasjúkdóm. Félagslegur þrýstingur-þið eruð kannski fólkið sem eitt barnið er á kynþroskaskeiði með, þar sem það á erfitt með að vera með.'
 'Ef barnið er ekki í réttum stærðarfatnaði er einnig hægt að sjá mótstöðu barnsins við að vera í viðeigandi lengd. [Undirskrefi] Fullorðnir, sérstaklega börn yngri en 12 ára og eldri, þurfa að huga að kynvitund.'
 'Börn eru alræmd fyrir að vera „pikk-átandi“ en ef barnið hefur einfaldlega lítinn áhuga á að borða getur það verið merki um einhvers konar læknisfræðilegt eða sálfræðilegt vandamál. Hormóna- eða efnaskiptavandamál eins og sykursýki eða ofvirkni skjaldkirtils getur stundum verið orsök lélegrar þyngdaraukningar.'
 '[Efnisorð] Spyrjið barnið um matarfráhvarf sem getur hjálpað til við að greina vandann og gera hann viðráðanlegri. Ef barnið kvartar yfir þunglyndi eða depurð eftir að hafa borðað óhollan mat skal leita álits hjá lækni barnsins eða einstaklingi.']",hellaswag/validation/5272,15167,Family Life,wikihow~10920,val,zeroshot,2
"[haus] Hvernig á að spila farmville [titill] Byrjaðu rólega. [skref] Það kann að virðast freistandi að reyna að búa til risastórt bú strax, en vertu þolinmóður. Það er betra að byrja rólega en að missa allt féð strax.",,"[haus] Hvernig á að spila farmville [titill] Byrjaðu rólega. [skref] Það kann að virðast freistandi að reyna að búa til risastórt bú strax, en vertu þolinmóður. Það er betra að byrja rólega en að missa allt féð strax. ","['[titill] Veistu hvenær þú ferð aftur í ræktun. [skref] Hver ræktun tekur ákveðinn tíma að vaxa (þ.e.'
 'Leyfðu ímyndunaraflinu að fljóta með og gerðu lista yfir möguleika. [ Titill] Veldu kort af sveitabæjum til að nálgast betur.'
 '[titill] Ekki stela neinu frá leikmönnum. [skref] Taktu bara það sem þú þarft og láttu það fylgja með.'
 'Að byrja hratt er jafn skaðlegt fyrir arðsemina og að fjárfesta vel. Ef þú vilt lengja bakpokaferðalagið þitt á leiðinni skaltu fara strax í óvissuferð.']",hellaswag/validation/7555,32014,Computers and Electronics,wikihow~10920,val,indomain,0
"[haus] Hvernig á að endurfjármagna námslán [titill] Meta lánin. [skref] Lán til námsmanna með ríkisábyrgð eru fjármögnuð af hinu opinbera og hafa ýmsa kosti. Einkalán til námsmanna geta komið frá ýmsum lánveitendum, þar á meðal frá bönkum, lánastofnunum, ríkisstofnunum eða skólum.",,"[haus] Hvernig á að endurfjármagna námslán [titill] Meta lánin. [skref] Lán til námsmanna með ríkisábyrgð eru fjármögnuð af hinu opinbera og hafa ýmsa kosti. Einkalán til námsmanna geta komið frá ýmsum lánveitendum, þar á meðal frá bönkum, lánastofnunum, ríkisstofnunum eða skólum. ","['Almennt eru vextir á ríkislánum lægri en á almennum lánum. Sum ríkislán veita einnig greiðslufrest við útskrift.'
 '[Efnisorð] Þú verður að hafa háskólanámsmarkmið að leiðarljósi í námslánaferlinu. Þú getur einfaldlega farið í ferlið án þess að greiða nauðsynlegar afborganir (vexti af námslánaláninu) sem þú getur greitt með því að nota staðlaða endurfjármögnunarvexti.'
 'Gallinn við ríkistryggð námslán er að þau eru oft ekki eins örugg og því er erfiðara að endurfjármagna þau. [Undirskrefi] Þessi lán ganga á móti afborgunum ríkis og ríkisskulda sem leiðir til þess að þú endurfjármagnar þig.'
 '[Efnisorð] Áður en þú reynir að endurfjármagna með þessum hætti skaltu ráðfæra þig við yfirmann í banka og ræða við hann um áform þín. Með lánum er verið að koma á fót teymi til að koma eignunum í betri stöðu fyrir skólann.']",hellaswag/validation/9501,46268,Finance and Business,wikihow~10920,val,indomain,0
"[höf.] Hvernig á að biðjast afsökunar eftir heitar deilur [titill] Forðastu afsakanir. [skref] Þó þú veljir að biðjast afsökunar er ýmislegt sem þú ættir að varast. Ekki reyna sjálfkrafa að réttlæta staðhæfingar þínar eða hegðun, eða reyna að ítreka af hverju þú hafðir rétt fyrir þér um hvað sem þú varst að rífast um.",,"[höf.] Hvernig á að biðjast afsökunar eftir heitar deilur [titill] Forðastu afsakanir. [skref] Þó þú veljir að biðjast afsökunar er ýmislegt sem þú ættir að varast. Ekki reyna sjálfkrafa að réttlæta staðhæfingar þínar eða hegðun, eða reyna að ítreka af hverju þú hafðir rétt fyrir þér um hvað sem þú varst að rífast um. ","['Ef þú vilt útskýra eitthvað fyrir mér, sýndu þá einhverja iðrun með því að ljúga eða forðast viðfangsefnið þegar þú biðst afsökunar. [undirskrefum] Reyndu að takmarka þig ekki við afsakanir.'
 'Huga að orðavali og nálgun til að koma í veg fyrir að afsökunarbeiðni sé gefin sem er í raun ekki afsökunarbeiðni. [Undirskrefi] Forðast „efs“ og „buts“.'
 'Biðjast afsökunar af virðingu, en gerðu ekki rétt í upphafi. Forðast þær sem gefa svigrúm fyrir viðeigandi afsökunarbeiðni.'
 'Reyndu þess í stað að byggja upp jákvæð tengsl í sjálfum þér við hinn aðila með því að hugsa um hvers vegna þú sagðir það sem þú sagðir, hvers vegna þú gerðir það og hvort þú værir í raun aðal sökudólgurinn eða ekki. Ekki láta þig flækjast tilfinningalega með því að gagnrýna eða afsaka.']",hellaswag/validation/4735,11473,Family Life,wikihow~10920,val,zeroshot,1
[haus] Hvernig á að ná vaxi af borðdúk [titill] Frysta vaxdropann. [skref] Auðveldasta leiðin til þess er að brjóta borðdúkinn saman með vaxinu á ysta laginu og setja allan dúkinn í frysti. Einnig er hægt að fylla poka af ís og setja íspakkann ofan á vaxið á meðan dúkurinn er enn lagður á borðinu.,,[haus] Hvernig á að ná vaxi af borðdúk [titill] Frysta vaxdropann. [skref] Auðveldasta leiðin til þess er að brjóta borðdúkinn saman með vaxinu á ysta laginu og setja allan dúkinn í frysti. Einnig er hægt að fylla poka af ís og setja íspakkann ofan á vaxið á meðan dúkurinn er enn lagður á borðinu. ,"['[titill] Þekja botnseiminn með vaxinu. [skref] Láta vaxið harðna aðeins áður en þið leggið það út í sólarljósið.'
 '[titill] Notið leiðinlegan hníf, t.d. smjörhníf, eða negluna til að skafa frosið vax varlega af borðdúknum. [skref] Ef borðdúkurinn er úr blúndum skal gæta þess sérstaklega að rífa ekki blúndurnar þegar vaxið er skafið.'
 'Einnig er hægt að hafa íspakkana áfram í allt að tvo daga. [titill] Hitið vatn í 180of (14oc).'
 '[Efnisorð] Það gæti verið sniðugt að pakka öllum borðdúknum í frystipappír fyrst. Ísinn mun binda allt vax sem rennur til að það safnist ekki mikið upp með tímanum.']",hellaswag/validation/9106,43369,Home and Garden,wikihow~10920,val,indomain,1
Maður gengur upp og tekur upp lóð.,he,Maður gengur upp og tekur upp lóð. he,"['vegur og leggur aftur niður.'
 'lyftir henni yfir höfuðið og missir hana á sandinn.'
 'lyftir henni yfir höfuðið og missir hana á gólfið.'
 'lyftir því upp að öxlum og svo yfir höfuðið.']",hellaswag/validation/322,4481,Clean and jerk,activitynet~10920,val,zeroshot,3
Á skjánum birtist kynning á myndbandi sem sýnir hvernig hægt er að spila mismunandi lög á fiðlu.,maður,Á skjánum birtist kynning á myndbandi sem sýnir hvernig hægt er að spila mismunandi lög á fiðlu. maður,"['situr hægra megin og spilar á hljómræna gítarinn sinn og talar við myndavélina.'
 'er sýndur að hann er að spila á saxófóninn á heimili sínu.'
 'með eyrnavörn er sýnt að spila og skipta um nótur.'
 'kemur á skjáinn með fiðlu og byrjar að útskýra mismunandi tækni við að spila á fiðlu.']",hellaswag/validation/290,4088,Playing violin,activitynet~10920,val,zeroshot,3
Argentínumenn stela sendingu sem er hálfnuð yfir sandinn og taka hana niður fyrir mark í þröngu horninu.,þetta,Argentínumenn stela sendingu sem er hálfnuð yfir sandinn og taka hana niður fyrir mark í þröngu horninu. þetta,"['Stundum er litla stúlkan í grænum poncho og hún er að taka sér tíma í að ganga yfir sandinn.'
 'er strax fylgt eftir með öðru marki frá Argentínu í vítaspyrnukeppni.'
 'er síðan endurtekin aftur og aftur.' 'heldur áfram í mjög langan tíma.']",hellaswag/validation/1606,24338,Beach soccer,activitynet~10920,val,indomain,1
[haus] Hvernig á að punktklippa hár [titill] Blautið hárið og kúfið úr því öll flækjustig. [skref] Til að ná sem bestum árangri skal þvo og skola hárið áður en byrjað er að klippa það. Á meðan hárið er enn blautt skal kúfa í gegnum það til að losa um flækjustig og fjarlægja laus hár.,,[haus] Hvernig á að punktklippa hár [titill] Blautið hárið og kúfið úr því öll flækjustig. [skref] Til að ná sem bestum árangri skal þvo og skola hárið áður en byrjað er að klippa það. Á meðan hárið er enn blautt skal kúfa í gegnum það til að losa um flækjustig og fjarlægja laus hár. ,"['[Efni] Þurrka skal og rétta hár sem er í bandi eða þétt saman áður en það er punktklippt. [Titill] Stingið þunnum, 2 tommu (5 cm) löngum hársniðum í fingurna.'
 '[titill] Losaðu þrjóskuleg gómin með hárúða. [skref] Hristið nokkra metra af hárinu út og notið breitt tannbeinslegg til að vinna varlega í gegnum gómin.'
 '[titill] Klippt frá neðsta hluta höfuðs. [skref] Byrjað er frá hárlínu og farið niður á hnakkann þar til komið er að miðju höfuðs.'
 'Láttu það þorna áður en þú byrjar að klippa. [Undirskrefi] Ólíkt því að stríða eða grófklippa er auðveldara að stríða með hári sem er aðeins rakt eða aðeins þyngra en það sem er stríðt og grófklippt.']",hellaswag/validation/9412,45622,Personal Care and Style,wikihow~10920,val,zeroshot,0
Drengur stendur á körfuboltavelli og heldur á bolta. Aðrir leikmenn sveima drenginn sem heldur á boltanum.,drengurinn,Drengur stendur á körfuboltavelli og heldur á bolta. Aðrir leikmenn sveima drenginn sem heldur á boltanum. drengurinn,"['sveiflar boltanum og sleppir.'
 'snýst við og hittir boltann í átt að körfunni.'
 'snýst og lætur boltann rúlla á jörðinni.'
 'kasta boltanum til leikmanns undir hólknum.']",hellaswag/validation/1666,25498,Layup drill in basketball,activitynet~10920,val,zeroshot,3
[titill] Hvernig á að búa til útieldstæði úr fataþvottakerru [titill] Fáðu þér gamla fataþvottakerru sem ekki er notuð. [titill] Opnaðu lokið á þvottavélinni og fjarlægðu toppinn á hristaranum til að koma í veg fyrir að boltinn haldi hristaranum á sínum stað. [titill] Fjarlægðu boltann og fjarlægðu hristarann úr kerrunni.,,[titill] Hvernig á að búa til útieldstæði úr fataþvottakerru [titill] Fáðu þér gamla fataþvottakerru sem ekki er notuð. [titill] Opnaðu lokið á þvottavélinni og fjarlægðu toppinn á hristaranum til að koma í veg fyrir að boltinn haldi hristaranum á sínum stað. [titill] Fjarlægðu boltann og fjarlægðu hristarann úr kerrunni. ,"['[skref] Notaðu einnig saumrif til að fjarlægja boltann sem heldur  agitator á sínum stað. [titill] Settu á þig hreina svuntu og hanska.'
 '[titill] Hristið fötuna vel og setjið rusl í þvottavél og fötu. [titill] Setjið vatnshylkið í uppþvottavél til að virkja festinguna á hristaranum.'
 '[titill] Takið málmkrana í miðju baðkarsins. [skref] Þetta er gert með því að setja vatnsdælufyllingar í gróið í málmkrana og slá fyllingarnar með hamri í rangsælis stefnu þar til búið er að losa um krókinn.'
 '[titill] Hjólafestingar eru beygðar í hornum þannig að þær þjóni hlutverki „gírs“ til að styðja við dælu ofnsins. [titill] Notað er hvítt lím, límt á síu, mótor, hlíf og heitan disk og soðið um brún hlífarinnar.']",hellaswag/validation/4442,9112,Home and Garden,wikihow~10920,val,indomain,2
[haus] Hvernig á að þrífa flögur [titill] Þrífa með svampi. [skref] Velja lítið notaðan svamp-ekki þann sem þú ætlar að nota á uppvask. Leggja svampinn í heitt vatn ásamt smá af uppvasksápu.,,[haus] Hvernig á að þrífa flögur [titill] Þrífa með svampi. [skref] Velja lítið notaðan svamp-ekki þann sem þú ætlar að nota á uppvask. Leggja svampinn í heitt vatn ásamt smá af uppvasksápu. ,"['Nuddaðu flipaflotana kröftuglega til að fjarlægja óhreinindi og drullu. Ef það er erfitt að fjarlægja: farðu í hanska og notaðu þunnt handklæði eða servíettu til að hjálpa þér að losa þig við drulluna.'
 'Þegar vatnið breytist í uppþvottalegi skaltu hreinsa burt óhreinindi og flögur sem eftir eru. [Undirskrefi] Gæta skal að saumum flipafloppanna ef þvegið er með ull eða bómull.'
 'Þurrkaðu þjáða strigaskóna með svampinum og notaðu hringhreyfingar. [ Titill] Dýfðu mjúkum klút í sápuvatnið.'
 'Með því er hægt að fjarlægja allar sápuleifar af botni flipaflaskunnar og gera hana mýkri sem getur hjálpað til við að hún endist lengur. Hreinsa skal allt yfirborð flipaflaskunnar til að jafna út örverur, óhreinindi og fitu.']",hellaswag/validation/6724,25665,Personal Care and Style,wikihow~10920,val,zeroshot,0
"[haus] Hvernig klæðast á í vinnuna [titill] Klæðast viðskiptalega formlega ef þú vinnur með viðskiptavinum í faglegum aðstæðum, t.d. í banka eða á skrifstofu. [skref] Viðskiptalega formlega þýðir yfirleitt að klæðast jakkafötum, bindi, kjólfatnaði og klæðast skóm. [undirskref] Klæðast fötum sem passa.",,"[haus] Hvernig klæðast á í vinnuna [titill] Klæðast viðskiptalega formlega ef þú vinnur með viðskiptavinum í faglegum aðstæðum, t.d. í banka eða á skrifstofu. [skref] Viðskiptalega formlega þýðir yfirleitt að klæðast jakkafötum, bindi, kjólfatnaði og klæðast skóm. [undirskref] Klæðast fötum sem passa. ","['Það getur verið góð leið til að minnka þann tíma sem fer í að sauma um. Finna skó sem passa vel og samræmast menningu vinnustaðarins.'
 'Föt sem eru of þröng verða óþægileg til að vinna í Föt sem eru of laus munu líta út fyrir að vera slöpp og ófagleg'
 'Það er hægt að versla í gallabuxum eða flottri skyrtu í viðskiptaerindum. Hins vegar eru einfaldar hnappdældar blússur góður kostur í viðskiptaerindum.'
 'Það er betra að klæða sig í business casual-búning á vinnustað í atvinnumennsku heldur en á kvöldi úti í bæ. Það getur virkað eins og að klæða sig í khakis og að klæða sig í jakkaföt með bindi.']",hellaswag/validation/7310,30229,Personal Care and Style,wikihow~10920,val,zeroshot,1
[haus] Hvernig á að hreinsa brenndan kopar [titill] Látið vatn og hreinsiefni sjóða. [skref] Fyllið pott eða pönnu af vatni. Bætið nokkrum sspám af mildu uppþvottaefni og/eða örlátu edikspotti.,,[haus] Hvernig á að hreinsa brenndan kopar [titill] Látið vatn og hreinsiefni sjóða. [skref] Fyllið pott eða pönnu af vatni. Bætið nokkrum sspám af mildu uppþvottaefni og/eða örlátu edikspotti. ,"['Látið þetta sjóða við miðlungs hita. [Undirskrefi] Ef þið hafið innkaupalausn fyrir koparinn, t.d. vetnisperoxíð, þá er óþarfi að bæta því út í vatnið.'
 'Snúið brennaranum hátt og látið vatnið sjóða við mikinn hita. Þá þarf að hafa vatnið við sjóð í um 30 mínútur.'
 'Ef þú ert að þrífa eitthvað annað en koparpott eða pönnu (eða þrífa utan á minni potti eða pönnu) skaltu setja hlutinn í vatnið. Stilltu brennarann á miðlungshita og láttu sjóða.'
 'Vatnið á samt ekki að vera of kalt. Hlýtt eða kalt vatn virkar ekki mjög vel á kopar.']",hellaswag/validation/9249,44405,Computers and Electronics,wikihow~10920,val,indomain,2
"[haus] Hvernig á að hugsa um regnbogahákarl [titill] Kaupa skal sædýrasafn sem rúmar að minnsta kosti 50 lítra. [skref] Regnbogahákarlar eru ekki sérlega stórir, aðeins um 6 sm (15 cm). Þeir eru þó hálf ágengir og mjög landluktir.",,"[haus] Hvernig á að hugsa um regnbogahákarl [titill] Kaupa skal sædýrasafn sem rúmar að minnsta kosti 50 lítra. [skref] Regnbogahákarlar eru ekki sérlega stórir, aðeins um 6 sm (15 cm). Þeir eru þó hálf ágengir og mjög landluktir. ","['Vatnasöfn þurfa ekki mikið pláss til að stækka og því ætti að hafa næga birtu fyrir regnbogahákarlinn svo hann geti falið sig á nóttunni. [Undirskrefi] 12 tommu (20 cm) tankur er ákjósanleg stærð fyrir saltvatnshákarla.'
 'Hins vegar skaltu passa að kaupa tank sem hefur að minnsta kosti 20 lítra. [ Titill] Veldu tank sem hefur nægt pláss til að hreyfa sig og standa í.'
 '[Efnisorð] Hægt er að finna tanka í hvaða gæludýrabúð sem er. [Titill] Renna eða stinga öðrum endanum af öðrum ugganum með strái eða einhvers konar efni í tankinn.'
 'Þessir fiskar þurfa nægt rými og felustað til að koma í veg fyrir átök. [undirskref] Það gæti þurft að setja saman fiskeldið.']",hellaswag/validation/8158,36208,Pets and Animals,wikihow~10920,val,indomain,3
"[haus] Hvernig gera á bakæfingar í jóga [titill] Gera fjallstöðuna eða fullkomnu stöðuna sem upphafsstöðu. [skrefið] Hvort tveggja er tiltölulega auðvelt, sérstaklega ef þú gerir þær oft, og annað hvort er áhrifarík byrjunarteygja. Þessar æfingar eru fullkomið samhengi þar sem þú getur fundið öndunarmynstur fyrir restina af æfingunni.",,"[haus] Hvernig gera á bakæfingar í jóga [titill] Gera fjallstöðuna eða fullkomnu stöðuna sem upphafsstöðu. [skrefið] Hvort tveggja er tiltölulega auðvelt, sérstaklega ef þú gerir þær oft, og annað hvort er áhrifarík byrjunarteygja. Þessar æfingar eru fullkomið samhengi þar sem þú getur fundið öndunarmynstur fyrir restina af æfingunni. ","['[Undirþættir] Finndu þér þægilega sitjandi stöðu með því að sitja beint í stól og hafa fæturna mjaðmabreidda með hælana örlítið læsta. Þú getur gert þessa stöðu hvar sem er á milli 20 og 30 sinnum í viku.'
 '[Undirstöður] Byrjaðu á því að standa með fæturna axlarbreiddir í sundur. Ýttu frá gólfinu með tærnar og togaðu magann inn að hryggnum á meðan lófarnir eru fastir á gólfinu.'
 '[undirtitlar] Þú munt muna að anda djúpt og jafnt í gegnum þessa stöðu, til þess að byrja þessa teygju. [titill] Sitjið á gólfinu eða á mottunni.'
 'Einbeittu þér að því að anda djúpt að þér úr nefi og sleppa andanum í gegnum munninn. Teldu upp að sex þegar þú andar að þér og svo að sex einu sinni enn þegar þú andar frá þér.']",hellaswag/validation/9842,49042,Food and Entertaining,wikihow~10920,val,indomain,3
[haus] Hvernig á að laumast aftur inn í húsið sitt [titill] Áður en þú ferð: [skref] Reyndu að skilja dyrnar eftir ólæstar eða gluggann opinn áður en þú ferð. Ekki gleyma að pakka náttfötunum. Vertu eins traustvekjandi og þú getur áður en þú læðist út svo enginn gruni þig um hvað þú ert að fara að gera.,,[haus] Hvernig á að laumast aftur inn í húsið sitt [titill] Áður en þú ferð: [skref] Reyndu að skilja dyrnar eftir ólæstar eða gluggann opinn áður en þú ferð. Ekki gleyma að pakka náttfötunum. Vertu eins traustvekjandi og þú getur áður en þú læðist út svo enginn gruni þig um hvað þú ert að fara að gera. ,"['[titill] Veistu hvað þú átt að koma með: [skref] Þú gætir lent í hræðilegum aðstæðum eða eitthvað. [titill] Vertu vel klædd/klæddur-og áttaðu þig á því að gallarnir við þetta eru þeir að þið gætuð öll orðið fyrir barðinu á vörðunum.'
 'Ef einhver grípur þig ertu hvött til að láta hina vita ef þá grunar að eitthvað skrýtið sé í gangi þegar þeir áttu ekki von á því. [Undirskrefi] Ef unglingur grípur þig til dæmis inn í húsið gætirðu sloppið í leyniherbergi þar sem þú sérð ekki til.'
 'Þegar þú ert komin út áttu að skilja eftir miða til að segja við foreldra þína. Notaðu miðann til að minna þig á hvar þú ert og hvað þú ert að gera: „Ég er komin út.'
 '[titill] Þekkjaðu vekjarakóðana, svo þú vaknir ekki allt hverfið. [titill] Hafðu nammi tilbúið fyrir alla hunda (ef þú átt einhverja) til að koma í veg fyrir að þeir vakni einhvern á heimilinu.']",hellaswag/validation/7447,31280,Youth,wikihow~10920,val,indomain,3
"Kona er sýnd ganga um eldhús, kveikja á krana og láta vaskinn fyllast af vatni. Hún er sýnd með hanska, úða hreinsiefni um vaskinn og skrúbba með pensli.",hún,"Kona er sýnd ganga um eldhús, kveikja á krana og láta vaskinn fyllast af vatni. Hún er sýnd með hanska, úða hreinsiefni um vaskinn og skrúbba með pensli. hún","['heldur áfram að tala við myndavélina og byrjar að slökkva á vatninu og snýr vaskinum aftur í sömu stöðu.'
 'Að lokum notar hann svamp til að hreinsa vaska vel með því að nota kreisti til að hreinsa vatnið og vaskinn.'
 'sprautar meira af vörunni í kringum vaskinn og hreinsar hana síðan með svampi.'
 'brosir til hreinsivörunnar og pansar út á merkið sem verið er að sýna.']",hellaswag/validation/2295,35416,Cleaning sink,activitynet~10920,val,indomain,3
[haus] Hvernig velja á bestu vörurnar fyrir afrískt amerískt hár [titill] Þekktu hárgerð þína. [skref] Til að byrja með er gott að vita hvernig hárgerðin þín er líkleg til að vera og þar af leiðandi hvaða vörur henta best fyrir hana. Til að prófa hárgerðina þína skaltu prófa daglegt þéttleikapróf til að finna út hversu vel hárið dregur í sig raka: [efni] Þvoðu hárið.,,[haus] Hvernig velja á bestu vörurnar fyrir afrískt amerískt hár [titill] Þekktu hárgerð þína. [skref] Til að byrja með er gott að vita hvernig hárgerðin þín er líkleg til að vera og þar af leiðandi hvaða vörur henta best fyrir hana. Til að prófa hárgerðina þína skaltu prófa daglegt þéttleikapróf til að finna út hversu vel hárið dregur í sig raka: [efni] Þvoðu hárið. ,"['Settu fingurgómana í hárið til að leita að raka. Ef vatn er ekki aðgengilegt, skaltu búa til þurrt hárþvottalög og hreinsiefni sem kallast „örvatn“ með því að sleikja sturtugelið úr hárinu.'
 'Þvoðu hana með sjampói á hverjum degi (valkvætt), eða á 2 daga fresti ef hárið er mjög þurrt. Settu hana í handklæði og síðan sjampó þar til þú færð ekki lengur olíukennt útlit.'
 'Láttu hárið þorna til að fylgjast með náttúrulegu rakastigi hársins. Notið vatnsmeðhöndlunarefni og olíur sem fara í gegnum hárstöngina.'
 'Fylgja skal eftir með kaldri/rakri sturtu. Fyrir þá sem eru með ljóst hár skal nota þurrt sjampó og þurrkara, fyrir þá sem eru með rétt hár skal nota blástursþurrku.']",hellaswag/validation/7176,29247,Personal Care and Style,wikihow~10920,val,zeroshot,2
[haus] Hvernig á að þrífa óhreina skó [titill] Fjarlægja óhreinindi eða rusl úr skónum. [skref] Nota gamla tannbursta eða lítinn skóbursta og strjúka varlega í óhreinindin eða ruslið sem loðir við skóinn. Nota bara nægan þrýsting til að veikja bindingu óhreinindanna við skóinn.,,[haus] Hvernig á að þrífa óhreina skó [titill] Fjarlægja óhreinindi eða rusl úr skónum. [skref] Nota gamla tannbursta eða lítinn skóbursta og strjúka varlega í óhreinindin eða ruslið sem loðir við skóinn. Nota bara nægan þrýsting til að veikja bindingu óhreinindanna við skóinn. ,"['Þar sem þetta þrýstir óhreinindinu eða brakinu aftur í skóinn getur það brotið skóinn. [Undirskrefi] Ef óhreinindin eða brakið er fast í skónum er hægt að þurrka óhreinindin eða brakið burt með nokkrum dropum af uppþvottalegi og baðstofusvampi.'
 'Einnig skal passa að ná öllum óhreinindum úr iljum, þar á meðal tám. [undirskref] Þegar skó er skipt út skal passa að nota hanska við meðhöndlun skósins.'
 'Notið smurefni eins og hreinsiefni eða smurefni sem hefur örraka. [Undirskrefi] Þurrkið skóna alveg með hreinu pappírsþurrku áður en þeir eru þriinsaðir.'
 'Þá losnar um og óhreinindi og óhreinindi eru fjarlægð. [ Titill] Þrífið sólina með bökunarsódakremi.']",hellaswag/validation/6210,21992,Personal Care and Style,wikihow~10920,val,zeroshot,3
"[höf.] Hvernig finna má samræmi í lífinu [titill] Skuldbinda þig til breytinga. [skref] Fyrsta skrefið til að ná fram breytingum í lífinu er að skuldbinda sig til breytinga. Með því að gefa meðvitaða, viljasetta yfirlýsingu til sjálfs síns um að þú munir halda þig við efnið og ná settum árangri getur það hjálpað þér að halda þér við efnið og ýtt þér áfram í átt að því markmiði.",,"[höf.] Hvernig finna má samræmi í lífinu [titill] Skuldbinda þig til breytinga. [skref] Fyrsta skrefið til að ná fram breytingum í lífinu er að skuldbinda sig til breytinga. Með því að gefa meðvitaða, viljasetta yfirlýsingu til sjálfs síns um að þú munir halda þig við efnið og ná settum árangri getur það hjálpað þér að halda þér við efnið og ýtt þér áfram í átt að því markmiði. ","['Þá ættir þú að vera að skuldbinda þig til að lifa stöðugra og samræmdara lífi. [Undirskrefi] Hugsaðu um ástæðurnar fyrir því að þú vilt lifa samræmdara lífi.'
 '[undirefni] Byrjaðu á því að skuldbinda þig til að breyta einhverju sem kemur þér úr jafnvægi. Ef þú gerir það ekki þá siturðu uppi með eitthvað sem loðir við þig heima hjá þér, sem verður ekki auðveldara að koma í staðinn fyrir þá tilfinningu.'
 '[Undirefni] Ekki láta skoðanir þínar eða skoðanir stangast á við sjálfsvirðingu þína. Viðurkenndu að þú sért fullorðinn og því óhræddur við að taka þínar eigin ákvarðanir varðandi það sem þú vilt í lífinu.'
 '[Efnisorð] Þegar einhver annar hvetur þig til að breyta, þá skaltu verðlauna þig fyrir það góða sem þú nærð fram þó að það hafi kannski ekki litið út á einhvern hátt. [Titill] Ekki ætlast til þess að fólk breyti sér af skyldurækni.']",hellaswag/validation/6454,23766,Family Life,wikihow~10920,val,zeroshot,0
Maður sést tala við myndavélina og byrjar að nudda púðri yfir skó.,he,Maður sést tala við myndavélina og byrjar að nudda púðri yfir skó. he,"['kveikir svo á oddi á skónum, rennir penslinum í gegnum pústið, kveikir á léttari snertingum, tekur af sér allar þurrkur og nuddar hælinn niður.'
 'heldur áfram að nudda púðrinu meðfram skónum á meðan hann horfir í myndavélina.'
 'Nuddar síðan púðann af og sýnir skóinn fyrir myndavélinni.'
 'talar lengra á meðan hann nuddar bursta um skóna og burstar hestskinnið eftir glansandi yfirborðinu.']",hellaswag/validation/1338,19468,Polishing shoes,activitynet~10920,val,indomain,2
Kynning kemur á skjáinn fyrir myndband um ís.,einhverjir,Kynning kemur á skjáinn fyrir myndband um ís. einhverjir,"['Sýnt er frá ísbúðinni þar sem maður þrífur og brýtur niður keilu.'
 'standa við ísbíl og tala um að fá sér ís.'
 'festast og komast aftur á fætur.'
 'eru sýndar í eldavélinni sem gerir ísinn.']",hellaswag/validation/1737,26806,Having an ice cream,activitynet~10920,val,zeroshot,1
"Hann leggur innihaldsefnin af spritti og safti á borð, bætir innihaldsefnum, ásamt granadínu, í stórt glas með ís.",he,"Hann leggur innihaldsefnin af spritti og safti á borð, bætir innihaldsefnum, ásamt granadínu, í stórt glas með ís. he","['hellir svo öllu spritti og safti í það á sama tíma og setur smá magn af súkkulaðisýrópi meðfram hliðum salatsins.'
 'sýnir fallega drykkinn á borðinu.'
 'hellir drykknum í glasið, bætir við kalki og fólk skiptist á að drekka hann.'
 'hellir svo áfengi í glasið og hrissir það, bætir svo ferskum drykk við.']",hellaswag/validation/2752,42054,Mixing drinks,activitynet~10920,val,indomain,1
[haus] Hvernig á að búa til gervi varahring [titill] Náðu í vírinn. [skref] Prófaðu handverksverslunina þína fyrst (hugsaðu um slípivöruverslanir) þar sem þær eru líklega með besta úrvalið hvað varðar stærð og lit. Stórar smásöluverslanir eins og Walmart munu einnig vera með úrval af handverksvírum.,,[haus] Hvernig á að búa til gervi varahring [titill] Náðu í vírinn. [skref] Prófaðu handverksverslunina þína fyrst (hugsaðu um slípivöruverslanir) þar sem þær eru líklega með besta úrvalið hvað varðar stærð og lit. Stórar smásöluverslanir eins og Walmart munu einnig vera með úrval af handverksvírum. ,"['[Efni] Nota vír á stærðinni 14-18 gauge fyrir gervi varahringi. 18 gauge vír er þynnri en 14 gauge og auðveldara er að vinna með hann.'
 'Þegar þú ert í Walmart þá geturðu líka búið til þinn eigin lit, einnig er gott að fá vír. [ Titill] Finndu svæðið sem þú ætlar að æfa á.'
 '[titill] Taktu krossvið og prófaðu blett. [skref] Þetta ætti næstum að líta út eins og blýantur með stóru sólblómi á botninum.'
 'Þeir munu geta búið til mun flottari og eins varahring sem er algjörlega og algerlega gervi. Bara götin í vírnum munu bara gera hringinn falskan fyrir þér og gera þér erfitt fyrir að finna hann aftur.']",hellaswag/validation/6211,22000,Personal Care and Style,wikihow~10920,val,zeroshot,0
Hópur karla og kvenna ræðir við myndavél þegar þau sýna fiska sem veiddur er og lifa við veiðar í ísholum á snjó og ísþekju. Nokkrir stunda veiðar í ísholum með börnum í nágrenninu á meðan aðrir keyra yfir íslendið.,fiskur,Hópur karla og kvenna ræðir við myndavél þegar þau sýna fiska sem veiddur er og lifa við veiðar í ísholum á snjó og ísþekju. Nokkrir stunda veiðar í ísholum með börnum í nágrenninu á meðan aðrir keyra yfir íslendið. fiskur,"['Fullorðna fólkið safnast saman á tjaldsvæði með börnunum og sækir 14 ára gamla veiðiferð inn í jökulinn/íshelluna í skóginum.'
 'sýnt fram á að þeir nærast á hákarli sem er stærri en hákarlinn.'
 'Sýnd eru dýr sem eru ættuð frá svæðinu, salernisaðstaða, bílar á ísnum, börn, fólk sem heldur á fiski sem er nýveiddur og ísholur þar sem fiskurinn er að koma ásamt hundum sem draga snjósleða.'
 'veiddur er dreginn á meðan snjór fellur fyrir utan gamlan nefndan fiskibæ, en annar fiskibær, og sjást snjóþungur bær með tveimur fiskikörum við bryggju.']",hellaswag/validation/2155,32970,Ice fishing,activitynet~10920,val,zeroshot,2
[haus] Hvernig á að forðast að missa barnaskó [titill] Mælið fætur barnsins. [skref] Þetta er hægt að gera sjálft eða fara með barnið til skósala og fá aðstoð. Minni líkur eru á að barnaskórnir detti af ef þeir passa vel.,,[haus] Hvernig á að forðast að missa barnaskó [titill] Mælið fætur barnsins. [skref] Þetta er hægt að gera sjálft eða fara með barnið til skósala og fá aðstoð. Minni líkur eru á að barnaskórnir detti af ef þeir passa vel. ,"['Hér er einföld leið til að mæla fætur barnsins: [undirbúningur] Standið upp með barnið á blaði og hafið uppi fótinn með merki. Mælið uppi fótinn frá hæl og niður á lengstu tá.'
 '[Efnisorð] Ávallt skaltu hafa samband við sölumann ef þú ert ekki viss um hversu stórir fætur barnsins þíns eru. Mundu að versla aðeins eina stærð upp og forðastu að kaupa skó sem þú heldur að barnið þitt muni ekki njóta.'
 '[Undirpróf] Byrjaðu á því að mæla fætur barnsins, ekki tær. Ef fætur barnsins eru stórir skaltu mæla þá frá höfði til táar.'
 '[Undirpróf] Hvort sem þú tekur skóna af eða setur þá á barnið þitt skaltu fylgjast vel með stærð hvers skós. Þegar þú mælir fót barnsins þíns í raun skaltu mæla 5 fet (1,5 m).']",hellaswag/validation/5856,19416,Family Life,wikihow~10920,val,zeroshot,0
Einstaklingur sést hlaupa á völl og skjóta körfubolta. Maðurinn sést í nokkrum myndskeiðum hlaupa niður og skora körfubolta.,manninn,Einstaklingur sést hlaupa á völl og skjóta körfubolta. Maðurinn sést í nokkrum myndskeiðum hlaupa niður og skora körfubolta. manninn,"['gerir nokkrar æfingar í viðbót áfram og sveiflar handleggjunum um myndavélina.'
 'brosir og heldur uppi bikar á meðan hann sýnir stigin sín í símanum.'
 'heldur áfram að skjóta á hólm aftur og aftur.'
 'heldur áfram að hlaupa niður og skorar nokkur mörk til viðbótar.']",hellaswag/validation/2038,31323,Layup drill in basketball,activitynet~10920,val,zeroshot,2
"[haus] Hvernig á að forðast broslínur [titill] Nota sólarvörn. [skref] Þegar þú ert úti í sólinni ættir þú að verja húðina með breiðvirkri (uva og uvb) sólarvörn sem er að minnsta kosti spf 30. Einnig er gott að velja sólarvörn með eðlisfræðilegu hindrandi efni, eins og zink oxide.",,"[haus] Hvernig á að forðast broslínur [titill] Nota sólarvörn. [skref] Þegar þú ert úti í sólinni ættir þú að verja húðina með breiðvirkri (uva og uvb) sólarvörn sem er að minnsta kosti spf 30. Einnig er gott að velja sólarvörn með eðlisfræðilegu hindrandi efni, eins og zink oxide. ","['Notaðu þína bestu vitund þegar þú velur þér sólarvörn, því hún gæti verið ekki sú rétta fyrir þig. Aðeins spf 30 á mjög þurrri húð er ákjósanleg.'
 '[Efnisorð] Það hjálpar líka að vera með breiðan hatt til að hindra geislana. Ekki vera bara með sólarvörn þegar þú ert á leið í laugina.'
 'Sólin veldur hrukkum sem geta haft áhrif á broslínur og jafnvel sólarlaus einstaklingur getur í raun myndað hrukkur sem trufla vinnuna sem hann vinnur. [Undirskrefin] Leggðu áherslu á að passa sólarvörnina við húðgerð þína.'
 'Tvö vinsæl sólvarnarvörumerki eru nyc, norio og elfinesse. [Undirskrefi] Nota sólarvörn tvisvar í viku ef þú býrð í heitu loftslagi og um það bil einu sinni í viku ef þú stundar líkamsrækt úti.']",hellaswag/validation/5864,19498,Personal Care and Style,wikihow~10920,val,zeroshot,1
[haus] Hvernig á að gefa sér höfuðbeinanudd [titill] Finndu þér afslappandi stað til að sitja á. [skref] Veldu þér þægilegan stól með traustan bak sem getur haldið niðri þyngd þinni. Settu símann í hljóð og lágmarkaðu bakgrunnshljóð.,,[haus] Hvernig á að gefa sér höfuðbeinanudd [titill] Finndu þér afslappandi stað til að sitja á. [skref] Veldu þér þægilegan stól með traustan bak sem getur haldið niðri þyngd þinni. Settu símann í hljóð og lágmarkaðu bakgrunnshljóð. ,"['En einbeittu þér samt að því að finna fyrir höndum meðferðaraðilans. [Undirskrefin] Til að fá enn betri tilfinningu fyrir því hvernig það er að láta einhvern nudda hársvörðinn, leggðu þig þá einhvers staðar kyrr og rólega.'
 'Þú gætir jafnvel viljað dempa ljósin aðeins. [Undirskrefi] Ef þér finnst tónlist afslappandi, settu þá eitthvað á en stilltu á lágt hljóðstig.'
 '[Efnisorð] Ef þú ert heyrnarskert/ur skaltu reyna að einbeita þér að litlum hlut í nágrenninu. Ef þú ert áhugasöm/ur um tónlist skaltu spila hljóðlega eða kveikja á uppáhalds tónlistinni þinni.'
 '[Efnisorð] Samkvæmt hefð eru nudd veitt að morgni en á öðrum tímum sólarhringsins sér iðkandinn um að veita nuddið. Kostir hársvörðunnar eru meðal annars að ekki þarf að hafa áhyggjur af veðri.']",hellaswag/validation/4434,9065,Personal Care and Style,wikihow~10920,val,zeroshot,1
[haus] Hvernig forðast má heimanám á morgnana [titill] Veldu betri tíma dags til að vinna heimanámið. [skref] Ef þú hefur fastmótaða rútínu þarftu aldrei að hafa áhyggjur af því að finna út hvenær þú átt að mæta í vinnuna. Venja gerir þig einnig sálfræðilega betur undirbúinn fyrir vinnuna þegar að henni kemur.,,[haus] Hvernig forðast má heimanám á morgnana [titill] Veldu betri tíma dags til að vinna heimanámið. [skref] Ef þú hefur fastmótaða rútínu þarftu aldrei að hafa áhyggjur af því að finna út hvenær þú átt að mæta í vinnuna. Venja gerir þig einnig sálfræðilega betur undirbúinn fyrir vinnuna þegar að henni kemur. ,"['[Undirefni] Reyndu að byrja heimanámið strax í byrjun dags til að klára það. Kannski færðu t.d. fartölvuna með þér á morgnana fyrir venjulegan tíma svo þú hafir a.m.k. nokkrar auka mínútur til að koma þér á legg og vera tilbúin fyrir kennslustund.'
 '[Efnisorð] Finndu rólegan stað þar sem þú getur setið og slakað á í 5-10 mínútur án truflunar. Þú munt vilja vera róleg og afslöppuð og láta ekki trufla þig.'
 '[Undirþættir] Morgnarnir eru besta leiðin til að undirbúa dagskrána. Reyndu að taka pásu frá því sem eftir er dagsins og halda þig við áætlun sem er skynsamleg fyrir þig.'
 'Besti tíminn til að vinna er strax eftir að heim er komið eða eftir kvöldmat. [Undirskrefi] Kosturinn við að ljúka heimanámi strax eftir að heim er komið er að þú þarft ekki að hafa áhyggjur af skólanum það sem eftir er dags.']",hellaswag/validation/7320,30273,Education and Communications,wikihow~10920,val,indomain,3
"[haus] Hvernig á að hætta við áskrift að Wall Street Journal [titill] Skoðaðu reikningsferlið fyrir prent- eða netáskriftina. [skrefið] Wall Street Journal býður upp á net- og prent áskriftir sem eru greiddar mánaðarlega, 3 mánuði, 6 mánuði eða 1 ár. Reikningsferlið í áskriftinni segir til um hvenær á að hætta við hana og hvort þú átt rétt á endurgreiðslu.",,"[haus] Hvernig á að hætta við áskrift að Wall Street Journal [titill] Skoðaðu reikningsferlið fyrir prent- eða netáskriftina. [skrefið] Wall Street Journal býður upp á net- og prent áskriftir sem eru greiddar mánaðarlega, 3 mánuði, 6 mánuði eða 1 ár. Reikningsferlið í áskriftinni segir til um hvenær á að hætta við hana og hvort þú átt rétt á endurgreiðslu. ","['[Eftirfarandi] Prentað áskrift er föst, miðuð við reikningstíma og dagsetningu áskriftar. Kaupið prent- eða netáskriftina fyrir ofan þann reikningstíma sem þið veljið.'
 '[Undir] Mánaðargömul pappírsáskrift verður ekki reikningsfærð til kaupa á bókaráskrift. Því er alltaf best að vanda til verka og draga mánaðartímabil frá því sem þú færð á hverjum degi mánaðarins.'
 '[Undirskriftir] Hægt er að hætta við mánaðarlega og ársfjórðungslega áskrift hvenær sem er. Áskriftir til hálfs árs og árs áskriftir á að hætta 1-2 mánuðum áður en áskrift lýkur svo hægt sé að fá endurgreitt fyrir þá mánuði sem eftir eru.'
 '[Efnisorð] Reikningsferlið er mismunandi milli ára, en er til dæmis ýmist 1 kr., 070 kr. eða 6 mánaða. Það eitt að vita hvenær reikningsferlið er hjálpar þér að ákveða hvenær þú vilt hætta við það og skipuleggja það í samræmi við það.']",hellaswag/validation/7461,31357,Education and Communications,wikihow~10920,val,indomain,2
Hópur fólks er í húsi.,maður,Hópur fólks er í húsi. maður,"['er að halda á húðaðri sápu í hendinni á meðan hann þvær sig með pela.'
 'notar paintball byssu á barnið sitt.' 'er að moka gólfið með moppu.'
 'Hann er á skíðum og talar um svæði sem hann vill skíða á.']",hellaswag/validation/122,1755,Mooping floor,activitynet~10920,val,indomain,2
Tveir fullorðnir hlaupa í holu tréhólki. Einstaklingsbak snýr af báti. Kvenkyns bak stendur á vatnsbretti sem er á grasi.,fólk,Tveir fullorðnir hlaupa í holu tréhólki. Einstaklingsbak snýr af báti. Kvenkyns bak stendur á vatnsbretti sem er á grasi. fólk,"['hoppa, spóla og hjóla á vatnsbrettinu.' 'stökkva af uppblásnum báti.'
 'eru í bílaumferð.'
 'eru á bílastæði sem er þakið snjó og teikna stokkalínur í snjónum.']",hellaswag/validation/2740,41886,Wakeboarding,activitynet~10920,val,indomain,1
[haus] Hvernig á að gera sóðalegan bunka (fyrir krullað hár) [titill] Byrjaðu á þurru hári og hafðu allt sem þú þarft á takteinum. [skref] Þegar þú ert farinn að búa til bunkann verður erfitt að opna kassa og skúffur. Hafðu fullt af bobby pinnum við höndina og bindu hárið um úlnliðinn.,,[haus] Hvernig á að gera sóðalegan bunka (fyrir krullað hár) [titill] Byrjaðu á þurru hári og hafðu allt sem þú þarft á takteinum. [skref] Þegar þú ert farinn að búa til bunkann verður erfitt að opna kassa og skúffur. Hafðu fullt af bobby pinnum við höndina og bindu hárið um úlnliðinn. ,"['[undirleikur] Þegar þú ert búin að því skaltu athuga háralitinn sem þú vilt að hárið sé í. Vissulega er fullt af skærum rauðum en það er líka fullt af litum til að velja úr, svo ekki stoppa þar.'
 'Reyndu að nota hárbindi sem passar við hárlitinn þinn. Þú getur fundið þau í svörtu, dökkbrúnu og ljósbrúnu/beige.'
 '[titill] Skiptu hárinu undir næstu öxl. [skref] Taktu efsta hluta hársins í rétta átt og skiptu því niður miðjuna, þannig verður mjög þungur tagl.'
 '[titill] Taktu saman höndunum fyrir annan stíl (blár, gulur, fjólublár eða hvítur er bestur). [skref] Settu stúfurnar sem þú notar til hliðanna á hárbindið.']",hellaswag/validation/7601,32311,Personal Care and Style,wikihow~10920,val,zeroshot,1
[haus] Hvernig má losa hár án sársauka [titill] Athugaðu hvort hárið sé þurrt. [skref] Áður en þú reynir að losa hárið skaltu ganga úr skugga um að hárið sé ekki mjög þurrt. Það dregur úr sársauka þegar þú ert að losa hnútana.,,[haus] Hvernig má losa hár án sársauka [titill] Athugaðu hvort hárið sé þurrt. [skref] Áður en þú reynir að losa hárið skaltu ganga úr skugga um að hárið sé ekki mjög þurrt. Það dregur úr sársauka þegar þú ert að losa hnútana. ,"['Renndu fingrunum í gegnum hárið til að athuga hvort það sé örlítið límt við snertinguna. Ef svo er reyndu að nudda gamalli hárnæringu í það.'
 'Vot hár eiga það til að þorna mjög fljótt og geta valdið minni hárskemmdum. [Undirskrefi] Ef olían í hárinu hjálpar til við að losa það á meðan verið er að losa það, skaltu halda því yfir vaski eða baðkari og draga síðan rótina og enda hársins varlega niður til að losa sem mest af olíu.'
 'Hringdu með fingrunum í gegnum hárið til að tryggja að það sé ekki of rakt og að það líti út fyrir að vera slykkjótt. [undirskrefi] Venjulegt hár getur verið hrjúft eða líflaust ef það er of þurrt.'
 '[titill] Aðskiljið hárið alveg ef þið eruð með það bundið og látið það vera. [skref] Reynið að losa öll laus hár úr flækju.']",hellaswag/validation/9889,49407,Personal Care and Style,wikihow~10920,val,zeroshot,3
[haus] Hvernig á að gera fyrrverandi afbrýðisama [titill] Lifðu lífinu. [skref] Þetta hljómar eins og grunnhugtak en besta leiðin til að gera fyrrverandi afbrýðisama er að lifa lífinu. Það sem skiptir meira máli er að njóta lífsins.,,[haus] Hvernig á að gera fyrrverandi afbrýðisama [titill] Lifðu lífinu. [skref] Þetta hljómar eins og grunnhugtak en besta leiðin til að gera fyrrverandi afbrýðisama er að lifa lífinu. Það sem skiptir meira máli er að njóta lífsins. ,"['Vertu ánægður með það sem þú ert í lífinu. Að vera ánægður segir fyrrverandi að þú sért ánægður þó þú sért ein og hann er ekki lengur í lífi þínu.'
 'Einbeittu þér að því að gefa þér tíma fyrir sjálfan þig og fjölskylduna, í stað þess að flýta þér að fara að vinna. Þó svo að þú hafir nóg að gera, þá skaltu halda þér við efnið með því að skrifa niður það sem þú þarft að gera og yfirleitt ekki oftar en einu sinni í viku.'
 'Finndu hluti sem þú elskar að gera, ert ekki endilega sama um, og gerðu þá. Ekki vera hræddur við að gera hluti sem veita þér gleði.'
 'Losaðu þig við allt álagið sem getur verið að hlaðast upp og lifðu lífinu fullu. Vertu með ástvini þínum, farðu með fjölskylduna sem þú missir af á stefnumót og haltu upp á nýtt ár í sambandinu.']",hellaswag/validation/4609,10399,Relationships,wikihow~10920,val,indomain,0
[haus] Hvernig á að rétta skó af skóm [titill] Setjið skófóðring í fyrstu augnlinsur á fyrstu skónum. [skref] Beinið tá skósins frá ykkur. Holurnar sem eru lengst frá ykkur kallast fyrstu augnlinsur og munu síðan telja upp frá þeim.,,[haus] Hvernig á að rétta skó af skóm [titill] Setjið skófóðring í fyrstu augnlinsur á fyrstu skónum. [skref] Beinið tá skósins frá ykkur. Holurnar sem eru lengst frá ykkur kallast fyrstu augnlinsur og munu síðan telja upp frá þeim. ,"['[titill] Ýttu miðju augnlokinu ofan á skónum frá. [skref] Þetta augnlok er þar sem fjórði skórinn þinn verður felldur saman.'
 '[titill] Þræðaðu blönduna milli fyrstu augnlokanna. [skref] Renndu blöndunni í gegnum báðar augnlokurnar í fyrstu augnlokunum sem eru næst þér.'
 'Með skóslíðrinu utan á skónum, stingið endunum niður í fyrstu augnlokin báðum megin. [Titill] Passaðu að skóslíðrin séu jöfn.'
 '[Efni] Byrjað er á efri augasteini og haldið áfram í neðri augastein. Bindiefni og límefni skulu vera jafnfjarlæg hvert öðru og snúa þannig að þau haldist laus.']",hellaswag/validation/5704,18304,Personal Care and Style,wikihow~10920,val,zeroshot,2
"[haus] Hvernig á að lýsa fyrir hárgreiðslumanni hvaða hár þú vilt [titill] Ákveðið hvaða hárgerð þið eruð með. [skref] Er það langt eða stutt? Hvítt eða beint? Þykkt, barnslegt eða einhvers staðar þar á milli? [titill] Pantaðu tíma. [skref] Láttu móttökumanninn vita að þú þurfir auka tíma til að ræða hvernig hár þú vilt.",,"[haus] Hvernig á að lýsa fyrir hárgreiðslumanni hvaða hár þú vilt [titill] Ákveðið hvaða hárgerð þið eruð með. [skref] Er það langt eða stutt? Hvítt eða beint? Þykkt, barnslegt eða einhvers staðar þar á milli? [titill] Pantaðu tíma. [skref] Láttu móttökumanninn vita að þú þurfir auka tíma til að ræða hvernig hár þú vilt. ","['Þetta á jafnvel við um stofur sem ganga inn á. [ Titill] Komdu með mynd! [ Skref] Finndu hárgreiðslu og/eða lit sem þér finnst flottur í tímariti eða á netinu.'
 'Láttu móttökuritara vita ef þú ert með stutt hár af einhverju tagi við greiðslu. [Titill] Láttu fylgja afrit af ""lithjólinu"" sem þú afhentir.'
 'Þú þarft að mæta 30 mínútum fyrr en vænst var eða það geta komið upp vandamál seinna. [Titill] Farðu fyrst til læknis eða stílista.'
 'Segðu þeim hvenær þú vilt fá hárið og biddu um tímaáætlun. Vertu viss um að hengja upp ferilskrána svo þú týnir ekki tímanum.']",hellaswag/validation/6247,22270,Personal Care and Style,wikihow~10920,val,zeroshot,0
"[höf.] Hvernig vernda á börnin á samfélagsmiðlum [titill] Ræða saman um öryggi á samfélagsmiðlum. [skref] Samskipti við barnið eru mikilvæg. Þú vilt að barninu líði vel að tala við þig um samfélagsmiðla og reynslu sína af þeim, ásamt því að finnast það geta leitað til þín ef það á í vanda.",,"[höf.] Hvernig vernda á börnin á samfélagsmiðlum [titill] Ræða saman um öryggi á samfélagsmiðlum. [skref] Samskipti við barnið eru mikilvæg. Þú vilt að barninu líði vel að tala við þig um samfélagsmiðla og reynslu sína af þeim, ásamt því að finnast það geta leitað til þín ef það á í vanda. ","['Opnið boðleiðir svo barninu líði vel að leita til ykkar ef einhver vandamál koma upp. [Undirskrefi] Útskýrið fyrir barninu að það sé öruggt á samfélagsmiðlum.'
 'Það getur verið þægilegt fyrir bæði þig og barnið að tala um samfélagsmiðla. [Undirskrefin] Áður en byrjað er á því að skoða tilfinningar þínar í kringum samfélagsmiðla skaltu hugsa þig um.'
 'Þú vilt gera það strax til að byggja upp sterk tengsl. [Undirskrefi] Það getur tekið smá tíma fyrir smábarnið að tala eða deila upplýsingum með þér.'
 'Með því að ræða við barnið um samfélagsmiðla getur það tengst þér sem fullorðnum einstaklingi og þannig verið opnari fyrir aðstæðum. [Undirskrefi] Að ræða um samfélagsmiðla getur verið frábær leið til að láta börnin finna að þau séu gagnleg og tilbúin til að deila hlutum.']",hellaswag/validation/6657,25223,Family Life,wikihow~10920,val,zeroshot,0
[haus] Hvernig á að kúpla hár með kúlujárni [titill] Hita kúlujárnið upp. [skref] Kveikja á kúlujárninu og hita það í 320 gráður fyrir fínt hár og 430 gráður fyrir þykkara hár. Gera tilraun til að finna rétta hitastigið fyrir þig.,,[haus] Hvernig á að kúpla hár með kúlujárni [titill] Hita kúlujárnið upp. [skref] Kveikja á kúlujárninu og hita það í 320 gráður fyrir fínt hár og 430 gráður fyrir þykkara hár. Gera tilraun til að finna rétta hitastigið fyrir þig. ,"['[Efnisorð] Alheimsstilling kúlujárnsins er um 1200 gráður. Stærri hitastillingar lækka hitastigið yfirleitt niður í 400 gráður, notið því hvaða hitastig sem þið viljið.'
 '[Efnisorð] Lághita krullujárn mun bæta krulluna mikið, jafnvel í aðeins kaldari hluta herbergisins. Notaðu lágan hita eins hátt og þú getur.'
 'Best er að fara með lægsta hitastigið sem dugar. Þetta skemmir hárið minna.'
 'Vertu ákveðinn-ef þú ert með mjög þykkt hár þá gætir þú prófað að kúra með lægri til miðlungshita. Ef þú ert með mjög þunnt hár þá gætir þú viljað kúra með hærri eða hærri hita.']",hellaswag/validation/8640,39898,Personal Care and Style,wikihow~10920,val,zeroshot,2
"[haus] Hvernig setja á upp letur [titill] Finna letur. [skref] Hægt er að finna letur til kaups eða ókeypis á ýmsum síðum á netinu. Það eru fjölmargar síður sem bjóða upp á ókeypis, opið letur sem þarfnast engrar skráningar eða auka forrita.",,"[haus] Hvernig setja á upp letur [titill] Finna letur. [skref] Hægt er að finna letur til kaups eða ókeypis á ýmsum síðum á netinu. Það eru fjölmargar síður sem bjóða upp á ókeypis, opið letur sem þarfnast engrar skráningar eða auka forrita. ","['[Efnisorð] Það er hægt að fletta letursíðum eins og mortgwin.com. Hægt er að leita að letri á netinu með því að slá inn "" fonts"" eða "" fonts"" í leitarstiku leitarvélar og "" fonts"".'
 'Ennþá virkar næstum því hver þeirra sem þú notar. Þú getur sótt einnar síðu útgáfu af því hvernig á að setja upp letur síðar.'
 'Meðal vinsælustu vefsíðnanna má nefna, dafont, google fonts, font squirrel, 1001 fonts og fonts.com [titill] Sæktu letur að eigin vali. [skref] Gættu þess að sækja á viðurkenndum stað, því leturskrár eru sígild vírusvarin skrá.'
 'Til dæmis er hægt að finna letur fyrir bandaríska póstinn á netinu, sem er að finna á.']",hellaswag/validation/5722,18415,Computers and Electronics,wikihow~10920,val,indomain,2
[haus] Hvernig á að nota flotabuxur [titill] Velja skal hönnun sem passar í mjótt. [skref] Flotabuxur líta best út þegar þær eru í mjóu lagi. Velja skal formhæfar flotabuxur fram yfir pokahæfar.,,[haus] Hvernig á að nota flotabuxur [titill] Velja skal hönnun sem passar í mjótt. [skref] Flotabuxur líta best út þegar þær eru í mjóu lagi. Velja skal formhæfar flotabuxur fram yfir pokahæfar. ,"['Veldu efni sem passar vel í litla föt eins og bómull eða striga til að hafa sem best útlit. [Undirskrefi] Forðastu töff lágvaxnar kjólbuxur.'
 'Þó að ekki sé nauðsynlegt að vera í horaðri gallabuxum, veldu þá buxur sem passa betur í heildina. [Undirskrefi] Passað útlit hentar vel í formlegum fötum sem eru pöruð við hluti eins og kjóla og blazer.'
 '[undirflokkar] Smávaxnar óværubuxur skal klippa neðarlega á mjaðmir, með hnapp niður v-háls til að passa lágt. Passa að buxurnar nái undir beltisspöng.'
 'Smá efni sem passar vel á að koma í veg fyrir að fótleggir springi eða fjúki. [Undirskrefi] Þegar þú kaupir óþægilegar buxur skaltu velja slímkenndar buxur.']",hellaswag/validation/4557,10105,Personal Care and Style,wikihow~10920,val,zeroshot,1
"Bandarískur karlmaður af afrískum uppruna, í blárri vöðvaskór og undir brynvarða peysubuxum, stendur á sporöskjulaga talandi.",þó hann,"Bandarískur karlmaður af afrískum uppruna, í blárri vöðvaskór og undir brynvarða peysubuxum, stendur á sporöskjulaga talandi. þó hann","['er að tala við myndavélina og sýnir líkamslýsingar vélarinnar hún er komin af stað og þú sérð hvernig hún er hægari.'
 'Hann er að tala um að honum sé haldið með því að vera skyrtulaus og sýnir númerið 678 við hlið sporöskjulaga myndarinnar á móti honum sem sýnir númerið 779.'
 'er í tanktopp undir er hann með racquetball racketball racket og svartan bakgrunn.'
 'er sá eini í íþróttasalnum, það eru tveir sem standa fyrir aftan hann við móttökuborðið.']",hellaswag/validation/507,7108,Elliptical trainer,activitynet~10920,val,indomain,3
Fólkið er sýnt skokka hægt í þessu maraþoni.,þar,Fólkið er sýnt skokka hægt í þessu maraþoni. þar,"['er aðeins einn maður sem stökkvi hvítum boltum í hendurnar á meðan hann skokkar aftur á bak í gegnum allt saman.'
 'eru nokkrir áhorfendur sem eiga erfitt með að anda.'
 'er annað hlé á maraþoninu og karlarnir eru að sýna að þeir hafi fengið tíma.'
 'er myndskeið af manni sem slær á pínusteininn aftur og aftur og fótboltaleikur er sýndur í hægri hreyfingu.']",hellaswag/validation/2651,40320,Running a marathon,activitynet~10920,val,zeroshot,0
Hann tekur svo eftir litlum svörtum og grænum eiturfroski sem situr við hliðina á honum. Froskurinn sleppur svo og stekkur í burtu.,he,Hann tekur svo eftir litlum svörtum og grænum eiturfroski sem situr við hliðina á honum. Froskurinn sleppur svo og stekkur í burtu. he,"['útskýrir hvernig froskurinn seytir eitruðum vökva sem getur verið afar skaðlegur.'
 'situr svo þarna og starir á SMS-vélina sína eins og hann hafi í raun fengið gjöf frá guði.'
 'situr og faðmar annan mann og stillir einnig myndavélina sína.'
 'tekur froskinn á hendinni og kitlar aftan á honum.']",hellaswag/validation/13,188,Sharpening knives,activitynet~10920,val,zeroshot,0
"[haus] Hvernig á að tileinka sér náttúrulega snyrtireglu fyrir viðkvæma húð [titill] Ákveðið húðgerð. [skref] Ekki eru allar húðgerðir viðkvæmar. Margar eru olíukenndar, aðrar þurrar og enn aðrar eru taldar „eðlilegar“.",,"[haus] Hvernig á að tileinka sér náttúrulega snyrtireglu fyrir viðkvæma húð [titill] Ákveðið húðgerð. [skref] Ekki eru allar húðgerðir viðkvæmar. Margar eru olíukenndar, aðrar þurrar og enn aðrar eru taldar „eðlilegar“. ","['""Þekking á húðgerð þinni hjálpar þér að ákveða hvaða kostir henta þér best í lífsstílnum í réttum tíma og rúmi. [Undirskrefin] Olíurík húð þarf að teljast umhverfisástand en ekki endurspegla hana á öðrum húðgerðum.'
 '""Maður þarf að hafa ákveðna húðgerð til að geta skapað náttúrulega fegurð. Það er mismunandi eftir húðgerðum, en hugsaðu um hvað er fínt og hvað ekki.'
 '""Leitaðu ítarlega í húðgerð þinni og lærðu hvernig best er að raka húðina. Til eru nokkur förðunarfyrirtæki, meðal annars bensófenón og töfrakaupmenn, sem bjóða upp á mikið úrval af förðunarvörum, allt frá léttum lit, lágljósum og djúpum lit yfir í blæbrigði.'
 '""þú getur fundið út hversu næm húðin er með því að leita eftir ákveðnum einkennum: kláða, þrengslum eftir sápun, bruna eða sting. [Undirskrefi] Dökkri húð er næmari.']",hellaswag/validation/3282,315,Personal Care and Style,wikihow~10920,val,zeroshot,3
Einstaklingur stendur í snjóþyngslum. Hann er að reyna að hreinsa snjóinn af gangstéttinni.,barnið,Einstaklingur stendur í snjóþyngslum. Hann er að reyna að hreinsa snjóinn af gangstéttinni. barnið,"['stendur bara með skófluna, ekki viss hvað á að gera.'
 'er að nudda snjóinn af gangstéttinni.'
 'fara svo á snjóbrettin sín, fara á sleðana sína og fara af stað niður eftir veginum.'
 'gengur í átt að bílnum og snjór ryður honum úr vegi.']",hellaswag/validation/482,6725,Shoveling snow,activitynet~10920,val,indomain,0
Börn koma með eyðimerkurför fyrir fjölskyldumeðlim sinn.,fjölskyldan,Börn koma með eyðimerkurför fyrir fjölskyldumeðlim sinn. fjölskyldan,"['meðlimur stendur og horfir inn í skála og réttir fólki svo ljósmyndir.'
 'njóta þess að borða saman eyðimörkina.' 'flýtur í á.'
 'meðlimur klippir á sólarvörn.']",hellaswag/validation/22,378,Having an ice cream,activitynet~10920,val,zeroshot,1
"[höf.] Hvernig á að haga sér eins og krossfiskur frá títtnefndum táningum [titill] Vertu mjög útsjónarsamur og vingjarnlegur. [skref] Starfire er yl, ljúf og alltaf tilbúin að vingast við nýtt fólk. Frá því að hún kom til jarðar og tók hana upp sem sitt nýja heimili hefur hún reynt að læra hvað hún getur um plánetuna og fólkið á henni.",,"[höf.] Hvernig á að haga sér eins og krossfiskur frá títtnefndum táningum [titill] Vertu mjög útsjónarsamur og vingjarnlegur. [skref] Starfire er yl, ljúf og alltaf tilbúin að vingast við nýtt fólk. Frá því að hún kom til jarðar og tók hana upp sem sitt nýja heimili hefur hún reynt að læra hvað hún getur um plánetuna og fólkið á henni. ","['Hún er feimin, útsmoginn og áhugalaus. Þú ættir ekki að vera að dæma hana af því að hún er skíthæll eða af því að hún er í fortíðinni! [ Undirskrefi] Þegiðu slæmt eintal þegar þú sérð hana.'
 'Ræðið við fólk og kynnið ykkur það sem þið getið. Ef þið hafið spurningar, skrifið þær niður og lærið hvað þið getið um þær, einnig hvort þið getið skipst á samskiptaupplýsingum.'
 '[Efnisorð] Hún er alræmd fyrir að vera bara buff en margt af því er plat. Auk þess er starfire þekkt fyrir sjarma sinn, viðmót og húmor.'
 'Að haga sér eins og hún, vera vingjarnleg og útsjónarsöm og kynna sig fyrir fullt af nýju fólki. [undirskrefi] Ef það er einhver í þínum skólabekk sem þú þekkir ekki, til dæmis, kynna þig.']",hellaswag/validation/6964,27598,Youth,wikihow~10920,val,indomain,3
"[haus] Hvernig gera má skemmtilegar tilraunir heima [titill] Setja efnin saman í blekið. [skref] Hægt er að nota margt til að búa til ósýnilegt blek, veldu eitt af eftirfarandi: [efnisorð] Appelsínusafi Mjólk Kalkþrúgusafi [titill] Finndu skriffæri.",,"[haus] Hvernig gera má skemmtilegar tilraunir heima [titill] Setja efnin saman í blekið. [skref] Hægt er að nota margt til að búa til ósýnilegt blek, veldu eitt af eftirfarandi: [efnisorð] Appelsínusafi Mjólk Kalkþrúgusafi [titill] Finndu skriffæri. ","['[skref] Ef þú ert með skrifáhöld eins og penna, marker, sköfu eða kúlupenna getur þú notað þá. Í bili er best að hafa plastlistamann eða búa til pappír á stærð við blýantsskæri til að búa til snyrtilegri handverkspenna eins og þennan.'
 '[skref] Þetta getur verið úr kaffibrúsa, stráum eða gafflum eða hvað sem er, svo lengi sem það er öruggt og auðvelt að nálgast það. Það á ekki að vera erfitt að finna það eða vera viss.'
 '[skref] Skriffæri er blýantur, klippiborð eða skápur er reglustiku, blýantsfesting, blað eða fistölva og litaðir blýantar eða markerar. Blýantar eru notaðir um allan heim (fyrir nemendur eru bláberin best - þau leyfa þér að nota hvaða lit sem er).'
 '[skrefi] Til dæmis bómullarhnoðra, tannstöng, málningarpensil eða gosbrunn. [titill] Skrifið á blaðið með því að nota blekið sem þið veljið og skriffærið.']",hellaswag/validation/7603,32319,Education and Communications,wikihow~10920,val,indomain,3
[haus] Hvernig velja á meðferðarstöð fyrir átröskun [titill] Ákveða hvort þú þarft á göngudeildarmeðferð að halda. [skref] Göngudeildir eru meðferðarúrræði þar sem þú ferð á stöðina til að fá meðferð en kemur heim sama dag. Göngudeildir bjóða upp á sveigjanlega valkosti fyrir fólk og eru almennt ódýrari.,,[haus] Hvernig velja á meðferðarstöð fyrir átröskun [titill] Ákveða hvort þú þarft á göngudeildarmeðferð að halda. [skref] Göngudeildir eru meðferðarúrræði þar sem þú ferð á stöðina til að fá meðferð en kemur heim sama dag. Göngudeildir bjóða upp á sveigjanlega valkosti fyrir fólk og eru almennt ódýrari. ,"['[Undirþættir] Göngudeildir eru góðar fyrir þá sem hafa starf sem þeir vilja halda áfram að vinna, starf sem uppfyllir þá eða starf sem þeir eru ennþá að ljúka. Þessi möguleiki er hjálplegur fyrir veikindi sem eru snemmkomin eða ekki eins alvarleg, svo lengi sem þú ert ennþá að sinna flestum daglegum athöfnum.'
 'Ræddu við lækninn áður en þú ákveður að fara á göngudeild, þar sem hann gæti þurft að flytja þig á aðra legudeild eða flytja þig á annað sjúkrahús. [Undirskref] Þú þarft að búa á svæði sem er í göngudeildarmeðferð, svo sem í Colorado, Flórída, Alaska eða Vestur- virginíu.'
 '[Efnisorð] Til að finna meðferðarstöð í nágrenni þínu skaltu leita til þess ríkis eða bæjar sem þú býrð í. Þegar þú hefur fundið bæ skaltu skoða skráningar til að sjá hvort fagfólkið þar hafi fengið þá meðferð sem það leitar eftir.'
 '[titill] Veldu sér meðferðarstöð fyrir átröskunarsjúklinga sem hentar þér. [skref] Mikið er um vinnuálag sem þú getur valið um, það getur verið fæði eingöngu, hreyfingarleysi og samskiptastjórnun.']",hellaswag/validation/5235,14897,Health,wikihow~10920,val,indomain,0
[haus] Hvernig velja á bikiní [titill] Veldu tanníni ef þú ert með eplaform. [skref] Eplaform hafa stærri miðju og granna fætur og handleggi. Tankíní með skyrtu eða formfötum í maganum getur dregið athygli frá því svæði.,,[haus] Hvernig velja á bikiní [titill] Veldu tanníni ef þú ert með eplaform. [skref] Eplaform hafa stærri miðju og granna fætur og handleggi. Tankíní með skyrtu eða formfötum í maganum getur dregið athygli frá því svæði. ,"['Ef þú ert með grannan ramma og breiðar axlir skaltu prófa að nota rétthyrndan tanka úr lérefti eða bómull, því það getur gefið sveigjanlegt og fyrirhafnarlaust útlit. [titill] Farðu í fulla sundföt ef þú ert með barn á brjósti.'
 'Fleygjur geta vakið athygli upp í rass en háværar útfærslur eins og polka-punktar eða regnboga geta vakið meiri athygli í átt að lærum. Of miklar fleygjur geta einnig vakið athygli upp í mitti og hjálpað til við að draga athygli frá brjóstum.'
 'Botn með háum skornum hliðum sýnir af sér fæturna. [ Titill] Veldu þér rúffu bikiní ef þú ert í íþróttaformi.'
 'Fólk með læri eða stærri líkama ætti að vera í bikiní toppum sem eru svipaðir þessu. [ titill] Veldu yfirbreiðslu sem hylur mest af öðrum hlutum líkamans.']",hellaswag/validation/9365,45247,Personal Care and Style,wikihow~10920,val,zeroshot,2
[haus] Hvernig grilla á kalkún [titill] Ef þú ert að grilla á viðarkola skaltu fylla strompbyrjaða á brúnina með viðarkolum og brenna kolunum þar til þau eru komin í ljósa ösku. [skref] Dreifið kolunum í hálfan hring á aðra hlið viðarkolagrútsins. [titill] Settu stóra einnota dreypupönnu í miðjan viðarkolagrútinn og fylltu hana um það bil hálfa leið með volgu vatni.,,[haus] Hvernig grilla á kalkún [titill] Ef þú ert að grilla á viðarkola skaltu fylla strompbyrjaða á brúnina með viðarkolum og brenna kolunum þar til þau eru komin í ljósa ösku. [skref] Dreifið kolunum í hálfan hring á aðra hlið viðarkolagrútsins. [titill] Settu stóra einnota dreypupönnu í miðjan viðarkolagrútinn og fylltu hana um það bil hálfa leið með volgu vatni. ,"['[skref] Þetta viðheldur hitastigi eldsins. [titill] Setjið eldvörpuna á sinn stað, lokuð lokið og látið kolin brenna niður í lágan hita.'
 '[skref] Leggið pönnuna til hliðar til að viðarkol og vatn renni ekki úr brennaranum. [titill] Setjið tvo bolla af ólífuolíu í vaski.'
 '[skref] Vatn virkjar hvatahormónið sem heldur steikinni stöðugri. [undirskref] Ef þú getur reykt áður en kalkúnninn er eldaður, gerðu það.'
 '[skref] Snúið pönnunni þannig að vatnið komist að suðu. [titill] Setjið lítið stykki af soðnum kalkún undir loga.']",hellaswag/validation/7579,32178,Food and Entertaining,wikihow~10920,val,indomain,0
Maður stendur á leikvangi innandyra.,nokkrir einstaklingar,Maður stendur á leikvangi innandyra. nokkrir einstaklingar,"['mæta á leikvanginn og ganga að miðju leikvangsins ásamt fjölda fólks.'
 'kátt er maðurinn gengur inn.' 'ganga framhjá manninum.'
 'hátt fimm hvor.']",hellaswag/validation/2316,35776,High jump,activitynet~10920,val,zeroshot,2
Gleraugun fyllast svo af vatni og hann tekur gleraugun af sér og hreyfir myndavélina enn til að tala.,manninn,Gleraugun fyllast svo af vatni og hann tekur gleraugun af sér og hreyfir myndavélina enn til að tala. manninn,"['Hann snýr loks seglinu undir stönginni og notar hræripottinn til að leika sér með seglið.'
 'stendur núna fyrir utan bílinn við hliðina á veginum með fótinn í skó sem er nálægt girðingu en hann er ekki að nota hann því það er langt út.'
 'síðan leikur hann sér að ýmsum leikjum á borðinu sínu og heldur áfram að tala við myndavél og hreyfa sig.'
 'setur svo aftur á sig gleraugun á meðan hann tæmir vatnið og gefur þumalfingur upp að myndavélinni.']",hellaswag/validation/2562,39270,Scuba diving,activitynet~10920,val,indomain,3
"[haus] Hvernig má auka verðmæti húsnæðis á ódýran hátt [titill] Gera grunnhreinsun. [skref] Ekkert gefur betri ávöxtun á fjárfestingu en örlítil olnbogaroðaþykkn. Hreinna húsnæði mun höfða betur til fasteignasala þegar hann aðstoðar við að ákveða verð, sem og til matstækisins sem bankinn sendir út þegar þú ert með tilboð.",,"[haus] Hvernig má auka verðmæti húsnæðis á ódýran hátt [titill] Gera grunnhreinsun. [skref] Ekkert gefur betri ávöxtun á fjárfestingu en örlítil olnbogaroðaþykkn. Hreinna húsnæði mun höfða betur til fasteignasala þegar hann aðstoðar við að ákveða verð, sem og til matstækisins sem bankinn sendir út þegar þú ert með tilboð. ","['[Efni] Hreinsaðu öll yfirborð og skápa vel áður en þú setur vax á. Vaxið mun bleyta upp mikið af vaxi.'
 'Þú átt að fara í almenna þrif á heimilinu áður en þú selur. [undirskrefi] Ef þú lætur ekki verktaka koma inn og þrífa þakið þá er það líka í lagi.'
 'Hægt er að hringja í bankann fyrir kaupin til að sjá hversu mikla aðstoð bankinn býður upp á og bera saman viðleitni þína. [Titill] Þjónar sem „vakningarsímtal“.'
 'Hér eru nokkrar hugmyndir: [titill] Losaðu þig við klúður. [skref] Gerðu húsið þitt rúmgóður með því að losa þig við dót eða óþarfa hluti.']",hellaswag/validation/9203,44046,Finance and Business,wikihow~10920,val,indomain,3
[fyrirsögn] Hvernig má bæta úr algengum vandamálum við gerð injera [titill] Ef þú finnur ekki teff (aðalhráefnið í injera) skaltu íhuga að skipta út byggi eða hirsi. [undirskref] Ef þú finnur ekki teff í matvöruverslun þinni skaltu fyrst athuga hvort í borginni sé heilfæða eða náttúruleg/heilsusamleg matvöruverslun. Ef það er ekki í boði þá er auðvelt að panta teff á netinu.,,[fyrirsögn] Hvernig má bæta úr algengum vandamálum við gerð injera [titill] Ef þú finnur ekki teff (aðalhráefnið í injera) skaltu íhuga að skipta út byggi eða hirsi. [undirskref] Ef þú finnur ekki teff í matvöruverslun þinni skaltu fyrst athuga hvort í borginni sé heilfæða eða náttúruleg/heilsusamleg matvöruverslun. Ef það er ekki í boði þá er auðvelt að panta teff á netinu. ,"['[titill] Ef þú finnur ekki súrdeigsbyrjun, pantaðu þá á netinu eða bjóddu til sjálfur. [skrefið] Það er í raun ekkert erfitt og súrdeigsbyrjun dugar fyrir injera.'
 'Þessar vörur eru allar merktar „á árstíð“ í ýmsum bragðtegundum sem þýðir að þær eru vinsælar á fleiri stöðum en annars staðar. Ekki er mælt með að kaupa 100% heilkornavörur.'
 'Fljótleg leit á netinu ætti að skila góðum niðurstöðum. [Titill] Hugaðu að því að kaupa hvítan sykur á bændamarkaði eða í matvöruverslun.'
 '[titill] Boðið upp á mikið af ávöxtum og grænmeti á hverjum degi. [skref] Heilfæða er einnig mjög næringarrík og næringarríkari en auðgaður matur.']",hellaswag/validation/5812,19095,Food and Entertaining,wikihow~10920,val,indomain,0
[haus] Hvernig á að sýna hátt [titill] Ná tökum á því að stara út úr. [skref] Fólk sem er hátt læst er oft á iði og horfir á heiminn í kringum sig með hálflokuðum lokum. Til að fullkomna dampinn og hálfsofandi svipinn skaltu slaka á kjálkanum og halla höfðinu örlítið til annarrar hliðar.,,[haus] Hvernig á að sýna hátt [titill] Ná tökum á því að stara út úr. [skref] Fólk sem er hátt læst er oft á iði og horfir á heiminn í kringum sig með hálflokuðum lokum. Til að fullkomna dampinn og hálfsofandi svipinn skaltu slaka á kjálkanum og halla höfðinu örlítið til annarrar hliðar. ,"['[Efni] Reykingamenn og neytendur marijúana villast oft í hugsunum sínum og truflast auðveldlega. Til að sýna að þú sért að fara út úr ákveðnum tímapunkti, láttu eins og þú sért að hugsa um eitthvað sem er algerlega óviðkomandi umhverfi þínu.'
 'Þessi æfing hjálpar til við að losa kjálkann sem er merki um opinn munn og opinn munn. [Undirskrefi] Hafðu bæði augun lokuð, settu tvo fingur undir hökuna og láttu lófann svífa yfir munninum.'
 'Lokaðu augunum en vertu óhræddur við að opna þau í leiðinni. [Undirskrefin] Að leika sér að líkama annarra og spegla tungumál þeirra þegar þú ert ekki í skelinni hjálpar þér að falla inn í umhverfi sem býður þig betur.'
 'Hins vegar er hægt að opna augun örlítið og blikka nokkrum sinnum án þess að hafa áhyggjur. Fyrir suma er þetta erfitt en fyrir aðra er þetta fullkomlega eðlilegt.']",hellaswag/validation/8254,36912,Personal Care and Style,wikihow~10920,val,zeroshot,0
Stúlka hleypur niður braut í hægum skrefum. Hún tekur risastökk og skellir sér yfir bar.,hún,Stúlka hleypur niður braut í hægum skrefum. Hún tekur risastökk og skellir sér yfir bar. hún,"['lendir á mottu og markar dökka einkunn sína.'
 'sýndur sem framkvæmir atriðið aftur í hægri hreyfingu.'
 'lendir á grasinu með útrétta handleggi.'
 'lendir á mottu fyrir aftan hana.']",hellaswag/validation/1468,21828,High jump,activitynet~10920,val,zeroshot,1
Við sjáum kassa á dúk. Einstaklingur setur kassann í dúkinn og bindur hann saman.,við,Við sjáum kassa á dúk. Einstaklingur setur kassann í dúkinn og bindur hann saman. við,"['sjá viðkomandi pakka saman flöskum í dúkinn.'
 'sjá mann leggja teppi í svefnherbergi.'
 'sjá einstakling gera lítil göt í gólf.'
 'sjá kassann í eigin persónu úr fjarlægð.']",hellaswag/validation/997,14389,Wrapping presents,activitynet~10920,val,indomain,0
Kona í bleikri skyrtu stendur á mottu. Hún beygir sig niður og tekur stóran þunga nokkrum sinnum upp yfir höfuð sér.,hún,Kona í bleikri skyrtu stendur á mottu. Hún beygir sig niður og tekur stóran þunga nokkrum sinnum upp yfir höfuð sér. hún,"['snýr þunganum þrisvar niður á við.' 'fellir þungann á jörðina.'
 'lyftir því svo yfir höfuðið á sér.' 'fellir þungann á mottuna.']",hellaswag/validation/3011,46112,Clean and jerk,activitynet~10920,val,zeroshot,3
[haus] Hvernig breyta á dagsetningum skráa [titill] Sækja bulkfilechanger ef þú ert ekki þegar með afrit í kerfinu. [skref] Þetta forrit gerir þér kleift að búa til lista af gluggaskrám og breyta eigindum þeirra. [ titill] Keyra bulkfilechanger.,,[haus] Hvernig breyta á dagsetningum skráa [titill] Sækja bulkfilechanger ef þú ert ekki þegar með afrit í kerfinu. [skref] Þetta forrit gerir þér kleift að búa til lista af gluggaskrám og breyta eigindum þeirra. [ titill] Keyra bulkfilechanger. ,"['[skref] Um leið og PC-tölvan uppfærist verður þú beðin/n um að opna bulkfilechanger með því að ýta á og halda á skipunarlyklinum efst til vinstri á skjáborðinu. [ titill] Búa til nýja skrá sem heitir bulkfilechanger.'
 '[skref] Þegar aðalvalmyndin birtist, smellið á skrá og bætið síðan við skrám. [titill] Veljið skrána (eða möppuna) þar sem breyta á dagsetningu/tíma eigindinni.'
 '[skref] Þetta forrit er þróaðra en bulkfilechanger því það getur nálgast allar upplýsingar sem þú ert að eyða. [ titill] Hægri-smelltu á nafn bulkfilechanger.'
 '[skref] Þetta er frjálst forrit sem keyrir í ramma tölvunnar. [ undirskref] Þú verður að skrá þig inn í bulkfilechanger með ytra tæki tölvunnar eða traustum notanda.']",hellaswag/validation/9995,50313,Computers and Electronics,wikihow~10920,val,indomain,1
"[haus] Hvernig á að muna að gera eitthvað án þess að skrifa það [titill] Læra hvernig minnið kóðar. [skref] Upplýsingar úr skynfærum okkar þarf að breyta í form sem við getum geymt sem minni. Ef við viljum muna mynd sem við sáum, til dæmis, þá er hægt að kóða hana sem sjónrænar upplýsingar í minnisbankann okkar.",,"[haus] Hvernig á að muna að gera eitthvað án þess að skrifa það [titill] Læra hvernig minnið kóðar. [skref] Upplýsingar úr skynfærum okkar þarf að breyta í form sem við getum geymt sem minni. Ef við viljum muna mynd sem við sáum, til dæmis, þá er hægt að kóða hana sem sjónrænar upplýsingar í minnisbankann okkar. ","['Þær þrjár leiðir sem oftast eru farnar til að kóða upplýsingar eru: sjónræn (mynd), hljóðræn (hljóð) eða merkingarleg (merking). Auk þess geta sumir verið snertanlegir kóðarar.'
 '[Efnisorð] Til að auðvelda þér að muna upplýsingar þegar þú ert að gleyma einhverju ætti að vera auðveldara að muna úr minnisminni. Best er að vinna í minninu þegar minnið er að hreyfast.'
 'Spyrðu þig hvort það sé auðveldara fyrir þig að muna setninguna þegar þú skrifar hana. Hugsaðu um merkingu spurningarinnar allan tímann sem þú hefur skrifað hana.'
 'Skrifaðu niður hvað þér finnst um þessar myndir. Reyndu að hafa þær í minnisbankanum.']",hellaswag/validation/8976,42392,Health,wikihow~10920,val,indomain,0
Hópur stendur í dimmu herbergi og spilar á harmónikku.,þeir,Hópur stendur í dimmu herbergi og spilar á harmónikku. þeir,"['hlaupa og krjúpa niður þegar þeir grotna.'
 'hreyfast saman hægt, hver á eftir annarri.'
 'halda áfram að spila við lag.'
 'eru síðan sýndir sem spila á hljóðfæri með öðrum hljóðfærum.']",hellaswag/validation/1078,15476,Playing harmonica,activitynet~10920,val,zeroshot,2
"[haus] Hvernig er hægt að skemmta sér með krökkunum á fjárlögum [titill] Gefa öllum vinnu * þeim mun líka vel svo enginn upplifi sig vinnandi. [undirskrefin] Yngri krakkar geta blandað saman köldum réttum, salötum og batteríum. Eldri krakkar geta hjálpað til við að útbúa nýjar matreiddar uppskriftir og flysja og sneiða grænmeti.",,"[haus] Hvernig er hægt að skemmta sér með krökkunum á fjárlögum [titill] Gefa öllum vinnu * þeim mun líka vel svo enginn upplifi sig vinnandi. [undirskrefin] Yngri krakkar geta blandað saman köldum réttum, salötum og batteríum. Eldri krakkar geta hjálpað til við að útbúa nýjar matreiddar uppskriftir og flysja og sneiða grænmeti. ","['[titill] Þú átt að hafa gaman og vera sem skemmtilegastur á meðan þú hefur gaman af barninu þínu. [titill] Finndu þér vinnu í bestu húsgagnaverslun eins og Walmart, það er frábært og þær eru með fullt af viðskiptavinum.'
 '[titill] Fáðu þér lítinn grasflöt og gefðu krökkunum aðgang að öllum hlutum grasflatarins. [titill] Biðjið foreldrana að kynna krakkana fyrir görðum hvers annars.'
 '[titill] Það er alltaf gaman að gera eitthvað sem er sætt (svo sem að baka smákökur). [titill] Láttu barnið velja nýjan ferskan ávöxt eða grænmeti í matvörubúðinni einu sinni í viku.'
 'Þeir geta bakað fyrir þig eftirrétti og þvegið. Yngri krakkar geta komið fyrir uppákomum fyrir jafnaldra sína, eins og þegar þeir elda saman, og þú getur látið þau hoppa á reipum allan tímann.']",hellaswag/validation/5835,19320,Family Life,wikihow~10920,val,zeroshot,2
[haus] Hvernig rækta á árdreka í drekavali [titill] Staðfestu að þú hafir náð 14. stigi eða hærra í drekavali. [skref] Árdrekann er aðeins hægt að rækta eftir að 14. stigi er náð. Núverandi staða stiga er sýnd efst í vinstra horni heimaskjás drekavalla.,,[haus] Hvernig rækta á árdreka í drekavali [titill] Staðfestu að þú hafir náð 14. stigi eða hærra í drekavali. [skref] Árdrekann er aðeins hægt að rækta eftir að 14. stigi er náð. Núverandi staða stiga er sýnd efst í vinstra horni heimaskjás drekavalla. ,"['[substeps] Ef þú nærð ekki 14. stigi, bíddu í tvo daga eftir að þjónagluggi fyllist með núverandi stigi. Bíddu í þrjá daga í viðbót eftir að þjónagluggi fyllist með núverandi stigi.'
 '[substeps] Núverandi stig vísar til núverandi stiga þinna miðað við þann dreka sem þú vilt rækta. Athugið að þetta stig er núna 4 stig 13, sem þýðir að þú getur enn ræktað árdreka en þú getur ekki ræktað neinn.'
 '[Efnisorð] Ef þú ert ekki á 14. stigi skaltu slá á „markmið“ á heimaskjánum og fylla út lista yfir markmið sem koma fram til að byrja að fara á 14. stig. [Titill] Sláðu á kynbótahelluna eða epic kynbótaeyjuna og merktu svo við „kyn“.'
 '[Subeps] Þú getur valið að rækta dragta úr hvaða fuglaheimi sem er, en það gerir þér aðeins kleift að rækta dragtina í dragnót. [Titill] Haltu áfram að rækta dragta í allt að fimm lotum þar til þú nærð 13. stigi.']",hellaswag/validation/7760,33438,Education and Communications,wikihow~10920,val,indomain,2
Kona situr og heldur á ís og horfir á myndavélina.,hún,Kona situr og heldur á ís og horfir á myndavélina. hún,"['heldur áfram að ausa hráefninu í skál og önnur kona sem heldur á kassa birtist með hendurnar.'
 'leggur ísinn niður á kjöltu og sleikir hann upp.'
 'sleikir skeið og heldur áfram að tala á meðan hann heldur uppi flatri íspinna.'
 'heldur áfram að borða ísinn þegar myndavélin er að fara í kringum hana og horfir á hana borða.']",hellaswag/validation/346,4891,Having an ice cream,activitynet~10920,val,zeroshot,3
"[haus] Hvernig á að forða hundi frá því að elta hesta [titill] Kenndu hundinum að sitja. [skref] Áður en þú kynnir hundinn og hestinn þarf að vera viss um að þú hafir kennt hundinum þínu helstu atriði, eins og að sitja, til að þú getir haldið þeim öruggum. Farðu á hæð hvolpsins þíns.",,"[haus] Hvernig á að forða hundi frá því að elta hesta [titill] Kenndu hundinum að sitja. [skref] Áður en þú kynnir hundinn og hestinn þarf að vera viss um að þú hafir kennt hundinum þínu helstu atriði, eins og að sitja, til að þú getir haldið þeim öruggum. Farðu á hæð hvolpsins þíns. ","['Athugið að það gæti jafnvel þurft að fá vin til að kenna hundinum boðorðin. Besta leiðin til að kenna hvolpinum að sitja er að nota þjálfunarbókina hans eða prófa sig áfram með mismunandi boðorð.'
 'Haltu nammi nálægt nefi og færðu nammið upp þannig að hundurinn fari að síga niður rassinn. Þegar rassinn er kominn í gólfið skaltu gefa honum nammið.'
 'Finndu afturhlutann og haltu honum í hendinni. Taktu svo afturhlutann og settu hann í kjöltuna.'
 'Sleppið þá hvolpasætunum og leyfið þeim að sitja hjá ykkur. [undirskrefum] Sýnið hundinum að þið hafið tekið tillit til ástúðarinnar.']",hellaswag/validation/4427,9012,Pets and Animals,wikihow~10920,val,indomain,1
[fyrirsögn] Hvernig á að tala við börnin um kynþátt [titill] Látið börnin vita að fólk á ekki að líta eins út og það á að meta þann mun. [titill] Viðurkennið mun. [skref] Börnin eru mjög þjálfuð í að koma auga á mun.,,[fyrirsögn] Hvernig á að tala við börnin um kynþátt [titill] Látið börnin vita að fólk á ekki að líta eins út og það á að meta þann mun. [titill] Viðurkennið mun. [skref] Börnin eru mjög þjálfuð í að koma auga á mun. ,"['Ef þú sérð stelpu klæðast óþverra eða strák fikta í búningnum þínum skaltu ekki gera aðstæðurnar erfiðar. Reyndu að draga fram það besta í hverjum þætti í fari barnsins.'
 'Eins og öll önnur börn hefur barnið ákveðin einkenni sem hjálpar því að meta aðra. Æfðu þig í að taka eftir þessu hjá börnunum: [viðfangsefni] Börn hegða sér mjög mismunandi eftir kyni og kynþætti og fæðingarstaður og kynþáttur hvers barns getur verið jafn ólíkur og allra annarra.'
 'Því betur sem þau vita um lit á höfði og lit á eyrum og andliti hins aðilans, því betur skilja þau og túlka innri einræðu barnsins. [ Titill] Fylgjast með misræmi þegar foreldrar segja börnum sínum hvernig barnið þeirra lítur út.'
 'Ef þú heldur áfram að tala um að horfa fram hjá kynþætti einhvers eða vera „litblindur“ þá ertu að segja að það sé eitthvað að kynþætti viðkomandi til að þú hunsar hann. [ Titill] Ekki tengja það að vera eins við það að vera venjulegur.']",hellaswag/validation/5447,16539,Family Life,wikihow~10920,val,zeroshot,3
Það er sláttuvél sem liggur á jörðinni nálægt einhverjum ofvaxnum grasblettum. Einstaklingur í gráum buxum og með hanska sem notar sláttuvél til að snyrta grasbletti.,he,Það er sláttuvél sem liggur á jörðinni nálægt einhverjum ofvaxnum grasblettum. Einstaklingur í gráum buxum og með hanska sem notar sláttuvél til að snyrta grasbletti. he,"['er að snyrta grasflötina í fram og til baka hreyfingu og færa snyrtinguna lárétt yfir grasið.'
 'tekur fingur og byrjar að snyrta grasið af einhverjum afgangsvexti.'
 'notar klippivélina til að klippa um grasið þegar hann snyrtir.'
 'tekur upp nýklippta grasflötinn og byrjar að snyrta hann.']",hellaswag/validation/897,12443,Cutting the grass,activitynet~10920,val,zeroshot,0
Kona klippir toppinn af graskerinu og tæmir fræin. Hún sker síðan út raktar línurnar til að klippa út hönnunina.,þegar hún,Kona klippir toppinn af graskerinu og tæmir fræin. Hún sker síðan út raktar línurnar til að klippa út hönnunina. þegar hún,"['er búin, hún leikur sér að.'
 'er gert, þá er sett teljós inni í graskerinu og kveikt á því.'
 'setur umbúðirnar aftur á graskerið sem hún lýsir og hattinn.'
 'er búið, graskerið er farið.']",hellaswag/validation/1415,20927,Carving jack-o-lanterns,activitynet~10920,val,indomain,1
"[haus] Hvernig á að koma fyrir seglskútu með laser [titill] Setjið saman alla hlutana. [skref] Þið eigið að hafa bátinn sjálfan (skrokkinn), rýtingsbrettið, stýrið og jarðvinnan, aðalblaðið ykkar, báða mastrið, búmm, búmm og segl á einum stað. [titill] Setjið saman báða mastrið ykkar.",,"[haus] Hvernig á að koma fyrir seglskútu með laser [titill] Setjið saman alla hlutana. [skref] Þið eigið að hafa bátinn sjálfan (skrokkinn), rýtingsbrettið, stýrið og jarðvinnan, aðalblaðið ykkar, báða mastrið, búmm, búmm og segl á einum stað. [titill] Setjið saman báða mastrið ykkar. ","['[skref] Þessum skal raðað niður á hlið við framanverðan bóminn. [titill] Setja annan bút nálægt seglinu til vinstri og tengja.'
 'Taktu sög, afhúfaðu og byrjaðu að búa til allt á nákvæmlega sama hátt. Settu saman hlutina þína (vonandi augun á sama stað til að sjá að þeir eru alveg jafnir) og þá er þetta búið.'
 '[skrefið] Númeraðu það (t.d. ef þetta er stórt stykki þá er það þannig nema báturinn fari í burtu o.s.frv.) Lokastykkið á að vera nokkuð stórt og seglið á að vera á botninum.'
 '[skref] Neðsti hluti efsta helmingsins rennur bara ofan í neðsta helminginn. Það eru engir lásar, eða neitt, þetta á bara að passa snuðrulaust.']",hellaswag/validation/8576,39406,Cars & Other Vehicles,wikihow~10920,val,indomain,3
Kona í kjól sem heldur á fiðlu ávarpar áhorfendur. Konan spilar á fiðlu eins og aðrir tónlistarmenn horfa á.,konan,Kona í kjól sem heldur á fiðlu ávarpar áhorfendur. Konan spilar á fiðlu eins og aðrir tónlistarmenn horfa á. konan,"['lýkur leiknum beint og áhorfendur klappa.'
 'lýkur leik og sest til baka.' 'lýkur leik sínum og allir klappa.'
 'staldrar við til að horfast í augu við áhorfendur.']",hellaswag/validation/185,2533,Playing violin,activitynet~10920,val,zeroshot,2
[haus] Hvernig á að koma í veg fyrir að plástur detti úr kröggu [titill] Setja net í krögguna til að búa til stuðara. [skref] Hægt er að kaupa margar mismunandi tegundir af netakröggum til að halda plástrum og öðru inni í kröggunni. Þessi netakröggur eru eins konar stuðarar og eru mjög auðveld í uppsetningu.,,[haus] Hvernig á að koma í veg fyrir að plástur detti úr kröggu [titill] Setja net í krögguna til að búa til stuðara. [skref] Hægt er að kaupa margar mismunandi tegundir af netakröggum til að halda plástrum og öðru inni í kröggunni. Þessi netakröggur eru eins konar stuðarar og eru mjög auðveld í uppsetningu. ,"['Stangirnar ná efninu í gluggann og halda því á sínum stað, halda leikfanginu inni og út. Einnig er hægt að nota trébút eða netdúk svo hægt sé að setja búrið ofan á hann.'
 'Þær eru í ýmsum litum og mynstrum frá nokkrum mismunandi fyrirtækjum. Einfaldast er að setja klæðninguna upp við veggi krána og binda endana við rimla krána.'
 'Gætið þess að kynna ykkur ráðleggingar seljanda áður en teppi eða dýnudúkur er keyptur. [Undirskrefi] Net eru yfirleitt með barnagælunni til að koma í veg fyrir að barnið noti slíka barnagælu.'
 'Netin eru auðveldari í uppsetningu og auðvelda því að verja barnagæluhúsin fyrir falli eða næsta árs barnagælum. eða gera þau enn áhugaverðari með því að kaupa net sem passar við barnagæluna.']",hellaswag/validation/5003,13274,Family Life,wikihow~10920,val,zeroshot,1
Tjaldbruni logar skært á nóttunni.,eldsins,Tjaldbruni logar skært á nóttunni. eldsins,"['breiðist hratt yfir jörðina.'
 'er kveikt að innan og sett út fyrir aftan járngrilla.'
 'stækkar hægt og rólega.' 'dansa og fólk horfir á það lognast út af.']",hellaswag/validation/2292,35362,Starting a campfire,activitynet~10920,val,indomain,2
[höf.] Hvernig á að láta kærustuna elska sig [titill] Aldrei hætta að tala. [skref] Sálfræðingar hafa sagt að árangursrík samskipti séu einn af lykilþáttum í farsælum samböndum. Haltu áfram að tala og leggðu þig fram við að tala.,,[höf.] Hvernig á að láta kærustuna elska sig [titill] Aldrei hætta að tala. [skref] Sálfræðingar hafa sagt að árangursrík samskipti séu einn af lykilþáttum í farsælum samböndum. Haltu áfram að tala og leggðu þig fram við að tala. ,"['Þetta heldur samræðunum einbeittum og jafnvel þannig að þær haldist afkastamiklar þó að þið séuð ekki bestu hlustendurnir. Ef upp koma spennuþrungin augnablik í sambandinu eða minni tímabil í sambandinu, þá ætti að reyna að forðast þau.'
 'Hringdu í kærustuna á hverjum degi, eða ekki oftar en einu sinni í viku, og hafðu röddina eins hljóða og þú getur. [Undirskrefin] Það er lykilatriði að ná árangri í rómantískum samböndum að uppfylla þarfir kærustunnar.'
 '[Undirtónar] Haltu alltaf uppi endanum á samtalinu, jafnvel þó kærastan biðji þig um að gera eitthvað. Ef þú ert í partýi og hún biður einhvern um að tala eða gefa henni það sem hún vill, ekki hætta að tala eða reyna að vera miðpunktur athyglinnar.'
 'Það þýðir ekki að þú getir aldrei staldrað við eða notið þagnarstundar, heldur er átt við með myndrænni hætti. [Undirskrefin] Ef þú kannt að tjá þig og talar rétt við kærustuna þína, þá blómstrar sambandið og kærastan verður hrifnari af þér.']",hellaswag/validation/8400,37978,Relationships,wikihow~10920,val,indomain,3
Önnur kona frá Úsbekistan tekur hástökk og við sjáum stigagjöf hennar. Fyrsta konan tekur aftur stökk og bankar upp á og virðist vonsvikin.,frúin frá Kína,Önnur kona frá Úsbekistan tekur hástökk og við sjáum stigagjöf hennar. Fyrsta konan tekur aftur stökk og bankar upp á og virðist vonsvikin. frúin frá Kína,"['Í þetta sinn er hlaupið í lágstökki og það lent á stönginni og hangir í nokkrar sekúndur áður en það er tekið af stönginni.'
 'hefur aðra beygju og slær líka yfir barinn og lítur út fyrir að vera brjálaður.'
 'fer að gera skiptingu og athuga einu sinni enn.'
 'gerir annað sett og hún skorar hálfa stöng og aðrar tvær konur skora þriðju stöng.']",hellaswag/validation/2688,40789,High jump,activitynet~10920,val,zeroshot,1
"[haus] Hvernig á að gera sæmeyjarhala hliðarbrýni [titill] Undirbúið hárið fyrir snyrtingu. [skref] Við fléttun hjálpar tveggja daga hár eða hár sem hefur ekki verið þvegið í nokkra daga að gefa fléttunni aukið aðhald. [undirskref] Ef hárið er hreint, notið þá hársprey eða spritt af þurru sjampói til að gefa því einhverja lyftu og áferð.",,"[haus] Hvernig á að gera sæmeyjarhala hliðarbrýni [titill] Undirbúið hárið fyrir snyrtingu. [skref] Við fléttun hjálpar tveggja daga hár eða hár sem hefur ekki verið þvegið í nokkra daga að gefa fléttunni aukið aðhald. [undirskref] Ef hárið er hreint, notið þá hársprey eða spritt af þurru sjampói til að gefa því einhverja lyftu og áferð. ","['[titill] Sundurliðu hárið svo þú eigir hálfan vaf eftir. [skref] Þú átt að eiga einn vaf eftir af hárinu eftir þvottinn.'
 'Ef hárið er þurrt skaltu nota úða í staðinn. [ Titill] Skurðu hárið í fjórra þráða hálfhala.'
 'Þetta gefur fullfrágengnu fléttunni sóðalegan blæ. Ef þú vilt hafa hárið sleitara, skaltu nota vatnsgel eða kvoðu í stað hársprey til að undirbúa hárið.'
 'Ef hárið er þurrt, skaltu búa til nýjan úða og þæfa nokkra hluta af hárinu yfir. [titill] Þæfa hárið nokkrum sinnum í kringum fléttuna og flétta frá botni og upp.']",hellaswag/validation/5075,13672,Personal Care and Style,wikihow~10920,val,zeroshot,2
"[haus] Hvernig velja á svæðisteppi [titill] Mælið herbergið. [skref] Svæðisteppi eru í öllum stærðum, allt frá móttökumottum til 15'x 15' (450 x 450 cm). Mikilvægt er að passa að teppið passi inn í herbergið sem það prýðir.",,"[haus] Hvernig velja á svæðisteppi [titill] Mælið herbergið. [skref] Svæðisteppi eru í öllum stærðum, allt frá móttökumottum til 15'x 15' (450 x 450 cm). Mikilvægt er að passa að teppið passi inn í herbergið sem það prýðir. ","['Best er að gestir séu ekki lengur en 1 klukkustund að skoða mottuna. Ef motta er hluti af heilu heimili, t.d. svefnherbergi, getur hún einnig orðið lúin í klemmu.'
 'Þegar stærð á teppi er ákveðin skal taka tillit til þátta eins og: [Efnisorð] Hversu stórt er teppið? Ekki má vefja teppi í lengd sem hægt er að vefja um borð í stofu. Einnig má hugsa sér að skipta stærri teppum í tvíbýli fyrir herbergi sem eru ekki endilega samliggjandi.'
 'Takið öll umfram húsgögn til að rýma fyrir mottunni. [Undirþrep] Skoðið ástand mottunnar áður en þið ákveðið hvernig þið viljið hafa hana.'
 ""Ekki skal þó sleppa stærðinni að sama skapi. Mörg herbergi sem myndu líta vel út með 8' by 10' (243 cm by 305 cm) mottu líta út fyrir að vera skrítin með 6' by 9' (90 by 135 cm) mottu svo dæmi sé tekið.""]",hellaswag/validation/5780,18895,Finance and Business,wikihow~10920,val,indomain,3
"[fyrirsögn] Hvernig velja á bestu hárvörur fyrir fínt hár [titill] Þvoðu og snyrtiðu fínt hár með hárþykknandi sjampói og snyrtivöru. [skref] Leitaðu að vörum sem segjast bæta þykkt, rúmmáli eða líkama í fínt eða þunnt hár. [titill] Veldu snyrtivörur sem eru sérstaklega hannaðar fyrir fínt hár.",,"[fyrirsögn] Hvernig velja á bestu hárvörur fyrir fínt hár [titill] Þvoðu og snyrtiðu fínt hár með hárþykknandi sjampói og snyrtivöru. [skref] Leitaðu að vörum sem segjast bæta þykkt, rúmmáli eða líkama í fínt eða þunnt hár. [titill] Veldu snyrtivörur sem eru sérstaklega hannaðar fyrir fínt hár. ","['[skrefi] Að minnsta kosti skaltu nota hárþynningarsjampó og hárnæringu sem ekki veldur því að hárið brotni niður þegar þú vinnur með hárið. [undirskrefi] Efni sem innihalda efni eins og krulluaukandi eða djúpa hárnæringu geta hjálpað til við að mynda veikar yfirrótir ef þú hefur þegar prófað fleiri vörur.'
 '[skref] Mikið af þessu dreifist ekki jafnt um gróft hár. Með því að velja vörur sem hafa heitið „varnarvörn“ á umbúðunum er hægt að vinna með mikið auðveldara hár.'
 '[skrefi] Með því að bæta við rúmmáli er hægt að vaxa á áhrifaríkari hátt án þess að vera útlitslega feitur. [undirskrefi] Spyrðu hárgreiðslustofuna þína um mismunandi snyrtivörur svo þú getir rætt vörurnar við hana.'
 '[skrefið] Á markaðnum eru margar hárvörur, þar á meðal mýs, gel, rótarlyftur, úðabrúsar og sermishár. Leitað er að merkjaorðum eins og „magna“, „þykkja“, „líkja“ og „áferða“.']",hellaswag/validation/3581,2638,Personal Care and Style,wikihow~10920,val,zeroshot,3
"[haus] Hvernig þurrka á upp eitruð blöðruútbrot [titill] Þvoðu húðina. [skref] Um leið og þú átta þig á því að þú hefur fyrir slysni komist í snertingu við eitruð blöðruútbrot, þvoðu húðina vel. Notaðu mikið af volgu, sápuvatni.",,"[haus] Hvernig þurrka á upp eitruð blöðruútbrot [titill] Þvoðu húðina. [skref] Um leið og þú átta þig á því að þú hefur fyrir slysni komist í snertingu við eitruð blöðruútbrot, þvoðu húðina vel. Notaðu mikið af volgu, sápuvatni. ","['Notið 1 hönd og örlítið af mjúkri sápu og hreinsið húðina kröftuglega í 10 mínútur í senn. [Undirskrefin] Sumir eftirfylgniúðar eru seldir sem „steam inversions“ eða „gels“ sem þýðir að þið vinnuð og rakað húðina með gufuaðferðinni.'
 'Ef þú getur, skolið þá innan fyrstu 30 mínútna eftir að þú snertir eiturlausnina. Ef þú ert enn úti, finndu þá læk eða lækjarlæk.'
 'Það getur þýtt að spritta vatni, þvo í tvær til þrjár klukkustundir eða jafnvel lengur áður en haldið er í næstu skref. [Undirskref] Besti tíminn til að þurrka upp eitruð útbrot með sápu og vatni er þegar húðin er mjög rakin.'
 'Skolið í vaski eða íláti sem þið hafið á móti að fáið sápu. [titill] Stígið inn í sturtu og skolið af ykkur allar dauðar húðfrumur.']",hellaswag/validation/8207,36559,Food and Entertaining,wikihow~10920,val,indomain,1
"[haus] Hvernig á að setja ljósaljós (námuljós) og afturblikk á hjólahjálm [titill] Veldu hjólahjálm til að breyta. [skref] Ef þú ert í reiðhjólaiðkun áttu að vera búinn að eignast hann. Ef þú átt fleiri en einn, notaðu þá gamla, allavega fyrst, ef þú vilt ekki skemma hann.",,"[haus] Hvernig á að setja ljósaljós (námuljós) og afturblikk á hjólahjálm [titill] Veldu hjólahjálm til að breyta. [skref] Ef þú ert í reiðhjólaiðkun áttu að vera búinn að eignast hann. Ef þú átt fleiri en einn, notaðu þá gamla, allavega fyrst, ef þú vilt ekki skemma hann. ","['Þetta er gert til að þurfa ekki að skipta um hann og ekki heldur að ráða hann á sölustað. Hugaðu að því að þú vilt kannski fá lágvöru, auðveldan og vistvænan hjálm í stað 4 hjóla.'
 'Staðlar fyrir reiðhjólahjálma eru mismunandi eftir því hvað hjólið er gamalt og almennt séð eru þeir frekar ódýrir. [Titill] Festið led aðalljósið á reiðhjólahjálmann.'
 'Hafið samband við hjólaverkstæði og fáið hjálm klipptan og endurgerðan af fagaðila. [titill] Reiknað er út lengd á grind, svokölluð grindarhæð.'
 'Auðveldust verður að nota hjálm með flötum afturenda en ekki vísuðum. [ Titill] Velja skal aðalljósker til að aðlaga að hjálmnum.']",hellaswag/validation/7418,31075,Cars & Other Vehicles,wikihow~10920,val,indomain,3
[haus] Hvernig á að búa til brúnan sykurþurrku [titill] Fyllið hreina skál með 1 bolla (200 grömm) af brúnum sykri. [skref] Eins og aðrar tegundir sykurs er brúnn sykur frábært skinnflöguefni. Kornin eru svo lítil að það er mun mýkra og hentar vel fyrir viðkvæmar húðgerðir.,,[haus] Hvernig á að búa til brúnan sykurþurrku [titill] Fyllið hreina skál með 1 bolla (200 grömm) af brúnum sykri. [skref] Eins og aðrar tegundir sykurs er brúnn sykur frábært skinnflöguefni. Kornin eru svo lítil að það er mun mýkra og hentar vel fyrir viðkvæmar húðgerðir. ,"['[Efni] Leggja skal áherslu á að velja brúnan sykur sem er sérstaklega samsettur fyrir viðkvæma húð. Eins og aðrar tegundir sykurs inniheldur brúnn sykur engin aukaefni.'
 'Gættu þess að nota ríkulegan brúnan sykur í heimagerða kroppinn þinn svo þú fáir rétta gerð fyrir kroppinn þinn. [Undirskrefin] Brúnn sykur er náttúrulegt húðflöguefni sem þú getur notað til að meðhöndla húðina og einnig til að hylja bletti.'
 '[titill] 1 teskeið af sykrinum er sett í litla skál. [skref] Hrært er í nógu miklu til að úr verði mjúkur og fínn kvörn án þess að dropum af ilmkjarnaolíu sé bætt við.'
 '[titill] Bætið 1/2 bolla (120 millilítrum) af matarolíu að eigin vali. [skref] Möndla-, avókadó-, kókos- eða ólífuolía virkar mjög vel í sykurpúða þar sem þau eru öll góð fyrir húðina.']",hellaswag/validation/8300,37276,Personal Care and Style,wikihow~10920,val,zeroshot,3
Hann byrjar á því að þvo fötin með báðum höndum og síðan bætir hann meiri sápu í vaskinn með því að nota tvær mismunandi flöskur.,í kjölfarið hann,Hann byrjar á því að þvo fötin með báðum höndum og síðan bætir hann meiri sápu í vaskinn með því að nota tvær mismunandi flöskur. í kjölfarið hann,"['bætir meiri sápu í þvottavélina og fer svo að snúa sér og skola fötin.'
 'endar með því að láta sem drukkið sé vatnið í vaskinum.'
 'grípur í efni til að þurrka fötin og sýnir hvernig þau passa honum þægilega.'
 'heldur áfram að þvo fötin þegar hann talar við myndavélina.']",hellaswag/validation/191,2583,Hand washing clothes,activitynet~10920,val,indomain,3
Einstaklingur sést sitja á kolli og raða saman nokkrum hlutum af hjóli.,manneskjan,Einstaklingur sést sitja á kolli og raða saman nokkrum hlutum af hjóli. manneskjan,"['heldur áfram að búta út hlutina á meðan horft er í fjarska.'
 'grípur svo í varadekk og heldur áfram að mala smáhlutina saman.'
 'heldur áfram að púsla hjólinu saman og pönnur um fullunna vöru í lokin.'
 'tekur hjólið í sundur og raðar því aftur.']",hellaswag/validation/750,10587,Assembling bicycle,activitynet~10920,val,indomain,2
[haus] Hvernig á að koma í veg fyrir að peysur teygist [titill] Lestu umhirðumiðann. [skref] Lestu alltaf umhirðumiðann innan á peysunum. Þú átt að athuga hvort hægt sé að þvo peysurnar heima eða hvort þær þurfi að þvo þurrar.,,[haus] Hvernig á að koma í veg fyrir að peysur teygist [titill] Lestu umhirðumiðann. [skref] Lestu alltaf umhirðumiðann innan á peysunum. Þú átt að athuga hvort hægt sé að þvo peysurnar heima eða hvort þær þurfi að þvo þurrar. ,"['Á umhirðumiðanum er einnig sagt hvernig á að þvo peysurnar, en þó ættir þú að hugsa um að handþvo þær til að vera öruggur. [undirskref] Ef þvo þarf peysuna þína þurrlega, ekki íhuga að handþvo hana heima.'
 'Ef þú skilur ekki umhirðumiðann, þá skaltu fletta honum upp aftan á umbúðunum. [titill] Leita að ólum sem eru of stórar.'
 'Ef peysa er þurrhreinsuð en er með teygjumerki á henni gæti það verið röng greining. [undirskref] Hættu að kaupa annað hvort nýjar eða notaðar peysur til að þvo þær.'
 'Finndu út hvaða þvottaleiðbeiningar fylgja með umhirðumiðanum. Lestu miðann vel til að geta áttað þig á hversu marga þvotta þarf að gera fyrir hverja flík.']",hellaswag/validation/3274,273,Personal Care and Style,wikihow~10920,val,zeroshot,0
[haus] Hvernig má gera lítilsháttar en dramatíska förðun [titill] Berið hvítan augnskugga á innra horn augnanna. [skref] Berið hann líka á augabrúnarbein. Það lýsir augun og þau verða stærri og bjartari.,,[haus] Hvernig má gera lítilsháttar en dramatíska förðun [titill] Berið hvítan augnskugga á innra horn augnanna. [skref] Berið hann líka á augabrúnarbein. Það lýsir augun og þau verða stærri og bjartari. ,"['[titill] Taktu miðlungs gráan skugga af auganu og breiddu hann varlega yfir annað augað. [skref] Taktu hann örlítið framhjá brúninni og brúninni.'
 'Notaðu augnskugga af vörumerki verslunarinnar. [ Titill] Rakaðu augnlokið með svörtu líni til að búa til svipuna.'
 '[titill] Leggðu gula, appelsínugula eða fjólubláa augnþurrku á efra lokið. [skref] Þurrkaðu efra lokið með gulri augnþurrku.'
 '[titill] Búið til hring á hverju auga, frá augabrúninni upp að miðju. [skref] Út frá ytra horni augans út skal búa til hring í hringnum.']",hellaswag/validation/9336,45031,Personal Care and Style,wikihow~10920,val,zeroshot,0
"Kona reynir að borða ís við barn en barnið neitar að borða ísinn, þá borðar konan ísinn í skeiðinni.",eftir,"Kona reynir að borða ís við barn en barnið neitar að borða ísinn, þá borðar konan ísinn í skeiðinni. eftir","[', tveir karlmenn í rauðum skyrtum fara inn um dyr verslunarinnar og inn á markað og auk karlmanns og simpansa í silfurbúningum fylgjast konan og barnið með.'
 ', konan gefur barninu ís og svo þrífur konan munninn á barninu.'
 ', barnið og konan reyna að borða mat án íss, síðan sitja þau og tala við fullorðna í herberginu.'
 ', þá tekur barnið fram gaffalinn hitt barnið tekur fram skeiðina og borðar ísinn.']",hellaswag/validation/46,618,Having an ice cream,activitynet~10920,val,zeroshot,1
[höf.] Hvernig á að hringja inn veikan þegar maður þarf bara frí [titill] Hringja í yfirmann eða yfirmann snemma morguninn eftir. [sk.] Ekki tefja-því fyrr sem þú segir yfirmanninum frá því betra. Auk þess ertu með frekar grófa rödd eftir að þú vaknar og það gefur þér aukinn trúverðugleika.,,[höf.] Hvernig á að hringja inn veikan þegar maður þarf bara frí [titill] Hringja í yfirmann eða yfirmann snemma morguninn eftir. [sk.] Ekki tefja-því fyrr sem þú segir yfirmanninum frá því betra. Auk þess ertu með frekar grófa rödd eftir að þú vaknar og það gefur þér aukinn trúverðugleika. ,"['Ekki hringja þegar þú hefur átt yndislegan dag. Þó að þú hafir ekki klárað á réttum tíma (reyndu að vera eins vingjarnlegur og þú getur) þá skaltu ekki upplifa að þú þurfir að kvarta ef þú hefur átt góðan dag.'
 '[Undirmenn] Ef þú getur hringt fyrr en þú vilt að öllu jöfnu. Þá sér yfirmaður þinn náttúrulega réttlæti þitt og þú togar betur í hrekkinn.'
 '[Efnisorð] Þó svo að yfirmaður þinn hafi sérstaklega góðan frídag, eða þú hafir eitthvað mikilvægt að ræða, þá skaltu gera það á góðum degi til að forðast símtalið. [Titill] Setja upp farsímaáætlun með samstarfsfólki þínu ef þú þarft frí frá vinnu.'
 'Ef þú hringir of seint ertu líklegri til að fá símskeyti frá yfirmanni eða ná yfirmanni þegar hann er ekki á varðbergi. Ef þú hringir of seint er eins og þú hafir ekki tekið tillit til tilfinninga yfirmanns þíns.']",hellaswag/validation/8321,37444,"Home,Categories",wikihow~10920,val,indomain,3
[haus] Hvernig stilla á vasaúr [titill] Togaðu í krónuna á úrinu til að athuga hvort það sé sett á pendant. [skref] Krónan er hnakkur sem snýst efst á úrinu fyrir ofan töluna 12. Krónan á pendant-setti úri þrýstir inn og togar út ólíkt öðrum úrum.,,[haus] Hvernig stilla á vasaúr [titill] Togaðu í krónuna á úrinu til að athuga hvort það sé sett á pendant. [skref] Krónan er hnakkur sem snýst efst á úrinu fyrir ofan töluna 12. Krónan á pendant-setti úri þrýstir inn og togar út ólíkt öðrum úrum. ,"['Ef krónan hreyfist upp og niður er hún úr með pendant. [Undirskrefi] Notið vægan kraft til að toga upp á krónuna.'
 'Krónan á að renna inn í rauf úrsins. Hún togar út þegar hún er sett flöt með gati á hliðinni sem sýnir stöðu hennar.'
 'Ef krónan snýst um þegar þú heldur á úrinu er settur upp pendant og þú getur fundið að úrið þitt er settur upp með pendant. [Titill] Settu fingur í efri hluta krónunnar, nálægt andliti.'
 'Þegar þú kemur hönd þinni nálægt krónunni ýtir kúlan út og snýr úrinu þannig að hliðin snýr niður. [ Titill] Renndu krónunni fyrir læstu úri út úr úrinu.']",hellaswag/validation/9456,45965,Personal Care and Style,wikihow~10920,val,zeroshot,0
Fólk er dregið upp hæð á togvír sem situr á millirörum. Fjölskylda dregur millirörin með sér í höndunum og upp hæðina.,einstaklingur,Fólk er dregið upp hæð á togvír sem situr á millirörum. Fjölskylda dregur millirörin með sér í höndunum og upp hæðina. einstaklingur,"['situr í milliröri efst í hlíð og hjólar svo niður brekkuna hlæjandi.'
 'dettur af hendi og niður brekku.' 'dettur af reimnum á hliðinni meðfram'
 'dettur niður og slær af bindinu.']",hellaswag/validation/910,12596,Snow tubing,activitynet~10920,val,indomain,0
Fólk er að dansa og njóta viðburðarins saman. Það er matur borðaður á viðburðinum af mörgum.,nokkrir hlauparar,Fólk er að dansa og njóta viðburðarins saman. Það er matur borðaður á viðburðinum af mörgum. nokkrir hlauparar,"['eru sýndir með mat og drykki nokkra á bandi.'
 'eru tekin viðtöl af hópum.' 'eru að undirbúa sig fyrir að hefja keppni.'
 'eru sýndar hlaupa til baka og fjórða.']",hellaswag/validation/381,5292,Running a marathon,activitynet~10920,val,zeroshot,2
Konan stingur nælum í hárið á síðunni. Konan skolar andlitið í höndunum á sér með vatni.,frúin,Konan stingur nælum í hárið á síðunni. Konan skolar andlitið í höndunum á sér með vatni. frúin,"['er að spila á píanó.' 'dansar með höndunum.'
 'þvær andlit sitt með bláu handklæði og skolar svo aftur andlitið.'
 'högg þurrkar hárið.']",hellaswag/validation/2522,38737,Washing face,activitynet~10920,val,zeroshot,2
[haus] Hvernig rétta á af feldhár [titill] Veljið rétt flatjárn. [skref] Ef þið viljið bara losna tímabundið við feldhárin er besta leiðin að nota flatjárn. Það losnar ekki við feldhárin en leyfir hárinu að rétta tímabundið.,,[haus] Hvernig rétta á af feldhár [titill] Veljið rétt flatjárn. [skref] Ef þið viljið bara losna tímabundið við feldhárin er besta leiðin að nota flatjárn. Það losnar ekki við feldhárin en leyfir hárinu að rétta tímabundið. ,"['Veljið flatjárn með satín- eða mattfrágangi. Einnig er hægt að kaupa fast eða hálfmjúkt járn með öðruvísi flatstærð.'
 'Passaðu að velja rétt flatjárn fyrir hárgerðina. [Undirskrefi] Ef þú ert með stutt, þykkt eða fíngert hár skaltu leita að járni með mjóum plötum.'
 'Það er mismunandi hvernig útliti þú vilt vera með, þó geta þau verið mismunandi eftir líkamsgerð, lengd, þykkt og röð. [ Titill] Taktu lítið ílát með rennilás.'
 'Rétt slétt hár má láta liggja í tvo til þrjá daga áður en daglegri notkun er lokið. [Undirskrefi] Þegar hárið hefur verið slétt skal rétta það í ókúlnandi bunka eða popp til að draga fram kúlurnar.']",hellaswag/validation/4472,9450,Personal Care and Style,wikihow~10920,val,zeroshot,1
Menn lyfta þungum lóðum yfir höfuð sér nokkrum sinnum. Maður í blárri skyrtu fylgist með einum mannanna.,karlmaður í grárri skyrtu,Menn lyfta þungum lóðum yfir höfuð sér nokkrum sinnum. Maður í blárri skyrtu fylgist með einum mannanna. karlmaður í grárri skyrtu,"['er að líkja eftir þeim sem lyftir lóðinu.'
 'er að fylgjast með mönnunum á jörðinni.'
 'hittir stóran þunga í hægum flutningi.'
 'er að tala við einn af mönnunum í miðri íþróttasalnum.']",hellaswag/validation/48,689,Clean and jerk,activitynet~10920,val,zeroshot,0
"[haus] Hvernig ferðast á phuket [titill] Ferðist til phuket með vegabréfið ef þú ert að dvelja í allt að 30 daga. [skref] Ef þú býrð í vestrænum löndum og miðausturlöndum þarft þú líklega ekki ferðavegabréfsáritun til að fara til phuket. Ef þú ert ekki með vegabréf, heimsæktu ferðaskrifstofu landsins.",,"[haus] Hvernig ferðast á phuket [titill] Ferðist til phuket með vegabréfið ef þú ert að dvelja í allt að 30 daga. [skref] Ef þú býrð í vestrænum löndum og miðausturlöndum þarft þú líklega ekki ferðavegabréfsáritun til að fara til phuket. Ef þú ert ekki með vegabréf, heimsæktu ferðaskrifstofu landsins. ","['[Efnisorð] Ef þú dvelur í öðru landi þar sem þú þarft ekki vegabréfsáritun getur þú sótt um vegabréfsáritun í heimalandi þínu. Þú getur sótt um á netinu á heimasíðu phuket international travel supplies.'
 'Þessi ráðuneyti veita þér frekari upplýsingar, m.a. um eftirfarandi: [viðfangsefni] Ferðaáætlun ef þú býrð í Bandaríkjunum. Utanríkisráðherra getur einnig útvegað þér ferðaáætlun.'
 'Að jafnaði felst ferlið í því að fylla út eyðublaðið, skila inn tilskildum skilríkjum, fá mynd af vegabréfinu, greiða gjöldin og skila öllu inn. [Undirskrefi] Heimasíða https://www.phuket.is'
 '[Efnisorð] Það getur tekið nokkra daga fyrir vegabréfsáritun þína að fá samþykki fyrir vinnslu. Ef þú ert ekki með vegabréf færð þú bréf í phuket frá Bandaríkjunum.']",hellaswag/validation/6330,22943,Travel,wikihow~10920,val,indomain,2
[haus] Hvernig á að kenna tíma með pappírsklukku [titill] Notaðu þessa mynd til að prenta út klukkuhandföngin fyrir hverja klukku sem verið er að búa til. [skref] Litaðu hluta klukkuhandfangsins. Hver nemandi getur skreytt það hvernig sem honum sýnist.,,[haus] Hvernig á að kenna tíma með pappírsklukku [titill] Notaðu þessa mynd til að prenta út klukkuhandföngin fyrir hverja klukku sem verið er að búa til. [skref] Litaðu hluta klukkuhandfangsins. Hver nemandi getur skreytt það hvernig sem honum sýnist. ,"['Ef nemandinn þarf á því að halda getur hann teiknað á skilaboð eða skrifað nafn sitt á prentlistann. [Titill] Segja öllum nemendum að hann muni þurfa á klukkunni að halda.'
 '[titill] Klipptu út hluta klukkuhandfangsins. [skref] Þetta þýðir hringurinn og örvarnar.'
 'Þú getur prentað það niður á dagatal, á skrifstofu. [ Titill] Sláðu inn texta á blaðplötu, þannig að nemendur geti skrifað textann varlega á plötuna.'
 '[titill] Bæta við rúpíum á talningarsvæðið á hverri klukku. [skref] Ef þörf er á, bæta við fleiri rúpíum á talningarsvæðið til að auka talningarhlutfallið.']",hellaswag/validation/9916,49639,Education and Communications,wikihow~10920,val,indomain,1
[haus] Hvernig á að klifra örugglega upp stiga [titill] Lyftu stiganum. [skref] Haltu á stiganum þannig að hver fótur sé fastur við jörðina. Lyftu efsta hluta stigans og gakktu í átt að veggnum.,,[haus] Hvernig á að klifra örugglega upp stiga [titill] Lyftu stiganum. [skref] Haltu á stiganum þannig að hver fótur sé fastur við jörðina. Lyftu efsta hluta stigans og gakktu í átt að veggnum. ,"['Ekki gleyma að halda í hliðina á stiganum sem snýr að hurðinni. Þú þarft að teygja þig til að lækka stigann niður á jörðina.'
 'Ef þú ert með framlengingarstig skaltu lyfta stiganum upp, annað hvort með handafli eða með reipi og svifhjóli. [titill] Stilltu stigann á 75 gráðu horn með jörðinni.'
 'Gættu þess að kalla ekki fram eitthvað eins og ""haltu á þessu, haldið á þessu!"" eða ""nei, haldið á þessu! "" of fljótfærni getur valdið því að þú dettur. Vertu fyrir framan vegginn þar til þú nærð upp í stigann.'
 '[undirtitill] Þú þarft að meta hæð og staðsetningu á þrepum stigans með því að telja þau, ekki telja stökkhæðina-þau verða á bilinu 22-40 fet (0,91 og 1,9 m). [titill] Leggðu fæturna á lóðréttu málmþrepin.']",hellaswag/validation/7612,32359,Home and Garden,wikihow~10920,val,indomain,1
Maður er í neðanjarðarlestinni að halda á ryksugu á gólfinu.,fólk,Maður er í neðanjarðarlestinni að halda á ryksugu á gólfinu. fólk,"['sitja á bekkjum í neðanjarðarlestinni.'
 'eru að spila lögreglukörfubolta á herbergi í byggingu og aðrir eru í skotleiknum í garðinum.'
 'eru að þrífa svarta prentun á grafíkmynd.' 'sitja á sax og mynda það.']",hellaswag/validation/1700,26216,Vacuuming floor,activitynet~10920,val,indomain,0
[haus] Hvernig á að snyrta yfirvaraskegg [titill] Stækkaðu hárið fyrir ofan vörina. [skref] Ef þú getur beðið þar til það er orðið þykkt og langt þá þarftu að hafa meira fyrir því að ná ákveðnu útliti með snyrtingunni. [undirskref] Ef þetta er þitt fyrsta yfirvaraskegg þá getur tekið nokkrar vikur þangað til hárið er orðið nógu langt til að snyrta það.,,[haus] Hvernig á að snyrta yfirvaraskegg [titill] Stækkaðu hárið fyrir ofan vörina. [skref] Ef þú getur beðið þar til það er orðið þykkt og langt þá þarftu að hafa meira fyrir því að ná ákveðnu útliti með snyrtingunni. [undirskref] Ef þetta er þitt fyrsta yfirvaraskegg þá getur tekið nokkrar vikur þangað til hárið er orðið nógu langt til að snyrta það. ,"['Þá fær yfirskeggið smá tíma til að vaxa og blandast húðinni. Þú gætir þurft að snyrta svæðið á hverjum degi.'
 'Þú skalt sniffa yfirvaraskeggið eins beint og þú getur áður en þú gerir það. Losaðu um hárin með beittum skærum og snyrtu þau af með rakarahníf.'
 'Lausbein klippa er áhrifaríkari en óskilvirkari en handstýrð klippa. Til að auðveldara sé að snyrta yfirvaraskegg á réttan hátt er gott að líma klippuna niður á höndina.'
 'Byrjaðu að snyrta yfirvaraskeggið með því að raka vanga og höku á meðan þú bíður eftir að yfirvaraskeggið vaxi. Hafðu smá þolinmæði: ef þú byrjar að snyrta yfirvaraskeggið of snemma, þá nærðu ekki bestu útkomunni.']",hellaswag/validation/6205,21960,Personal Care and Style,wikihow~10920,val,zeroshot,3
Drengur heldur á íspinna fyrir barn sem situr í háum stól.,barnið,Drengur heldur á íspinna fyrir barn sem situr í háum stól. barnið,"['rollar augun, reynir að éta keijuna en mamma hennar byrjar að ýta henni frá sér.'
 'nýtur íspinnans.'
 'lyftir andlitinu upp og notar keijuna til að borða ískeijuna.'
 'borðar mat úr ískeilunni og gerir sér undarleg andlit.']",hellaswag/validation/1522,22706,Having an ice cream,activitynet~10920,val,zeroshot,1
"[haus] Hvernig á að greina efnaskiptavillu [titill] Mælið mittismálið. [skref] Ef mittismálið er stórt getur það verið áhættuþáttur fyrir efnaskiptavillu. Þótt stórt mittismál sé oft háð hæð, eru til mælingar sem segja yfirleitt til um hvort hætta sé á efnaskiptavillu.",,"[haus] Hvernig á að greina efnaskiptavillu [titill] Mælið mittismálið. [skref] Ef mittismálið er stórt getur það verið áhættuþáttur fyrir efnaskiptavillu. Þótt stórt mittismál sé oft háð hæð, eru til mælingar sem segja yfirleitt til um hvort hætta sé á efnaskiptavillu. ","['[undirprófspróf] Sitjið á lítilli stofu eða stól og mælið mittið með skeiðklukku eða fjölmæli. Vigtið svo frá toppi til táar til að finna mittisstærð.'
 '[Undirpróf] Til að fá nákvæma mælingu á mittismáli þarf fyrst að mæla mittislengd og brjósthæð. Mælið frá rifbeini og upp í axlarhæð.'
 'Þó skaltu hafa í huga þyngd þína og líkamsþyngdarstuðul (bmi) til að meta hvort þú sért í áhættuhópi. Bmi er reiknað út frá hæð þinni.'
 '[Undirefni] Fyrir karla getur mittismál yfir 40 sentimetra (100 cm) verið áhættuþáttur fyrir efnaskiptavillu. Mittismál yfir 35 sentimetra (88,9 cm) er áhættuþáttur fyrir konur.']",hellaswag/validation/4089,6467,Health,wikihow~10920,val,indomain,3
"Maður í blárri skyrtu, bláum peysufötum og grænum sokkum stendur úti á stórum akri og gengur inn í hring úr sementi. Þegar náunginn er kominn inn í hringinn byrjar hann að ganga hringinn til að finna sinn fullkomna stað.",allt,"Maður í blárri skyrtu, bláum peysufötum og grænum sokkum stendur úti á stórum akri og gengur inn í hring úr sementi. Þegar náunginn er kominn inn í hringinn byrjar hann að ganga hringinn til að finna sinn fullkomna stað. allt","['Hann fer að líta mjög áhugaverðum augum þar sem hann fer að rekast á vegginn og detta í hann.'
 'er eins og hún var farin, hún stóð og snéri sér svo nokkrum sinnum við.'
 'er á sínum stað þar sem hann grípur enda hoppstöngarinnar með fætinum og notar hann til að fara í átt að útlínu stökksins.'
 'er fullkominn og svo kastar hann ræðunni sem var í hendi hans út á völlinn á meðan hann er að snúast um.']",hellaswag/validation/1759,27212,Discus throw,activitynet~10920,val,indomain,3
[haus] Hvernig á að skipuleggja námstíma í fjarnámi [titill] Ákveðið hvað þið þurfið að gera. [skref] Áður en námstímar eru skipulagðir er mikilvægt að þið séuð meðvituð um allar kröfur sem gerðar eru til kennslunnar. Notið námskeiðsdagabækurnar (sem eru yfirleitt á einhvern hátt í námsefninu) til að finna út hvaða verkefni eru í skilum í hverri viku.,,[haus] Hvernig á að skipuleggja námstíma í fjarnámi [titill] Ákveðið hvað þið þurfið að gera. [skref] Áður en námstímar eru skipulagðir er mikilvægt að þið séuð meðvituð um allar kröfur sem gerðar eru til kennslunnar. Notið námskeiðsdagabækurnar (sem eru yfirleitt á einhvern hátt í námsefninu) til að finna út hvaða verkefni eru í skilum í hverri viku. ,"['Ekki gleyma að hafa próf og próf með! [Undirskrefi] Það getur verið gott að skrifa allt niður og flokka eftir dögum eða vikum. Þannig þarf ekki að flakka á milli margra kennslustunda til að sjá hvað er í skilum á hverjum degi.'
 'Þú getur valið að velja verkefni fyrst eða klára þau á gjalddögum. Þú getur einnig valið að reyna að búa til stundaskrá fyrirfram sem teygir sig innan ramma bekkjarins.'
 '[Efnisorð] Þú getur sett verkefni inn í námsefnið þegar þú ert að tala við kennarann. Notaðu þau sem leiðbeiningar þegar þú skoðar námsefnið til að þú getir verið viss um að þú vitir hvað er til skoðunar.'
 'Ræddu síðan við prófessorinn um hvort hún þurfi tíma og sé opin fyrir áætlunargerð. [Undirskrefi] Veldu svæði fyrir námstímann sem þú vilt vinna á.']",hellaswag/validation/8159,36214,Education and Communications,wikihow~10920,val,indomain,0
Við sjáum titlaskjá í körfubolta. Maður er að þjálfa sem unglingur gerir körfuboltaskot.,manninn,Við sjáum titlaskjá í körfubolta. Maður er að þjálfa sem unglingur gerir körfuboltaskot. manninn,"['tekur boltann og sýnir mjaðmahreyfingu sem strákurinn reynir.'
 'sýnir tæknina eins og annar hópur ungmenna leikur fyrir framan hann.'
 'pönnur í íþróttasal fullan af íþróttamönnum.'
 'skiptir yfir á hina fingurna sína og hreyfir hendurnar.']",hellaswag/validation/2128,32617,Layup drill in basketball,activitynet~10920,val,zeroshot,0
"[haus] Hvernig nota á þvottahús gagnstæðs kyns af varfærni [titill] Finndu hvort það eru fleiri en eitt þvottahús. [skref] Þú getur valið um hvaða þvottahús þú notar, eftir því hvar þú ert. Leitaðu að þvottahúsum sem eru fámennari eða fleiri út fyrir ef það eru margir möguleikar.",,"[haus] Hvernig nota á þvottahús gagnstæðs kyns af varfærni [titill] Finndu hvort það eru fleiri en eitt þvottahús. [skref] Þú getur valið um hvaða þvottahús þú notar, eftir því hvar þú ert. Leitaðu að þvottahúsum sem eru fámennari eða fleiri út fyrir ef það eru margir möguleikar. ","['[Undirflokkar] Hægt er að biðja ættingja eða ókunnuga á svæðinu að skoða bása með tvöföldu snyrtiherbergi, ef það þykir fámennara og meira pláss í endanum. Ef ekki er um salerni að ræða skal leita til foreldris, ef það er ennþá möguleiki.'
 '[Undirflokkar] Algengasta salernið er þriggja stallanna salerni (5 stallarnir á dag). Þessi salerni liggja á milli baðherbergis og salerni.'
 'Hugleiddu að vinna í pörum ef þú hefur ekki nóg pláss fyrir marga. [ titill] Finndu nákvæma dagskrá fyrir kynið.'
 '[Efnisorð] Í verslunarmiðstöð má prófa salernisaðstöðu í stórum verslunum eða veitingahúsum. Ef þú ert í stórum opinberum stað eða fyrirtæki, eins og íþróttaleikvangi eða skrifstofuhúsnæði, er líklega eini möguleikinn stór salernisaðstaða með mörgum sölubásum.']",hellaswag/validation/4922,12674,Relationships,wikihow~10920,val,indomain,3
"[haus] Hvernig fjarlægja á hár í handarkrika [titill] Votið handarkrika með volgu vatni. [skref] Rakaferlið gengur betur ef húðin er mjúk, slétt og hlý. Annað hvort skal raka í sturtu eða blota handarkrika með volgu vatni áður en byrjað er.",,"[haus] Hvernig fjarlægja á hár í handarkrika [titill] Votið handarkrika með volgu vatni. [skref] Rakaferlið gengur betur ef húðin er mjúk, slétt og hlý. Annað hvort skal raka í sturtu eða blota handarkrika með volgu vatni áður en byrjað er. ","['[Efni] Ef þú ert með tilhneigingu til að fá vaxið hár skaltu líka flagna húðina með líkamsþurrku. Ef þú ert með mjög viðkvæma húð skaltu gera þetta á nóttunni til að gefa húðinni tækifæri til að hvílast yfir nóttina.'
 'Með því að bleyta í volgu vatni í um 15 mínútur gefst tími fyrir raksturgelið að setjast að og bleyta í eggbúin. Ef þú þarft að raka þig snemma á morgnana er þetta skref valkvætt.'
 '[titill] Takið út langhentan rakstursvamp eða sokkabuxur. [skref] Með því að nota svampinn eða sokkabuxurnar er tryggt að allt umfram vatn verði fljótt tekið út.'
 'Það kemur í veg fyrir að hárið í handarkrika þorni yfir nótt. [Undirskrefi] Þú getur líka þerrað hárið í handarkrika en ekki þorna það því það þornar aðeins húðina.']",hellaswag/validation/8347,37640,Personal Care and Style,wikihow~10920,val,zeroshot,0
Maður setur sement á vegg með slöngu. Maður fyrir aftan manninn setur jafnvel vegg með löngu planki.,mannskapur í áhöfn,Maður setur sement á vegg með slöngu. Maður fyrir aftan manninn setur jafnvel vegg með löngu planki. mannskapur í áhöfn,"['útbýr sement með vél.'
 'halda uppi moppu og fötu, þá gefur maðurinn manni moppu.'
 'járnum á blað.' 'vinnur á tréþröng.']",hellaswag/validation/1349,19606,Plastering,activitynet~10920,val,indomain,0
[haus] Hvernig á að ganga frá rakabursta [titill] Þvoðu nýja burstann. [skref] Þó að rakaburstar séu yfirleitt hreinsaðir frá framleiðslunni er samt gott að hreinsa burstann með sápuvatni eða sjampói og hreinsiefni fyrir notkun því það undirbýr burstann betur fyrir notkun og fjarlægir öll laus hár. [titill] Ekki ýta fast niður á meðan þú ert að lakka burstana.,,[haus] Hvernig á að ganga frá rakabursta [titill] Þvoðu nýja burstann. [skref] Þó að rakaburstar séu yfirleitt hreinsaðir frá framleiðslunni er samt gott að hreinsa burstann með sápuvatni eða sjampói og hreinsiefni fyrir notkun því það undirbýr burstann betur fyrir notkun og fjarlægir öll laus hár. [titill] Ekki ýta fast niður á meðan þú ert að lakka burstana. ,"['[skref] Notið stutta, mjúka sápustöng sem er ætluð fyrir viðkvæma húð. Til að draga úr núningi skal forðast að skvetta eða þreifa á bréfaburstanum á húðinni.'
 '[skrefið] Notaðu mjúkar ýfingar og togaðu til að byrja. [titill] Notaðu vísifingur til að nudda skegg og innri vör, helst eitt af hárunum sem gjarnan flækjast upp þegar þú ert að raka þig.'
 'Þetta eru algeng mistök og líklega mikilvægasta ráðið. Margir karlmenn telja sig þurfa að þrýsta sér niður til að skapa ákjósanlegan stall.'
 '[skref] Notið mjög mildan en fastan þrýsting til að forðast að skemma burstana. Ef ekki er togað fast á burstana getur það brennt húðina.']",hellaswag/validation/6638,25088,Personal Care and Style,wikihow~10920,val,zeroshot,2
[haus] Hvernig fjarlægja á harða vatnsbletti úr gleri [titill] Nota skal sýruhreinsi til að ná sem bestum árangri. [skref] Blanda salt og vatn saman og nota blönduna til að fjarlægja steinefnauppsöfnunina. Saltið virkar eins og slípiduft og getur skorið í gegnum blettinn.,,[haus] Hvernig fjarlægja á harða vatnsbletti úr gleri [titill] Nota skal sýruhreinsi til að ná sem bestum árangri. [skref] Blanda salt og vatn saman og nota blönduna til að fjarlægja steinefnauppsöfnunina. Saltið virkar eins og slípiduft og getur skorið í gegnum blettinn. ,"['Berið blönduna á svæðið og notið hreinan klút til að nudda blettinn í hring. Skolið glasið vandlega þegar því er lokið til að fjarlægja allar saltvatnsleifar.'
 '[titill] Þrýstið blekinu með pappírsþurrku til að fjarlægja blekið, en ekki nudda blekinu. [skref] Súra lausnin virkar vel á harða vatnsbletti vegna þess að hún blekkir efni og fjarlægir blekið úr glasinu.'
 'Ef vart verður við þrálátar útfellingar eftir notkun er hugsanlegt að reyna að losna við þær með sýruþvotti. Náttúrulegur sýruþvottur er ólíklegri til að skemma gler og getur verið ódýrari.'
 'Meðan verið er að þrífa skal nudda eða þerra litaða svæðið með mjúkri snertingu og skola með vatni. [undirskref] Öll sýruþvottaefni ættu að vera í lagi sama hvort verið er að nota salisýlsýru, cetafil eða náttúrulega heimilisbleikju.']",hellaswag/validation/3370,1081,Pets and Animals,wikihow~10920,val,indomain,0
[haus] Hvernig skapa á áhugaverða persónu [titill] Hugsaðu um persónuleika og hlutverk í sögunni. [skref] Hvað gerir persónan þín fyrir söguna? Hvers konar persónuleika ætlar hún að hafa? Byrjaðu að teikna upp grófan persónuleika og almennt hlutverk. Skýr persónuleiki (öfugt við „gerir hvað sem er“) gefur persónunni sterkari nærveru í sögunni.,,[haus] Hvernig skapa á áhugaverða persónu [titill] Hugsaðu um persónuleika og hlutverk í sögunni. [skref] Hvað gerir persónan þín fyrir söguna? Hvers konar persónuleika ætlar hún að hafa? Byrjaðu að teikna upp grófan persónuleika og almennt hlutverk. Skýr persónuleiki (öfugt við „gerir hvað sem er“) gefur persónunni sterkari nærveru í sögunni. ,"['[Efnisorð] Hugsaðu um hversu lengi þú hefur þekkt persónuna þína; hversu oft finnst þér þú fá innblástur frá eiginleikum hennar? [Titill] Búðu til áhugaverðar persónur. [Skref] Ef persónurnar hafa ákveðinn persónuleika skaltu rannsaka þær svo þú getir sett þig í spor þeirra.'
 '[Efnisorð] Upptalning á lýsingarorðum (t.d. umhyggjusöm, skynjandi, fullkomnunaráráttukennd, kvíðin) er góð byrjun en hún dugar ekki nærri fyrir flókna persónu.'
 '[Efnisorð] Oft eru dæmi til að skrifa niður: horfðist persóna þín í augu við dýrið? Hvaða eiginleika hefur persóna þín? Hafðu í huga að enginn er fullkominn. Það er allt í lagi, það eru jákvæðir og neikvæðir.'
 'Forðastu að taka erfiðar ákvarðanir um hvað virkar og hvað ekki. [Undirskrefin] Hugsaðu um hvert hlutverk persónunnar er í sögunni-ef þú þekkir ekki persónuna þína vel skiptir ekki máli hversu vel þú hannar persónuna þína.']",hellaswag/validation/6883,26959,Food and Entertaining,wikihow~10920,val,indomain,1
"[haus] Hvernig á að kaupa gullstangir [titill] Reiknaðu út fjárfestingu þína og/eða kaupgetu. [þrep] Þetta hjálpar þér að velja vöruna þína þegar þú kaupir gullstangir í þeirri mynt sem þú velur síðar. [undirþrep] Gullstangir til einkakaupa eru yfirleitt í eininga- og/eða grammamælingum eins og: 1 únsa; 10 únsur; 100 grömm; eða 1 kíló (32,15 únsur).",,"[haus] Hvernig á að kaupa gullstangir [titill] Reiknaðu út fjárfestingu þína og/eða kaupgetu. [þrep] Þetta hjálpar þér að velja vöruna þína þegar þú kaupir gullstangir í þeirri mynt sem þú velur síðar. [undirþrep] Gullstangir til einkakaupa eru yfirleitt í eininga- og/eða grammamælingum eins og: 1 únsa; 10 únsur; 100 grömm; eða 1 kíló (32,15 únsur). ","['Gullstangir til einkakaupa eru yfirleitt á bilinu 1 fermetri (3.8 fermetrar) til 1 kíló (32.5 kíló). [Titill] Farið í heildsöluverslun heimamynntarinnar.'
 'Leitið að strikamerki í gullstöng án þess að skoða það vel. Strikamerki leita aðeins að einum kvarða eða breytilegu gildi.'
 'Nákvæmt verð á hverja únsu eða gramm fer eftir markaðsvirði á þeim tíma sem pöntunin er gerð. Stundum er hægt að sjá raungengi gulls á vef seljandans sem þú velur.'
 'Þegar þú hefur ákvarðað fjárfestingar- og kaupgetu þína skaltu fara með þær gullstangir sem þú hefur fengið í vörslu þína í heimamyntina til að ákvarða getu fyrirtækisins. Fjárhæð gullstanganna sem koma í kjölfarið mun ákvarða virði fyrirtækisins.']",hellaswag/validation/6038,20707,Finance and Business,wikihow~10920,val,indomain,2
"[haus] Hvernig á að gera tómatsúpu [titill] Látið stóran pott með vatni sjóða. [skref] Fyllið pottinn um það bil hálfa leið með vatni, setjið hann svo á brennara yfir miklum hita og látið hann ná fullri suðu. [titill] Skerið ""x"" form í tómatana.",,"[haus] Hvernig á að gera tómatsúpu [titill] Látið stóran pott með vatni sjóða. [skref] Fyllið pottinn um það bil hálfa leið með vatni, setjið hann svo á brennara yfir miklum hita og látið hann ná fullri suðu. [titill] Skerið ""x"" form í tómatana. ","['[skref] Notið oddhvassan hníf eða gaffal til að skera tómatana langsum í þunna bita, um það bil 1 tommu (2,5 cm) langa. Smærri bitarnir ættu að byrja frá enda ""x"" og fara í hina áttina.'
 '[skrefið] Um þvermál golfbolta. [titill] Smakkið tómatsneiðarnar í 2-3 mínútur eða þar til þær eru soðnar.'
 '[skref] Notið oddhvassan hníf til að skera ""x"" á toppa eða botna tómatanna. Það er ekki nauðsynlegt að skera of djúpt-bara stinga í húðina.'
 '[skref] Skerið 8-12 sneiðar í tómatholdið um 3/4 ""djúpt, um 1/2 ""(1,9 cm) í sundur. Viljið þið að ein af þessum sneiðum lyftist upp sitt hvoru megin við tómatinn.']",hellaswag/validation/8994,42525,Food and Entertaining,wikihow~10920,val,indomain,2
[höf.] Hvernig gifta á í vermont [titill] Athugaðu hvort þú sért með réttindi. [skref] Þú þarft að uppfylla ákveðin skilyrði til að fá hjúskaparleyfi. Áður en þú ferð út á skrifstofu bæjarritara skaltu athuga hvort þú uppfyllir eftirfarandi: [viðföng] Þú verður að vera að minnsta kosti 18 ára.,,[höf.] Hvernig gifta á í vermont [titill] Athugaðu hvort þú sért með réttindi. [skref] Þú þarft að uppfylla ákveðin skilyrði til að fá hjúskaparleyfi. Áður en þú ferð út á skrifstofu bæjarritara skaltu athuga hvort þú uppfyllir eftirfarandi: [viðföng] Þú verður að vera að minnsta kosti 18 ára. ,"['Þú mátt ekki hafa hlotið refsidóma fyrir stórfelld fíkniefnabrot. Þú mátt hafa tveggja ára háskólanám.'
 'Þú verður að hafa áður hlotið dóm fyrir stórfellt fíkniefnabrot. Þú verður að vera í fullri vinnu.'
 'Þú verður að vera með ökuskírteini. Þú verður að vera að minnsta kosti 21 árs.'
 'Ef þú ert 16 eða 17 ára þarftu samþykki foreldra eða forráðamanna. Allir sem eru eldri en 18 ára og eru í umsjá forráðamanns þurfa að hafa leyfi forráðamanns síns.']",hellaswag/validation/7662,32693,Family Life,wikihow~10920,val,zeroshot,3
Fjölskyldan borðar saman eyðimörkina. Fólkið á veitingastaðnum hlær að manninum og hann veltir fyrir sér hvað þeir séu að gera.,manninn,Fjölskyldan borðar saman eyðimörkina. Fólkið á veitingastaðnum hlær að manninum og hann veltir fyrir sér hvað þeir séu að gera. manninn,"['fer á salernið og kemst ekki mjög langt.'
 'spilar á pokahornið og brosir og hlær þegar hann nýtur gestrisninnar.'
 'setur glasið til hliðar og fjórði einstaklingurinn gengur inn og gengur frá.'
 'stendur upp og gengur í burtu í hitt herbergið.']",hellaswag/validation/23,380,Having an ice cream,activitynet~10920,val,zeroshot,3
[haus] Hvernig á að halda athygli í leiðinlegum tíma [titill] Búa til lítil markmið og smá umbun til að fylgja með. [skref] Segðu til dæmis sjálfum þér að ef þú heldur athygli næstu 15 mínúturnar þá geturðu fengið nokkrar jarðhnetur í m & ms úr pokanum sem þú hefur sett í bakpokann. Fyrir hverjar 15 mínútur sem þú hefur í viðbót færðu nokkrar í viðbót.,,[haus] Hvernig á að halda athygli í leiðinlegum tíma [titill] Búa til lítil markmið og smá umbun til að fylgja með. [skref] Segðu til dæmis sjálfum þér að ef þú heldur athygli næstu 15 mínúturnar þá geturðu fengið nokkrar jarðhnetur í m & ms úr pokanum sem þú hefur sett í bakpokann. Fyrir hverjar 15 mínútur sem þú hefur í viðbót færðu nokkrar í viðbót. ,"['Þú gætir viljað dreifa því sem þú færð til annarra nemenda eða þú gætir þurft á aðstoð sjálfboðaliða að halda til að ná markmiðum þínum.'
 'Þegar dagarnir tveir líða á milli skiptast þeir á að vera verðlaunaðir. Einn daginn er hægt að lesa upphátt fyrir krakkana en í matartímanum er hægt að verðlauna þau með smá spjalli.'
 'Eða í stað m & ms, þú getur leyft þér að kíkja í símann þinn stutta stund. [Undirskrefin] Þú gætir líka sagt þér að ef þú tekur góðar athugasemdir í gegnum allan bekkinn, þá getur þú spilað nýja tölvuleikinn þinn í klukkutíma þegar þú kemur heim.'
 'Næstu 15 mínúturnar færðu nammi, aukamínútu í kennslustund. [ Titill] Ekki vera fullkomnunarsinni.']",hellaswag/validation/5010,13316,Youth,wikihow~10920,val,indomain,2
[haus] Hvernig á að setja upp sjálfgefna vafra á iphone eða ipad [titill] Setja upp vafrann sem þú vilt nota. [skref] Þú getur sótt aðra kosti en safari (svo sem chrome eða firefox) frítt frá þeim. [ titill] Losa pláss á bryggjunni.,,[haus] Hvernig á að setja upp sjálfgefna vafra á iphone eða ipad [titill] Setja upp vafrann sem þú vilt nota. [skref] Þú getur sótt aðra kosti en safari (svo sem chrome eða firefox) frítt frá þeim. [ titill] Losa pláss á bryggjunni. ,"['[skref] Ef þú ert nú þegar með 4 smáforrit á bryggjunni (í táknmyndaröð neðst á heimaskjánum) þarftu að fjarlægja eitt til að hafa pláss fyrir vafrann. Ef þú vilt ekki hafa safíuna á bryggjunni, til dæmis, þá skaltu fjarlægja hana og setja annan vafra í staðinn.'
 '[skref] Þú notar sjálfgefna flipann í safari ef þú bætir honum við heimasíðuna þína. Sjálfgefna flipinn er í efsta vinstra horninu á safari glugganum.'
 '[skref] Ef þú vilt nota króma vafrann til að nota á net surfing, farðu þá í rætur vafrans og ræstu hann. Farðu á króma bryggjuna og smelltu á skrána til að ræsa vafrann.'
 '[skref] Til að breyta sjálfgefnum stillingum vafra smelltu á táknmyndina í bakrýminu í skápnum. Hún stækkar í nýjum glugga og birtir lista yfir alla vafra sem vistaðir eru á tölvunni.']",hellaswag/validation/3789,4156,Computers and Electronics,wikihow~10920,val,indomain,0
[haus] Hvernig læra á forritunarmál [titill] Ákveðið áhugasvið. [skref] Hægt er að byrja að læra hvaða forritunarmál sem er (þó sum séu örugglega „auðveldari“ en önnur) og byrja á því að spyrja sjálfan sig hvað það sé sem þú vilt ná fram með því að læra forritunarmál. Þetta hjálpar þér að ákveða hvaða forritunarmál þú vilt læra og gefur þér góðan upphafspunkt.,,[haus] Hvernig læra á forritunarmál [titill] Ákveðið áhugasvið. [skref] Hægt er að byrja að læra hvaða forritunarmál sem er (þó sum séu örugglega „auðveldari“ en önnur) og byrja á því að spyrja sjálfan sig hvað það sé sem þú vilt ná fram með því að læra forritunarmál. Þetta hjálpar þér að ákveða hvaða forritunarmál þú vilt læra og gefur þér góðan upphafspunkt. ,"['[Undirefni] Kynna þér hvaða tónlistarstefnur eru vinsælar um þessar mundir og líklegast koma margar spurningar upp í hugann. Þetta getur hjálpað þér að ígrunda ástríðu þína fyrir dagskrárhugtakinu sem er að koma þér á svið.'
 'Markmið þitt er að læra tungumál sem þú ert góður í og hefur gaman af. Þá er átt við að tala ekki hræðilegt tungumál sem er lítið viðurkennt eða hefur engan tilgang.'
 'Ef þú vilt komast í vefþróun þá þarftu að læra allt önnur tungumál en að þróa tölvuforrit. Það þarf að hafa aðra færni en að þróa smáforrit fyrir farsíma.'
 '[titill] Skrifaðu niður tvö til þrjú markmið sem þú vonast til að ná á nokkrum vikum. [skref] Byrjaðu á einu markmiði og vinnðu aftur á bak að næsta markmiði.']",hellaswag/validation/8893,41810,Computers and Electronics,wikihow~10920,val,indomain,2
Sýnd eru ýmis verkfæri sem lögð eru fram á meðan hönd tekur upp verkfærin og sýnir myndtökuvélinni. Hann grípur svo í annað verkfæri og byrjar að skerpa á hnífnum við hliðina á nokkrum eplum sem búið er að skera.,he,Sýnd eru ýmis verkfæri sem lögð eru fram á meðan hönd tekur upp verkfærin og sýnir myndtökuvélinni. Hann grípur svo í annað verkfæri og byrjar að skerpa á hnífnum við hliðina á nokkrum eplum sem búið er að skera. he,"['gengur svo fram og tekur upp eina sem hann var að sneiða.'
 'sýnir hnífinn áður en hann er hafður uppi.'
 'sker svo eplin með skerptu hnífnum og leiðir inn í annan sem heldur og sýnir fleiri hnífa.'
 'heldur áfram að skerpa hnífinn í gegnum eplin.']",hellaswag/validation/668,9321,Sharpening knives,activitynet~10920,val,zeroshot,2
"[haus] Hvernig á að vefja túrbínu [titill] Veldu efni. [skref] Það á að vera um 1,5 m x 0,75 m. Stór og léttur trefill hentar best.",,"[haus] Hvernig á að vefja túrbínu [titill] Veldu efni. [skref] Það á að vera um 1,5 m x 0,75 m. Stór og léttur trefill hentar best. ","['[titill] Ákveðið hvort þið viljið vefja meira eða lauslegar. [skref] Vefjaðu túrbínu utan um sjálfa þig nokkrum sinnum.'
 'Því stærra sem efni er notað því stærri verður túrbönnin, því skal velja í samræmi við það. Einnig verður auðveldara að meðhöndla þynnri efni.'
 'Hægt er að vefja trefli utan um flöskuhettu eða vínflösku. Hægt er að finna létt efni í mörgum handverksverslunum og á netinu.'
 'Þetta er sérstaklega mikilvægt fyrir formleg tækifæri þar sem raki eða raki inni í túrbönunum kemur í veg fyrir að þær virki sem skyldi. Úr hvaða efni sem trefillinn er gerður þarf hann að vera nógu sterkur til að hann klofni ekki eða minnki ef hann er ekki innpakkaður.']",hellaswag/validation/5242,14935,Personal Care and Style,wikihow~10920,val,zeroshot,1
[haus] Hvernig lifa á með mígreni [titill] Fylgstu með því hvaða mat þú borðar. [skref] Ein algengasta uppspretta mígrenis er matur. Misjafnt er eftir einstaklingum hvaða matur kemur mígreninu af stað en það eru nokkrar mataruppsprettur sem flestir mígrenissjúklingar eiga sameiginlegar.,,[haus] Hvernig lifa á með mígreni [titill] Fylgstu með því hvaða mat þú borðar. [skref] Ein algengasta uppspretta mígrenis er matur. Misjafnt er eftir einstaklingum hvaða matur kemur mígreninu af stað en það eru nokkrar mataruppsprettur sem flestir mígrenissjúklingar eiga sameiginlegar. ,"['[Efnisorð] Taktu einfalda, myndræna dagbók um máltíðir þínar. Þú borðar t.d. eitthvað sem líkist banana eða pítsu með súpu og röndum eða í morgunmat borðarðu t.d. pönnuköku með myntu og heilu ávaxtasopa.'
 'Þú þarft að hafa eftirfarandi í huga: [undirskref] Borðaðu fullt af próteini í hverri máltíð/snakk. [undirskref] Kryddandi chilipipar ristuð kjúklingakjöt sjávarréttir eftirréttir ólífuolía, kjúklingabaunir og linsur þurrfæði sardínur og hnetur [titill] Prófaðu að nota samkennd.'
 'Með því að fylgjast með hvaða fæðu þú borðar og hvenær þú færð mígreni er hægt að þrengja það sem gæti verið kveikjan að mígreni hjá þér. Algeng kveikja mígrenis er: [Efni] Súkkulaði jarðarber Vín og ostur (vegna súlfetans í báðum) Matur með mónónatríum glútamati (mng) í.'
 'Dæmigerð matarlyf eru: [Efni] Áfengi (stundum gosdrykkir, sýrður rjómi o.s.frv.) Mjólk (stundum ávextir, jógúrt, hrísgrjón o.s.frv.']",hellaswag/validation/6868,26826,Health,wikihow~10920,val,indomain,2
[haus] Hvernig á að takast á við forsjárdeilu foreldra sinna (fyrir krakka) [titill] Viðurkenndu að það er ekki þér að kenna að foreldrar þínir eiga í erfiðleikum. [skref] Þú ert ekki orsökin. Þau elska kannski ekki hvort annað lengur en þau elska þig og þess vegna eru þau í þessari forsjárdeilu.,,[haus] Hvernig á að takast á við forsjárdeilu foreldra sinna (fyrir krakka) [titill] Viðurkenndu að það er ekki þér að kenna að foreldrar þínir eiga í erfiðleikum. [skref] Þú ert ekki orsökin. Þau elska kannski ekki hvort annað lengur en þau elska þig og þess vegna eru þau í þessari forsjárdeilu. ,"['Það er sama hvað þér finnst, foreldrar þínir eru að berjast fyrir því að halda réttindum sínum og ábyrgð. [ Titill] Skilja að athafnir geta haft áhrif á afleiðingar þínar.'
 'En með því að átta sig á því hvað foreldrarnir eru að rífast um, þá veistu að þeirra sjónarhorn er eina leiðin til að gera betur í þessum aðstæðum. Reyndu eftir bestu getu að skilja þeirra sjónarhorn svo þú eigir meiri möguleika á að breyta um skoðun varðandi forsjá.'
 'Vinir þínir gætu veitt þér smá siðferðilegan stuðning og það gæti verið hjálplegt. [Titill] Tilfinningar foreldra þinna eru ekki á þína ábyrgð.'
 'Ef þú ert í forsjárdeilu foreldra þinna þá eru foreldrar þínir ekki ástæðan fyrir því að þeir eru að rífast. [Undirskrefi] Þeir eru að rífast af því að þeir eru reiðir út í þig.']",hellaswag/validation/3513,2102,Family Life,wikihow~10920,val,zeroshot,2
Hópur drengja er á gangstétt við götu. Þeir eru að skoppa um á stilkum.,þeir,Hópur drengja er á gangstétt við götu. Þeir eru að skoppa um á stilkum. þeir,"['skoppa og velta yfir vaðmálsslá á mottu.' 'með umbúðapappír í höndunum.'
 'slást í hnappagat þegar þeir ganga.'
 'halda áfram að tala um leið og þeir skoppa og ganga.']",hellaswag/validation/409,5823,Powerbocking,activitynet~10920,val,indomain,3
"[haus] Hvernig á að vefja toga [titill] Brjótið langhlið rúmdúks í tvennt. [skref] Finnið fullt, drottningar- eða konungsstórt, flatt sængurfat og brjótið það í tvennt. Ef þið viljið lengri toga, brjótið sængurfatið aðeins fjórðungsfalt.",,"[haus] Hvernig á að vefja toga [titill] Brjótið langhlið rúmdúks í tvennt. [skref] Finnið fullt, drottningar- eða konungsstórt, flatt sængurfat og brjótið það í tvennt. Ef þið viljið lengri toga, brjótið sængurfatið aðeins fjórðungsfalt. ","['[undirtexti] Til auka stuðnings skaltu í staðinn brjóta styttri hlutann yfir hinn. [titill] Leggðu togarann niður á sléttan flöt.'
 'Ef þú vilt lengdina sem þú þarft, því styttri sem þú gerir hana, því lengri verður togarinn. [titill] Skrúfaðu stutta enda blaðsins utan um togarann.'
 '[titill] Dragðu annan endann yfir öxlina. [skref] Með síðu hliðina á sænginni fyrir aftan bakið, dragðu eitt horn yfir aðra öxlina.'
 'Þú færð fjórar langar hliðar og eitt lengra blað. [Undirskrefi] Fyrir samtals fjögur löng hálflöng toga, leggðu eitt blað flatt, vefjið enda hvers blaðs í hitt blaðið og haldið blöðunum saman með því að festa þau á sinn stað með pinnum.']",hellaswag/validation/7676,32774,Finance and Business,wikihow~10920,val,indomain,2
[höf.] Hvernig auka má möguleika barnsins á að vera gáfað frá móðurkviði til fæðingar [titill] Gefðu barninu nafn um leið og þú veist um hvaða kyn barnið þitt er. [skref] Þetta hjálpar þér að eiga samskipti við ástvin þinn. [titill] Vertu virkur.,,[höf.] Hvernig auka má möguleika barnsins á að vera gáfað frá móðurkviði til fæðingar [titill] Gefðu barninu nafn um leið og þú veist um hvaða kyn barnið þitt er. [skref] Þetta hjálpar þér að eiga samskipti við ástvin þinn. [titill] Vertu virkur. ,"['[skref] Í fæðingu lærir líkami barnsins að stjórna hitastigi sínu mjög hratt. Barnið þarf því að vera virkt þegar það fæðist í fyrsta sinn og þar með auka möguleika þess á að nýta sér hita.'
 '[skref] Eftir því sem líður á meðgönguna mun fóstrið öðlast meiri færni. Það mun geta sparkað, hreyft sig, séð, heyrt, sjúga þumalinn, haft smekk fyrir tónlist og jafnvel mat.'
 '[skref] Ekki láta leti draga úr þér kjarkinn á meðan þú sérð um barnið þitt. Kjarninn í því að vera klár er að vera virkur: Taktu um það bil 30 mínútur daglega til að ganga, leika og tala við barnið þitt.'
 '[skref] Hér er átt við að synda, fara í leik, fara í sund, gefa barni sínu brjóst eða sækja barnið. Haltu barninu á fótunum með bakið snúið.']",hellaswag/validation/3611,2829,Food and Entertaining,wikihow~10920,val,indomain,1
"[fyrirsögn] Hvernig finna má ferðamannastaði á flakki [fyrirsögn] Farið inn á flakksíðuna. [fyrirsögn] Sláið inn borgina eða bæinn sem verið er að fara frá. [fyrirsögn] Veljið í töflunum hversu miklu þið viljið eyða á hvern einstakling, hvenær þið viljið fara og hversu lengi þið viljið vera á ferðinni.",,"[fyrirsögn] Hvernig finna má ferðamannastaði á flakki [fyrirsögn] Farið inn á flakksíðuna. [fyrirsögn] Sláið inn borgina eða bæinn sem verið er að fara frá. [fyrirsögn] Veljið í töflunum hversu miklu þið viljið eyða á hvern einstakling, hvenær þið viljið fara og hversu lengi þið viljið vera á ferðinni. ","['[skrefið] (miðað við þitt val er það ekki of langt. ) [ titill] Bíddu eftir svari frá flakkara eftir nokkrar sekúndur.'
 '[Efnisorð] Hægt er að auka við fjárveitingar eða velja nákvæmar dagsetningar með því að smella á tenglana undir töflunum. [ titill] Sláðu inn borg, bæ, land, fylki eða heimsálfu sem þú vilt að sé meðmælt á ferðamannastað.'
 '[titill] Farið inn á áfangastaðahluta mælaborðsins. [ titill] Sláið á „farið frá borg“ takkann.'
 '[skref] Þú getur dregið fleiri miða ef þú vilt. Þú getur sparað þér pening með því að eyða bara svona miklum peningum.']",hellaswag/validation/7525,31805,Computers and Electronics,wikihow~10920,val,indomain,1
[haus] Hvernig tengja á nintendo wii-ið við internetið [titill] Gangið úr skugga um að netið sé rétt uppsett. [skref] Þið þurfið að vera að senda rétt merki til þess að tengja wii-ið við netið. Vísið í leiðbeiningar routers eða mótalds til þess að setja upp netið.,,[haus] Hvernig tengja á nintendo wii-ið við internetið [titill] Gangið úr skugga um að netið sé rétt uppsett. [skref] Þið þurfið að vera að senda rétt merki til þess að tengja wii-ið við netið. Vísið í leiðbeiningar routers eða mótalds til þess að setja upp netið. ,"['[titill] Tengdu wii-ið við net þitt með ethernet-snúru. [skref] Flestir wii-ar eru með ethernet-snúru til kaups.'
 '[titill] Takið og aftengið fjarstýrða kapalinn frá wii. [skref] Þetta er sami kapall og kom með fjarstýrða fjarstýrða.'
 '[titill] Athugaðu stýrikerfi routersins. [skref] Nintendo-inn þinn er hugsanlega með fjarstýrðan aflrofa sem slekkur á rafmagninu ef hann er ekki uppsettur.'
 '[undirflokkar] Ef þú getur tengst við net þitt með öðrum þráðlausum tækjum þá ættir þú ekki að lenda í neinum vandræðum með að tengja við wii-ið þitt. Ekki þarf að gera neinar sérstakar breytingar á þráðlausa netinu til að koma því fyrir.']",hellaswag/validation/8357,37698,Food and Entertaining,wikihow~10920,val,indomain,3
[haus] Hvernig á að búa til sína eigin hégóma [titill] Veldu þitt hégómlega. [skref] Þú getur keypt þér slíkt í búð eða þú getur gert pláss á baðstofuborðinu þínu. Leitaðu að einhverju með skúffum til að geyma frá þér hluti sem þú notar ekki oft eða hluti sem þarf að hafa úti í birtu.,,[haus] Hvernig á að búa til sína eigin hégóma [titill] Veldu þitt hégómlega. [skref] Þú getur keypt þér slíkt í búð eða þú getur gert pláss á baðstofuborðinu þínu. Leitaðu að einhverju með skúffum til að geyma frá þér hluti sem þú notar ekki oft eða hluti sem þarf að hafa úti í birtu. ,"['[Efnisorð] Vani kemur að jafnaði með skúffum sem gera þér kleift að sníða vanann að smekk ákveðinna einstaklinga á heimilinu. Ef þú ætlar að fá þér eitthvað aðeins minna slegið, skaltu fara í verslun sem sérhæfir sig í vanatísku til að bera það saman við þinn vana.'
 'Notaðu allar ónotaðar skúffur, jafn litlar sem stórar og þær koma og ekki þarf að geyma þær á sama stað. [Undirskrefi] Passaðu að hafa einhverjar skúffur á hégómlegan hátt svo þú eigir alltaf aukalega.'
 'Þú getur líka notað hégóma til að fela eða setja hluti sem þú notar ekki oft, eins og gamlan spegil og mjög gamla tannbursta. Þú getur valið hvaða ódýra eða upprunalega hégóma sem þér finnst flottur og gert hann að hégóma þínum en passaðu að nota hann á baðherberginu þínu.'
 'Sumar vörur, eins og t.d. krem til að verja öldrun, skemmast þegar þær komast í snertingu við sólarljós. [Undirskrefi] Gamlar skrifborðsvörur eru frábær grunnur fyrir hégóma! Thrift verslanir og bílskúrssölur eru frábærir staðir til að gera upp hégóma á viðráðanlegu verði.']",hellaswag/validation/9554,46612,Personal Care and Style,wikihow~10920,val,zeroshot,3
"[haus] Hvernig á að gera heilsteypta andlitsrútínu með fjórum innihaldsefnum [titill] Fá ferskt og hreint andlit. [skref] Það er hægt að gera með því að nota mjólk sem hreinsiefni. Öll mjólk í öllum gæðum og af öllum tegundum er fín, þó að heilmjólk sé ákjósanleg.",,"[haus] Hvernig á að gera heilsteypta andlitsrútínu með fjórum innihaldsefnum [titill] Fá ferskt og hreint andlit. [skref] Það er hægt að gera með því að nota mjólk sem hreinsiefni. Öll mjólk í öllum gæðum og af öllum tegundum er fín, þó að heilmjólk sé ákjósanleg. ","['Veldu þá hreinsiefni sem er merkt „létt“ eða álíka (með hærra pH). [Undirskrefi] Kalt vatn virkar, því það hjálpar bara til við að fjarlægja dauðar húðfrumur.'
 'Hristu af mjólkinni, blandið saman með lítilli ólífuolíu og settu á andlit þitt. Láttu bíða í eina mínútu og skolið vel með volgu eða hálfvolgu vatni, maukið síðan þurrt með hreinum klút.'
 'Einnig er hægt að nota aðrar mjólkurvörur, svo sem kúamjólk eða undanrennu. Þvoðu andlit þitt reglulega með köldu vatni og skolaðu svo með volgu vatni.'
 'Taktu 1 matskeið af mjólk og settu hana á andlit þitt með höndunum eða bómullarhnoðra sem hefur verið dýft í hana. Nuddið varlega um andlit þitt í 2-5 mínútur.']",hellaswag/validation/8713,40498,Personal Care and Style,wikihow~10920,val,zeroshot,3
"[haus] Hvernig má undirstrika ljóst hár á náttúrulegan hátt [titill] Fáðu þér gæða sjampó og snyrtivöru og þvoðu hárið vel. [titill] Úðaðu í einhverja snyrtivöru sem þú skilur eftir. [skref] Sjampóið og snyrtivaran hjálpa til við að koma í veg fyrir þurrt hár í eftirfarandi skrefum, en eru ekki nauðsynleg.",,"[haus] Hvernig má undirstrika ljóst hár á náttúrulegan hátt [titill] Fáðu þér gæða sjampó og snyrtivöru og þvoðu hárið vel. [titill] Úðaðu í einhverja snyrtivöru sem þú skilur eftir. [skref] Sjampóið og snyrtivaran hjálpa til við að koma í veg fyrir þurrt hár í eftirfarandi skrefum, en eru ekki nauðsynleg. ","['[titill] Gætið þess að hárið sé alveg þurrt áður en þið setjið á það sjampó og hreinsiefni, en ekki þurrka það yfir handklæði. [skref] Ólíkt venjulegu hári getur þurrkur magnast upp vegna sólar.'
 'Hárið dregur í sig C-vítamín og þann lit sem óskað er eftir þegar það er rakið, en það gerir það ekki og með tímanum myndast „fléttað“ hár. [Undirskrefi] Leitaðu að sjampói sem segir „útdráttur“ og vertu viss um að það passi við hárlit þinn.'
 'Láttu hana bara liggja í um það bil fimm mínútur og skolaðu hana svo út. [undirskrefum] Best er að nota gæðasjampó.'
 '[titill] Settu sítrónusafa í úðaflösku. [titill] Úðaðu yfir allt hárið en komdu í veg fyrir að úðað sé á hársvörðinn.']",hellaswag/validation/5580,17409,Personal Care and Style,wikihow~10920,val,zeroshot,3
[haus] Hvernig á að brjóta inn í sig læknamartenurnar [titill] Skilja að glænýtt par úr kassanum á eftir að meiða fæturna eins og brjálæðingur. [skref] Þetta þýðir að þú átt að forðast að vera með þær í langan tíma fyrstu notin. Það þýðir að þú þarft ekki að ganga eða dansa þegar þær eru komnar ferskar úr kassanum! [titill] Kauptu rétta passann.,,[haus] Hvernig á að brjóta inn í sig læknamartenurnar [titill] Skilja að glænýtt par úr kassanum á eftir að meiða fæturna eins og brjálæðingur. [skref] Þetta þýðir að þú átt að forðast að vera með þær í langan tíma fyrstu notin. Það þýðir að þú þarft ekki að ganga eða dansa þegar þær eru komnar ferskar úr kassanum! [titill] Kauptu rétta passann. ,"['[skref] Þessum hluta er ekki hægt að breyta, sjáið til þess að smásalinn hjálpi ykkur að velja rétt. [titill] Takið út dömubindi og nuddið dr.'
 '[skref] Kauptu alltaf stærri læknamarterns svo þú getir verið í þeim á meðan þú ert ennþá að ganga. Annars ráða fæturnir ekki við þær.'
 '[skref] Það sem hentar fæturna best er ekki bara hversu þægilegir þeir eru heldur hvernig þeim líður. Til þess að finna út hvað hentar vel skaltu kaupa réttu skóna.'
 '[skref] Sumar glænýjar læknismaríur eru dýrari en aðrar. Að vita nákvæmlega hvernig maður á að passa er eitt af lykilatriðunum til að ná fullkomlega í sig fótunum.']",hellaswag/validation/6784,26181,Personal Care and Style,wikihow~10920,val,zeroshot,0
Maður gengur upp á svið til að ganga í hljómsveit.,maður,Maður gengur upp á svið til að ganga í hljómsveit. maður,"['spilar á hörpu og flautu á meðan tveir aðrir spila á hljóðfæri við hliðina á honum.'
 'og kona dansa saman á sviðinu.'
 'dans á reimunum sem festir eru við sviðið.'
 'spilar fyrir framan hljómsveit með harmónikku.']",hellaswag/validation/53,818,Playing harmonica,activitynet~10920,val,zeroshot,3
"[haus] Hvernig velja á kaþólska brúðkaupstónlist [titill] Hafið samband við tónlistardeildina í kirkjunni þar sem þið ætlið að gifta ykkur. [skrefið] Tónlistarstjórinn er yfirleitt með lista af tónlist sem er sérstaklega sniðin fyrir brúðkaup sem þið getið valið úr. [skrefið] Ef þið eruð að skoða listann og vitið ekkert hvernig þessi lög hljóma, biðjið þá um að hitta organista til að heyra þau spiluð.",,"[haus] Hvernig velja á kaþólska brúðkaupstónlist [titill] Hafið samband við tónlistardeildina í kirkjunni þar sem þið ætlið að gifta ykkur. [skrefið] Tónlistarstjórinn er yfirleitt með lista af tónlist sem er sérstaklega sniðin fyrir brúðkaup sem þið getið valið úr. [skrefið] Ef þið eruð að skoða listann og vitið ekkert hvernig þessi lög hljóma, biðjið þá um að hitta organista til að heyra þau spiluð. ","['Reyndu þá að biðja þau að syngja fyrir þig. Þannig getur brúðkaupsveislan náð samsvörun við það sem þau eru að hlusta á.'
 'Starfsfólk kirkjunnar hjálpar þér að velja hvaða tónlist þú vilt nota við athöfnina. [Titill] Rannsaka tónlistarhús í borginni.'
 '[Titill] Hugsaðu um hvað hvert verk hefur í för með sér fyrir athöfnina. [Skref] Öll tákn ættu að benda á samband þitt við guð sem einstaklinga sem eru að verða par.'
 'Þá getur þú valið hvaða tónlist þú vilt syngja. [ Titill] Finndu valmöguleika sem hentar þínum gildum, trú og tónlistarsmekk.']",hellaswag/validation/5376,15930,Family Life,wikihow~10920,val,zeroshot,2
[haus] Hvernig á að forðast að verða yfirfullur af upplýsingum [titill] Taktu þér tæknifrí. [skref] Ef þér finnst þú vera farinn að drukkna í upplýsingum er besta leiðin til að koma fótunum aftur á fastan stað að slökkva á krananum. Á hverjum einasta degi skaltu vera frá bæði símanum og tölvunni í einn til tvo tíma.,,[haus] Hvernig á að forðast að verða yfirfullur af upplýsingum [titill] Taktu þér tæknifrí. [skref] Ef þér finnst þú vera farinn að drukkna í upplýsingum er besta leiðin til að koma fótunum aftur á fastan stað að slökkva á krananum. Á hverjum einasta degi skaltu vera frá bæði símanum og tölvunni í einn til tvo tíma. ,"['Fyrir marga virðist þetta einfalda verkefni nánast óhugsandi. Reyndar er það svo að því erfiðara sem það virðist því meiri líkur eru á að þú hafir gagn af því að taka þér pásu.'
 'Eða þú kemur á kaffihús og sest niður með fartölvuna og lest bók. Þú ert ólíklegri til að „spóla“ í gegnum tölvupóstinn, texta og persónuupplýsingar.'
 'Þegar þú ert beðin/n um að nota baðherbergið skaltu halda símanum og öðrum vinnutækjum frá sjónum. [Undirskrefi] Markmiðið með þessu er að halda þér uppteknum og einbeittum.'
 'Hægt er að nota þennan tíma til að lesa greinar og kynna sér námskeið í fartölvu eða snjallsíma. [Undirskrefi] Auk þess að hafa frítíma í tæknigeiranum getur 15-30 mínútna pása tekið þig frá heimilinu.']",hellaswag/validation/6889,27013,Family Life,wikihow~10920,val,zeroshot,0
Maður í blárri skyrtu og stuttbuxum lyftir stórri þyngd yfir höfuðið á sér. Annar maður er að mynda það. Sami maður kemur aftur og lyftir þyngdinni yfir höfuðið á sér aftur.,he,Maður í blárri skyrtu og stuttbuxum lyftir stórri þyngd yfir höfuðið á sér. Annar maður er að mynda það. Sami maður kemur aftur og lyftir þyngdinni yfir höfuðið á sér aftur. he,"['kastar því á jörðina og gengur burt.'
 'sleppir henni og hleypur í átt að myndavélinni.'
 'lyftir aftur þunganum yfir höfuðið.'
 'hann sleppir honum á gólfið þar sem hann festist.']",hellaswag/validation/87,1112,Clean and jerk,activitynet~10920,val,zeroshot,0
[haus] Hvernig má létta hárið [titill] Blanda skal jafnmiklu magni af sítrónusafa og vatni. [skrefið] Sítróna er klassísk náttúruleg hárléttandi efni. Þótt hún sé náttúruleg getur hún samt þurrkað hárið svo það er mikilvægt að þynna hana.,,[haus] Hvernig má létta hárið [titill] Blanda skal jafnmiklu magni af sítrónusafa og vatni. [skrefið] Sítróna er klassísk náttúruleg hárléttandi efni. Þótt hún sé náttúruleg getur hún samt þurrkað hárið svo það er mikilvægt að þynna hana. ,"['Ef hárið er feitt eða sprungið með sprungum, reyndu þá að blanda saman tómatsafa eða ólífuolíu. [Undirskrefi] Hægt er að finna ólífuolíu og sítrónusafa á flestum snyrtistofum.'
 'Blandið 1 hluta af sítrónusafa saman við 1 hluta af vatni til að minnka sýrustig hans og hellið í úðaflösku. [Undirskrefi] Til að ná sem bestum árangri er gott að nota ferskan, lífrænan sítrónusafa.'
 '1/4 bolli (60 ml) af sítrónusafa og 1 matskeið (15 ml) af salti er blandað saman í litla skál. Notið fingurna til að blanda innihaldsefnin saman þar til blandan er orðin alveg slétt og engar rákir eftir.'
 'Setjið sítrónusafalausnina í úðaflösku og úðaðu henni á hárið ef þið hafið aðgang að dreifitæki. [Undirskrefi] Ef þið viljið hafa hárið silkikennt, stráið þá sítrónusafa í úðaflösku og úðaðu á hárið í stað þess að nota dreifitæki sem haldið er á.']",hellaswag/validation/4963,12930,Personal Care and Style,wikihow~10920,val,zeroshot,1
[haus] Hvernig á að laga aðalþétti með fljótandi gleri [titill] Kaupa natríum sílíkat (fljótandi gler) í apótek. [skref] Kaupa nýjan hitastilli og tengda hitastilliþétt (s). [titill] Renna kælikerfi með því að taka stóra slönguna úr sambandi við botn ofnsins.,,[haus] Hvernig á að laga aðalþétti með fljótandi gleri [titill] Kaupa natríum sílíkat (fljótandi gler) í apótek. [skref] Kaupa nýjan hitastilli og tengda hitastilliþétt (s). [titill] Renna kælikerfi með því að taka stóra slönguna úr sambandi við botn ofnsins. ,"['[titill] Kveikja á ofninum aftur, það ætti að taka 30 sekúndur. [titill] Endurtaka þetta ferli með sama ofninum, og næsta bolta.'
 '[skref] Einnig að taka stóru slönguna úr sambandi ofan af ofninum á ofninum. [titill] Taka hitastillinn af og tengja slönguna aftur án hitastillis.'
 '[titill] Setjið kælivökvaglasið, gatið og lokið aftur á ofninn. [skref] Segðu tækinu að tæma vökva úr frárennslisrörinu.'
 '[skref] Þú átt að sjá vatn með bláum lit sitja á pípunni. [titill] Úða ofan á ofnhettuna með úða eða sjóðandi vatni.']",hellaswag/validation/4476,9490,Cars & Other Vehicles,wikihow~10920,val,indomain,1
"[haus] Hvernig á að halda hornettum frá [titill] Yfir alla fæðugjafa, svo sem moltuhauga og ruslatunnur. [skref] Ólíkt býflugum, vilja býflugur og hornettur borða kjöt og aðra próteinfæðu, sem og sæta nektar. Hornettur muna eftir fæðugjafanum og halda áfram að koma eftir að hann hefur verið lokaður af eða tekinn frá, svo best er að koma í veg fyrir allan rusl undir berum himni.",,"[haus] Hvernig á að halda hornettum frá [titill] Yfir alla fæðugjafa, svo sem moltuhauga og ruslatunnur. [skref] Ólíkt býflugum, vilja býflugur og hornettur borða kjöt og aðra próteinfæðu, sem og sæta nektar. Hornettur muna eftir fæðugjafanum og halda áfram að koma eftir að hann hefur verið lokaður af eða tekinn frá, svo best er að koma í veg fyrir allan rusl undir berum himni. ","['[Efni] Þvottasveppur og hornsíli borða einnig alifugla, ávexti, grænmeti og náttúrulega fæðu eins og gulrætur, salat og appelsínur. Halda þeim frá öllu sem er með býflugum á.'
 '[Efni] Dreifið yfirborði um plöntur og garðbeð sem eru lífræn. Eingöngu sett út eins mikið og þið getið-þessar plöntur eru agn fyrir þvotta.'
 '[Efnisorð] Það fyrsta sem varpdýr eru líkleg til að taka eftir og hafa áhuga á eru baunir og ávextir, bæði náttúrulegir og ætir. Kvenhornet þekkja skordýr og laðast að þeim daglega.'
 '[Titill] Draga úr sætri lykt á sumrin eða haustin. [Skrefið] Þetta er sá tími þegar vörpurnar kjósa blóm, safa og ávexti.']",hellaswag/validation/3617,2896,Sports and Fitness,wikihow~10920,val,indomain,3
"[haus] Hvernig þvo á þurra og hreina flík [titill] Lesið merkimiða flíkarinnar. [skref] Ef hluturinn er úr ull, silki eða bómull má þvo hann varlega í höndunum. [undirskref] Forðist að þvo peysu, leður, loðskinn, fjaðrir og annað mjög viðkvæmt efni í höndunum.",,"[haus] Hvernig þvo á þurra og hreina flík [titill] Lesið merkimiða flíkarinnar. [skref] Ef hluturinn er úr ull, silki eða bómull má þvo hann varlega í höndunum. [undirskref] Forðist að þvo peysu, leður, loðskinn, fjaðrir og annað mjög viðkvæmt efni í höndunum. ","['Þessar lausnir skal fara með í þurrhreinsi til að fá þær hreinsaðar af fagfólki. [ Titill] Blanda skal sápu saman við kalt vatn í baðkari eða fötu.'
 'Þessi efni geta verið óhrein og auðveldlega skemmst við þvott. [titill] Fylgja skal eftir með snöggum þvotti með hreinsiefni og heitu vatni.'
 'Ef silki- og leðurfatnaður er þveginn í gegnum vél eða þurrkara brotna fínefni niður og mjög léttir þræðir skilja eftir sig. Einnig má þvo súrdeigs- og leðurfatnað með ullarneti.'
 'Þú ættir að leita að gamaldags eða nýrri flíkum úr náttúrulegum trefjum í stað gerviefna. [ titill] Ákveðið hversu oft þið mynduð þvo flíkina eða saumana á henni.']",hellaswag/validation/6297,22654,Home and Garden,wikihow~10920,val,indomain,0
"[haus] Hvernig á að fá manninn til að hlusta á þig [titill] Veldu stað þar sem þú getur talað án truflana. [skref] Þótt það geti verið freistandi að hringja í hann í farsímann um leið og þú verður ósáttur, þá endar það ekki vel að hringja í hann í vinnunni eða á meðan hann er upptekinn. [undirskref] Besta staðsetningin er einhvers staðar þar sem er ró, án farsíma eða sjónvarps.",,"[haus] Hvernig á að fá manninn til að hlusta á þig [titill] Veldu stað þar sem þú getur talað án truflana. [skref] Þótt það geti verið freistandi að hringja í hann í farsímann um leið og þú verður ósáttur, þá endar það ekki vel að hringja í hann í vinnunni eða á meðan hann er upptekinn. [undirskref] Besta staðsetningin er einhvers staðar þar sem er ró, án farsíma eða sjónvarps. ","['Ef þið eruð með börnin í biðstöðu þar til þau eru sofnuð eða út úr húsi til að forðast smá eyru. [Titill] Spyrjið hvort það sé góður tími.'
 'Þú getur einnig átt samtal án truflana. Settu síma eiginmannsins nálægt rúmi hans eða skrifstofu ef þú vilt næði.'
 'Fljótlegur bíll getur gefið honum næði. Maðurinn þinn gæti líka verið upptekinn í vinnunni og því er best að velja óbeina staðsetningu.'
 'Hallaðu þér upp við vegg ef þú þarft, eða hallaðu þér upp við vegg ef þú getur. Hlustaðu á tónlist eða kvikmynd í öðru herbergi til að slaka á.']",hellaswag/validation/3990,5722,Family Life,wikihow~10920,val,zeroshot,0
Fyrst er sýndur strákur að borða þunna vöfflu.,þá aldraða kerlingu,Fyrst er sýndur strákur að borða þunna vöfflu. þá aldraða kerlingu,"['er sýnt neysluvatn úr litlu glasi.' 'étur þunnt 7up.'
 'blandar hráefnum í pott á eldavélinni til að búa til blund.'
 'leiðir hann út og opnar dælu og andar að sér reyknum.']",hellaswag/validation/2647,40284,Having an ice cream,activitynet~10920,val,zeroshot,0
[haus] Hvernig á að tala svo unglingar hlusti [titill] Fjarlægið truflanir til að auðvelda hlustun. [skref] Það er mun auðveldara að fá unglingana til að hlusta þegar þú ert ekki að keppa við farsímann eða sjónvarpið. Fjarlægið þessar truflanir og skilaboðin þín heyrast betur.,,[haus] Hvernig á að tala svo unglingar hlusti [titill] Fjarlægið truflanir til að auðvelda hlustun. [skref] Það er mun auðveldara að fá unglingana til að hlusta þegar þú ert ekki að keppa við farsímann eða sjónvarpið. Fjarlægið þessar truflanir og skilaboðin þín heyrast betur. ,"['[Efnisorð] Ákveðið hvaða truflanir (eða allar) hjálpa unglingnum að heyra betur. Látið unglinginn heyra skilaboðin frá öðrum hluta hússins, frá gluggasyllu úti eða í hljóðlátum herbergjum.'
 '[Efnisorð] Rannsóknir sýna að sumir unglingar vilja helst láta hunsa sig eða... án truflunar. Með því að hafa skjáinn nokkuð uppréttan er hægt að leiðrétta það.'
 '[Efnisorð] Þegar þú ætlar að tala skaltu slökkva á sjónvarpinu og biðja unglinginn að þagga niður í símanum sínum eða skilja hann eftir í öðru herbergi. Ef unglingurinn er sú týpa sem finnst hann vera ógnandi í samræðum augliti til auglitis skaltu reyna að spjalla við hann í sjónvarpsauglýsingum.'
 '[Efnisorð] Ef þú ert í kennslustund biddu kennara að minna unglinginn á að slökkva á öllum símum í kennslustund. Þú getur samt veitt þeim truflun ef þau vilja bara taka sig út úr skólanum.']",hellaswag/validation/4410,8845,Family Life,wikihow~10920,val,zeroshot,2
[höf.] Hvernig á að halda upp á afmælið [titill] Ef þér finnst skemmtilegt að skipuleggja þá skaltu skipuleggja hvernig þú ætlar að eyða deginum að minnsta kosti viku fram í tímann. [skref] Gæta þess að vinir og vandamenn séu lausir í daginn og passa að velja hluti sem geta tekið til þeirra sem þú vilt eyða tíma með. [titill] Fáðu þér nægan svefn.,,[höf.] Hvernig á að halda upp á afmælið [titill] Ef þér finnst skemmtilegt að skipuleggja þá skaltu skipuleggja hvernig þú ætlar að eyða deginum að minnsta kosti viku fram í tímann. [skref] Gæta þess að vinir og vandamenn séu lausir í daginn og passa að velja hluti sem geta tekið til þeirra sem þú vilt eyða tíma með. [titill] Fáðu þér nægan svefn. ,"['[skref] Gott er að ná fullum svefni um 7 leytið, það sem eftir er af nóttinni ætti að vera óslitið. Einnig er gott að vinda aðeins ofan af sér á kvöldin og er það gert til að hugsa um hvern dag.'
 '[skrefið] Daginn fyrir afmælið skaltu fara að sofa á hæfilegum tíma svo þú fáir þann svefn sem þarf til að tryggja að þú fáir mikla orku á afmælinu. [titill] Komdu með flottan afmælisbúning.'
 'Það besta sem hægt er að gera í tilefni afmælis er að fá góðan svefn. Líkamsklukkan segir þér bara nákvæmlega hversu mikinn svefn þú þarft.'
 '[skref] Og passa að ná 7-9 klukkustundum af svefni á nóttu-1 1/2 klukkustund fyrir fullorðna og 4-9 klukkustundir fyrir börn. Þú getur jafnvel náð allt að fjórum klukkustundum af svefni um helgar.']",hellaswag/validation/3669,3265,Home and Garden,wikihow~10920,val,indomain,1
[haus] Hvernig á að hlaupa til að léttast [titill] Byrjaðu á göngum. [skref] Ef þú ert ný/n í hlaupum er líkaminn ekki tilbúinn að stökkva í langhlaup. Þess í stað byrjaðu á því að fara í langar göngur sem hjálpar líkamanum að ná jafnvægi en minnkar líkur á meiðslum.,,[haus] Hvernig á að hlaupa til að léttast [titill] Byrjaðu á göngum. [skref] Ef þú ert ný/n í hlaupum er líkaminn ekki tilbúinn að stökkva í langhlaup. Þess í stað byrjaðu á því að fara í langar göngur sem hjálpar líkamanum að ná jafnvægi en minnkar líkur á meiðslum. ,"['Innan eins til tveggja daga frá því að þú byrjar að hlaupa ættir þú að geta byrjað aftur og verið í betra formi. [undirskref] Ef þú ert með sykursýki er gott að halda áfram að skokka eða hlaupa í nokkra daga.'
 '[Undirþættir] Ekki skaða sjálfan þig með því að hlaupa of hratt eða án félaga í of langan tíma. Ganga í tvo daga í staðinn ef þú ætlar að halda þig við hlaupin langhlaup.'
 'Finndu braut sem er samsíða hlaupi sem þú ferð venjulega og hlauptu á henni í um 1 klst. [titill] Gerðu röð af bindings sprettum.'
 'Ef þú ert vanur að hlaupa en hefur ekki gert það lengi, byrjaðu þá á að skipta göngu og hlaupi í einu æfingaferli. [undirskref] Byrjaðu á styttri göngum og farðu upp í lengri.']",hellaswag/validation/8637,39866,Computers and Electronics,wikihow~10920,val,indomain,3
Michele hleypur nú og stekkur í stökkreip þar sem hún nær ekki að stökkva í reipið tvisvar sinnum og virtist í bæði skiptin vandræðaleg.,í þriðja sinn sem hún,Michele hleypur nú og stekkur í stökkreip þar sem hún nær ekki að stökkva í reipið tvisvar sinnum og virtist í bæði skiptin vandræðaleg. í þriðja sinn sem hún,"['misheppnast, velta aftur fyrir sér hvort hún hafi gert það rétt.'
 'undirbýr sig og hleypur í átt að stökkbandinu og hoppar nokkrum sinnum áður en hún getur ekki meir.'
 'tekst en nær ekki að stíga í gegnum reipinu.'
 'hoppar í háu kaðli en í stað þess að velja að hoppa dettur hún á rauða moldina þegar hún lendir.']",hellaswag/validation/1566,23624,Hula hoop,activitynet~10920,val,indomain,1
"[haus] Hvernig á að nota kamikazet [titill] Fáðu þér sturtu jakka til veiða og til varnar gegn kulda. [skref] Ef þú ætlar að nota jakkann í veiðiferðum, til að verja þig gegn köldu veðri eða í svipuðum tilgangi, kauptu sturtu og þykkan jakka í útivistarverslun. Þessir jakkar eru kannski ekki eins tískulegir og aðrir kostir en þeir eru mun nothæfari.",,"[haus] Hvernig á að nota kamikazet [titill] Fáðu þér sturtu jakka til veiða og til varnar gegn kulda. [skref] Ef þú ætlar að nota jakkann í veiðiferðum, til að verja þig gegn köldu veðri eða í svipuðum tilgangi, kauptu sturtu og þykkan jakka í útivistarverslun. Þessir jakkar eru kannski ekki eins tískulegir og aðrir kostir en þeir eru mun nothæfari. ","['[Efnisorð] Sumir loftmjúkir jakkar eru gerðir fyrir veiðar án hálspúða og geta verið mjög vatnsheldir. Þeir eru á bilinu 40 til 300 dollarar, allt eftir því hvað hentar þér best.'
 'Leita skal að þeim sem eru sérstaklega gerðir fyrir veiðar. Þannig er hægt að nota hann sparlega til að koma í veg fyrir meiðsli.'
 '[titill] Taktu þunna, lausa jakka til að fá meira látlaust útlit. [skref] Lausir jakkar eru ekki eins traustir og veiðijakkar og þeir veita ekki eins mikla vörn gegn köldu veðri.'
 '[Undirflokkar] Staðlaðir nautastofnjakkar eru fjölhæfasti kosturinn. Þessir jakkar fela allan pakkann sem er líka sérstaklega mikilvægt ef þú ert að veiða í snjó.']",hellaswag/validation/4204,7263,Personal Care and Style,wikihow~10920,val,zeroshot,2
Maður í skyrtu sem segir að hann sé í dýrsham er að gera myndband um það hvað séu bestu frjálsu æfingarnar sem hægt er að gera án þess að vera í ræktinni. Hann er með þyngdarstöng sem er engin þyngd og hann beygir sig á ákveðinn hátt.,he,Maður í skyrtu sem segir að hann sé í dýrsham er að gera myndband um það hvað séu bestu frjálsu æfingarnar sem hægt er að gera án þess að vera í ræktinni. Hann er með þyngdarstöng sem er engin þyngd og hann beygir sig á ákveðinn hátt. he,"['byrjar að sleppa yfir þungabörnina og reynir að hunsa sársaukann, þar til hann stoppar stutt.'
 'sýnir hvernig hægt er að nota lyftingastöngina í mismunandi lyftingarstellingar.'
 'tekur svo af sér þungann ásamt því að kasta honum niður og byrjar að tala.'
 'einnig orð á skjánum um hvernig á að æfa og hvernig á að tala um réttu leiðina til að bakka út úr því.']",hellaswag/validation/1649,25238,Clean and jerk,activitynet~10920,val,zeroshot,1
[haus] Hvernig á að gera förðun án förðunar [titill] Byrjaðu á hreinum fleti. [skref] Þvoðu andlitið með andlitsþvotti eða sápu og volgu vatni. Einhver sápa getur verið að þorna á viðkvæmari húðinni í andlitinu.,,[haus] Hvernig á að gera förðun án förðunar [titill] Byrjaðu á hreinum fleti. [skref] Þvoðu andlitið með andlitsþvotti eða sápu og volgu vatni. Einhver sápa getur verið að þorna á viðkvæmari húðinni í andlitinu. ,"['Notaðu aðeins venjulega handsápu til að þvo andlit þitt ef þú hefur ekki val. Notaðu andlitsdúk eða flannel í litlum hringlaga hreyfingum á ennið og kinnarnar til að hjálpa til við að fjarlægja dauðar húðfrumur dagsins.'
 'Þú gætir líka notað prentduft í staðinn. Láttu andlitsloftið þorna eins og venjulega.'
 'Veldu glerkrukku eða vaska með vatnsfötu. Fylltu hann með um það bil einum lítra af volgu vatni og farðu að sveima því um andlitið.'
 '[Efni] Hreinsaðu andlit þitt með vægum hreinsiefni sem er í glasi. Berðu hreinsiefni úr uppáhalds vörunum þínum á andlitið.']",hellaswag/validation/9881,49295,Personal Care and Style,wikihow~10920,val,zeroshot,0
"[haus] Hvernig er best að vera viðbúinn náttúruhamförum [titill] Fylla út neyðaráætlun. [skref] Útbúa neyðaráætlun fyrir fjölskylduna ef náttúruhamfarir verða. Taka með upplýsingar um heimili, tengiliði út í bæ og upplýsingar um skóla, vinnustað og barnagæslu og neyðaraðstæður.",,"[haus] Hvernig er best að vera viðbúinn náttúruhamförum [titill] Fylla út neyðaráætlun. [skref] Útbúa neyðaráætlun fyrir fjölskylduna ef náttúruhamfarir verða. Taka með upplýsingar um heimili, tengiliði út í bæ og upplýsingar um skóla, vinnustað og barnagæslu og neyðaraðstæður. ","['[Efnisorð] Ekki gleyma að hafa með staðsetningar fyrir neyðaraðstöðu og að lokum barnagæslu. [ Titill] Kortleggja örugga rýmingarleið fyrir fjölskylduneyðar.'
 '[titill] Hafðu sjúkratösku og sjúkrabúnað við höndina. [skref] Sem öryggisráðstöfun skaltu hafa tilbúna hluti eins og handklæði, aukafatnað, lyf, ofnæmispúða, bólgueyðandi lyf og neyðarpoka.'
 'Bæta við rýmingarleiðum og skýlaáætlunum líka. Nokkrar vefsíður eru með sniðmát fyrir neyðaráætlanir, svona.'
 '[titill] Skrifaðu niður atriði sem hjálpa þér að vera betur undirbúin. [skref] Hugsaðu til dæmis um að kaupa kjól fyrir hvert skipti sem þú sérð straumleysi.']",hellaswag/validation/6489,24023,Home and Garden,wikihow~10920,val,indomain,2
[fyrirsögn] Hvernig á að vera með förðun fyrir hraðtískustíla [fyrirsögn] Berið rakakrem á og látið það renna inn. [fyrirsögn] Berið augngel eða augnþrýsting á augnsvæðið til að slétta húðina og draga úr þrota. [fyrirsögn] Notið leyniskyrtu á þessum tímapunkti ef þarf.,,[fyrirsögn] Hvernig á að vera með förðun fyrir hraðtískustíla [fyrirsögn] Berið rakakrem á og látið það renna inn. [fyrirsögn] Berið augngel eða augnþrýsting á augnsvæðið til að slétta húðina og draga úr þrota. [fyrirsögn] Notið leyniskyrtu á þessum tímapunkti ef þarf. ,"['[titill] Setjið á glæran grunn eins og hann er á veggnum á tækinu. [titill] Veljið feitleitan lit með því að setja nektarlit á varalit eða ferskleitan varalit á varalitinn.'
 '[titill] Berið brúnan augnskugga upp fyrir eða neðan augnlokið. [titill] Berið hann á augnlokin ef þörf er á til að hann líti út fyrir að vera stærri undir augnsnyrti.'
 '[Titill] Setjið grunnlit undir tvö hornrétt augu af myndinni. [ Titill] Notið varalit undir 1 auga upp til að það líti glansandi út.'
 '[titill] Taktu bb krem eða ljósa grunna í lit sem er aðeins léttari en náttúrulegur húðlitur. [skref] Dottið létt yfir lófana og klappaðu létt á andlitið.']",hellaswag/validation/7190,29366,Personal Care and Style,wikihow~10920,val,zeroshot,3
"[haus] Hvernig á að gera við kríubana [titill] Gera við tásprungur. [skref] Hægt er að gera við flestar kríubanasprungur með lím og gera við með bandi eða tvíbura, auk sandpappírs og olíu. Fyrst er að staðsetja sprunguna og fylla hana alveg með lím, t.d. trélími eða yfirlími.",,"[haus] Hvernig á að gera við kríubana [titill] Gera við tásprungur. [skref] Hægt er að gera við flestar kríubanasprungur með lím og gera við með bandi eða tvíbura, auk sandpappírs og olíu. Fyrst er að staðsetja sprunguna og fylla hana alveg með lím, t.d. trélími eða yfirlími. ","['Þegar búið er að fylla á lím er sprungan að fullu gróin með því að endurtaka ferlið hinum megin. Síðan er kylfunni snúið aftur í upprunalega stöðu og sprungurnar lagfærðar neðan frá.'
 'Setjið viðarlím yfir sprunguna og gætið þess að límið sem sett er á hana sé jafnt við hana. Notið minni við, líkt og pappa, með einhverju lími til að fylla í sprunguna og límið svo ofan og botninn á með bandi eða spotta.'
 'Takið allt umframlím og látið þorna í 12-24 klst. Eftir það: [efnisþættir] Sandið svæðið niður með sandpappír á milli 100 og 220.'
 'Götin eru yfirleitt frekar lítil, 1 tommu (2,5 cm) skurður í tannstenglinum dugar. Ef sprungan er eftir þarf að athuga hvort hægt sé að gera við hana með límingu.']",hellaswag/validation/8456,38429,Sports and Fitness,wikihow~10920,val,indomain,2
Í návígi við grasflöt sést að þar á eftir er manneskja á gangi sem heldur á verkfæri.,manneskjan,Í návígi við grasflöt sést að þar á eftir er manneskja á gangi sem heldur á verkfæri. manneskjan,"['þá er byrjað að skera upp grasflötina með verkfærinu.'
 'snýr sér við og gengur aftur að grasflötinni sinni.'
 'heldur áfram að lyfta blöðunum upp í loftið og hendir verkfærinu í grasið.'
 'gengur upp tröppur með verkfærið og pússar grasið.']",hellaswag/validation/1880,29065,Cutting the grass,activitynet~10920,val,zeroshot,0
Sýnt er frá dansandi manni á bílastæði.,nokkrir hlauparar,Sýnt er frá dansandi manni á bílastæði. nokkrir hlauparar,"['eru sýndar í fjarvídd.' 'að gera sig klára á byrjar að hlaupa.'
 'eru á vegköntum þar sem þeir hefja keppni.'
 'eru saman komnir, tilbúnir að hefja kapphlaup.']",hellaswag/validation/1754,27104,Running a marathon,activitynet~10920,val,zeroshot,3
"[haus] Hvernig á að gera vísundkjúklingadip [titill] Forhitið ofninn í 350 gráður. [skref] Þið viljið elda alla dippuna í ofninum þegar búið er að setja hana saman til að bræða ostinn ofan á og tryggja að bragðið blandist saman. Að því sögðu þarf að forelda kjúklinginn, þannig að í þetta skiptið í ofninum er bara að fá allt heitt.",,"[haus] Hvernig á að gera vísundkjúklingadip [titill] Forhitið ofninn í 350 gráður. [skref] Þið viljið elda alla dippuna í ofninum þegar búið er að setja hana saman til að bræða ostinn ofan á og tryggja að bragðið blandist saman. Að því sögðu þarf að forelda kjúklinginn, þannig að í þetta skiptið í ofninum er bara að fá allt heitt. ","['[titill] Hellið ólífuolíunni í djúpsteikjara eða pönnu. [skref] Til að tryggja að olían eldist jafnt þarf að passa að olían dreifist jafnt á botninn á pönnunni líka.'
 '[Titill] 8oz pakkningin af rjómaosti er hituð upp að stofuhita. [Skrefið] Þetta auðveldar einfaldlega blöndun í hin innihaldsefnin og kemur í veg fyrir að í sumum hlutum dýfunnar sé að finna krús af rjómaosti og ekkert í hinum.'
 '[Efnisorð] Gangið úr skugga um að ofninn sé í hita með því að snúa ofnskífunni og kveikja á 350of (180oc). Þegar ofninn nær 350 gráðum f (178oc) skal slökkva á ofninum.'
 '[Efni] Einnig er hægt að fara hina leiðina og vera aðeins harðari með því að halda sig við lægra hitastig í ofni. Hafa skal í huga að vísunda er flókin og hitaeiningarík sósa.']",hellaswag/validation/6623,25009,Food and Entertaining,wikihow~10920,val,indomain,1
"[haus] Hvernig á að trúa á jólasveinaákvæði [titill] Hugsaðu um hvernig þú komst að því að þetta „santa er ekki raunverulegt“ ávarp. [stef] Var það af netinu, tímariti, vini, bekkjarfélaga eða foreldrum þínum? [titill] Ef þér var sagt af einhverjum-hugsaðu um hverjir þeir eru. [stef] Ef þeir voru vinir þínir, þá eru þeir kannski úr fjölskyldu sem einhverra hluta vegna trúir ekki á töfra eða jólasveina.",,"[haus] Hvernig á að trúa á jólasveinaákvæði [titill] Hugsaðu um hvernig þú komst að því að þetta „santa er ekki raunverulegt“ ávarp. [stef] Var það af netinu, tímariti, vini, bekkjarfélaga eða foreldrum þínum? [titill] Ef þér var sagt af einhverjum-hugsaðu um hverjir þeir eru. [stef] Ef þeir voru vinir þínir, þá eru þeir kannski úr fjölskyldu sem einhverra hluta vegna trúir ekki á töfra eða jólasveina. ","['Og ef þeir trúðu á að gera þig til, þá eru líkur á að þeir elski þig mjög mikið og vilji kynnast þér betur. [Titill] Hugleiddu hvort þér líkar raunverulega við manneskjuna.'
 'Þeir hafa kannski sagt einhverjum sem þú þekkir frá, sem þýðir að þeir eru að reyna að plata þig. [undirskrefi] Reyndu að muna hvernig þú kynntist þeim áður.'
 'Eða þau eru kannski bara að reyna að vera vond. [Titill] Ef aðstandandi foreldra þinna sagði þér það, hugsaðu um hver þau eru.'
 'Þetta fólk getur verið falskt til að átta sig á því hvort þú sért sannur jólasveinn. Ekki sannfærast út frá fyrstu skoðun (veistu að hvers kyns útskýringar sanna ekki að þú sért sannur jólasveinn).']",hellaswag/validation/8927,42092,Holidays and Traditions,wikihow~10920,val,indomain,2
"[fyrirsögn] Hvernig nota á hárgrímu og sjávarsalt til að búa til strandbylgjur [titill] Setja tvær eggjarauður, hunang, brætt smjör og mjólk í könnu, blöndunarskál eða annað sem hentar. [titill] Blanda saman til að blanda. [titill] Búa til úðann úr sjávarsaltinu.",,"[fyrirsögn] Hvernig nota á hárgrímu og sjávarsalt til að búa til strandbylgjur [titill] Setja tvær eggjarauður, hunang, brætt smjör og mjólk í könnu, blöndunarskál eða annað sem hentar. [titill] Blanda saman til að blanda. [titill] Búa til úðann úr sjávarsaltinu. ","['[titill] Blandan er úðað frá höfði til fóta. [titill] Notað er krullusprota eða krullujárn til að mynda sæsaltsúðann í bylgjur.'
 '[skref] Notaðu aðeins sjávarsalt, ekki matarsalt. Bætið einni til tveimur teskeiðum af salti í sprautuflösku sem er fyllt með vatni.'
 '[skref] Saltið er blandað í litla skál og dreift jafnt um hárið með pensli. [undirskref] Valfrjálst er að þvo vatn úr hárþvottavélum og sjampói.'
 '[skref] Setjið í skál eða annað ílát. Úðaðið blöndunni yfir allt hárið, bakið og hálsinn (þ.m.t. andlitið).']",hellaswag/validation/7304,30133,Personal Care and Style,wikihow~10920,val,zeroshot,1
"[haus] Hvernig panta á skó á netinu [titill] Stingdu fætinum á blað. [skref] Skór eru í ýmsum stærðum, allt frá barna- og krakkastærðum upp í stærsta þekkta mann sem er 37aa (hann var 8' 11"" á hæð). Eins og skóstærðin segir okkur þá eru tvær mælingar, lengd og breidd.",,"[haus] Hvernig panta á skó á netinu [titill] Stingdu fætinum á blað. [skref] Skór eru í ýmsum stærðum, allt frá barna- og krakkastærðum upp í stærsta þekkta mann sem er 37aa (hann var 8' 11"" á hæð). Eins og skóstærðin segir okkur þá eru tvær mælingar, lengd og breidd. ","['Það fyrsta sem þú vilt gera er að setja fótinn á blað sem er stærra en fóturinn. [Titill] Rekja skal alla útlínur fótanna.'
 'Sumir karlmenn eru hærri en aðrir svo mælingar geta hjálpað til við að gera samanburðinn mun nákvæmari. [Titill] Mælið fæturna til að mæla lengdina.'
 '[titill] Taktu mælingarnar og prentaðu út afrit eða skrifaðu þær niður. [titill] Notaðu svartan miða til að halda blöðunum tveimur saman.'
 'Byrjaðu á því að setja upp: [substeps] Byrjaðu efst á fætinum. Notaðu upplýsingar um hvernig þú getur haft samband við þig til að rekja alla lengd fótarins rétt fyrir neðan hnéskel.']",hellaswag/validation/3594,2736,Personal Care and Style,wikihow~10920,val,zeroshot,0
Kona stendur í dansveri.,frúin,Kona stendur í dansveri. frúin,"['tekur upp kylfu og snýst.'
 'sýnir hvernig hægt er að nota færanlegan dansfélaga.'
 'framkvæmir ballettdans.' 'mála tærnar á skó.']",hellaswag/validation/2256,34505,Ballet,activitynet~10920,val,indomain,2
"[haus] Hvernig á að búa til ilmvatn [titill] Þekktu mismunandi nótur. [skrefið] Ilmvatn er blanda af mismunandi stigum lyktar, einnig kallað „nótur“. Þegar þú úðar ilmi á húðina fer það í gegnum þessar nótur í eftirfarandi röð: [efnisatriði] Efstu nótur eru það sem þú lyktar fyrst.",,"[haus] Hvernig á að búa til ilmvatn [titill] Þekktu mismunandi nótur. [skrefið] Ilmvatn er blanda af mismunandi stigum lyktar, einnig kallað „nótur“. Þegar þú úðar ilmi á húðina fer það í gegnum þessar nótur í eftirfarandi röð: [efnisatriði] Efstu nótur eru það sem þú lyktar fyrst. ","['Þú ættir að geta séð hvaða nótur loftpúðinn er að fara í gegnum í stað þess að finna alltaf sömu lyktina þegar þú ert í loftinu. Niðurtónar eru það sem þú andar að þér, rétt undir þessum loftbólum.'
 'Skór með háum hælum framan við og skjótir í sokkana þegar þú veltir tánum niður. Minni (samanburðarhæfir, smáir) nótur geta verið á hinum fætinum í stuttan tíma á meðan þú ert í búðinni.'
 'Þær eru einnig það sem hverfur fyrst, oftast innan 10-15 mínútna. Miðnótur koma fram þegar efstu nóturnar deyja út.'
 'Þær eru í meginatriðum nótur sem maður setur í nefið áður en maður setur ilmvatn á. Aðrar nótur eru: toppnótur sem liggja í nösunum.']",hellaswag/validation/4010,5861,Personal Care and Style,wikihow~10920,val,zeroshot,2
Konur bjóða upp á drykki úr gosbrunni. Karlmaður talar fyrir framan hljóðnema og fólk heldur áfram að syngja og sýna bjór.,þá,Konur bjóða upp á drykki úr gosbrunni. Karlmaður talar fyrir framan hljóðnema og fólk heldur áfram að syngja og sýna bjór. þá,"[', fólk spilar fótbolta og rífur hvert annað í hárinu.'
 ', fólk situr og spilar fótbolta og er sýnt í þættinum.'
 ', er aftur farið að syngja, drekka og dansa úti.'
 ', tveir menn berjast við sand með harmonikku á meðan maður hjálpar honum að þykjast.']",hellaswag/validation/139,1932,Drinking beer,activitynet~10920,val,indomain,2
Hópur krakka og fullorðinna er að reyna að veiða krabba í klettunum.,maður,Hópur krakka og fullorðinna er að reyna að veiða krabba í klettunum. maður,"['er að halda á slöngu til að hjálpa þeim.' 'hjálpar þeim að komast út.'
 'dregur einn krakkana út í sjó.' 'heldur uppi krabba til að fara í gám.']",hellaswag/validation/2622,39972,Building sandcastles,activitynet~10920,val,indomain,3
[haus] Hvernig á að sýna náunga að þér líki við hann [titill] Fylgstu vel með útliti þínu. [skrefið] Láttu hann vita að þér líki við hann með því að reyna að líta vel út alltaf þegar þú ert í kringum hann. Þú átt samt að vera þú sjálfur en passaðu hárið og förðunina og búningana svo hann geti tekið eftir þér.,,[haus] Hvernig á að sýna náunga að þér líki við hann [titill] Fylgstu vel með útliti þínu. [skrefið] Láttu hann vita að þér líki við hann með því að reyna að líta vel út alltaf þegar þú ert í kringum hann. Þú átt samt að vera þú sjálfur en passaðu hárið og förðunina og búningana svo hann geti tekið eftir þér. ,"['Vertu fyrir framan spegilinn á hverjum degi og hugsaðu um það sem þú heldur að myndi vekja fyrstu hrifningu. Hrósaðu sjálfum þér þegar þú ert ennþá með verki eða ef það er eitthvað annað sem þú þarft að einbeita þér að.'
 '[Efnisorð] Ef systir hans segir honum til dæmis að hún komi í heimsókn, hvort sem það er í kvöldmat eða útiveru, þá skaltu passa þig að vera með farða og fara í ilmvatn svo hann finni lyktina af þér. Þú vilt ekki að hárið á þér sé augljóst svo honum líki betur við þig.'
 '[undirleikur] Bursta tennurnar einu sinni á dag og klæða sig aðeins öðruvísi eftir að þú byrjar að vera þú sjálf. Það er enginn hrifinn af stelpu sem er ekki rosalega vel klædd.'
 'Þú þarft ekki að vera í þröngum kjól og á háum hælum ef þú ert á hafnaboltaleik með honum, en láttu hann vita að þér sé sama um útlitið þegar þú ert í kringum hann... [undirstúkur] Ekki vera hræddur við að vera svolítið sexí.']",hellaswag/validation/9947,49897,Youth,wikihow~10920,val,indomain,3
"[haus] Hvernig spara má peninga við þakviðgerðir [titill] Huga þarf að ýmsum þáttum þegar áætla á viðgerðir á þaki fyrir heimilið. [skrefið] Sérstaklega ef þú dvelur á stað eins og Planó, þar sem mikil eftirspurn er eftir slíkri þjónustu. [undirskref] Eitt ákveðið atriði sem þarf að hafa í huga er hvort þakið sé þess virði að gera við það eða ekki.",,"[haus] Hvernig spara má peninga við þakviðgerðir [titill] Huga þarf að ýmsum þáttum þegar áætla á viðgerðir á þaki fyrir heimilið. [skrefið] Sérstaklega ef þú dvelur á stað eins og Planó, þar sem mikil eftirspurn er eftir slíkri þjónustu. [undirskref] Eitt ákveðið atriði sem þarf að hafa í huga er hvort þakið sé þess virði að gera við það eða ekki. ","['Flestir sem lifa á ódýrum stað þurfa ekki á þakviðgerð að halda vegna læknis- eða snyrtiþjónustu. Ef svo er, er gott að íhuga hvort þörf sé á viðgerðinni af fjárhagsástæðum eða hvort mestu fjármunum sé fyrst og fremst varið í viðgerðir heima fyrir.'
 'Mikilvægt er að fá að minnsta kosti eitt, helst tvö eða fleiri, faglegt mat á verkinu. Ef kostnaður við viðgerð á þaki er ekki hagkvæmur eða ef neytandinn vill fá nýtt þak af snyrtilegum ástæðum er betra að skipta um þak.'
 'Sums staðar er hægt að lækka kostnað við þak að óþörfu. Sums staðar þarf að greiða verktaka fyrir að láta gera við þakið.'
 'Mörg heimili kosta mun meira að gera við sig og þurfa oft á aðstoð verktaka eða byggingarfyrirtækis að halda til að tryggja að þau hafi allt það fjármagn sem þarf. Til dæmis getur heimilið orðið fyrir miklum breytingum á skipulagi með tímanum og viðgerðakostnaður því verið þess virði að leggja meira á sig.']",hellaswag/validation/4719,11336,Home and Garden,wikihow~10920,val,indomain,1
Maður stendur í herbergi bláklæddur. Hann er að bera mynd á vegginn.,he,Maður stendur í herbergi bláklæddur. Hann er að bera mynd á vegginn. he,"['kemur skrúfjárni fyrir í veggbitanum.'
 'rofar á verkfæri og smáatriði í veggnum.'
 'síðan er sett varalím á vegginn.' 'notar tól til að jafna það út.']",hellaswag/validation/2811,42914,Hanging wallpaper,activitynet~10920,val,indomain,3
[haus] Hvernig á að þrífa eldhússugur [titill] Hreinsa mjúkar blettir með vatni. [skref] Þú ættir að geta fjarlægt litlar drunur án þess að nota hreinsilausn. Það ætti að duga að þurrka niður eldhússugur með blautri tusku til að fjarlægja flestar mjúkar blettir.,,[haus] Hvernig á að þrífa eldhússugur [titill] Hreinsa mjúkar blettir með vatni. [skref] Þú ættir að geta fjarlægt litlar drunur án þess að nota hreinsilausn. Það ætti að duga að þurrka niður eldhússugur með blautri tusku til að fjarlægja flestar mjúkar blettir. ,"['Til að auðveldast sé að fjarlægja hann er hægt að nota sömu aðferð og notuð er til að hreinsa hnappa úr látún. [titill] Lofttæming um kranann til að fjarlægja ryk og rusl.'
 '[titill] Látið vatnið renna úr krananum. [skref] Hægt er að nota annað hvort vægan þrýsting, vélræna slöngu eða sambland af hvoru tveggja.'
 '[Efni] Hægt er að nota mjúkan klút til að þurrka niður kranann ef ekki vill nota uppþvottasápu og sýklalyfjahrreinsi. [Titill] Hreinsið krana og fylgihluti kranans.'
 'Þerrið kranann alltaf þurran eftir að hann blotnar. [ Titill] Notið mildan hreinsiefni til að fjarlægja harðari bletti.']",hellaswag/validation/3707,3566,Home and Garden,wikihow~10920,val,indomain,3
"Maður setur klút á skyrtu á járnbretti til að járna, svo setur maðurinn skyrtuna á hengi.",þá,"Maður setur klút á skyrtu á járnbretti til að járna, svo setur maðurinn skyrtuna á hengi. þá","[', setur maðurinn skyrtuna í þvottavél og eftir járnun á bolinn.'
 ', hann skerpti hnífinn til að sýna hvernig á að lyfta hengiflugunni, svo setti hann skyrtuna á járnstöngina.'
 ', talar maðurinn og stillir hitastigið á járninu.'
 ', notar maðurinn rampa til að strauja skyrtuna, svo dregur hann hengi á straujárnið.']",hellaswag/validation/3191,49388,Ironing clothes,activitynet~10920,val,indomain,2
"[höf.] Hvernig má búa til förðun úr augnskugga [titill] Finndu gamlan augnskugga (eða keyptu ódýran). [skref] Hann er fínn, annað hvort í lausu eða þjappað dufti, en ekki nota neinn í gelformi. [titill] Skálið augnskugganum í skál.",,"[höf.] Hvernig má búa til förðun úr augnskugga [titill] Finndu gamlan augnskugga (eða keyptu ódýran). [skref] Hann er fínn, annað hvort í lausu eða þjappað dufti, en ekki nota neinn í gelformi. [titill] Skálið augnskugganum í skál. ","['[skrefi] Þú vilt líka bæta við tveimur dropum af matarlit eða nuddöl. [titill] Dýfa bómullarkúlu í augnskuggann, í mjög litlu magni.'
 'Fyllið hann upp að brún skálarinnar en ekki offylla. Þrýstið kannski aðeins á hnútana til að hjálpa þeim að setjast.'
 '[skref] Fyllið skálina 3/4 af leiðinni fulla af vökva. [titill] Byrjið að rúlla augnskugganum eftir sprungunni.'
 '[skref] Notið bakhlið skeiðarinnar til að mauka hana í fínt, kekkjalaust duft. [undirskref] Til að gefa varalitnum einhvern glans, setjið smá glansandi augnskugga í aðallitinn sem þið hafið valið.']",hellaswag/validation/6187,21859,Personal Care and Style,wikihow~10920,val,zeroshot,3
"[haus] Hvernig á að ná mjúkri húð [titill] Notaðu laufskinnu eða þvottadúk. [skref] Þetta grunntæki í sturtu skiptir miklu máli þegar kemur að því að hafa mýkri húð. Þurr, dauður húðin safnast upp á líkamanum og venjulegt vatn dugar yfirleitt ekki til að þvo hana burt.",,"[haus] Hvernig á að ná mjúkri húð [titill] Notaðu laufskinnu eða þvottadúk. [skref] Þetta grunntæki í sturtu skiptir miklu máli þegar kemur að því að hafa mýkri húð. Þurr, dauður húðin safnast upp á líkamanum og venjulegt vatn dugar yfirleitt ekki til að þvo hana burt. ","['Með því að nudda hratt með laufblaði eða þvottadúk í hvert skipti sem þú ferð í sturtu er hægt að losa um dauða húð og leyfa ferskri, heilbrigðri og mjúkri húð að skína í gegn. [Undirskrefi] Reyndu að nota úða af rakagefandi líkamsþvotti eða líkamslýsi með laufblaðinu eða þvottadúknum.'
 'Farðu í sturtu og sturtu líkamann með laust eða þvottadúk. Láttu hlýjuna skola burt dauða húð og þurrkaðu svo líkamann aftur.'
 'Þó er auðveldara að slétta húðina með því að nota laufskinnu og það gerir hana mýkri. Passaðu að gera þetta eftir að enginn er kominn í sturtu.'
 'Þar sem þú ert að fara í mýkri yfirborðsmeðferð þá viltu fá þvottaskinnið blautt og mjúkt til að ná í dauða húðina. Berðu gott magn af þvottaskinninu á andlitið og láttu það sitja í nokkrar mínútur.']",hellaswag/validation/6173,21774,Personal Care and Style,wikihow~10920,val,zeroshot,0
[haus] Hvernig skrifa á afreksskýrslu [titill] Opna með yfirlitsgrein. [skref] Efst í blaðinu er yfirlitsgrein. Segja lesendum frá heildarárangri.,,[haus] Hvernig skrifa á afreksskýrslu [titill] Opna með yfirlitsgrein. [skref] Efst í blaðinu er yfirlitsgrein. Segja lesendum frá heildarárangri. ,"['Segðu frá því hvernig þú náðir markmiðinu með hverju afreki. Segðu lesandanum frá einhverjum sérstökum áskorunum eða árangri sem fyrirtækið þitt hefur staðið frammi fyrir á næstu 20 árum.'
 '[Efnisorð] Kannski ertu að skrifa árangursskýrslu fyrir sjálfseignarstofnun. Þú gætir tekið saman árangur, eins og að þú hafir skipulagt viðburði sem gagnast hagsmunaaðilum, öðlast viðurkenningu atvinnulífsins og skapað tengsl við samstarfsaðila.'
 'Hvaða hluti gerðu þau vel? Hvaða markmiðum náðu þau? Greina hvaða hlutar verkefnisins leiddu til árangurs hennar. Markmið að bæta hvert skref í árangri hennar.'
 '[Efnisorð] Til dæmis mætti skrifa: „Ég eyddi því sem eftir var dags í að draga yfir mig náttfat til að undirbúa mig fyrir prófið á fimmtudaginn en sparaði tíu mínútur fyrir verkefni á þriðjudaginn. Ég missti óvart af aðalefni blaðsins míns.']",hellaswag/validation/9824,48908,Education and Communications,wikihow~10920,val,indomain,1
[haus] Hvernig á að búa til púðurmálningu [titill] Blandið líminu og rakakreminu saman. [skref] Setjið jafna hluta af hvítu líminu og rakakreminu í stóra skál. Blandið þessu saman þar til þetta er orðið að þykku kremi.,,[haus] Hvernig á að búa til púðurmálningu [titill] Blandið líminu og rakakreminu saman. [skref] Setjið jafna hluta af hvítu líminu og rakakreminu í stóra skál. Blandið þessu saman þar til þetta er orðið að þykku kremi. ,"['Dreifið blöndunni yfir alla fleti strigans. [Undirskrefi] Þið verðið að búa til púðurmálninguna í sturtunni, svo blandið þessu tvennu saman í einu til að tryggja jafna þekju.'
 '[Efni] Gætið þess að nota ekki rakspíraða kremið heldur rakakrem. Ef þið hafið áhyggjur af því að málningin festist við skeiðarnar ykkar getið þið notað prjóna, könnu eða jafnvel strá til að blanda líminu og rakkreminu saman.'
 '[Efni] Þegar þú býrð til þína eigin púðurmálningu skaltu fylgja leiðbeiningunum á umbúðunum. Blandaðu þessu tvennu saman þar til það blotnar.'
 'Berið blönduna á púðurmálninguna. [Undirskrefi] Einnig er hægt að nota gel, í þessa uppskrift er hægt að nota einhverja af þeim vörum sem lýst er í kaflanum hér á eftir.']",hellaswag/validation/5699,18285,Home and Garden,wikihow~10920,val,indomain,1
Svart karlkyns íþróttamaður er úti á velli á brautarmóti að undirbúa sig fyrir hástökk.,kallinn,Svart karlkyns íþróttamaður er úti á velli á brautarmóti að undirbúa sig fyrir hástökk. kallinn,"['tekur af stað hlaup í horni og getur tekið stökk afturábak yfir sex metra stöng og hreinsað hana.'
 'fer svo í langstökkið á meðan 10 menn fylgjast með á hliðarlínunni.'
 'svo fætur og abs hástökk og er annoncin aðeins stærri en síðastliðin tvö sem eru bæði raunveruleg.'
 'í svarta bolnum er að keppa við annan mann, sem er að hlaupa í átt að hástökksstiginu í vinstri hendinni.']",hellaswag/validation/1726,26651,High jump,activitynet~10920,val,zeroshot,0
Þarna er kona að borða ís úr baðkari og er að tala við tökumanninn.,og hann,Þarna er kona að borða ís úr baðkari og er að tala við tökumanninn. og hann,"['er farinn að gera þetta allt með priki í að fá sér ís en annar maður með priki er líka að borða úr potti og borða ís.'
 'reynir að líta í baðkarið en dregur það í burtu.'
 'er að halda á zumba þegar þau byrja að dansa í hringi og snúa fótunum og dansa í þéttri mynd.'
 'segir henni frá einhverjum stökkum kartöflum og hún borðar þær líka.']",hellaswag/validation/167,2306,Having an ice cream,activitynet~10920,val,zeroshot,1
"[haus] Hvernig á að gera stelpu sem er taugaveikluð gullfallega [titill] Ef þú átt mikið af efni frá helstu hönnuðum, eins og dior, marksjakkar, chanel, gucci, versace og svo framvegis. [skref] Lestu vanity fair, harper's bazaar, elle og vogue fyrir hugmyndir og fréttir um nýjustu strauma. Notaðu samt almenna skynsemi og ekki reyna að verða einhver sem þú ert ekki.",,"[haus] Hvernig á að gera stelpu sem er taugaveikluð gullfallega [titill] Ef þú átt mikið af efni frá helstu hönnuðum, eins og dior, marksjakkar, chanel, gucci, versace og svo framvegis. [skref] Lestu vanity fair, harper's bazaar, elle og vogue fyrir hugmyndir og fréttir um nýjustu strauma. Notaðu samt almenna skynsemi og ekki reyna að verða einhver sem þú ert ekki. ","['[titill] Ef þú ert með miðlungs fjárhag-reyndu að koma þér í verslunarmiðstöðina. [skref] Fyrst þarftu flott, sæt og vel útlítandi (ekki köfgandi en ekki laus) gallabuxur.'
 'Hugsaðu um hvað það er sem mun gleðja þig mest og vertu hreinskilin þegar þú spyrð. Ef þú ert ekki viss, spyrðu! [ Titill] Ekki vera hræddur við að tala.'
 'Róaðu þig og ekki vera of stelpuleg. [ Titill] Ef þú vilt ekki eyða peningum, skrópaðu í skólann.'
 'Það gerir þig ekki neitt, allavega ekki í fyrstu. Vertu öruggur og vertu á fullu! [ Titill] Gættu hársins.']",hellaswag/validation/7887,34316,Personal Care and Style,wikihow~10920,val,zeroshot,0
[haus] Hvernig byrjar þú að skokka [titill] Ákveðið hvað þú þarft á hlaupaskónum þínum að halda. [skref] Hlaup krefst lítils búnaðar en eina krafan sem þarf er góður stuðningsskór. Hlaupið veldur þrefalt til fimmfalt meiri þrýstingi á liði og vöðva en líkaminn sem veldur talsverðu álagi á neðri hluta líkamans.,,[haus] Hvernig byrjar þú að skokka [titill] Ákveðið hvað þú þarft á hlaupaskónum þínum að halda. [skref] Hlaup krefst lítils búnaðar en eina krafan sem þarf er góður stuðningsskór. Hlaupið veldur þrefalt til fimmfalt meiri þrýstingi á liði og vöðva en líkaminn sem veldur talsverðu álagi á neðri hluta líkamans. ,"['[titill] Ákveðið lengd hlaupaskónna. [skref] Hlaupaskórnir eru frá einum og upp í tíu metra að lengd, allt eftir því hversu langt er hlaupið.'
 '[Undirþættir] Tveir helstu þættir sem þarf að hafa í huga þegar kemur að því að finna út skóþörfina eru húðflúr og stuðningur. Því stærri sem líkamsgrindin er því meiri húðflúr þarf að hafa.'
 'Þess vegna eru hlaupaskór besti kosturinn. [Undirskrefi] Fyrir konur eru hlaupaskór örugglega ekki besti kosturinn.'
 'Í heildina litið er það gott að hlaupa á sama stað til að styrkur og þol verði sérstakt fyrir þig og þú getir þjálfað líkamsbygginguna. Hér á eftir eru dæmigerðar stöður fyrir hlaupaskó.']",hellaswag/validation/5480,16812,Health,wikihow~10920,val,indomain,1
Við sjáum mann í hljómsveit sem er að svipast um. Maðurinn stendur svo og spilar á fiðlu. Við sjáum fólk við skápa.,við,Við sjáum mann í hljómsveit sem er að svipast um. Maðurinn stendur svo og spilar á fiðlu. Við sjáum fólk við skápa. við,"['fara aftur til mannsins sem spilar á fiðlu.'
 'sjá fólk æfa sig í að slást og leika sér.'
 'sjá manninn við lyklaborðið aftur.' 'sjá fólk í strætó.']",hellaswag/validation/1639,24935,Playing violin,activitynet~10920,val,zeroshot,0
[höf.] Hvernig á að blanda geði við ókunnuga í veislum [titill] Kynntu þig. [skref] Veldu partígesti og talaðu við hann. Segðu þeim hver þú ert.,,[höf.] Hvernig á að blanda geði við ókunnuga í veislum [titill] Kynntu þig. [skref] Veldu partígesti og talaðu við hann. Segðu þeim hver þú ert. ,"['[undir] Segðu ""hæ"" við viðkomandi. Það má segja eitthvað á borð við ""hæ ég er Jane Smith og hef áhuga á að fara í partý.'
 'Segðu eitthvað á borð við: ""hæ, ég er Jessica, en þú getur kallað mig meg. ""ef ókunnugur spyr þig að nafninu eða hefur einhverjar spurningar, segðu bara ""hæ, ég er Jessica, og ég er ný hérna.'
 'Þó þau skilji þig ekki enn þá muna þau nafnið þitt. Rúllaðu pappírsumbúðum einu sinni til tvisvar og láttu eina detta á öxlina á þeim.'
 'Þú gætir til dæmis sagt: ""hæ, ég er Mike"", og síðan tekið í höndina á þeim. Tryggðu að handtakið sé hvorki of lint né of hart.']",hellaswag/validation/4309,8005,Food and Entertaining,wikihow~10920,val,indomain,3
Körfuknattleikslið er sýnt hægra megin á vellinum að gera upp leiki.,eftir nokkrar beygjur,Körfuknattleikslið er sýnt hægra megin á vellinum að gera upp leiki. eftir nokkrar beygjur,"['maður kemur inn í ramma og byrjar að sýna skrefin til að draga boltann upp líkamann.'
 'Leikurinn gengur mjög vel og margir hlaupa á völlinn og fylgjast með ungum strákum stunda ýmsar íþróttir á vellinum.'
 'liðið tekur af sér hjálma og tennisskó.'
 ', færast þeir til vinstri á vellinum og byrja að æfa leikinn upp á nýtt.']",hellaswag/validation/1629,24782,Layup drill in basketball,activitynet~10920,val,zeroshot,3
[haus] Hvernig á að gera heilsusamlegt ramen [titill] Látið tvö egg sjóða. [skref] Heilsusamlegt kjúklinga-hrútamat er með klassísku bragði sem minnir á skyndibita-hrútamat en er ferskara og mun hollara. Byrjað er á því að setja tvö heil egg í skelina í meðalstóran pott.,,[haus] Hvernig á að gera heilsusamlegt ramen [titill] Látið tvö egg sjóða. [skref] Heilsusamlegt kjúklinga-hrútamat er með klassísku bragði sem minnir á skyndibita-hrútamat en er ferskara og mun hollara. Byrjað er á því að setja tvö heil egg í skelina í meðalstóran pott. ,"['Bætið við einni matskeið af ólífuolíu eða smjörlíki, 1 teskeið af lime safa, safa af tveimur sítrónum. Setjið lokið á pottinn og látið hann sjóða við meðalháan hita, þá sjóða eggin.'
 'Eggin eru soðin í sjóðandi vatni í þrjár til fjórar mínútur, þar til þau verða viðkvæm, hitinn er síðan stilltur í miðlungshita og látin standa þar til eggin byrja að síast með restinni af eggjavökvanum. [undirskref] Sjóðið í fimm mínútur, blandið stöðugt til að koma í veg fyrir að eggið soðist upp.'
 'Bætið við vatni til að þekja eggin um 1 sentimetra (2,54 cm) og hitið þau á miðlungshita þar til vatnið nær að sjóða. [Titill] Látið eggin sitja í 7 mínútur í vatninu.'
 'Sjóðið þá yfir miðlungsháum hita þar til eggin byrja að litast og slípast á eldavélinni. [undirskref] Þegar eggin eru farin að slípast er hitinn kominn niður í miðlungs lágan hita og kjúklingurinn látinn sjóða.']",hellaswag/validation/3888,5002,Food and Entertaining,wikihow~10920,val,indomain,2
Fólk vinnur á byggingarstað.,byggingaverkamaður,Fólk vinnur á byggingarstað. byggingaverkamaður,"['notar verkfæri til að dreifa sementi á snjóinn.'
 'skrúfar einhverju ofan í botn plastpoka.' 'situr og drekkur úr bolla.'
 'notar verkfæri til að skera vinnubeð niður týpískt bros á tréplötu.']",hellaswag/validation/574,8139,Snatch,activitynet~10920,val,indomain,2
"[haus] Hvernig velja á líkamsgöt eða húðflúrsstofu [titill] Í símaskránni er hægt að finna lista yfir listamenn á svæðinu. [skref] Margir húðflúrarar bjóða bæði upp á líkamsgöt og húðflúr undir einu þaki. [titill] Spyrja um meðmæli frá vinum, gera lista yfir staði sem mælt er með og forðast hvar sem er með slæmt orðspor.",,"[haus] Hvernig velja á líkamsgöt eða húðflúrsstofu [titill] Í símaskránni er hægt að finna lista yfir listamenn á svæðinu. [skref] Margir húðflúrarar bjóða bæði upp á líkamsgöt og húðflúr undir einu þaki. [titill] Spyrja um meðmæli frá vinum, gera lista yfir staði sem mælt er með og forðast hvar sem er með slæmt orðspor. ","['[titill] Rannsaka húðflúrsmenn vel á netinu áður en ákvörðun er tekin. [skref] Húðflúrsmaðurinn er augljóslega tilbúinn að svara játandi ef þeir sýna eitthvað óvenjulegt.'
 '[titill] Hafið samband við samtök húðflúrara sem aðstoða listamenn við að velja réttu tólin til að húðflúra eftir þörfum þeirra. [titill] Hafið samband við húðflúrsala á þínu svæði á vinnuborðum á svæðinu.'
 '[skref] Ef þú finnur listamann sem þér mislíkar við, veldu listamann sem hefur mörg tengsl, er líklegur til að deila list- eða húðflúrskunnáttu. Hringdu í hann og passaðu að honum líki það sem hann hefur fundið, annars hefurðu ekkert til að snúa aftur til.'
 '[titill] Farið í nokkur myndver og skoðaðu þig um. [skref] Þið ættuð að leita að hreinu umhverfi, tryggja að nálum sé skipt fyrir hvern skjólstæðing, að sæti séu þrifin oft og að listamaðurinn noti læknishanska.']",hellaswag/validation/4500,9655,Personal Care and Style,wikihow~10920,val,zeroshot,3
Það eru tvö lið sem spila lacrosse á opnum velli.,liðin,Það eru tvö lið sem spila lacrosse á opnum velli. liðin,"['spila lacrosse á móti hvor öðrum.'
 'eru sýndir með þátttöku í leiknum þar sem einn talar við þjálfarann.'
 'eru táknaðir með bláum skyrtum og hvítum skyrtum sem þeir eru í.'
 'skorar mark og fagnar.']",hellaswag/validation/3042,46532,Playing lacrosse,activitynet~10920,val,indomain,2
"[höf.] Hvernig á að halda skemmtilegt spa svefnkvöld fyrir táningsstelpur [titill] Veldu dag. [skref] Helgar eða frítímar eru líklega besti tíminn til að halda spa svefnkvöld. Dagurinn sem allir vakna ætti að vera frídagur, því þá verða allir líklega þreyttir.",,"[höf.] Hvernig á að halda skemmtilegt spa svefnkvöld fyrir táningsstelpur [titill] Veldu dag. [skref] Helgar eða frítímar eru líklega besti tíminn til að halda spa svefnkvöld. Dagurinn sem allir vakna ætti að vera frídagur, því þá verða allir líklega þreyttir. ","['Gefðu þér tíma til að slaka á og fegraðu heimilið svo krakkarnir geti komið og farið ef þau vilja. [Titill] Setjið daginn frá fyrir heilsuræktardag.'
 '[titill] Veldu hverjum þú vilt bjóða. [skref] Bjóða að minnsta kosti þremur unglingsstúlkum að fara í neglur, farða og hár, segðu þeim hvað þær ætla að gera.'
 '[titill] Komdu með flott heilsulindardagsþema. [skref] Litir, form, stærðir, aldur o.s.frv.'
 'Ekki láta áhuga vina þinna auka spennuna í dagsins önn - þá ertu alltaf á iði. Veldu dag á mánudegi eða laugardegi sem vinir þínir eru heima á milli klukkan fjögur og sjö eða frídaga eins og jól, árshátíð og útskriftardag svo dæmi séu tekin.']",hellaswag/validation/7329,30331,Youth,wikihow~10920,val,indomain,1
[höf.] Hvernig á að þróa áætlun til að takast á við streitu [titill] Gera free-association eða stream of consciousness æfingu. [skref] Þegar byrjað er að þróa áætlun til að takast á við streitu getur það liðið eins og yfirþyrmandi verkefni. Áður en eitthvað annað er gert skaltu prófa free-association eða stream of consciousness æfingu.,,[höf.] Hvernig á að þróa áætlun til að takast á við streitu [titill] Gera free-association eða stream of consciousness æfingu. [skref] Þegar byrjað er að þróa áætlun til að takast á við streitu getur það liðið eins og yfirþyrmandi verkefni. Áður en eitthvað annað er gert skaltu prófa free-association eða stream of consciousness æfingu. ,"['Frjáls félagahreyfing getur verið: [viðfangsefni] Hlaup eða hjólandi gönguferð. Að tala við sjálfan sig í rólegu rými, eins og úti í garði eða kannski í rólegu herbergi heima.'
 'Sitjið í sófanum eða á stól í rólegu og afslappandi umhverfi og einbeitið ykkur þannig að þið þurfið ekki á neinu öðru að halda. [Undirskrefin] Það tekur smá tíma að venjast æfingaferlinu og rannsóknir sýna að það er áhrifaríkara þegar það er parað við kyrrstöðu.'
 '[Undirefni] Sitja rólegur og íhuga jákvæðu tilfinninguna að vera þakklátur fyrir það sem maður hefur í augnablikinu. Gera djúpar öndunaræfingar eða opna blindur.'
 'Þessi æfing felur ekki í sér ritskoðun hugsana heldur að skrifa þær niður eins og þær gerast. [Undirskrefin] Í mjög stuttan tíma (um það bil tvær til þrjár mínútur) skaltu skrifa allt sem veldur þér streitu.']",hellaswag/validation/9772,48498,Health,wikihow~10920,val,indomain,3
Köfunarmaður er á hægri ferð undir vatni. Kennarinn sést tala við myndavélina.,við,Köfunarmaður er á hægri ferð undir vatni. Kennarinn sést tala við myndavélina. við,"['sjá köfunarbrettin og tikka.' 'sjá svartan opnunarskjá.'
 'fara aftur undir vatn og fylgjast með köfunarmanninum á meðan leiðbeinandinn talar.'
 'sjá einstakling slaka á undir sjónum og svo köfun.']",hellaswag/validation/1148,16331,Scuba diving,activitynet~10920,val,indomain,2
[haus] Hvernig á að þrífa loftsíu [titill] Finndu loftsíu. [skref] Þurrkaða loftsían verður úr pappír eða bómullar grisju. Þurrar loftsíur eru fljótlegri að verða óhreinar en þær eru einnig auðveldari í hreinsun en olíubornar loftsíur.,,[haus] Hvernig á að þrífa loftsíu [titill] Finndu loftsíu. [skref] Þurrkaða loftsían verður úr pappír eða bómullar grisju. Þurrar loftsíur eru fljótlegri að verða óhreinar en þær eru einnig auðveldari í hreinsun en olíubornar loftsíur. ,"['Þessar síur kallast einnig dacron loftsíur og einnig væri hægt að hreinsa þær með því að nota buffing prik. Það þarf að slá á loftsíu á hliðinni til að ná loftinu úr rörinu.'
 'Þurrloftssían verður undir hettu bílsins, ofan á vélinni. Sían verður í rétthyrndum eða kringlóttum kassa.'
 '[Efnisorð] Ef loftsían er nýrri gætir þú þurft að kaupa nýja. Lestu leiðbeiningar vandlega svo þú skiljir hvernig á að þrífa hana áður en þú kaupir hana.'
 'Þurrloftssían er með litlum munnstykki og stendur upprétt á hengivír. [titill] Hafðu hreinsibúnað í nálægð.']",hellaswag/validation/5519,17050,Home and Garden,wikihow~10920,val,indomain,1
"[haus] Hvernig á að hugsa um shih tzu [titill] Bað og bursta hundinn. [skref] Það er engin ákveðin tíðni og of mikið bað getur þurrkað húð og kápu. Um það bil einu sinni í mánuði er talin góð málamiðlun, þar sem sumir hundar þurfa oftar að baða sig og aðrir minna-eftir því hversu óhreinn hundurinn verður.",,"[haus] Hvernig á að hugsa um shih tzu [titill] Bað og bursta hundinn. [skref] Það er engin ákveðin tíðni og of mikið bað getur þurrkað húð og kápu. Um það bil einu sinni í mánuði er talin góð málamiðlun, þar sem sumir hundar þurfa oftar að baða sig og aðrir minna-eftir því hversu óhreinn hundurinn verður. ","['Þó að baðið virki best yfir sumarmánuðina, getur það virkað á undirfatnað fyrir yngri hunda (fjóra eða fimm ára) til að meðhöndla útbrot og aukaverkanir. Notið alltaf hundasjampó og úðaðið því varlega yfir eyru hundsins, stór neðra eyra og undir vörina.'
 '[Efnisorð] Almennt ættir þú að baða shih tzu hundinn þinn einu sinni í viku en tilvísun í hundabúð í gæludýraverslun gæti hentað þér. Burstaðu hundinn þinn einu sinni í viku á meðan þú burstar og bættu við hreinsiefni eftir þörfum.'
 'Þú þarft einnig að bursta eða greiða hár þeirra að minnsta kosti einu sinni á dag til að koma í veg fyrir pörun á loðnunni. [undirskrefi] Shih tzu hafa loðnu, ekki loðnu.'
 'Ef þú ert að leggja þig fram skaltu reyna að baða hundinn 2-4 sinnum í viku. Ef þú getur það ekki tvisvar á dag getur loðnan orðið möttuð við þvottinn.']",hellaswag/validation/8213,36633,Pets and Animals,wikihow~10920,val,indomain,2
"[haus] Hvernig á að lita hárið í krákóla lit [titill] Veldu lit sem er viðbót við þá liti sem þú ert oft með. [skref] Þetta þýðir ekki að ef þú ert mikið með rauðan lit þá þarftu að velja rauðan, þú gætir valið annan lit sem passar vel við hann eins og appelsínugulur. [titill] Ákveddu hversu lengi þú vilt að liturinn endist.",,"[haus] Hvernig á að lita hárið í krákóla lit [titill] Veldu lit sem er viðbót við þá liti sem þú ert oft með. [skref] Þetta þýðir ekki að ef þú ert mikið með rauðan lit þá þarftu að velja rauðan, þú gætir valið annan lit sem passar vel við hann eins og appelsínugulur. [titill] Ákveddu hversu lengi þú vilt að liturinn endist. ","['[stef] Þú vilt ekki að hárið brenni frá öðrum litum á meðan restin af hárinu stendur sig best. [titill] Dab eitthvað rautt fyrir aftan eyrun.'
 '[skref] Crayola litir eru 1,5 klst. lotur sem standa yfirleitt yfir í um 2 til 3 vikur. Þú þarft stuttháralit til að passa við hárið og svo langháralit sem fylgir með.'
 'Það er ekkert sem heitir raunverulega löng lengd, það er alveg mismunandi hvað krákuliturinn er langur í raun og veru! En tvær til þrjár vikur eru yfirleitt góður tími.'
 '[skrefið] Lengd litarefnisins getur verið frá tveimur vikum eða svo og til frambúðar (verður þar til hárið stækkar). Þetta fer einnig eftir því hversu heilbrigt hárið er.']",hellaswag/validation/7206,29419,Personal Care and Style,wikihow~10920,val,zeroshot,3
"[haus] Hvernig á að láta hárið líta eðlilega út [titill] Forðast skal að bursta úr sér nýþvegið hár. [skref] Að bursta eða greiða úr hárinu eftir þvottinn mun ýta undir að hárið líti beint út. Þess í stað skal bera á snyrtivöru í sturtu, síðan skal nota breitt tannþráða bómu til að afþrengja hana og dreifa.",,"[haus] Hvernig á að láta hárið líta eðlilega út [titill] Forðast skal að bursta úr sér nýþvegið hár. [skref] Að bursta eða greiða úr hárinu eftir þvottinn mun ýta undir að hárið líti beint út. Þess í stað skal bera á snyrtivöru í sturtu, síðan skal nota breitt tannþráða bómu til að afþrengja hana og dreifa. ","['Skolið eins og venjulega og forðist að bursta hana eftir það. [ Titill] Þurrkaðu handklæði varlega með því að snúa og pressa.'
 '[titill] Klipptu hárið á rótum ef hárið er styttra. [skref] Split-ends getur leitt til skemmda á hársekkjum, reyndu að klippa hárið á rótum við þvottinn, þegar hægt er.'
 'Með þessu er tryggt að þræðirnir séu vel aftankaðir og festist ekki án þess að auka á rof. [undirskrefum] Passa skal að nota breitt tannþráða bómu til að komast frá rótum við burstun.'
 'Við djúpúðun skal leita að úðadælu sem inniheldur innbyggt prótein, svo sem útdrátt eða steinefnauppbót. Fylgja skal leiðbeiningum á úðaflöskunni til að ná nákvæmri notkun.']",hellaswag/validation/4797,11889,Personal Care and Style,wikihow~10920,val,zeroshot,0
"[haus] Hvernig forðast þú að flytja með foreldrum þínum [titill] Byrjaðu strax að spara. [skref] Besta leiðin til að undirbúa þig fyrir að búa á eigin vegum er að spara. Ef þú ert í vinnu, settu hluta af launaumslagið í sparnað fyrir framtíðar flutningskostnað.",,"[haus] Hvernig forðast þú að flytja með foreldrum þínum [titill] Byrjaðu strax að spara. [skref] Besta leiðin til að undirbúa þig fyrir að búa á eigin vegum er að spara. Ef þú ert í vinnu, settu hluta af launaumslagið í sparnað fyrir framtíðar flutningskostnað. ","['Það eru algeng mistök sem margir foreldrar gera og gera en þú getur fundið að þú nýtur góðs af því að aðrir reyni að spara. Þú getur sparað mánaðarlega eða með einhverjum af þeim fjölmörgu málamiðlunum sem eru í gangi, eins og að búa til þitt eigið kreditkort eða nota einkakort til að borga alla þína reikninga.'
 'Sparnaðarreikningar, líkt og kreditkort, geta greitt upp húsnæðisskuldir án nokkurs aukakostnaðar. [Undirskrefi] Auk þess að spara í framfærslukostnaði ættir þú einnig að skuldbinda þig til að flytja innan nokkurra mánaða frá komu þinni og spara svo aftur nokkrum mánuðum síðar til að ná endum saman.'
 'Ef þú átt bíl, geyma gamla reikninga í bílnum. Ef þú skrifar í dagbók, geyma aðra fasta á sparireikningnum.'
 'Það fer eftir daglegum kostnaði hvers og eins, en yfirleitt er það á bilinu 10-20% af launaumslagi. [Undirskrefi] Ef þú ert ekki í vinnu núna þarftu að fá tekjur sem fyrst.']",hellaswag/validation/9919,49658,Family Life,wikihow~10920,val,zeroshot,3
"[haus] Hvernig á að klæða sig vel [titill] Einbeittu þér að því að passa. [skref] Ef föt passa illa, þá er sama hversu aðlaðandi eða tískulegt þú ert, þú munt ekki líta vel klædd út. Þétt föt líta út fyrir að vera ódýr og láta þig líta út fyrir að vera þung.",,"[haus] Hvernig á að klæða sig vel [titill] Einbeittu þér að því að passa. [skref] Ef föt passa illa, þá er sama hversu aðlaðandi eða tískulegt þú ert, þú munt ekki líta vel klædd út. Þétt föt líta út fyrir að vera ódýr og láta þig líta út fyrir að vera þung. ","['Þvert á móti skiptir það máli hvernig fötin passa. Reyndu að láta fötin duga fyrir þig.'
 'Föt sem eru of stór verða til þess að þú sért slöpp. [undirskrefi] Bara það að þú komist í fatnaðinn þýðir ekki endilega að hann passi almennilega.'
 '[undirleikur] Haltu þig frá fötum með göt og sauma. Þegar þetta gerist þá líturðu allt miklu verr út.'
 'Ekki vera í of þröngum kjól eða kjól sem er þægilegur til að ganga í, annars er líklegt að þú lítir út fyrir að vera þröngvaður eða ýktur. [Undirskrefi] Veldu skurð sem sker þig lágt án þess að gera búkinn of háan og hafðu bakið beint í gegnum skurðinn.']",hellaswag/validation/3478,1839,Personal Care and Style,wikihow~10920,val,zeroshot,1
"[haus] Hvernig á að vita af hverju barn (yngra en 2) grætur [titill] Hlusta eftir háum gráti, næstum því grátandi. [skref] Þetta þýðir yfirleitt „ég er sár“ eða „ég er veikur“. Barnið tekur sér smá pásu, svo æpir það heilu lungun og endurtekur ferlið.",,"[haus] Hvernig á að vita af hverju barn (yngra en 2) grætur [titill] Hlusta eftir háum gráti, næstum því grátandi. [skref] Þetta þýðir yfirleitt „ég er sár“ eða „ég er veikur“. Barnið tekur sér smá pásu, svo æpir það heilu lungun og endurtekur ferlið. ","['Hann er þrálátur, nístandi og óskiljanlegur. Ef þú heyrir þetta róp, farðu strax til barnsins.'
 'Þessu lýkur yfirleitt eftir um það bil þrjár mínútur. [ Titill] Fylgstu með barninu með lokuð augun.'
 'Þessi grátur er yfirleitt bara viðvörunarmerki um hungur. Barn grætur einnig örlítið meira ef það er svangt.'
 'Þetta getur verið mjög óþægilegt að horfa á þetta, fáðu þá foreldri til að koma og hjálpa barninu. [Undirskrefi] Aðeins foreldri getur dæmt um aldur barnsins.']",hellaswag/validation/4775,11731,Family Life,wikihow~10920,val,zeroshot,0
"[haus] Hvernig má auka súrefnismettun á heimilinu [titill] Opnið gluggana. [skref] Þú eyðir kannski miklum tíma inni, sérstaklega á veturna. Opnið glugga á heimilinu til að hleypa fersku súrefnisríku lofti inn.",,"[haus] Hvernig má auka súrefnismettun á heimilinu [titill] Opnið gluggana. [skref] Þú eyðir kannski miklum tíma inni, sérstaklega á veturna. Opnið glugga á heimilinu til að hleypa fersku súrefnisríku lofti inn. ","['Ef þú býrð á kaldara svæði getur þú hugsað þér að opna gluggana handvirkt á hálftíma fresti. Ef þú býrð á kaldara svæði getur þú notað ac eininguna sem fylgir gluggunum til að stilla loftinntakið.'
 'Ef þér finnst best að lágmarka möguleikann á kulda, reyndu þá að kveikja á loftræstingu eða opna glugga öðru hvoru. [Undirskrefi] Ef þú ert erlendis, settu þá heimilið í kaldara loftslag til að auka súrefnismettun.'
 'Að standa lengi heima getur komið hjartanu í gang og aukið súrefnismettun í blóðrásinni. [Undirskrefi] Utandyra er til dæmis gott að opna oft gluggana á morgnana til að fá ferskt loft.'
 'Ef það er nógu hlýtt, opnaðu þá tvo glugga á sitt hvorri hlið heimilisins til að auka loftflæði. Reyndu að opna gluggana í nokkrar mínútur 3 sinnum á dag, jafnvel á veturna.']",hellaswag/validation/5550,17226,Health,wikihow~10920,val,indomain,3
"[haus] Hvernig á að reikna viðskiptavild [titill] Skilja hvernig meðalhagnaðaraðferðinni er beitt. [þrep] Með þessari aðferð er viðskiptavild jöfn meðalhagnaði ákveðins tímabils, margfaldað með fjölda ára. Þetta er einfaldasta og algengasta aðferðin til að reikna viðskiptavild.",,"[haus] Hvernig á að reikna viðskiptavild [titill] Skilja hvernig meðalhagnaðaraðferðinni er beitt. [þrep] Með þessari aðferð er viðskiptavild jöfn meðalhagnaði ákveðins tímabils, margfaldað með fjölda ára. Þetta er einfaldasta og algengasta aðferðin til að reikna viðskiptavild. ","['[Efnisorð] Til að finna meðalsölumagn fyrirtækis er miðað við fjölda ára sem starfsmaður hefur á vinnumarkaði á ári og meðalsölumagn (hreinn hagnaður). Ef starfsmaður fær t.d. greidd laun daglega á ári er meðalsölumagn 1.000 kr.'
 '[Efnisorð] Til að draga saman formúluna: viðskiptavild = meðalhagnaður x fjöldi ára. Ef þú notaðir t.d. meðalhagnað áranna 2010-14 myndir þú margfalda meðaltalið með 5.'
 '[Undirþættir] Til að einfalda matið á viðskiptavild er hægt að margfalda 1,689 dollara, eða 1,1226, með 1,65 og fá meðaltal viðskiptavildar af þeirri fjárhæð sem þú færð. Með þessari aðferð er viðskiptavild jöfn meðalhagnaði á ákveðnu tímabili.'
 'Þessi aðferð er yfirleitt notuð til að fylgja grunnmynstri viðskiptavildar og eru aðferðir hennar svipaðar. [Undirskrefin] Viðskiptavild er svipuð og svarið í „reikna tekjur“ hluta „aðferðar við að meta skatta“.']",hellaswag/validation/7672,32754,Finance and Business,wikihow~10920,val,indomain,1
[haus] Hvernig er hægt að vera hljóðlega öruggur [titill] Haltu hökunni uppi og öxlum aftur. [skref] Taugaveiklaðir eða óöruggir ganga oft um með hökuna niður og augun þjálfuð á gólfinu. Sýndu sjálfstraust með því að lyfta hökunni eins og það væri ósýnilegur þráður sem togaði höfuðið upp.,,[haus] Hvernig er hægt að vera hljóðlega öruggur [titill] Haltu hökunni uppi og öxlum aftur. [skref] Taugaveiklaðir eða óöruggir ganga oft um með hökuna niður og augun þjálfuð á gólfinu. Sýndu sjálfstraust með því að lyfta hökunni eins og það væri ósýnilegur þráður sem togaði höfuðið upp. ,"['[Efnisorð] Það hjálpar líkamsstöðunni í heild að halda hökunni í réttu stigi. Stundum þegar maður er óviss getur maður sleipt eða kúgast.'
 'Ef maður er öruggur þegar maður stendur þá er maður betri í því. Þetta er svolítið eins og að fikta með poka.'
 'Upphækkaður hökull gefur tilfinningu um undirgefni. [ Titill] Heilsaðu öðrum þegar þú sérð þá, jafnvel þó þú sért ekki mjög náinn.'
 '[viðfangsefni] Þú getur lært að tala af meiri ákefð með æfingum. Í stað þess að loka þegar hópur fólks er róstursamur eða illgjarn, skaltu hafa axlirnar aftur og hökuna niður.']",hellaswag/validation/4641,10627,Health,wikihow~10920,val,indomain,0
[haus] Hvernig á að selja til sjúkrahúsa [titill] Kynntu þér reglur og staðla sjúkrahúsa. [skref] Fyrir seljanda þarf varan og þjónustan sem boðið er upp á að vera nógu góð til að uppfylla lögbundna staðla sjúkrahússins um kaup. Kynntu þér læknareglur í þínu ríki eða á þínu svæði og gættu þess að vörurnar þínar uppfylli kröfur.,,[haus] Hvernig á að selja til sjúkrahúsa [titill] Kynntu þér reglur og staðla sjúkrahúsa. [skref] Fyrir seljanda þarf varan og þjónustan sem boðið er upp á að vera nógu góð til að uppfylla lögbundna staðla sjúkrahússins um kaup. Kynntu þér læknareglur í þínu ríki eða á þínu svæði og gættu þess að vörurnar þínar uppfylli kröfur. ,"['[titill] Finndu út hvers konar þjónustu þú þarft. [skref] Á öllum sjúkrahúsum skal vera til staðar allur tækjabúnaður til lækninga.'
 '[titill] Kynntu þér tungumál sjúkrahússins, starfshætti, klæðaburð og gjaldtöku. [skref] Það eru mörg frávik sem geta valdið veikindum, lærðu þá af virtum söluaðila.'
 '[titill] Stofna reikning í gegnum deild sjúkrahússins. [skref] Skoða á netinu eða í ákveðnum gagnagrunni eins og heimasíðu sjúkrahússins upplýsingar um söluaðila á því sviði.'
 '[Efnisorð] Staðlar fyrir sjúkrahús eru yfirleitt ákvarðaðir svæðisbundið eða eftir ríkjum. Mismunandi ríki geta haft mismunandi reglugerðir og því er mikilvægt að vita hvaða staðlar eru í því ríki sem þú ert að selja í.']",hellaswag/validation/7657,32643,Work World,wikihow~10920,val,indomain,3
[haus] Hvernig á að græða á erlendum gjaldmiðlum [titill] Að vita hvernig viðskipti með gjaldmiðla fara fram á erlendum gjaldeyrismarkaði. [skrefið] Erlendur gjaldeyrismarkaður er alþjóðlegur vettvangur fyrir viðskipti með gjaldmiðla og gengistryggða fjármálagerninga (samninga um kaup eða sölu gjaldmiðla síðar). Þátttakendur eru allt frá stærstu bönkum og fjármálafyrirtækjum til einstakra fjárfesta.,,[haus] Hvernig á að græða á erlendum gjaldmiðlum [titill] Að vita hvernig viðskipti með gjaldmiðla fara fram á erlendum gjaldeyrismarkaði. [skrefið] Erlendur gjaldeyrismarkaður er alþjóðlegur vettvangur fyrir viðskipti með gjaldmiðla og gengistryggða fjármálagerninga (samninga um kaup eða sölu gjaldmiðla síðar). Þátttakendur eru allt frá stærstu bönkum og fjármálafyrirtækjum til einstakra fjárfesta. ,"['Þetta er traustur grunnur fyrir fjárfestingar í hefðbundnu hagkerfi. Til samanburðar má segja að hefðbundnir gjaldmiðlar séu til sölu í framvirkum viðskiptum fyrir nokkur hundruð dollara (eins og áður hefur verið lýst).'
 'Skilja að það eru 14 gjaldmiðlar: \uf0d8 Í formi blandaðra gjaldmiðla eða sama gildis, 0, 2, og 5, 1, 1, og 2.'
 'Gjaldmiðlar eru seldir beint fyrir aðra gjaldmiðla á markaðnum. Af því leiðir að gjaldmiðlar eru verðlagðir með tilliti til annarra gjaldmiðla, líkt og evrur á hvern Bandaríkjadal eða japanskt jen á hvert breskt pund.'
 'Hluti af efnishyggju, sérstaklega hér í vestrænum ríkjum, er hvernig viðskiptavinir nálgast gjaldmiðla í neðri ríkjum Austurlanda og vestrænna ríkja. Þetta gefur fjárfestum tilfinningu fyrir grundvallartengslum milli efri og neðri ríkja, eins og evrópska hagkerfisins í Ameríku (190).']",hellaswag/validation/6080,21037,Finance and Business,wikihow~10920,val,indomain,2
"[haus] Hvernig tryggja á árangur með valréttardagsetningu [titill] Passaðu að hafa hugbúnað til að teikna áhættulínuritið. [skref] Þegar viðskipti eru með beina reikninga eða sölu eða lóðrétta vexti (allir lappir á sama mánuði) er tiltölulega auðvelt að finna út hámarksáhættu, hámarkshagnað og jöfnunarpunkt til að teikna áhættulínuritið. Dagatal er hins vegar láréttur flokkur sem samanstendur af tveimur mismunandi valréttarmánuðum.",,"[haus] Hvernig tryggja á árangur með valréttardagsetningu [titill] Passaðu að hafa hugbúnað til að teikna áhættulínuritið. [skref] Þegar viðskipti eru með beina reikninga eða sölu eða lóðrétta vexti (allir lappir á sama mánuði) er tiltölulega auðvelt að finna út hámarksáhættu, hámarkshagnað og jöfnunarpunkt til að teikna áhættulínuritið. Dagatal er hins vegar láréttur flokkur sem samanstendur af tveimur mismunandi valréttarmánuðum. ","['Núll sinnum er hægt að sleppa því að halda vel utan um tölurnar en töflureikniforrit eru innbyggð í það. Mismunandi töflureiknar hafa ýmsar breytur í sér.'
 'Til að búa til einn möguleika, velur þú skrá] new, og velur nafnið þitt á gagnasafninu. Þú færð þá fljótt inn gögn fyrir hvert símtal eða sprett.'
 'Það gerir það að verkum að nánast ómögulegt er að teikna áhættulínuritið handvirkt og nákvæmlega. Það þarf því hugbúnað til þess.'
 'Segulborðavélin og dagskrárgildrur eru efnin sem hjálpa til við að búa úrið til. Til þess þarf hreinan (80-20%) og skilvirkan netstuðning.']",hellaswag/validation/6921,27251,Personal Care and Style,wikihow~10920,val,zeroshot,2
"[höf.] Hvernig lifa á skilnað [titill] Gefðu þér tíma til að syrgja. [sk.] Þó að ferlið við að ljúka hjónabandi þínu hafi tekið nokkur ár, þá getur þú samt upplifað nýjan, hráan sársauka þegar loksins skánar. Veistu að það er fullkomlega ásættanlegt að syrgja hjónabandslok þín - þetta var mjög mikilvægt samband í lífi þínu.",,"[höf.] Hvernig lifa á skilnað [titill] Gefðu þér tíma til að syrgja. [sk.] Þó að ferlið við að ljúka hjónabandi þínu hafi tekið nokkur ár, þá getur þú samt upplifað nýjan, hráan sársauka þegar loksins skánar. Veistu að það er fullkomlega ásættanlegt að syrgja hjónabandslok þín - þetta var mjög mikilvægt samband í lífi þínu. ","['Leyfðu þér að syrgja á sama tíma og þú manst að sambandinu er lokið og þú ert ekki sá „vondi“ sem þú varst. [Undirskrefin] Þú gætir átt von á frekari sorg eftir skilnaðinn.'
 '[Undirleikur] Eins og hver önnur sorg þá syrgja allir misjafnlega eftir skilnað. Þú ert sá eini sem ræður hvernig það lítur út eða hversu langan tíma það tekur.'
 'Láttu þig sorgina ekki hafa áhrif á hversu langan tíma það tekur. [Undirskrefin] Að vita nákvæmlega hversu mikinn tíma þú átt eftir hjálpar þér einnig að aðlagast hugmyndinni um fullan skilnað.'
 'Gættu þess að vinna úr tilfinningum þínum einhvern tímann á þessum tíma. [undirskref] Þakkaðu maka þínum fyrir að gefa þér tíma til að vinna úr.']",hellaswag/validation/7098,28602,Family Life,wikihow~10920,val,zeroshot,1
[haus] Hvernig á að gera gufusoðnar sætar kartöflur [titill] Pæklaðu sætu kartöflurnar. [skref] Þetta er yfirleitt auðveldast að gera með hefðbundinni kartöfluflísa. Einnig er hægt að nota oddhvassan hníf.,,[haus] Hvernig á að gera gufusoðnar sætar kartöflur [titill] Pæklaðu sætu kartöflurnar. [skref] Þetta er yfirleitt auðveldast að gera með hefðbundinni kartöfluflísa. Einnig er hægt að nota oddhvassan hníf. ,"['[titill] Sneiðið tvo stóra hringi af fjólubláum rúlluhúð á botninn á stórri pönnu. [skref] Ekki ofhitna pönnuna, aðeins bæta við nægu vatni til að koma í veg fyrir að hún verði of heit.'
 '[Efni] Flekkið í moltu til að forðast sóun. Gott er að skera flögurnar í langar ræmur, láta smá kjöt á þær og búa til sætar kartöflur [Titill] Skerið kartöflurnar í bita.'
 'Athugið að enn er hægt að borða sterkjukjötið með þessu flysli. [ Titill] Nota skal sneiddar sætar kartöflur í stað rauðra piparflögna.'
 'Það er allt í lagi að gera þetta með aðskildum pesóum. [ Titill] Kryddaðu hvítlaukinn og steinseljuna í blandara eða matvinnsluvél.']",hellaswag/validation/7289,30021,Food and Entertaining,wikihow~10920,val,indomain,1
"[höf.] Hvernig á að vinna herbergi [titill] Komdu inn í herbergið með skýr markmið. [skref] Þú ættir að vita af hverju þú hefur ákveðið að vinna herbergið. Markmið þitt með tengslamyndun getur verið mjög markvisst, t.d. að reyna að fá boð á tiltekinn fund eða þú vonast til að hitta þrjá nýja einstaklinga með sameiginleg áhugamál.",,"[höf.] Hvernig á að vinna herbergi [titill] Komdu inn í herbergið með skýr markmið. [skref] Þú ættir að vita af hverju þú hefur ákveðið að vinna herbergið. Markmið þitt með tengslamyndun getur verið mjög markvisst, t.d. að reyna að fá boð á tiltekinn fund eða þú vonast til að hitta þrjá nýja einstaklinga með sameiginleg áhugamál. ","['Hver sem ástæðan er fyrir verkefninu, þá skaltu hafa eitthvað til að eyða tíma þínum alveg í svo þú getir haldið áfram að því markmiði sem þú hefur hugsað þér. [undirskref] Horfðu á vatnsglas við dyrnar.'
 'Það að læra um áhugamál hvers annars hjálpar þér mikið til að verða þægilegri. [ Titill] Lýstu starfsefninu í málsgrein.'
 'Hver sem ástæðan er fyrir því að þú ert að setja þig á svið, þá þarftu að þrýsta á fjöldann og nálgast hvern og einn umsækjanda fyrir sig. [Undirskrefin] Reynsla af fyrirtækinu, hinni miklu menningu, þroskamöguleikum hvers og eins ríkis og þeirri einstöku færni sem þú býrð yfir.'
 'Hvað sem markmiðið er, skaltu hafa það í huga þegar þú stígur inn í salinn. [Undirskrefi] Ef þú vonast til að hitta ákveðna einstaklinga á viðburðinum, skaltu kynna þér vinnu þeirra fyrirfram.']",hellaswag/validation/7168,29138,Personal Care and Style,wikihow~10920,val,zeroshot,3
"[fyrirsögn] Hvernig á að þrífa fölsk augnhár [titill] Safnaðu til þín. [skref] Áður en þú byrjar að þrífa fölsk augnhár skaltu safna til þín til þess. Til þess að nota þessa aðferð þarftu eftirfarandi: [efni] Förðunartæki, sérhannað til að fjarlægja augnsnyrti Nudd með alkóhóli bómullarhnoðrar bómullarhnoðrar/q-tip töng [titill] Þvoðu þér um hendurnar.",,"[fyrirsögn] Hvernig á að þrífa fölsk augnhár [titill] Safnaðu til þín. [skref] Áður en þú byrjar að þrífa fölsk augnhár skaltu safna til þín til þess. Til þess að nota þessa aðferð þarftu eftirfarandi: [efni] Förðunartæki, sérhannað til að fjarlægja augnsnyrti Nudd með alkóhóli bómullarhnoðrar bómullarhnoðrar/q-tip töng [titill] Þvoðu þér um hendurnar. ","['[skref] Setjið á ykkur hanska til að þvo ykkur um hendurnar. Þurrkið farða úr augunum með því að nudda áfengi.'
 '[skref] Til að byrja með skal þvo hendur í hreinu kranavatni og sýklalyfjasápu. Ekki má handfjatla fölsk augnhár með óhreinum höndum því það getur valdið augnsýkingu.'
 '[skref] Þegar allar aðrar aðferðir mistakast þarf að þvo hendur vel. Þurrka af sér allan blett áður en byrjað er.'
 '[skref] Hreinsið hendur með sýkladrepandi sápu og vatni. Á skrifstofum er kannski einfaldasta lausnin að hreinsa augun með hreinu handklæði sem er bleytt í ísóprópýlalkóhóli.']",hellaswag/validation/7809,33822,Personal Care and Style,wikihow~10920,val,zeroshot,1
"[höf.] Hvernig á að fá börnin til að borða grænmeti og ávexti [titill] Sýndu rétta forystu. [skref] Börn læra það sem fyrir þeim er haft og því er mikilvægt að foreldrar sýni rétta forystu með eigin fæðuvali. Ef foreldrar eru vanir að borða og snara óhollu, hvernig er þá hægt að ætlast til þess að börnin geri eitthvað öðruvísi? Að sýna rétta forystu til að fá börnin til að borða rétt krefst sjálfsaga foreldra.",,"[höf.] Hvernig á að fá börnin til að borða grænmeti og ávexti [titill] Sýndu rétta forystu. [skref] Börn læra það sem fyrir þeim er haft og því er mikilvægt að foreldrar sýni rétta forystu með eigin fæðuvali. Ef foreldrar eru vanir að borða og snara óhollu, hvernig er þá hægt að ætlast til þess að börnin geri eitthvað öðruvísi? Að sýna rétta forystu til að fá börnin til að borða rétt krefst sjálfsaga foreldra. ","['[Efnisorð] Búa til mat sjálfur þó að þú búir á sama veitingastað. Reyndu að vera í samræmi við það sem þú eldar.'
 '[Efni] Borðaðu með hag barnsins í huga. Hún er líklegri til að borða hollan mat ef hún þarf ekki að hafa áhyggjur af takmörkunum eða auknum hitaeiningum.'
 '[Efni] Við metum alltaf gildi þess að hjálpa börnum að taka holla máltíð inn í mataræði sitt. Aðrir foreldrar líta kannski á holla máltíð sem aukarétt í stað þess að vera hluti af einhverju skemmtilegu eða athyglisverðu.'
 'Foreldrar þurfa að veita ástríkar og ákveðnar leiðbeiningar um að taka skynsamlegar og hollar ákvarðanir varðandi mat og millibita. [Undirþrep] Það er mikilvægast að borða sjálf mikið af grænmeti og ávöxtum.']",hellaswag/validation/8743,40749,Family Life,wikihow~10920,val,zeroshot,3
"[haus] Hvernig sofna á í kennslustund [titill] Bíddu þar til kennsla er hafin. [skref] Ef bjallan hefur ekki hringt og þú ert farinn að doka við, ertu líklegri til að vekja athygli á sjálfum þér. Bíddu þar til hringing er búin og nokkrar mínútur eru liðnar af umræðum.",,"[haus] Hvernig sofna á í kennslustund [titill] Bíddu þar til kennsla er hafin. [skref] Ef bjallan hefur ekki hringt og þú ert farinn að doka við, ertu líklegri til að vekja athygli á sjálfum þér. Bíddu þar til hringing er búin og nokkrar mínútur eru liðnar af umræðum. ","['[titill] Hugaðu að því að senda kennaranum stuttan tölvupóst ef þú ert í rugli. [skref] Allt sem viðkemur því efni sem þú ert að læra þennan dag tilheyrir ekki bekknum.'
 'Klukkustund í tali í kennslustund getur hjálpað þér að hækka súrefnismagn í blóði, sem getur hjálpað þér að komast á næsta stig svefns/snoðs. [Titill] Þekktu háttatíma bekkjarins, ekki þann sem þú hefur venjulega gaman af.'
 'Það að sofna krefst einbeitingar og einbeitingar. Að auki þarf að bíða í að minnsta kosti klukkustund til að geta sofið eins lengi og hægt er áður en flogið er af stað.'
 'Með þessari aðferð getur kennarinn verið öruggur um að nemendur hans séu að fylgjast með. Þegar fyrstu mínútur kennslustundarinnar eru liðnar er betra að sofa óáreittur.']",hellaswag/validation/9305,44844,Youth,wikihow~10920,val,indomain,3
"[fyrirsögn] Hvernig á að gera fæðingarbókfell [fyrirsögn] Skrifaðu bréf til ófædds barns þíns. [skref] Skrifaðu það sem þú ert að finna fyrir, vonar um það í framtíðinni, um spennutilfinningar þínar. [fyrirsögn] Skrifaðu annað bréf til barnsins þíns daginn sem það fæðist.",,"[fyrirsögn] Hvernig á að gera fæðingarbókfell [fyrirsögn] Skrifaðu bréf til ófædds barns þíns. [skref] Skrifaðu það sem þú ert að finna fyrir, vonar um það í framtíðinni, um spennutilfinningar þínar. [fyrirsögn] Skrifaðu annað bréf til barnsins þíns daginn sem það fæðist. ","['[skrefið] Láttu þau vita hvað var að gerast þennan dag. Hvað var að gerast á meðan þú beiðst eftir að þau kæmu.'
 '[stef] Það gæti verið eitthvað álíka einfalt og „ég var að vona eftir þeim og ég vildi að þau væru hérna,“ eða „ég vildi vera til staðar fyrir þau og fylgjast með þeim vaxa úr grasi.“ [titill] Settu tónlist á og syngdu lög sem fylgja bréfunum þínum.'
 '[skref] Það getur tekið mun lengri tíma en þú heldur, vertu því þolinmóð. Sumar mæður finna fljótt að reiði þeirra fer að aukast því þær hafa alltaf beðið eftir að heyra fyrsta hjartslátt barnsins.'
 '[skref] Ekki sleppa neinum skrefum! [ titill] Náðu í stóran kassa. [skref] Settu fræ, liti og allt annað sem þér finnst gott þarna.']",hellaswag/validation/4845,12247,Family Life,wikihow~10920,val,zeroshot,0
"[haus] Hvernig á að búa til neyðarförðunarpoka [titill] Passaðu að stærðin sé rétt. [skref] Þegar þú velur þér förðunarpoka er mikilvægt að velja hann sem er nógu stór til að geyma alla hlutina þína. Þó má ekki vera að hann sé of stór eða að hann passi ekki í veski, bakpoka eða aðra tösku.",,"[haus] Hvernig á að búa til neyðarförðunarpoka [titill] Passaðu að stærðin sé rétt. [skref] Þegar þú velur þér förðunarpoka er mikilvægt að velja hann sem er nógu stór til að geyma alla hlutina þína. Þó má ekki vera að hann sé of stór eða að hann passi ekki í veski, bakpoka eða aðra tösku. ","['Finndu stærri tösku eða eitthvað sem þú getur haldið á öllum þínum verkfærum, eins og förðunaráhaldi, förðunarbursta, maskara eða varagljáa. [Undirskrefi] Ef mögulegt er, pantaðu eitthvað stærra en allan töskuna eða töskuna þína til að þú getir sett hlutina saman á þægilegan hátt.'
 'Veldu poka sem hægt er að loka vel þannig að allt haldist á sínum stað í stað þess að vera opnað. [Undirþrep] Ef þú notar poka með lokum, reyndu þá að nota laus lok, þannig að hver hlutur passi einn og sér.'
 'Ef þú veist ekki hvaða stærð þú ert að leita að, þá skaltu ekki bíða þar til þú ert búinn að velja pokann þinn í einn til tvo daga til að vita hvað hann getur geymt. [undirskrefum] Veldu poka sem er ekki of lítill.'
 'Leitaðu að förðunarpoka sem er nógu stór til að geyma allt sem þú þarft. [Undirskrefi] Einnig er gott að huga vel að lit förðunarpokans.']",hellaswag/validation/4123,6660,Personal Care and Style,wikihow~10920,val,zeroshot,3
"[haus] Hvernig á að gera skiptin á viku eða minna [titill] Gera v-teygjur, eða vöðvateygjur. [skref] Þessar teygjur beinast að aftanlærisvöðvum, innra læri, mjóbaki og kálfum (en aðeins ef þú nærð í tær). Til að gera v-teygjuna: [undirskref] Sestu niður á gólfið og breiddu fæturna í breitt v-form.",,"[haus] Hvernig á að gera skiptin á viku eða minna [titill] Gera v-teygjur, eða vöðvateygjur. [skref] Þessar teygjur beinast að aftanlærisvöðvum, innra læri, mjóbaki og kálfum (en aðeins ef þú nærð í tær). Til að gera v-teygjuna: [undirskref] Sestu niður á gólfið og breiddu fæturna í breitt v-form. ","['Leggðu fæturna upp að veggnum ef það hjálpar þér að ná dýpri teygju. Hafðu bakið eins beint og þú getur, haltu þér til hægri og reyndu að snerta hægri tær með höndunum.'
 'Rúllaðu upp hælunum þar til þeir eru komnir alveg út. Settu hendur flatar á gólfið fyrir framan þig og settu annan fótinn á hvert hné.'
 'Leggðu hendur á hnén með lófana út á við. Ýttu þér af gólfinu með hælunum, næstum eins og hliðarbaksbeygju.'
 'Hallaðu þér fram á hælana og ímyndaðu þér að þú sért að setjast í stól. Þegar þú ert í v-teygjunni skaltu reyna að ýta hælunum inn með gómunum.']",hellaswag/validation/5870,19555,Sports and Fitness,wikihow~10920,val,indomain,0
"[haus] Hvernig á að bera á hylkið [titill] Veldu litinn þinn. [skref] Hlífin er í ýmsum stærðum og litum, þú þarft að byrja á að greina húðina til að finna út hvað þú þarft. Ertu að reyna að hylja bólur? Undir augnkringjum? Ör eða fæðingarmörk? Þegar þú hefur fundið út hvað þú vilt hylja getur þú valið viðeigandi lit og lit.",,"[haus] Hvernig á að bera á hylkið [titill] Veldu litinn þinn. [skref] Hlífin er í ýmsum stærðum og litum, þú þarft að byrja á að greina húðina til að finna út hvað þú þarft. Ertu að reyna að hylja bólur? Undir augnkringjum? Ör eða fæðingarmörk? Þegar þú hefur fundið út hvað þú vilt hylja getur þú valið viðeigandi lit og lit. ","['[Efni] Ef þú ert að bera húðfellingu undir augnkringlum, skaltu nota svartan eða gráan lit. Þessir litir gera húðina minni, sem hjálpar húðfellingunni að festast við húðina.'
 'Hér eru dæmi um klassískar litasamsetningar sem hægt er að velja úr: [Efnisorð] Rauður, rósagull, kóbaltbrúnn, ljós eða grænn. Fílabeinslit, rauðbrúnn, gulbrúnn, fjólublár, indígó, ljós, ólífu, kopar, skartgripur, fjólublár.'
 '[Efnisorð] Þú getur til dæmis valið grænan lit fyrir ljósari húðlit og svartan lit fyrir dekkri húðlit. Ef þú ert með bólur skaltu velja grænan lit sem er tvöfalt dekkri.'
 'Notaðu litahjólið til að finna út hvaða litaleiðréttingartæki á að nota. Passaðu við andstæðan lit á litahjólinu til að hætta við.']",hellaswag/validation/8373,37762,Personal Care and Style,wikihow~10920,val,zeroshot,3
[haus] Hvernig á að gera snúning [titill] Sjampó og snyrta hárið eins og venjulega. [skref] Farðu í gegnum hefðbundna sturtu og þvoðu hárið vel með bæði sjampói og snyrtivöru. Passaðu að skola þessar vörur alveg með vatni.,,[haus] Hvernig á að gera snúning [titill] Sjampó og snyrta hárið eins og venjulega. [skref] Farðu í gegnum hefðbundna sturtu og þvoðu hárið vel með bæði sjampói og snyrtivöru. Passaðu að skola þessar vörur alveg með vatni. ,"['Skolið síðan sjampóið með volgu vatni úr vaskinum. [undirskref] Vefnaðið litlu handklæði um axlirnar og notið til þess snyrtivöru sem keypt er í búðinni.'
 'Hreint hár svarar betur hársnyrtivörum og er líklegra til að halda snúningi. [ Titill] Þurrkaðu hárið með handklæði þar til það er orðið rakt.'
 '[titill] Snúðu hárinu undir sturtuhausinn þar til þú ert eftir með undirskurðinn á hárinu við höfuðið. [skref] Togaðu hárið undir höfuðið, frá eyrunum.'
 'Ekki bæta við næringarblöndu á milli þvotta því það veldur bragðleysi. [ Titill] Berið sjósalts rakkrem á hendurnar.']",hellaswag/validation/8491,38718,Personal Care and Style,wikihow~10920,val,zeroshot,1
Stór hópur klappstýra sést ganga út á sviði á meðan fólk horfir á hliðarlínuna.,hópurinn,Stór hópur klappstýra sést ganga út á sviði á meðan fólk horfir á hliðarlínuna. hópurinn,"['byrjar svo rútínu með fimleikarútínu og leiðir inn í þær hopp og framkvæma flipp og brögð.'
 'snúast um hvern annan þegar þeir kætast.'
 'hleypur svo niður ganginn og kastar saman blásturshljóðum á meðan aðrir kætast.'
 'byrjar að framkvæma gleðiæfingu á meðan hoppað er og spólað á sviðinu.']",hellaswag/validation/1955,30130,Cheerleading,activitynet~10920,val,indomain,3
"[haus] Hvernig á að stíla hlébarðaskó [titill] Passa skóstílinn við tilefnið. [skrefið] Hjólabarðar eru fjölhæfir og henta við nánast hvaða tilefni sem er, en hlébarðaskór eru kannski taldir of glansandi fyrir flest vinnuumhverfi. Sem slíkt væri best að spara þá fyrir stefnumót eða sérstakar útiverustundir og halda sig við skófatnað í staðinn.",,"[haus] Hvernig á að stíla hlébarðaskó [titill] Passa skóstílinn við tilefnið. [skrefið] Hjólabarðar eru fjölhæfir og henta við nánast hvaða tilefni sem er, en hlébarðaskór eru kannski taldir of glansandi fyrir flest vinnuumhverfi. Sem slíkt væri best að spara þá fyrir stefnumót eða sérstakar útiverustundir og halda sig við skófatnað í staðinn. ","['Konur geta hins vegar verið í flautum á hvaða viðburði sem er. [ Titill] Prófaðu grunnt hlébarðastíl til að fá smá púða.'
 '[titill] Veldu háa hæla ef þú ert að byrja á leopard print stiletto. [skref] Lágir hælar auka líkur á að húðin nuddi sér í hælana, sem gerir þá húðfelldari og þar af leiðandi meira útflæði.'
 'Leopard print flatar geta verið hnélangar eða lengri. Veldu bara lit, lögun eða mynstur sem passar við þinn klæðaburð.'
 '[titill] Meðhöndlaðu hlébarðaprent sem hlutlausan lit þegar þú setur upp búninginn þinn. [skref] Þetta þýðir að þú getur parað hann við nánast hvaða lit sem er.']",hellaswag/validation/8019,35379,Personal Care and Style,wikihow~10920,val,zeroshot,3
"[haus] Hvernig fjarlægja á yfirvaraskegg (fyrir stelpur) [titill] Veldu krem til að fjarlægja sársaukalausan valkost. [skref] Þar sem íðefnin sem koma við sögu í þessu ferli eru hörð, veldu krem sem er hannað fyrir viðkvæma andlitshúð. Farðu í snyrtivöruverslun og leitaðu að vöru sem segir að hún sé sérstaklega ætluð fyrir andlitshár.",,"[haus] Hvernig fjarlægja á yfirvaraskegg (fyrir stelpur) [titill] Veldu krem til að fjarlægja sársaukalausan valkost. [skref] Þar sem íðefnin sem koma við sögu í þessu ferli eru hörð, veldu krem sem er hannað fyrir viðkvæma andlitshúð. Farðu í snyrtivöruverslun og leitaðu að vöru sem segir að hún sé sérstaklega ætluð fyrir andlitshár. ","['Ef þú ert ekki viss skaltu biðja félaga að benda þér á einn. [Titill] Finndu þurrkkrem sem hentar fyrir andlitshár.'
 '[Efnisorð] Flestar þægindavöruverslanir eins og Walmart eru þó ekki eins sérhæfðar. Til dæmis er hægt að sjá vöru á afsláttarsíðunni eða á netinu sem þýðir að þú myndir nota þennan krem á andlitið, frekar en að setja hann bara á yfirvaraskeggið.'
 '[Efni] Mörgum finnst hreinsandi krem slakandi og róandi. Aseton hreinsar húðina áður en hún flagnar en salisýlsýra flýtir fyrir.'
 'Einnig þarf að athuga nákvæmt pH og hitastig sem tilgreint er á merkimiðanum. [Undirskrefi] Flest förðunarkrem eru vatnsþétt svo þau valdi ekki skemmdum á húðinni.']",hellaswag/validation/7325,30291,Personal Care and Style,wikihow~10920,val,zeroshot,0
[haus] Hvernig á að þrífa prentara með leysigeisla [titill] Slökktu á prentaranum og taktu hann úr sambandi við rafmagnsgjafa minnst 1 klst. fyrir þrif til að kæla hann niður og koma í veg fyrir raflost. [titill] Opnaðu prentarann til að skoða innri hluta. [skref].,,[haus] Hvernig á að þrífa prentara með leysigeisla [titill] Slökktu á prentaranum og taktu hann úr sambandi við rafmagnsgjafa minnst 1 klst. fyrir þrif til að kæla hann niður og koma í veg fyrir raflost. [titill] Opnaðu prentarann til að skoða innri hluta. [skref]. ,"['[Efni] Skoðaðu handbók eiganda þíns til að ákvarða hvernig opna á prentarann. Sumir prentarar eru með læsingum, sumir opnast á hjörum og aðrir gætu þurft skrúfjárn.'
 'Til að finna ördiskinn, notaðu Ctrl (stopp) lykil í power config box neðst á prentaranum, síðan vinstrismellir þú á ördiskinn. Finndu síðan aðgangspunktinn sem heldur einingunni í gangi.'
 '[titill] Skiptu um jákvæða og neikvæða hleðslu á prentvélinni. [skref] Þú gætir þurft auka pint (15.'
 'Það er lítil plastflipa á botni prentarans (efst á síðunni með bleki). Togaðu flipann aftur til að láta prentarann taka af.']",hellaswag/validation/3332,701,Computers and Electronics,wikihow~10920,val,indomain,0
"[haus] Hvernig á að búa til líkamslýsi [titill] Finndu litlar, dökkar glerflöskur til að geyma lýsið. [skref] Sól og loft brjóta niður lýsið með tímanum. Geymið lýsið í flöskum úr dökku hálf-glæru gleri, á stærð við litla ilmvatnsflösku.",,"[haus] Hvernig á að búa til líkamslýsi [titill] Finndu litlar, dökkar glerflöskur til að geyma lýsið. [skref] Sól og loft brjóta niður lýsið með tímanum. Geymið lýsið í flöskum úr dökku hálf-glæru gleri, á stærð við litla ilmvatnsflösku. ","['[Efni] Einnig er hægt að geyma olíuna í dökku plastgeymsluíláti í kæli. [Titill] Setjið hráefnin og olíuna saman í glerflöskuna.'
 'Í gerjunarferlinu myndast óuppleystar olíur sem þynnast og hvarfast við aðrar olíur, líkt og ólífuolía. Tómna skal grunna skál af olíu í annað vel loftræst ílát og nota til að geyma olíuna.'
 'Þetta gefur minni hita og raka en opin flaska. [ Titill] Fyrir duftið skal velja vörumerki eða tegundir af dufti sem inniheldur 10% prótein.'
 'Smæðin gerir það að verkum að hægt er að nota magnið áður en það brotnar niður en um leið er höfðarýmið (loftið í flöskunni) lágmarkað sem hraðar rotnun. [Undirskrefi] Nota flöskur með þéttu loki eða tappa.']",hellaswag/validation/6939,27392,Personal Care and Style,wikihow~10920,val,zeroshot,3
Hópur hlaupara í maraþonhlaupi fór framhjá gatnamótum þar sem einn maður bar stóran kross eins og Jesús.,manninn,Hópur hlaupara í maraþonhlaupi fór framhjá gatnamótum þar sem einn maður bar stóran kross eins og Jesús. manninn,"['með krossinum fara framhjá byggingu þar sem nokkrir hlauparar fara framhjá.'
 'endurstillir krossinn sem hann var að skipta út áður en hann fór til baka með því að stilla krossinn aftur.'
 'sést í mismunandi stellingum á hlaupum maraþonsins með kross.'
 'að mestu hrapar frá áframhaldandi þverun.']",hellaswag/validation/2591,39680,Running a marathon,activitynet~10920,val,zeroshot,2
"[fyrirsögn] Hvernig á að biðja um skilnað að borði og sæng [titill] Undirbúið makann. [skref] Þið viljið ekki blinda viðkomandi úr lausu lofti. Það að láta makann vita að þið viljið ræða málin getur hjálpað honum að undirbúa sig andlega fyrir það sem framundan er, jafnvel þótt hann viti ekki nákvæmlega hvað þið ætlið að segja.",,"[fyrirsögn] Hvernig á að biðja um skilnað að borði og sæng [titill] Undirbúið makann. [skref] Þið viljið ekki blinda viðkomandi úr lausu lofti. Það að láta makann vita að þið viljið ræða málin getur hjálpað honum að undirbúa sig andlega fyrir það sem framundan er, jafnvel þótt hann viti ekki nákvæmlega hvað þið ætlið að segja. ","['[Undirmenn] Segðu maka þínum bara að þú viljir fá réttarslit frá þeim. Láttu hann vita, í stað þess að útskýra að þú viljir bíða þangað til strax eftir að makinn er tekinn inn í dómskerfið.'
 '[Undir] Þú getur sent maka þínum fyrirfram tilkynningu um áform þín um að ræða skilnað. Þannig kemstu hjá langri bið í viku.'
 'Mikilvægt er að láta makann vita að þú íhugir að halda viðræðum milli þín og lögmannsins fyrir framan dómarann, óháð tengslum makans við viðkomandi. [Undirskrefi] Gott er fyrir ykkur bæði að ræða mögulega lögmenn fyrirfram.'
 '[undir] Það má segja: „Ég vil ræða hvert samband okkar stefnir. Getum við sest niður og rætt það fljótlega?“ „ Það hjálpar til við að telja makanum trú um að eitthvað sé að.']",hellaswag/validation/8364,37723,Family Life,wikihow~10920,val,zeroshot,3
"[haus] Hvernig búa á til reykjandi augnhrif [titill] Veldu liti sem ýta undir augun. [skrefið] Þú getur gefið augunum aukið augnþrýsting með því að nota sérstaka liti í augnskugga og augnþurrku. Hugleiddu eftirfarandi liti eftir augnlitnum: [efnisorð] Blá augu: Ljósir, náttúrulegir tónar eins og kóral og kampavín.",,"[haus] Hvernig búa á til reykjandi augnhrif [titill] Veldu liti sem ýta undir augun. [skrefið] Þú getur gefið augunum aukið augnþrýsting með því að nota sérstaka liti í augnskugga og augnþurrku. Hugleiddu eftirfarandi liti eftir augnlitnum: [efnisorð] Blá augu: Ljósir, náttúrulegir tónar eins og kóral og kampavín. ","['Græn augu: samsvarandi litir svarts og græns (svo sem djúpfjólublár, smaragðsgrænn, vínrauður). Hafra- og marrónugul augu: græn með ólífuundirtón.'
 'Fjólublá augu: mjúkir litir eins og krem, heslihneta, djúpt mauve, djúpt karamella, djúpt appelsínugult eða mahogany. Ólífu augu: feitletraðir litir eins og kalk eða jarðarber.'
 'Dökk, reykblá: svalur, fölur blær. Jarðtónar: hlutlausir litir eins og brúnn, brúnn og grár.'
 'Forðastu að vera með allt of dökkt og reykríkt augnaráð sem getur yfirbugað föl augun. Brún augu: flestir litir virka með brúnum augum.']",hellaswag/validation/5222,14734,Personal Care and Style,wikihow~10920,val,zeroshot,3
Tvær konur kveikja á sígarettum hvor hjá annarri. Þær sitja við borð og reykja sígarettur sínar.,þeir,Tvær konur kveikja á sígarettum hvor hjá annarri. Þær sitja við borð og reykja sígarettur sínar. þeir,"['blása reykhringi út í loftið fyrir framan þá.'
 'klára að tala og setja sig í stellingar.'
 'taka sígaretturnar út og reykja.' 'dansa og sitja saman.']",hellaswag/validation/1763,27262,Smoking a cigarette,activitynet~10920,val,indomain,0
[haus] Hvernig á að búa til vefsíðu án þess að kunna html [titill] Skráið lénið. [undirskref] Áður en þið hugsið um að byggja upp vefsíðuna ykkar ættuð þið að skrá lénsheiti. Lénsheiti er það sem lítur svona út: „yourdomain.com“.,,[haus] Hvernig á að búa til vefsíðu án þess að kunna html [titill] Skráið lénið. [undirskref] Áður en þið hugsið um að byggja upp vefsíðuna ykkar ættuð þið að skrá lénsheiti. Lénsheiti er það sem lítur svona út: „yourdomain.com“. ,"['Lénheitið þitt táknar slóð (eða fast veffang) vefsíðunnar þinnar. Því þegar einhver slær inn ""yourdomain.com"" eða ""www.yourdomain.com"" þá sér hann vefsíðuna þína.'
 '[Titill] Ákveðið hvort þið viljið búa til vefsíðu á tölvu eða búa til ykkar eigin vefsíðu. [Undirskrefi] Annað lénsheiti er „beolroomsstartbuilder.com“.'
 'Þú þarft að skrá lénsnafnið þitt og þemað á eyðublað á vefsíðunni sem ber heitið ""html template"". í þínu sveitarfélagi eða í háskóla sveitarfélagsins þarft þú að hafa þetta sem lénsnafn á vefnum.'
 'Ef nafnið er ""yourdomains.html"" þarf að skrá það fyrst. Sláðu inn nafn og netfang léns efst á vefsíðunni.']",hellaswag/validation/9812,48801,Computers and Electronics,wikihow~10920,val,indomain,0
[haus] Hvernig á að verða kortagerðarmaður [titill] Skilja starfslýsinguna. [skref] Allir kortagerðarmenn þurfa að geta séð fyrir sér gögn með greiningu og listrænu ímyndunarafli. Þeir leggja mikla áherslu á smáatriði og nákvæmni til að geta yfirfært gögnin yfir á kort og hafa orð á sér fyrir að vera fullkomnunarsinnar.,,[haus] Hvernig á að verða kortagerðarmaður [titill] Skilja starfslýsinguna. [skref] Allir kortagerðarmenn þurfa að geta séð fyrir sér gögn með greiningu og listrænu ímyndunarafli. Þeir leggja mikla áherslu á smáatriði og nákvæmni til að geta yfirfært gögnin yfir á kort og hafa orð á sér fyrir að vera fullkomnunarsinnar. ,"['Færni í tölvuforritun og stærðfræðikunnátta er sífellt að verða meira virði á kortagerðarvinnumarkaðnum en ekki er endilega þörf á mikilli reynslu í þessum greinum. [Undirskrefi] Flestir kortagerðarmenn eru í skrifstofuvinnu og eyða 35-40 klukkustundum á viku í að vinna aðallega við tölvuna og að leggja drög að töflu.'
 'Sketchacosee er mikill kortagerðarmaður, hann notar þessa eiginleika til að þróa og raða smáatriðum og hefur skapandi huga sem gagnrýnir myndir, atriði og hugmyndir. Þegar þú ert að rannsaka hvernig þú getur orðið kortagerðarmaður þarftu að fylgjast með hvernig fólk myndi líta á skrif þín.'
 'Fyrir ljósmyndara á öllum aldri er oft rætt um starfsbrautir, leyfisveitingar og færni í einkaskólum eða háskólum. [ titill] Ákveðið hvort starfsbrautin henti ykkur.'
 'Kortagerðarmenn þurfa almennt að skilja hvernig á að leysa vandamál. [Undirskrefin] Þú vilt koma með ákveðinn flokk fyrir núverandi hæfileika í kortagerð og koma þeim hæfileikum í verk.']",hellaswag/validation/5730,18519,Work World,wikihow~10920,val,indomain,0
[fyrirsögn] Hvernig á að fylgjast með barnaleiddu fráfærunámi [titill] Byrja á viðeigandi aldri. [skref] Ekki má byrja að nota barnaleiddu fráfærunámi fyrr en barnið er tilbúið. Vegna þroska barns geta flest ungbörn byrjað að nota barnaleiddu fráfærunámi við sex mánaða aldur.,,[fyrirsögn] Hvernig á að fylgjast með barnaleiddu fráfærunámi [titill] Byrja á viðeigandi aldri. [skref] Ekki má byrja að nota barnaleiddu fráfærunámi fyrr en barnið er tilbúið. Vegna þroska barns geta flest ungbörn byrjað að nota barnaleiddu fráfærunámi við sex mánaða aldur. ,"['Flest ungbarnaofát hefst við sex mánaða aldur. Það tekur yfirleitt 24-24 klukkustundir áður en barnið sofnar eftir fyrstu máltíðina.'
 '[Efnisorð] Það er mismunandi eftir einstaklingum hvenær best er að byrja að venja börn af spena. Það er hægt að byrja að venja börn um 11 mánaða aldur eða byrja aðeins um 12 mánaða aldur.'
 'Þá er barnið byrjað að venja sig á matinn. Byrjaðu á því að fara með barnið í kjörbúðina eða barnabúðina og bjóða því mat (þar af leiðandi nafnið).'
 'Ef reynt er að byrja að venja barn á undan sér fyrr, eins og við fjögurra mánaða aldur, getur það valdið hættu á köfnun. [Undirskrefin] Barnið sýnir fram á að það sé þroskalega tilbúið til að skipta úr brjóstamjólk yfir í mat.']",hellaswag/validation/9939,49834,Family Life,wikihow~10920,val,zeroshot,3
"[haus] Hvernig á að bera á sig drullusokk [titill] Scoop out some beauty mud. [skref] Notaðu mið- og hringfingur til að ausa út einhverju af snyrtidrullunni. Byrjaðu á litlu magni, um það bil á stærð við tígul.",,"[haus] Hvernig á að bera á sig drullusokk [titill] Scoop out some beauty mud. [skref] Notaðu mið- og hringfingur til að ausa út einhverju af snyrtidrullunni. Byrjaðu á litlu magni, um það bil á stærð við tígul. ","['Ef þú vilt setja þykkt lag af fegrunarleðju á þig, geturðu ausið út meira magn. [undirskref] Munið að það er auðveldara að bæta fegrunarleðju á andlitið en að fjarlægja umframmagn.'
 'Fingurstærðin á að vera í lagi, því drullan á að bera á hárið. [Undirskrefi] Þvoið hendur og andlit áður en þið ausið drullunni.'
 'Flestar vörur fylgja með áhaldi. Sumar eru með andlitsdufti eða jarðolíuhlaupi en það er mjög misjafnt eftir stærð.'
 'Þú gætir valið að nota annað lítið magn eftir því hversu þykka þú vilt hafa drulluna. Ef þú ert aðeins að gera minna magn er líklegra að drullan festist.']",hellaswag/validation/4397,8753,Personal Care and Style,wikihow~10920,val,zeroshot,0
Brosandi maður í sólgleraugum opnar munnskol og garga. Maðurinn spýtir í bolla. Kona fjarlægir plakat af veggnum.,við,Brosandi maður í sólgleraugum opnar munnskol og garga. Maðurinn spýtir í bolla. Kona fjarlægir plakat af veggnum. við,"['skipta yfir í vesturskotna byssusýningu þar sem hermenn hlaða byssum.'
 'sjá lokamynd.' 'sjá karlinn og kerlingarnar í bílskúrnum tala saman.'
 'sjá mann þerra hnakkann.']",hellaswag/validation/845,11626,Gargling mouthwash,activitynet~10920,val,zeroshot,1
Hendur manns sjást skerpa hníf yfir afgreiðsluborði og í inngangi segir „eldhúsbrögð við að skerpa hnífa“.,þá þar,Hendur manns sjást skerpa hníf yfir afgreiðsluborði og í inngangi segir „eldhúsbrögð við að skerpa hnífa“. þá þar,"['eru meira nærskot af hnífastykki og taka þau af teljaranum og setja ferningana í vasana.'
 'er maður með tilbúinn hníf sem situr í tréskál og sker skál með hníf og annar notar járnstykki á dúk.'
 'er þarfalisti á skjánum og skál, skæri og önnur verkfæri sjást á teljaranum.'
 'Einnig er titilskjár með merki veitingastaðarins og orðunum „ Francois Clementine“ sem eru samkeppnishæf.']",hellaswag/validation/393,5493,Sharpening knives,activitynet~10920,val,zeroshot,2
"[haus] Hvernig á að búa til skinnu til notkunar á húð [titill] Kaupa ferskt, húðvarið skinnuduft. [skref] Setja kífókló yfir skál, hella síðan skinnuduftinu í hana. Lyfta klóinni upp og skafa skinnuna varlega upp við klóina.",,"[haus] Hvernig á að búa til skinnu til notkunar á húð [titill] Kaupa ferskt, húðvarið skinnuduft. [skref] Setja kífókló yfir skál, hella síðan skinnuduftinu í hana. Lyfta klóinni upp og skafa skinnuna varlega upp við klóina. ","['Þú vilt ekki sjá smáatriðin í hænsnaduftinu á klútnum. [undirskrefum] Bera húðin þín þarf hænsnaduftið.'
 'Silkið og umhverfisvæna þéttið inniheldur hjálpar til við að koma í veg fyrir að mikið af blettum myndist á silkidúknum. [Undirskrefi] Passaðu að nota hunang þar sem það inniheldur 1/2 til 1 hluta af hunangi.'
 'Fleygið þeim hænum sem eftir eru í bauknum, endurtakið síðan ferlið 2 sinnum enn með þeim hænum sem eftir eru í skálinni. [undirskref] Byrjað er á að taka fleiri hænur en þið teljið að þurfi.'
 'Haltu þessu áfram þar til allt duftið er farið. [Undirskrefi] Þú getur notað gamla tannbursta til að nudda hænu í hárið.']",hellaswag/validation/8592,39533,Personal Care and Style,wikihow~10920,val,zeroshot,2
[haus] Hvernig á að greiða tekjuskatt af dánarbúi [titill] Farið á heimasíðu irs. [skrefið] Dánarbú er aðskilin skattskylda frá dánarbúinu sjálfu. Því þarf dánarbú dánarbús að fá kennitölu áður en hægt er að skila skattframtali.,,[haus] Hvernig á að greiða tekjuskatt af dánarbúi [titill] Farið á heimasíðu irs. [skrefið] Dánarbú er aðskilin skattskylda frá dánarbúinu sjálfu. Því þarf dánarbú dánarbús að fá kennitölu áður en hægt er að skila skattframtali. ,"['Finna vefsíðu irs með því að leita „ https: // www. irs. gov/irs-irs. php. "" [ titill] Finna auðveldasta skattanúmer ríkisins (ein).'
 'Heimasíða irs.is Heimasíða irs.is Heimasíða irs.is Heimasíða irs.is Heimasíða irs.is Heimasíða irs.is Heimasíða irs.is Heimasíða irs.is Heimasíða irs.is Heimasíða irs.is Heimasíða irs.is Heimasíða irs.is Heimasíða irs.is Heimasíða irs.is Heimasíða irs.is Heimasíða irs.is Heimasíða irs.is Heimasíða irs.is Heimasíða irs.is Heimasíða irs.is Heimasíða irs.is Heimasíða irs.is Heimasíða irs.is Heimasíða irs.is Heimasíða irs.is Heimasíða irs.is Heimasíða irs.is Heimasíða irs.is Heimasíða irs.is Heimasíða irs.is Heimasíða irs.is Heimasíða irs.is Heimasíða irs.is Heimasíða irs.is Heimasíða irs.is Heimasíða irs.is Heimasíða irs.is Heimasíða irs.is Heimasíða irs.is Heimasíða irs.is Heimasíða irs.is Heimasíða irs.is Heimasíða irs.is Heimasíða irs.is Heimasíða irs.is Heimasíða irs.is Heimasíða irs.is Heimasíða irs.is Heimasíða irs.is Heimasíða irs.is Heimasíða irs.is Heimasíða irs.is Heimasíða irs.is Heimasíða irs.is Heimasíða irs.is Heimasíða irs.is Heimasíða irs.is Heimasíða irs.is Heimasíða irs.is Heimasíða irs.is Heimasíða irs.is Heimasíða irs.is Heimasíða irs.is Heimasíða irs.is Heimasíða irs.is Heimasíða irs.is Heimasíða irs.is Heimasíða irs.is Heimasíða irs.is Heimasíða irs.is Heimasíða irs.is Heimasíða irs.is Heimasíða irs.is Heimasíða irs.is Heimasíða irs.is Heimasíða irs.is Heimasíða irs.is Heimasíða irs.is Heimasíða irs.is Heimasíða irs.is Heimasíða irs.is Heimasíða irs.is Heimasíða irs.is Heimasíða irs.is Heimasíða irs.is Heimasíða irsíða irs.is Heimasíða irs.is Heimasíða irsíða irs.is Heimasíða irsíða irs.is Heimasíða irsíða irs.is Heimasíða irsíða irs.is Heimasíða irsíða irsíða irs.is Heimasíða irsíða irsíða irs.is Heimasíða irsíða irsíða irsíða irs.is Heimasíða irsíða irsíða irsíða irs.is Heimasíða irsíða irsíða irsíða irsíða irs.is Heimasíða irsíða irsíða irsíða irsíða irsíða irs.is Heimasíða irsíða irsíða irsíða irsíða irsíða irs.is Heimasíða irsíða irsíða irsíða irsíða irsíða irsíða irs.is'
 'Þetta skráningarnúmer kemur sér vel ef ætlunin er að halda búinu eftir að skilorðsbundnu búi er náð. [Undirskrefi] Þetta getur hentað vel ef óttast er að verulegur frádráttur verði á skatti við lok ævi dánarbús.'
 'Skattnúmer dánarbús kallast ein. Ein kemur á sniði 12-345678x.']",hellaswag/validation/9709,47944,Finance and Business,wikihow~10920,val,indomain,3
Piltur í appelsínugulri skyrtu er að spila tölvuleik. Atriðið breytist í leikinn sjálfan. Atriðið breytist aftur í piltinn.,myndavélin,Piltur í appelsínugulri skyrtu er að spila tölvuleik. Atriðið breytist í leikinn sjálfan. Atriðið breytist aftur í piltinn. myndavélin,"['færist aftur í úrslit leiksins.' 'dýfur inn á hljóðfærið sitt.'
 'dýfur inn á stýribúnaðinn.' 'færist frá drengnum.']",hellaswag/validation/2881,44091,Washing face,activitynet~10920,val,zeroshot,2
"[haus] Hvernig vernda á peningana sína [titill] Farið varlega á netinu. [skref] Að fá eitthvað fyrir ekkert er einkenni margra þessara svindla. Nánast enginn býður eitthvað fyrir ekkert, þannig að ef það er kjarninn í grunsamlegum svindli þá þarf að rannsaka það betur.",,"[haus] Hvernig vernda á peningana sína [titill] Farið varlega á netinu. [skref] Að fá eitthvað fyrir ekkert er einkenni margra þessara svindla. Nánast enginn býður eitthvað fyrir ekkert, þannig að ef það er kjarninn í grunsamlegum svindli þá þarf að rannsaka það betur. ","['Ef grunur leikur á að um opinn seðlabanka sé að ræða skal segja þeim að varast að nota seðilinn. Spyrja þá hvort það séu til ákveðin lög sem banna notkun þessara vefsíðna og ef mögulegt er hvernig hægt sé að vinna sér inn pening ef seðlabankastjóri óskar eftir því.'
 'Ef það hljómar of vel til að vera satt, þá er það svo sannarlega svo. Ef einhver segist eiga arf frá löngu týndu ættingja, hálaunaða vinnu eða óuppgefinn happdrættisvinning af miða sem maður man ekki eftir að hafa keypt, þá skaltu vera mjög laginn.'
 'Vertu óhræddur við að reyna að fjarlægja eitthvað fyrir ekkert, það gæti gefið öðrum merki um að þú hafir ekki áhuga á tilboðinu. [Undirskrefi] Rannsóknir hafa sýnt að um 2000 manns nota netið á viku til að staðfesta hlut sem þeim finnst fullnægja sínum óskum.'
 'Þegar þú byrjar að nota netið í einhverjum tilgangi getur það leitt til þess að þú festir þig í svindlinu. [Undirskrefi] Ekki leyfa neinum að lesa ranglega yfir tölvupóstinn þinn.']",hellaswag/validation/9903,49553,Finance and Business,wikihow~10920,val,indomain,1
Á heimilinu sýna snyrtir gæludýra hvernig á að snyrta gæludýr.,manneskjan,Á heimilinu sýna snyrtir gæludýra hvernig á að snyrta gæludýr. manneskjan,"['byrjar við rassgatið á þeim, að skera hárið með pensli úr rauðum.'
 'setja upp og eiga samskipti við sofandi gæludýr áður en það flytur í burtu.'
 'setur umgjörð á gæludýrin tungu og leður.'
 'sýnir hvernig hár hundsins er snyrt með rafmagnsklippum á snyrtistofunni þeirra.']",hellaswag/validation/49,708,Grooming dog,activitynet~10920,val,indomain,3
"[haus] Hvernig á að temja sléttu hár [titill] Þvoðu hárið eins sjaldan og hægt er. [skref] Í hársverðinum myndast náttúrulegar olíur sem veita hárinu mikinn raka. Þegar hárið er sjampóað, þværðu burt þessar olíur og hárið verður þá þurrt.",,"[haus] Hvernig á að temja sléttu hár [titill] Þvoðu hárið eins sjaldan og hægt er. [skref] Í hársverðinum myndast náttúrulegar olíur sem veita hárinu mikinn raka. Þegar hárið er sjampóað, þværðu burt þessar olíur og hárið verður þá þurrt. ","['Ef þú sturtar of oft eða ert úti við mikinn hita getur það skaðað hárið. [ Titill] Notaðu stífingar til að aftengja hárið.'
 'Þegar þú þværð hárið skolarðu það ekki vel, en nuddið hársvörðinn varlega og skolið síðan með vatni. [Titill] Þurrkaðu hárið áður en þú leikur þér að því.'
 'Í stað þess að þvo hárið á hverjum degi, hreinsaðu hárið bara í sturtu og sjampóið aðeins á 3-5 daga fresti. [undirskref] Ef hárið lítur út fyrir að vera feitt á milli þvotta, notaðu þurrt sjampó til að bleyta upp olíuna og bæta við áferð.'
 'Því skaltu alltaf þvo hárið á tveggja daga fresti frekar en annan hvern dag. Þvoðu hárið með smyrsli annan hvern dag og notaðu hreinsiefni til að halda hárinu raka og silkimjúku.']",hellaswag/validation/9697,47843,Personal Care and Style,wikihow~10920,val,zeroshot,2
[höf.] Hvernig á að fá svart belti í gkr karate [titill] Innritast í karatetíma. [skref] Fyrsta skrefið er að byrja að mæta í tíma. [titill] Byrjaðu.,,[höf.] Hvernig á að fá svart belti í gkr karate [titill] Innritast í karatetíma. [skref] Fyrsta skrefið er að byrja að mæta í tíma. [titill] Byrjaðu. ,"['[skref] Þú þarft að kynnast karate hugmyndafræðinni áður en þú reynir að ná í svart belti. [titill] Náðu í svart belti í leiknum.'
 '[skref] Að ná svarta beltinu í gkr tekur að lágmarki fjögur ár. Fyrir flesta tekur það fimm til sjö ár en getur tekið tíu ár eða meira.'
 '[skrefi] Þú ættir að skrá þig í bekk að minnsta kosti 4 mánuðum fyrir sjálft skólaprófið sem skólinn tekur, til að þú getir kynnt þér grunnatriðin. Lærðu kubba, aðferðir og hreyfingar rétt og sendu inn tilvitnanir frá kennaranum.'
 '[Skrefið] Þegar þú hefur lokið bakkalárprófi í karate, veldu þá hvar og hvenær þú vilt sækja námskeiðið. Það geta liðið nokkrar vikur þar til þú byrjar að sökkva þér í það sem þú vilt sjá og læra.']",hellaswag/validation/4839,12198,Sports and Fitness,wikihow~10920,val,indomain,1
"[höf.] Hvernig á að takast á við skapvondan vin [titill] Haltu ró þinni. [sk.] Þegar einhver er skapvondur þá hjálpar það honum ekki ef vinir hans eru líka spenntir eða í uppnámi. Það er ólíklegt að skapvond vinar þíns sé afleiðing af einhverju sem þú gerðir, svo ekki taka því persónulega.",,"[höf.] Hvernig á að takast á við skapvondan vin [titill] Haltu ró þinni. [sk.] Þegar einhver er skapvondur þá hjálpar það honum ekki ef vinir hans eru líka spenntir eða í uppnámi. Það er ólíklegt að skapvond vinar þíns sé afleiðing af einhverju sem þú gerðir, svo ekki taka því persónulega. ","['Mundu bara að þú ert hérna af einhverjum ástæðum. Þeir hafa örugglega átt slæman dag líka, eftir allt saman.'
 '[Efni] Ef þú finnur fyrir uppnámi eða spennu skaltu nota róandi aðferðir áður en þú talar við vin þinn. Að anda rólega og djúpt er þekkt leið til að ná rólegri stöðu.'
 '[Undirleikur] Dragðu djúpt andann og reyndu að muna að vinur þinn er í uppnámi. Þó að þú getir rætt við hann og komist að því hvað olli uppnáminu er útkoman líklega ekki eins dramatísk.'
 'Vertu rólegur og leyfðu hinum að opna sig um það sem angrar hann. [Undirskrefi] Að gefa vini sínum rými hjálpar þeim að sjá að þetta eru ekki bara vandamál þeirra, þetta er þitt.']",hellaswag/validation/7117,28761,Youth,wikihow~10920,val,indomain,1
"[haus] Hvernig á að búa til armband úr öryggisnælum [titill] Opnaðu öryggisnælu og renndu fræperum á næluna. [skref] Hafðu nóg pláss ofan á nælunni svo þú getir lokað henni. Þú getur notað hvaða lit sem þú vilt af fræperum en varastu að nota þær sem eru of litlar, annars passarðu þeim ekki á næluna.",,"[haus] Hvernig á að búa til armband úr öryggisnælum [titill] Opnaðu öryggisnælu og renndu fræperum á næluna. [skref] Hafðu nóg pláss ofan á nælunni svo þú getir lokað henni. Þú getur notað hvaða lit sem þú vilt af fræperum en varastu að nota þær sem eru of litlar, annars passarðu þeim ekki á næluna. ","['[titill] Renndu límbandi á pinnann. [skref] Þú getur notað hvaða lit sem þú vilt, eða forðast þau sem eru of lítil, annars passar það ekki á pinnann.'
 'Stærð "" 10/0 "" væri ákjósanleg. [Undirskrefi] Þessi hönnun mun búa til þykkt armband sem líkist belg og er þakið með fræperum.'
 'Veldu lit sem er ekki of þungur. [Undirskrefi] Þetta eru grænar, rós og gullperlur.'
 'Margar öryggisnælur eru fylltar með fræperum sem hægt er að binda í borða. [Undirskrefi] Plastbönd myndu virka, þó ættirðu líka að fá bönd með smelli í miðjunni.']",hellaswag/validation/8195,36482,Personal Care and Style,wikihow~10920,val,zeroshot,1
Kona í jakkafötum er að tala við myndavél.,kona,Kona í jakkafötum er að tala við myndavél. kona,"['tekur eyrnalokk í nösina á sér.'
 'er að láta mann fá sér húðflúr á rúmi.'
 'setur á sig hárgel og burstar á andlitið.'
 'er að setja augnlinsur í augun.']",hellaswag/validation/171,2363,Putting in contact lenses,activitynet~10920,val,indomain,3
Maður er úti að reykja sígarettu með vini sínum. Þeir sitja bara úti og slaka á og blása reyk.,annar maður með myndavél,Maður er úti að reykja sígarettu með vini sínum. Þeir sitja bara úti og slaka á og blása reyk. annar maður með myndavél,"['er í kringum þá allir að reykja.'
 'gengur framhjá á meðan þeir sitja og spjalla.'
 'úti opnar hurð og kemur inn.' 'reykingar koma nokkuð vel við stúlku.']",hellaswag/validation/1619,24533,Smoking a cigarette,activitynet~10920,val,indomain,1
Leikmaður úr bláa liðinu eltir boltann ákaft með krossfestunni og reynir að hitta á mark.,liðsmaður hans,Leikmaður úr bláa liðinu eltir boltann ákaft með krossfestunni og reynir að hitta á mark. liðsmaður hans,"['bregst í fyrsta sinn og er kallaður tapari.'
 'reynir að fylgja boltanum og halda honum frá leikmanni andstæðingsins.'
 'snýr hratt til að komast undan boltanum og missti markið af tveimur fótum.'
 'fer til annars liðsfélaga, súmóinn gerir mark og bláa liðið kemur úr sætum sínum.']",hellaswag/validation/3043,46534,Playing lacrosse,activitynet~10920,val,indomain,1
"Starfsmaður gefur pening til manns sem skrifar undir blað. Rætt er við mann sem ekur gulum bíl, síðan ræðir fréttamaður á bílastæði.",karlar,"Starfsmaður gefur pening til manns sem skrifar undir blað. Rætt er við mann sem ekur gulum bíl, síðan ræðir fréttamaður á bílastæði. karlar","['gera hokkímarkmið á fyrsta hvíta herberginu á meðan aðgerðir með markmið á bláu borði.'
 'setja vatnsdropa á blað, líma svo á ár á blað.'
 'koma á teygjustoppið halda á kitum.' 'hreinsa gulan bíl á bílastæði.']",hellaswag/validation/3128,48126,Hand car wash,activitynet~10920,val,indomain,3
Við sjáum svartan opnunarskjá. Við sjáum bláa braut með fólki hlaupandi á.,við,Við sjáum svartan opnunarskjá. Við sjáum bláa braut með fólki hlaupandi á. við,"['sjá fólk hlaupa í íþróttasal.' 'sjá fjölda fólks á þolfiminámskeiði.'
 'sjá svo mann gera hástökk á 5\'9 "".' 'sjá fólk spila pólóleik.']",hellaswag/validation/279,3957,High jump,activitynet~10920,val,zeroshot,2
Drengur situr í stól á stofunni og talar.,a stílisti,Drengur situr í stól á stofunni og talar. a stílisti,"['leggur járn yfir höfuð drengsins.'
 'byrjar og byrjar að klippa neglur drengsins með snertilinsu og náði skel á neglunni.'
 'er að nota gel til að bursta hárið á stráknum.'
 'klippir hárið í nýjan stíl.']",hellaswag/validation/2786,42536,Getting a haircut,activitynet~10920,val,indomain,3
[haus] Hvernig á að velja klippingu fyrir stráka með grennri hár [titill] Hafðu hana stutta. [skref] Almennt séð er reglan í sambandi við grennri hár að láta þau ekki verða of löng. Þetta á við um karlmenn með bæði beint og krumpað hár og allt þar á milli.,,[haus] Hvernig á að velja klippingu fyrir stráka með grennri hár [titill] Hafðu hana stutta. [skref] Almennt séð er reglan í sambandi við grennri hár að láta þau ekki verða of löng. Þetta á við um karlmenn með bæði beint og krumpað hár og allt þar á milli. ,"['Þú þarft að snyrta höfuðið reglulega til að viðhalda sleipta baksýninu. [titill] Skolaðu hárið með köldu vatni.'
 'Gefðu hárinu ástæðu til að vaxa upp, stelpur eru hrifnar af því! [ Titill] Hugsaðu um að breyta um hárgreiðslu á tveggja til þriggja vikna fresti. [ Skref] Byrjaðu á bóhemískum stíl ef þú vilt sýna beina hárið.'
 'Nákvæm klipping gefur hárinu jafnari blæ og ósamræmi í hárþéttleika verður minna áberandi. [Undirskrefi] Fyrir flestar hárgreiðslur er lengd um eða undir sentimetra hentugast til að lágmarka útlit þunnra bletta.'
 '[Undirefni] Langar og sóðalegar bylgjur geta litið vel út með einföldum hárgreiðslum en með því að bæta við bylgjum og strekkja í endana er hægt að varpa fram þeim styrk sem þarf til að skapa það útlit sem þú vilt. Ekki nota róttækar bobbings, tagl eða uppstillt uppistand fyrir karlmenn með þynnra hár.']",hellaswag/validation/6932,27320,Personal Care and Style,wikihow~10920,val,zeroshot,2
