idx,sentence,errors,has_error,corrected_sentence
54106,"['Kannski' 'er' 'þessi' 'fullyrðing' 'þröngsýn' 'en' 'ef' 'prestur' 'er'
 'spurður' 'afhverju' 'samkynhneigt' 'fólk' 'má' 'ekki' 'giftast' 'þá'
 'svarar' 'hann' '„' 'vegna' 'þess' 'að' 'hjónband' 'getur' 'ekki' 'átt'
 'sér' 'stað' 'nema' 'á' 'milli' 'karls' 'og' 'konu' '“' '.']","[array([], dtype=object) array([], dtype=object) array([], dtype=object)
 array([], dtype=object) array([], dtype=object) array([], dtype=object)
 array([], dtype=object) array([], dtype=object) array([], dtype=object)
 array([], dtype=object)
 array(['orthography', 'orthography'], dtype=object)
 array([], dtype=object) array([], dtype=object) array([], dtype=object)
 array([], dtype=object) array([], dtype=object) array([], dtype=object)
 array([], dtype=object) array([], dtype=object) array([], dtype=object)
 array([], dtype=object) array([], dtype=object) array([], dtype=object)
 array([], dtype=object) array([], dtype=object) array([], dtype=object)
 array([], dtype=object) array([], dtype=object) array([], dtype=object)
 array([], dtype=object) array([], dtype=object) array([], dtype=object)
 array([], dtype=object) array([], dtype=object) array([], dtype=object)
 array([], dtype=object) array([], dtype=object)]",True,"['Kannski' 'er' 'þessi' 'fullyrðing' 'þröngsýn' 'en' 'ef' 'prestur' 'er'
 'spurður' 'af hverju' 'samkynhneigt' 'fólk' 'má' 'ekki' 'giftast' 'þá'
 'svarar' 'hann' '„' 'vegna' 'þess' 'að' 'hjónband' 'getur' 'ekki' 'átt'
 'sér' 'stað' 'nema' 'á' 'milli' 'karls' 'og' 'konu' '“' '.']"
12695,"['Átján' 'prósent' 'fyrirtækja' 'hyggjast' 'fjölga' 'starfsfólki' 'næstu'
 'þrjá' 'til' 'fjóra' 'mánuðina' 'en' 'tíu' 'prósent' 'hyggjast' 'fækka'
 'því' '.']","[array([], dtype=object) array([], dtype=object) array([], dtype=object)
 array([], dtype=object) array([], dtype=object) array([], dtype=object)
 array([], dtype=object) array([], dtype=object) array([], dtype=object)
 array([], dtype=object) array([], dtype=object) array([], dtype=object)
 array([], dtype=object) array([], dtype=object) array([], dtype=object)
 array([], dtype=object) array([], dtype=object) array([], dtype=object)]",False,"['Átján' 'prósent' 'fyrirtækja' 'hyggjast' 'fjölga' 'starfsfólki' 'næstu'
 'þrjá' 'til' 'fjóra' 'mánuðina' 'en' 'tíu' 'prósent' 'hyggjast' 'fækka'
 'því' '.']"
36240,"['Klerkaveldi' 'er' 'stjórnarform' 'þar' 'sem' 'æðsti' 'valdhafi' 'er'
 'sagður' 'fara' 'með' 'vald' 'Guðs' ',' 'öll' 'löggjöf' 'byggir' 'á'
 'trúarbrögðum' 'og' 'á' 'að' 'tjá' 'vilja' 'Guðs' '.']","[array([], dtype=object) array([], dtype=object) array([], dtype=object)
 array([], dtype=object) array([], dtype=object) array([], dtype=object)
 array([], dtype=object) array([], dtype=object) array([], dtype=object)
 array([], dtype=object) array([], dtype=object) array([], dtype=object)
 array(['orthography', 'orthography'], dtype=object)
 array(['orthography', 'orthography'], dtype=object)
 array([], dtype=object) array([], dtype=object) array([], dtype=object)
 array([], dtype=object) array([], dtype=object) array([], dtype=object)
 array([], dtype=object) array([], dtype=object) array([], dtype=object)
 array([], dtype=object) array([], dtype=object) array([], dtype=object)]",True,"['Klerkaveldi' 'er' 'stjórnarform' 'þar' 'sem' 'æðsti' 'valdhafi' 'er'
 'sagður' 'fara' 'með' 'vald' 'guðs og' 'öll' 'löggjöf' 'byggir' 'á'
 'trúarbrögðum' 'og' 'á' 'að' 'tjá' 'vilja' 'Guðs' '.']"
36648,"['Það' 'á' 'upptök' 'sín' 'í' 'Sambíu' 'en' 'rennur' 'fyrst' 'í' 'vestur'
 'til' 'Angóla' 'og' 'svo' 'aftur' 'til' 'Sambíu' 'áður' 'en' 'það' 'nær'
 'Mósambík' 'þar' 'sem' 'það' 'fellur' 'í' 'Indlandshaf' '.']","[array([], dtype=object) array([], dtype=object) array([], dtype=object)
 array([], dtype=object) array([], dtype=object) array([], dtype=object)
 array([], dtype=object) array([], dtype=object) array([], dtype=object)
 array([], dtype=object) array([], dtype=object) array([], dtype=object)
 array([], dtype=object) array([], dtype=object) array([], dtype=object)
 array([], dtype=object) array([], dtype=object) array([], dtype=object)
 array([], dtype=object) array([], dtype=object) array([], dtype=object)
 array(['grammar'], dtype=object) array([], dtype=object)
 array([], dtype=object) array([], dtype=object) array([], dtype=object)
 array([], dtype=object) array([], dtype=object) array([], dtype=object)
 array([], dtype=object)]",True,"['Það' 'á' 'upptök' 'sín' 'í' 'Sambíu' 'en' 'rennur' 'fyrst' 'í' 'vestur'
 'til' 'Angóla' 'og' 'svo' 'aftur' 'til' 'Sambíu' 'áður' 'en' 'það' 'nær'
 'til' 'Mósambík' 'þar' 'sem' 'það' 'fellur' 'í' 'Indlandshaf' '.']"
53263,"['Sumir' 'geta' 'bara' 'alls' 'ekki' 'átt' 'peninga' 'heldur' 'verða'
 'bara' 'að' 'eyða' 'þeim' '.']","[array([], dtype=object) array([], dtype=object) array([], dtype=object)
 array([], dtype=object) array([], dtype=object) array([], dtype=object)
 array([], dtype=object) array([], dtype=object) array([], dtype=object)
 array([], dtype=object) array([], dtype=object) array([], dtype=object)
 array([], dtype=object) array([], dtype=object)]",False,"['Sumir' 'geta' 'bara' 'alls' 'ekki' 'átt' 'peninga' 'heldur' 'verða'
 'bara' 'að' 'eyða' 'þeim' '.']"
55379,"['Þau' 'þurftu' 'bæði' 'að' 'hafa' 'mikið' 'fyrir' 'því' 'að' 'geta'
 'haldið' 'uppi' 'svo' 'stóru' 'heimili' '.']","[array([], dtype=object) array([], dtype=object) array([], dtype=object)
 array([], dtype=object) array([], dtype=object) array([], dtype=object)
 array([], dtype=object) array([], dtype=object) array([], dtype=object)
 array([], dtype=object) array([], dtype=object) array([], dtype=object)
 array([], dtype=object) array([], dtype=object) array([], dtype=object)
 array([], dtype=object)]",False,"['Þau' 'þurftu' 'bæði' 'að' 'hafa' 'mikið' 'fyrir' 'því' 'að' 'geta'
 'haldið' 'uppi' 'svo' 'stóru' 'heimili' '.']"
30017,"['Tölvuleikjatónlist' 'er' 'yfirleitt' 'notað' 'sem' 'hugtak' 'yfir'
 'bakgrunnstónlistina' 'sem' 'heyrist' 'í' 'tölvuleikjum' '.']","[array([], dtype=object) array([], dtype=object) array([], dtype=object)
 array([], dtype=object) array([], dtype=object) array([], dtype=object)
 array([], dtype=object) array(['grammar'], dtype=object)
 array([], dtype=object) array([], dtype=object) array([], dtype=object)
 array([], dtype=object) array([], dtype=object)]",True,"['Tölvuleikjatónlist' 'er' 'yfirleitt' 'notað' 'sem' 'hugtak' 'yfir'
 'bakgrunnstónlist' 'sem' 'heyrist' 'í' 'tölvuleikjum' '.']"
2302,"['Hann' 'telur' 'að' 'um' 'fimmtán' 'manns' 'hafi' 'látið' 'af' 'störfum'
 'hér' 'á' 'Íslandi' '.']","[array([], dtype=object) array([], dtype=object) array([], dtype=object)
 array([], dtype=object) array([], dtype=object) array([], dtype=object)
 array([], dtype=object) array([], dtype=object) array([], dtype=object)
 array([], dtype=object) array([], dtype=object) array([], dtype=object)
 array([], dtype=object) array([], dtype=object)]",False,"['Hann' 'telur' 'að' 'um' 'fimmtán' 'manns' 'hafi' 'látið' 'af' 'störfum'
 'hér' 'á' 'Íslandi' '.']"
40825,"['Hljómsveitir' 'hafa' 'oft' 'plötusnúða' 'innan' 'raða' 'sinna' 'til'
 'að' 'undirstrika' 'þessi' 'áhrif' '.']","[array([], dtype=object) array([], dtype=object) array([], dtype=object)
 array([], dtype=object) array([], dtype=object) array([], dtype=object)
 array([], dtype=object) array([], dtype=object) array([], dtype=object)
 array([], dtype=object) array([], dtype=object) array([], dtype=object)
 array([], dtype=object)]",False,"['Hljómsveitir' 'hafa' 'oft' 'plötusnúða' 'innan' 'raða' 'sinna' 'til'
 'að' 'undirstrika' 'þessi' 'áhrif' '.']"
13899,['Af' 'þessu' 'hlaust' 'talsvert' 'uppnám' 'í' 'þingsal' '.'],"[array([], dtype=object) array([], dtype=object) array([], dtype=object)
 array([], dtype=object) array([], dtype=object) array([], dtype=object)
 array([], dtype=object) array([], dtype=object)]",False,['Af' 'þessu' 'hlaust' 'talsvert' 'uppnám' 'í' 'þingsal' '.']
34444,"['Útskýrt' 'var' 'að' 'engar' 'frekari' 'ákvarðanir' 'yrðu' 'teknar' 'um'
 'viðræðurnar' 'án' 'frumkvæðis' 'þjóðarinnar' 'í' 'þjóðaratkvæðagreiðslu'
 '.']","[array([], dtype=object) array([], dtype=object) array([], dtype=object)
 array([], dtype=object) array([], dtype=object) array([], dtype=object)
 array([], dtype=object) array([], dtype=object) array([], dtype=object)
 array([], dtype=object) array([], dtype=object) array([], dtype=object)
 array([], dtype=object) array([], dtype=object) array([], dtype=object)
 array([], dtype=object)]",False,"['Útskýrt' 'var' 'að' 'engar' 'frekari' 'ákvarðanir' 'yrðu' 'teknar' 'um'
 'viðræðurnar' 'án' 'frumkvæðis' 'þjóðarinnar' 'í' 'þjóðaratkvæðagreiðslu'
 '.']"
52229,"['Möguleikarnir' 'eru' 'endalaust' 'margir' 'sem' 'gerir' 'valið' 'enn'
 'erfiðara' '.']","[array([], dtype=object) array([], dtype=object) array([], dtype=object)
 array([], dtype=object) array([], dtype=object) array([], dtype=object)
 array([], dtype=object) array([], dtype=object) array([], dtype=object)
 array([], dtype=object)]",False,"['Möguleikarnir' 'eru' 'endalaust' 'margir' 'sem' 'gerir' 'valið' 'enn'
 'erfiðara' '.']"
35585,"['Það' 'er' 'talið' 'að' 'garðabrúða' 'sé' 'nokkuð' 'örugg' 'sé' 'hún'
 'tekin' 'inn' 'í' 'litlum' 'skömmtum' 'í' 'stuttan' 'tíma' '.']","[array([], dtype=object) array([], dtype=object) array([], dtype=object)
 array([], dtype=object) array([], dtype=object) array([], dtype=object)
 array([], dtype=object) array([], dtype=object) array([], dtype=object)
 array([], dtype=object) array([], dtype=object) array([], dtype=object)
 array([], dtype=object) array([], dtype=object) array([], dtype=object)
 array([], dtype=object) array([], dtype=object) array([], dtype=object)
 array([], dtype=object)]",False,"['Það' 'er' 'talið' 'að' 'garðabrúða' 'sé' 'nokkuð' 'örugg' 'sé' 'hún'
 'tekin' 'inn' 'í' 'litlum' 'skömmtum' 'í' 'stuttan' 'tíma' '.']"
32729,"['Fyrir' 'opnunarsenuna' 'á' 'hótelinu' 'þurfti' 'Sheen' 'ekkert' 'að'
 'leika' 'mikið' 'þar' 'sem' 'hann' 'átti' 'afmæli' 'og' 'var' 'mjög'
 'drukkinn' '.']","[array([], dtype=object) array([], dtype=object) array([], dtype=object)
 array([], dtype=object) array([], dtype=object) array([], dtype=object)
 array(['style'], dtype=object) array([], dtype=object)
 array([], dtype=object) array([], dtype=object) array([], dtype=object)
 array([], dtype=object) array([], dtype=object) array([], dtype=object)
 array([], dtype=object) array([], dtype=object) array([], dtype=object)
 array([], dtype=object) array([], dtype=object) array([], dtype=object)]",True,"['Fyrir' 'opnunarsenuna' 'á' 'hótelinu' 'þurfti' 'Sheen' 'ekki' 'að'
 'leika' 'mikið' 'þar' 'sem' 'hann' 'átti' 'afmæli' 'og' 'var' 'mjög'
 'drukkinn' '.']"
20513,"['Kartöflur' 'á' 'norðurlandi' 'gætu' 'komið' 'eitthvað' 'síðar' 'vegna'
 'veðurfars' 'þar' 'á' 'svæðinu' '.']","[array([], dtype=object) array(['style'], dtype=object)
 array(['style'], dtype=object) array([], dtype=object)
 array([], dtype=object) array([], dtype=object)
 array(['style'], dtype=object) array([], dtype=object)
 array([], dtype=object) array(['vocabulary'], dtype=object)
 array([], dtype=object) array(['style'], dtype=object)
 array([], dtype=object)]",True,"['Kartöflur' '' 'gætu' 'komið' 'eitthvað' 'síðar' 'á Norðurlandi' 'vegna'
 'veðurfars' '' 'á' 'því svæði' '.']"
2614,"['Mats' 'Hummels' 'skoraði' 'eina' 'mark' 'leiksins' 'með' 'skalla' 'á'
 '13.' 'mínútu' 'en' 'hann' 'er' 'fyrsti' 'varnarmaður' 'keppninnar' 'sem'
 'nær' 'að' 'skora' 'tvö' 'mörk' 'á' 'mótinu' '.']","[array([], dtype=object) array([], dtype=object) array([], dtype=object)
 array([], dtype=object) array([], dtype=object) array([], dtype=object)
 array([], dtype=object) array([], dtype=object) array([], dtype=object)
 array([], dtype=object) array([], dtype=object) array([], dtype=object)
 array([], dtype=object) array([], dtype=object) array([], dtype=object)
 array([], dtype=object) array([], dtype=object) array([], dtype=object)
 array([], dtype=object) array([], dtype=object) array([], dtype=object)
 array([], dtype=object) array([], dtype=object) array([], dtype=object)
 array([], dtype=object) array([], dtype=object)]",False,"['Mats' 'Hummels' 'skoraði' 'eina' 'mark' 'leiksins' 'með' 'skalla' 'á'
 '13.' 'mínútu' 'en' 'hann' 'er' 'fyrsti' 'varnarmaður' 'keppninnar' 'sem'
 'nær' 'að' 'skora' 'tvö' 'mörk' 'á' 'mótinu' '.']"
36256,"['Þingið' 'getu' 'lýst' 'yfir' 'vantrausti' 'á' 'forsetan' 'og'
 'leiðtoginn' 'síðan' 'svipt' 'hann' 'embætti' 'í' 'kjölfarið' '.']","[array([], dtype=object) array(['orthography'], dtype=object)
 array([], dtype=object) array([], dtype=object) array([], dtype=object)
 array([], dtype=object)
 array(['orthography', 'orthography'], dtype=object)
 array([], dtype=object) array([], dtype=object) array([], dtype=object)
 array([], dtype=object) array([], dtype=object) array([], dtype=object)
 array([], dtype=object) array([], dtype=object) array([], dtype=object)]",True,"['Þingið' 'getur' 'lýst' 'yfir' 'vantrausti' 'á' 'forsetann' 'og'
 'leiðtoginn' 'síðan' 'svipt' 'hann' 'embætti' 'í' 'kjölfarið' '.']"
31454,"['Jórdanía' 'skiptist' 'í' 'tólf' 'héruð' '(' 'landstjóraumdæmi' ')' 'sem'
 'aftur' 'skiptast' 'í' '54' 'umdæmi' '(' 'nawahi' ')' '.']","[array([], dtype=object) array([], dtype=object) array([], dtype=object)
 array([], dtype=object) array([], dtype=object) array([], dtype=object)
 array([], dtype=object) array([], dtype=object) array([], dtype=object)
 array([], dtype=object) array([], dtype=object) array([], dtype=object)
 array([], dtype=object) array([], dtype=object) array([], dtype=object)
 array([], dtype=object) array([], dtype=object) array([], dtype=object)]",False,"['Jórdanía' 'skiptist' 'í' 'tólf' 'héruð' '(' 'landstjóraumdæmi' ')' 'sem'
 'aftur' 'skiptast' 'í' '54' 'umdæmi' '(' 'nawahi' ')' '.']"
685,['Þannig' 'að' 'það' 'hefur' 'varla' 'verið' 'stórmál' '.'],"[array([], dtype=object) array([], dtype=object) array([], dtype=object)
 array([], dtype=object) array([], dtype=object) array([], dtype=object)
 array([], dtype=object) array([], dtype=object)]",False,['Þannig' 'að' 'það' 'hefur' 'varla' 'verið' 'stórmál' '.']
3747,"['Hún' 'fékk' 'nafnið' 'Ingibjörg' 'Rósa' 'Haraldsdóttir' ',' '""' 'sagði'
 'Eva' 'Laufey' 'í' 'samtali' 'við' 'Vísi' '.']","[array([], dtype=object) array([], dtype=object) array([], dtype=object)
 array([], dtype=object) array([], dtype=object) array([], dtype=object)
 array([], dtype=object) array(['orthography'], dtype=object)
 array([], dtype=object) array([], dtype=object) array([], dtype=object)
 array([], dtype=object) array([], dtype=object) array([], dtype=object)
 array([], dtype=object) array([], dtype=object)]",True,"['Hún' 'fékk' 'nafnið' 'Ingibjörg' 'Rósa' 'Haraldsdóttir' ',' '“' 'sagði'
 'Eva' 'Laufey' 'í' 'samtali' 'við' 'Vísi' '.']"
37045,['Árið' '1701' '(' 'MDCCI' 'í' 'rómverskum' 'tölum' ')'],"[array([], dtype=object) array([], dtype=object) array([], dtype=object)
 array([], dtype=object) array([], dtype=object) array([], dtype=object)
 array([], dtype=object) array([], dtype=object)]",False,['Árið' '1701' '(' 'MDCCI' 'í' 'rómverskum' 'tölum' ')']
20550,['Hann' 'fór' 'úr' 'axlarlið' 'og' 'var' 'borinn' 'af' 'velli' '.'],"[array([], dtype=object) array(['style'], dtype=object)
 array([], dtype=object) array([], dtype=object) array([], dtype=object)
 array([], dtype=object) array([], dtype=object) array([], dtype=object)
 array([], dtype=object) array([], dtype=object)]",True,['Hann' 'hafði farið' 'úr' 'axlarlið' 'og' 'var' 'borinn' 'af' 'velli' '.']
727,"['Hann' 'ætlar' 'að' 'opna' 'snemma' 'í' 'fyrramálið' 'og' 'hafa' 'opið'
 'alla' 'helgina' '.']","[array([], dtype=object) array([], dtype=object) array([], dtype=object)
 array([], dtype=object) array([], dtype=object) array([], dtype=object)
 array([], dtype=object) array([], dtype=object) array([], dtype=object)
 array([], dtype=object) array([], dtype=object) array([], dtype=object)
 array([], dtype=object)]",False,"['Hann' 'ætlar' 'að' 'opna' 'snemma' 'í' 'fyrramálið' 'og' 'hafa' 'opið'
 'alla' 'helgina' '.']"
42129,"['Einnig' 'tilnefndar' ':' 'Davíð' 'Logi' 'Sigurðsson' ',' 'Morgunblaðinu'
 ',' 'fyrir' 'skrif' 'um' 'alþjóðamál' ',' 'þar' 'á' 'meðal' 'skrif' 'um'
 'Guantanamo-fangabúðirnar' 'á' 'Kúbu' 'og' 'Íslensku' 'friðargæsluna' '.']","[array([], dtype=object) array(['grammar'], dtype=object)
 array([], dtype=object) array([], dtype=object) array([], dtype=object)
 array([], dtype=object) array([], dtype=object) array([], dtype=object)
 array([], dtype=object) array([], dtype=object) array([], dtype=object)
 array([], dtype=object) array([], dtype=object) array([], dtype=object)
 array([], dtype=object) array([], dtype=object) array([], dtype=object)
 array([], dtype=object) array([], dtype=object) array([], dtype=object)
 array([], dtype=object) array([], dtype=object) array([], dtype=object)
 array([], dtype=object) array([], dtype=object) array([], dtype=object)]",True,"['Einnig' 'tilnefndur' ':' 'Davíð' 'Logi' 'Sigurðsson' ',' 'Morgunblaðinu'
 ',' 'fyrir' 'skrif' 'um' 'alþjóðamál' ',' 'þar' 'á' 'meðal' 'skrif' 'um'
 'Guantanamo-fangabúðirnar' 'á' 'Kúbu' 'og' 'Íslensku' 'friðargæsluna' '.']"
35080,"['Var' 'mikill' 'fengur' 'að' 'því' 'að' 'fá' 'á' 'ný' 'notið' 'þessa'
 'stórbrotna' 'verks' 'í' 'svo' 'vönduðum' 'flutningi' 'sem' 'hér' '.']","[array([], dtype=object) array([], dtype=object) array([], dtype=object)
 array([], dtype=object) array([], dtype=object) array([], dtype=object)
 array([], dtype=object) array([], dtype=object) array([], dtype=object)
 array([], dtype=object) array([], dtype=object) array([], dtype=object)
 array([], dtype=object) array([], dtype=object) array([], dtype=object)
 array([], dtype=object) array([], dtype=object) array([], dtype=object)
 array([], dtype=object) array([], dtype=object)]",False,"['Var' 'mikill' 'fengur' 'að' 'því' 'að' 'fá' 'á' 'ný' 'notið' 'þessa'
 'stórbrotna' 'verks' 'í' 'svo' 'vönduðum' 'flutningi' 'sem' 'hér' '.']"
25848,"['Hlaupið' 'í' 'Múlakvísl' 'hófst' 'skömmu' 'fyrir' 'miðnætti' 'í'
 'gærkvöldi' '.']","[array([], dtype=object) array([], dtype=object) array([], dtype=object)
 array([], dtype=object) array([], dtype=object) array([], dtype=object)
 array([], dtype=object) array([], dtype=object) array([], dtype=object)
 array([], dtype=object)]",False,"['Hlaupið' 'í' 'Múlakvísl' 'hófst' 'skömmu' 'fyrir' 'miðnætti' 'í'
 'gærkvöldi' '.']"
3845,"['Á' 'vefsíðunni' 'fótbolti.net' 'kemur' 'fram' 'að' 'starfsmenn' 'KSÍ'
 'hafði' 'þurft' 'að' 'hafa' 'hraðar' 'hendur' 'að' 'útvega' 'skó' 'í'
 'gærkvöldi' '.']","[array([], dtype=object) array([], dtype=object) array([], dtype=object)
 array([], dtype=object) array([], dtype=object) array([], dtype=object)
 array([], dtype=object) array([], dtype=object)
 array(['grammar', 'grammar'], dtype=object) array([], dtype=object)
 array([], dtype=object) array([], dtype=object) array([], dtype=object)
 array(['grammar'], dtype=object) array([], dtype=object)
 array([], dtype=object) array([], dtype=object) array([], dtype=object)
 array([], dtype=object) array([], dtype=object)]",True,"['Á' 'vefsíðunni' 'fótbolti.net' 'kemur' 'fram' 'að' 'starfsmenn' 'KSÍ'
 'hefðu' 'þurft' 'að' 'hafa' 'hraðar' 'hendur' 'við' 'að' 'útvega' 'skó'
 'í' 'gærkvöldi' '.']"
18378,"['Óskað' 'var' 'eftir' 'aðstoð' 'sjúkraflutningamanna' 'þegar' 'kona'
 'féll' 'um' 'tvo' 'metra' 'í' 'Varmárdal' ',' 'fyrir' 'ofan' 'Reyki' ','
 'um' 'tíuleytið' 'í' 'morgun' '.']","[array([], dtype=object) array([], dtype=object) array([], dtype=object)
 array([], dtype=object) array([], dtype=object) array([], dtype=object)
 array([], dtype=object) array([], dtype=object) array([], dtype=object)
 array([], dtype=object) array([], dtype=object) array([], dtype=object)
 array([], dtype=object) array([], dtype=object) array([], dtype=object)
 array([], dtype=object) array([], dtype=object) array([], dtype=object)
 array([], dtype=object) array([], dtype=object) array([], dtype=object)
 array([], dtype=object) array([], dtype=object)]",False,"['Óskað' 'var' 'eftir' 'aðstoð' 'sjúkraflutningamanna' 'þegar' 'kona'
 'féll' 'um' 'tvo' 'metra' 'í' 'Varmárdal' ',' 'fyrir' 'ofan' 'Reyki' ','
 'um' 'tíuleytið' 'í' 'morgun' '.']"
28198,"['Ekkert' 'bannar' 'þeim' 'þó' 'að' 'aka' 'í' 'ytri' 'hring' ',' 'en' 'í'
 'mikilli' 'umferð' 'má' 'búast' 'við' 'að' 'þeir' 'valdi' 'truflun' 'og'
 'óþægindum' 'fyrir' 'aðra' 'ökumenn' 'haldi' 'þeir' 'sig' 'í' 'ytri'
 'akrein' 'fram' 'hjá' 'svo' 'mörgum' 'gatnamótum' '.']","[array([], dtype=object) array([], dtype=object) array([], dtype=object)
 array([], dtype=object) array([], dtype=object) array([], dtype=object)
 array([], dtype=object) array([], dtype=object) array([], dtype=object)
 array([], dtype=object) array([], dtype=object) array([], dtype=object)
 array([], dtype=object) array([], dtype=object) array([], dtype=object)
 array([], dtype=object) array([], dtype=object) array([], dtype=object)
 array([], dtype=object) array([], dtype=object) array([], dtype=object)
 array([], dtype=object) array([], dtype=object) array([], dtype=object)
 array([], dtype=object) array([], dtype=object) array([], dtype=object)
 array([], dtype=object) array([], dtype=object) array([], dtype=object)
 array([], dtype=object) array([], dtype=object) array([], dtype=object)
 array([], dtype=object) array([], dtype=object) array([], dtype=object)
 array([], dtype=object) array([], dtype=object)]",False,"['Ekkert' 'bannar' 'þeim' 'þó' 'að' 'aka' 'í' 'ytri' 'hring' ',' 'en' 'í'
 'mikilli' 'umferð' 'má' 'búast' 'við' 'að' 'þeir' 'valdi' 'truflun' 'og'
 'óþægindum' 'fyrir' 'aðra' 'ökumenn' 'haldi' 'þeir' 'sig' 'í' 'ytri'
 'akrein' 'fram' 'hjá' 'svo' 'mörgum' 'gatnamótum' '.']"
29838,"['Meðlimir' 'hljómsveitarinnar' 'eru' 'flestir' 'mjög' 'gamlir' 'og'
 'voru' 'margir' 'hættir' 'að' 'spila' 'þegar' 'þeim' 'voru' 'kallaði'
 'saman' 'til' 'þessa' 'að' 'gera' 'fyrstu' 'plötuna' 'árið' '1996' '.']","[array([], dtype=object) array([], dtype=object) array([], dtype=object)
 array([], dtype=object) array([], dtype=object) array([], dtype=object)
 array([], dtype=object) array([], dtype=object) array([], dtype=object)
 array([], dtype=object) array([], dtype=object) array([], dtype=object)
 array([], dtype=object) array(['grammar'], dtype=object)
 array([], dtype=object) array(['grammar'], dtype=object)
 array([], dtype=object) array([], dtype=object)
 array(['grammar'], dtype=object) array([], dtype=object)
 array([], dtype=object) array([], dtype=object) array([], dtype=object)
 array([], dtype=object) array([], dtype=object) array([], dtype=object)]",True,"['Meðlimir' 'hljómsveitarinnar' 'eru' 'flestir' 'mjög' 'gamlir' 'og'
 'voru' 'margir' 'hættir' 'að' 'spila' 'þegar' 'þeir' 'voru' 'kallaðir'
 'saman' 'til' '' 'að' 'gera' 'fyrstu' 'plötuna' 'árið 1996' '.']"
51420,"['Vegna' 'þess' 'hve' 'góð' 'og' 'mikilvæg' 'fjárfesting' 'menntun' 'er'
 'þá' 'er' 'það' 'brýn' 'nauðsyn' 'að' 'við' 'bætum' 'kerfið' 'okkar' '.']","[array([], dtype=object) array([], dtype=object) array([], dtype=object)
 array([], dtype=object) array([], dtype=object) array([], dtype=object)
 array([], dtype=object) array([], dtype=object)
 array(['orthography'], dtype=object) array([], dtype=object)
 array([], dtype=object) array([], dtype=object) array([], dtype=object)
 array([], dtype=object) array([], dtype=object) array([], dtype=object)
 array([], dtype=object) array([], dtype=object) array([], dtype=object)
 array([], dtype=object)]",True,"['Vegna' 'þess' 'hve' 'góð' 'og' 'mikilvæg' 'fjárfesting' 'menntun' 'er'
 ',' 'þá' 'er' 'það' 'brýn' 'nauðsyn' 'að' 'við' 'bætum' 'kerfið' 'okkar'
 '.']"
264,"['Guðjón' 'tók' 'við' 'starfi' 'knattspyrnustjóra' 'hjá' 'Grindavík' 'í'
 'nóvember' '2011' '.']","[array([], dtype=object) array([], dtype=object) array([], dtype=object)
 array([], dtype=object) array([], dtype=object) array([], dtype=object)
 array([], dtype=object) array([], dtype=object) array([], dtype=object)
 array([], dtype=object) array([], dtype=object)]",False,"['Guðjón' 'tók' 'við' 'starfi' 'knattspyrnustjóra' 'hjá' 'Grindavík' 'í'
 'nóvember' '2011' '.']"
56915,"['Morgunblaðið' ',' 'DV' 'og' 'Séð' 'og' 'heyrt' ')' 'og' 'Internetið' '.']","[array([], dtype=object) array([], dtype=object) array([], dtype=object)
 array([], dtype=object) array([], dtype=object) array([], dtype=object)
 array([], dtype=object) array(['orthography'], dtype=object)
 array([], dtype=object) array([], dtype=object) array([], dtype=object)]",True,"['Morgunblaðið' ',' 'DV' 'og' 'Séð' 'og' 'heyrt' '' 'og' 'Internetið' '.']"
46983,['Þeir' 'finna' 'Ófeig' 'særðan' 'eftir' 'árás' 'þrjótanna' '.'],"[array([], dtype=object) array([], dtype=object)
 array(['style'], dtype=object) array([], dtype=object)
 array([], dtype=object) array([], dtype=object) array([], dtype=object)
 array([], dtype=object)]",True,['Þeir' 'finna' 'Ófeig' 'særðan' 'eftir' 'árás' 'þrjótanna' '.']
43861,"['Harðlínu' 'kommúnismi' 'var' 'þó' 'aldrei' 'allsráðandi' ',' 'til'
 'dæmis' 'voru' 'tilraunir' 'til' 'að' 'koma' 'á' 'samyrkjubúum'
 'fljótlega' 'lagðar' 'af' '.']","[array(['orthography'], dtype=object) array(['orthography'], dtype=object)
 array([], dtype=object) array([], dtype=object) array([], dtype=object)
 array([], dtype=object) array([], dtype=object) array([], dtype=object)
 array([], dtype=object) array([], dtype=object) array([], dtype=object)
 array([], dtype=object) array([], dtype=object) array([], dtype=object)
 array([], dtype=object) array([], dtype=object) array([], dtype=object)
 array([], dtype=object) array([], dtype=object) array([], dtype=object)]",True,"['Harðlínukommúnismi' 'var' 'þó' 'aldrei' 'allsráðandi' ',' 'til' 'dæmis'
 'voru' 'tilraunir' 'til' 'að' 'koma' 'á' 'samyrkjubúum' 'fljótlega'
 'lagðar' 'af' '.']"
32163,"['Ekki' 'er' 'óhugsandi' 'að' 'enn' 'eigi' 'eftir' 'að' 'koma' 'á'
 'daginn' 'hver' 'hinn' 'raunverulegi' 'höfundur' 'hennar' 'var' '.']","[array([], dtype=object) array([], dtype=object) array([], dtype=object)
 array([], dtype=object) array([], dtype=object) array([], dtype=object)
 array([], dtype=object) array([], dtype=object) array([], dtype=object)
 array([], dtype=object) array([], dtype=object) array([], dtype=object)
 array([], dtype=object) array([], dtype=object) array([], dtype=object)
 array([], dtype=object) array([], dtype=object) array([], dtype=object)]",False,"['Ekki' 'er' 'óhugsandi' 'að' 'enn' 'eigi' 'eftir' 'að' 'koma' 'á'
 'daginn' 'hver' 'hinn' 'raunverulegi' 'höfundur' 'hennar' 'var' '.']"
18666,"['Bjarni' 'Harðarson' ',' 'fyrrum' 'þingmaður' 'Framsóknarflokksins' ','
 'óskar' 'Össuri' 'Skarphéðinsson' ',' 'utanríkisráðherra' ',' 'til'
 'hamingju' 'með' 'eldvoðann' 'á' 'Þingvöllum' 'og' 'umfjöllun' 'Alþingis'
 'um' 'aðildarviðræður' 'við' 'Evrópusambandið' '.']","[array([], dtype=object) array([], dtype=object) array([], dtype=object)
 array([], dtype=object) array([], dtype=object) array([], dtype=object)
 array([], dtype=object) array([], dtype=object) array([], dtype=object)
 array([], dtype=object) array(['orthography'], dtype=object)
 array([], dtype=object) array(['orthography'], dtype=object)
 array([], dtype=object) array([], dtype=object) array([], dtype=object)
 array(['orthography', 'orthography'], dtype=object)
 array([], dtype=object) array([], dtype=object) array([], dtype=object)
 array([], dtype=object) array([], dtype=object) array([], dtype=object)
 array([], dtype=object) array([], dtype=object) array([], dtype=object)
 array([], dtype=object)]",True,"['Bjarni' 'Harðarson' ',' 'fyrrum' 'þingmaður' 'Framsóknarflokksins' ','
 'óskar' 'Össuri' 'Skarphéðinsson' '' 'utanríkisráðherra' '' 'til'
 'hamingju' 'með' 'eldsvoðann' 'á' 'Þingvöllum' 'og' 'umfjöllun'
 'Alþingis' 'um' 'aðildarviðræður' 'við' 'Evrópusambandið' '.']"
33966,"['Á' 'ráðstefnu' 'um' 'Samóakreppuna' 'árið' '1899' 'tóku' 'Bandaríkin'
 'sér' 'yfirráð' 'yfir' 'Tutuila' 'og' 'öðrum' 'eyjum' 'austan' 'við'
 '171.' 'lengdargráðu' ',' 'sem' 'urðu' 'Bandaríska' 'Samóa' ',' 'en'
 'eyjarnar' 'vestan' 'við' 'urðu' 'þýskt' 'yfirráðasvæði' ',' 'Þýska'
 'Samóa' '.']","[array([], dtype=object) array([], dtype=object) array([], dtype=object)
 array([], dtype=object) array([], dtype=object) array([], dtype=object)
 array([], dtype=object) array([], dtype=object) array([], dtype=object)
 array([], dtype=object) array([], dtype=object) array([], dtype=object)
 array([], dtype=object) array([], dtype=object) array([], dtype=object)
 array([], dtype=object) array([], dtype=object) array([], dtype=object)
 array([], dtype=object) array([], dtype=object) array([], dtype=object)
 array([], dtype=object) array([], dtype=object) array([], dtype=object)
 array([], dtype=object) array([], dtype=object) array([], dtype=object)
 array([], dtype=object) array([], dtype=object) array([], dtype=object)
 array([], dtype=object) array([], dtype=object) array([], dtype=object)
 array([], dtype=object) array([], dtype=object) array([], dtype=object)]",False,"['Á' 'ráðstefnu' 'um' 'Samóakreppuna' 'árið' '1899' 'tóku' 'Bandaríkin'
 'sér' 'yfirráð' 'yfir' 'Tutuila' 'og' 'öðrum' 'eyjum' 'austan' 'við'
 '171.' 'lengdargráðu' ',' 'sem' 'urðu' 'Bandaríska' 'Samóa' ',' 'en'
 'eyjarnar' 'vestan' 'við' 'urðu' 'þýskt' 'yfirráðasvæði' ',' 'Þýska'
 'Samóa' '.']"
7609,"['Setjið' 'safann' ',' 'vatn' 'og' 'sykur' 'í' 'lítinn' 'pott' 'og'
 'hitið' 'yfir' 'lágum' 'hita' '.']","[array([], dtype=object) array([], dtype=object) array([], dtype=object)
 array([], dtype=object) array([], dtype=object) array([], dtype=object)
 array([], dtype=object) array([], dtype=object) array([], dtype=object)
 array([], dtype=object) array([], dtype=object) array([], dtype=object)
 array([], dtype=object) array([], dtype=object) array([], dtype=object)]",False,"['Setjið' 'safann' ',' 'vatn' 'og' 'sykur' 'í' 'lítinn' 'pott' 'og'
 'hitið' 'yfir' 'lágum' 'hita' '.']"
38424,"['Myndin' 'sýnir' 'hljómsveitina' 'spila' 'fyrir' 'orkumikla' 'mannfjölda'
 'og' 'slæpast' 'um' 'í' 'áfengisvímu' 'þegar' 'þeir' 'eru' 'ekki' 'að'
 'spila' '.']","[array([], dtype=object) array([], dtype=object) array([], dtype=object)
 array([], dtype=object) array([], dtype=object)
 array(['style'], dtype=object) array(['style'], dtype=object)
 array([], dtype=object) array([], dtype=object) array([], dtype=object)
 array([], dtype=object) array([], dtype=object) array([], dtype=object)
 array([], dtype=object) array([], dtype=object) array([], dtype=object)
 array([], dtype=object) array([], dtype=object) array([], dtype=object)]",True,"['Myndin' 'sýnir' 'hljómsveitina' 'spila' 'fyrir' 'orkumiklar mannmergðir'
 'og' 'slæpast' 'um' 'í' 'áfengisvímu' 'þegar' 'þeir' 'eru' 'ekki' 'að'
 'spila' '.']"
33650,"['Nýir' 'landnemar' 'voru' 'hvattir' 'til' 'þess' 'að' 'ræna' 'landi'
 'frá' 'innfæddum' 'og' 'þröngva' 'þeim' 'til' 'nauðungarvinnu' '.']","[array([], dtype=object) array([], dtype=object) array([], dtype=object)
 array([], dtype=object) array([], dtype=object) array([], dtype=object)
 array([], dtype=object) array([], dtype=object) array([], dtype=object)
 array([], dtype=object) array([], dtype=object) array([], dtype=object)
 array(['style'], dtype=object) array(['style'], dtype=object)
 array(['style'], dtype=object) array([], dtype=object)
 array([], dtype=object)]",True,"['Nýir' 'landnemar' 'voru' 'hvattir' 'til' 'þess' 'að' 'ræna' 'landi'
 'frá' 'innfæddum' 'og' 'þvinga þá í' 'nauðungarvinnu' '.']"
15109,"['""' 'Steven' 'Feldman' 'var' 'ekki' 'rekinn' '.']","[array(['orthography'], dtype=object) array([], dtype=object)
 array([], dtype=object) array([], dtype=object) array([], dtype=object)
 array([], dtype=object) array([], dtype=object)]",True,['„' 'Steven' 'Feldman' 'var' 'ekki' 'rekinn' '.']
7138,"['Shilton' 'er' 'einn' 'besti' 'knattspyrnumaður' 'sem' 'England' 'hefur'
 'alið' ',' 'Líka' 'sá' 'landsleikjahæsti' ',' 'en' 'árið' '1990' 'var'
 'hann' 'bara' 'löngu' 'kominn' 'yfir' 'sitt' 'besta' '.']","[array([], dtype=object) array([], dtype=object) array([], dtype=object)
 array([], dtype=object) array([], dtype=object) array([], dtype=object)
 array([], dtype=object) array([], dtype=object) array([], dtype=object)
 array([], dtype=object) array(['style'], dtype=object)
 array([], dtype=object) array([], dtype=object) array([], dtype=object)
 array([], dtype=object) array([], dtype=object) array([], dtype=object)
 array([], dtype=object) array([], dtype=object)
 array(['style'], dtype=object) array([], dtype=object)
 array([], dtype=object) array([], dtype=object) array([], dtype=object)
 array([], dtype=object) array([], dtype=object)]",True,"['Shilton' 'er' 'einn' 'besti' 'knattspyrnumaður' 'sem' 'England' 'hefur'
 'alið' ',' 'og' 'sá' 'landsleikjahæsti' ',' 'en' 'árið 1990' 'var' 'hann'
 'einfaldlega' 'löngu' 'kominn' 'yfir' 'sitt' 'besta' '.']"
51037,"['Fólk' 'með' 'ákveðna' 'menntun' 'kemst' 'lengra' 'en' 'aðrir' 'sem'
 'bara' 'ljúka' 'grunnskólaprófi' '.']","[array([], dtype=object) array([], dtype=object) array([], dtype=object)
 array([], dtype=object) array([], dtype=object) array([], dtype=object)
 array([], dtype=object) array([], dtype=object) array([], dtype=object)
 array(['style'], dtype=object) array(['style'], dtype=object)
 array([], dtype=object) array([], dtype=object)]",True,"['Fólk' 'með' 'ákveðna' 'menntun' 'kemst' 'lengra' 'en' 'aðrir' 'sem' ''
 'ljúka' 'bara' 'grunnskólaprófi' '.']"
7052,"['Fjármunum' 'var' 'ráðstafað' 'af' 'reikningum' 'félaganna' 'með'
 'millifærslum' ',' 'úttektum' 'í' 'banka' ',' 'úttektum' 'í' 'hraðbanka'
 'og' 'framvísun' 'debetkorts' 'til' 'greiðslu' 'fyrir' 'vöru' 'og'
 'þjónustu' '.']","[array([], dtype=object) array([], dtype=object) array([], dtype=object)
 array([], dtype=object) array([], dtype=object) array([], dtype=object)
 array([], dtype=object) array([], dtype=object) array([], dtype=object)
 array([], dtype=object) array([], dtype=object) array([], dtype=object)
 array([], dtype=object) array([], dtype=object) array([], dtype=object)
 array([], dtype=object) array([], dtype=object) array([], dtype=object)
 array([], dtype=object) array([], dtype=object) array([], dtype=object)
 array([], dtype=object) array(['vocabulary'], dtype=object)
 array([], dtype=object) array([], dtype=object) array([], dtype=object)]",True,"['Fjármunum' 'var' 'ráðstafað' 'af' 'reikningum' 'félaganna' 'með'
 'millifærslum' ',' 'úttektum' 'í' 'banka' ',' 'úttektum' 'í' 'hraðbanka'
 'og' 'framvísun' 'debetkorts' 'til' 'greiðslu' 'fyrir' 'vörur' 'og'
 'þjónustu' '.']"
4572,"['Scolari' 'var' 'þjálfari' 'liðsins' 'þegar' 'það' 'hampaði'
 'heimsmeistaratitli' 'árið' '2002' 'en' 'það' 'mun' 'engu' 'skipta' '.']","[array([], dtype=object) array([], dtype=object) array([], dtype=object)
 array([], dtype=object) array([], dtype=object) array([], dtype=object)
 array([], dtype=object) array([], dtype=object) array([], dtype=object)
 array([], dtype=object) array([], dtype=object) array([], dtype=object)
 array([], dtype=object) array([], dtype=object) array([], dtype=object)
 array([], dtype=object)]",False,"['Scolari' 'var' 'þjálfari' 'liðsins' 'þegar' 'það' 'hampaði'
 'heimsmeistaratitli' 'árið' '2002' 'en' 'það' 'mun' 'engu' 'skipta' '.']"
24079,"['Við' 'þurfum' 'bara' 'að' 'koma' 'þessum' 'leik' 'úr' 'hausnum' 'og'
 'skrokknum' 'á' 'okkur' '.']","[array([], dtype=object) array([], dtype=object) array([], dtype=object)
 array([], dtype=object) array([], dtype=object) array([], dtype=object)
 array([], dtype=object) array([], dtype=object) array([], dtype=object)
 array([], dtype=object) array([], dtype=object) array([], dtype=object)
 array([], dtype=object) array([], dtype=object)]",False,"['Við' 'þurfum' 'bara' 'að' 'koma' 'þessum' 'leik' 'úr' 'hausnum' 'og'
 'skrokknum' 'á' 'okkur' '.']"
17344,"['Yao' 'Ming' 'hefur' 'nóg' 'af' 'pening' 'milli' 'handanna' 'og' 'var'
 'hann' 'sem' 'dæmi' 'efstur' 'á' 'lista' 'Forbes' 'yfir' 'það' 'fræga'
 'fólk' 'í' 'Kína' 'sem' 'vann' 'sér' 'inn' 'mestan' 'pening' 'á' 'síðast'
 'ári' '.']","[array([], dtype=object) array([], dtype=object) array([], dtype=object)
 array([], dtype=object) array([], dtype=object) array([], dtype=object)
 array([], dtype=object) array([], dtype=object) array([], dtype=object)
 array([], dtype=object) array([], dtype=object) array([], dtype=object)
 array([], dtype=object) array([], dtype=object) array([], dtype=object)
 array([], dtype=object) array([], dtype=object) array([], dtype=object)
 array([], dtype=object) array([], dtype=object) array([], dtype=object)
 array([], dtype=object) array([], dtype=object) array([], dtype=object)
 array([], dtype=object) array([], dtype=object) array([], dtype=object)
 array([], dtype=object) array([], dtype=object) array([], dtype=object)
 array([], dtype=object) array([], dtype=object) array([], dtype=object)]",False,"['Yao' 'Ming' 'hefur' 'nóg' 'af' 'pening' 'milli' 'handanna' 'og' 'var'
 'hann' 'sem' 'dæmi' 'efstur' 'á' 'lista' 'Forbes' 'yfir' 'það' 'fræga'
 'fólk' 'í' 'Kína' 'sem' 'vann' 'sér' 'inn' 'mestan' 'pening' 'á' 'síðast'
 'ári' '.']"
49516,"['Það' 'er' 'innan' 'landamæra' 'Frakklands' 'með' 'strandlengju' 'að'
 'Miðjarðarhafi' 'við' 'frönsku' 'rívíeruna' '.']","[array([], dtype=object) array([], dtype=object) array([], dtype=object)
 array([], dtype=object) array([], dtype=object) array([], dtype=object)
 array([], dtype=object) array([], dtype=object) array([], dtype=object)
 array([], dtype=object) array([], dtype=object) array([], dtype=object)
 array([], dtype=object)]",False,"['Það' 'er' 'innan' 'landamæra' 'Frakklands' 'með' 'strandlengju' 'að'
 'Miðjarðarhafi' 'við' 'frönsku' 'rívíeruna' '.']"
48267,"['Viðarkol' 'fundust' 'í' 'göngunum' 'og' 'var' 'viðurinn' 'greindur'
 'víðir' 'og' 'aldursgreindur' 'á' '13.' '-' '15.' 'öld' '.']","[array([], dtype=object) array([], dtype=object) array([], dtype=object)
 array([], dtype=object) array([], dtype=object) array([], dtype=object)
 array([], dtype=object) array([], dtype=object) array([], dtype=object)
 array([], dtype=object) array([], dtype=object) array([], dtype=object)
 array([], dtype=object) array([], dtype=object) array([], dtype=object)
 array([], dtype=object) array([], dtype=object)]",False,"['Viðarkol' 'fundust' 'í' 'göngunum' 'og' 'var' 'viðurinn' 'greindur'
 'víðir' 'og' 'aldursgreindur' 'á' '13.' '-' '15.' 'öld' '.']"
682,['„' 'Þetta' 'er' 'laust' 'grindverk' '.'],"[array([], dtype=object) array([], dtype=object) array([], dtype=object)
 array([], dtype=object) array([], dtype=object) array([], dtype=object)]",False,['„' 'Þetta' 'er' 'laust' 'grindverk' '.']
53242,['Hvernig' 'haldast' 'lífshamingja' 'og' 'auður' 'saman' 'í' 'hendur' '?'],"[array([], dtype=object) array([], dtype=object) array([], dtype=object)
 array([], dtype=object) array([], dtype=object) array([], dtype=object)
 array([], dtype=object) array([], dtype=object) array([], dtype=object)]",False,['Hvernig' 'haldast' 'lífshamingja' 'og' 'auður' 'saman' 'í' 'hendur' '?']
17395,"['Ljóst' 'liggur' 'fyrir' 'að' 'verðbólgan' 'og' 'efnahagshrunið' 'hafa'
 'haft' 'mikil' 'áhrif' 'á' 'rekstur' 'og' 'efnahag' 'sveitarfélaganna'
 '.']","[array([], dtype=object) array([], dtype=object) array([], dtype=object)
 array([], dtype=object) array([], dtype=object) array([], dtype=object)
 array([], dtype=object) array([], dtype=object) array([], dtype=object)
 array([], dtype=object) array([], dtype=object) array([], dtype=object)
 array([], dtype=object) array([], dtype=object) array([], dtype=object)
 array([], dtype=object) array([], dtype=object)]",False,"['Ljóst' 'liggur' 'fyrir' 'að' 'verðbólgan' 'og' 'efnahagshrunið' 'hafa'
 'haft' 'mikil' 'áhrif' 'á' 'rekstur' 'og' 'efnahag' 'sveitarfélaganna'
 '.']"
56830,"['Þetta' 'finnst' 'mörgum' 'vanvirðing' 'fyrir' 'þeirri' 'stofnum' 'sem'
 'kallast' 'hjónaband' '.']","[array([], dtype=object) array([], dtype=object) array([], dtype=object)
 array([], dtype=object) array([], dtype=object) array([], dtype=object)
 array(['style'], dtype=object) array([], dtype=object)
 array([], dtype=object) array([], dtype=object) array([], dtype=object)]",True,"['Þetta' 'finnst' 'mörgum' 'vanvirðing' 'fyrir' 'þeirri' 'stofnun' 'sem'
 'kallast' 'hjónaband' '.']"
19057,"['En' 'fráfarandi' 'nefnd' 'hefur' 'lagt' 'til' 'að' 'á' 'þessum' 'stað'
 'rísi' 'aðstaða' 'til' 'að' 'halda' 'minni' 'ráðstefnur' 'bæði' 'á'
 'vegum' 'ríkis' ',' 'Alþingis' 'og' 'einkaaðila' '.']","[array([], dtype=object) array([], dtype=object) array([], dtype=object)
 array([], dtype=object) array([], dtype=object) array([], dtype=object)
 array([], dtype=object) array([], dtype=object) array([], dtype=object)
 array([], dtype=object) array([], dtype=object) array([], dtype=object)
 array([], dtype=object) array([], dtype=object) array([], dtype=object)
 array([], dtype=object) array([], dtype=object) array([], dtype=object)
 array([], dtype=object) array([], dtype=object) array([], dtype=object)
 array([], dtype=object) array([], dtype=object) array([], dtype=object)
 array([], dtype=object) array([], dtype=object)]",False,"['En' 'fráfarandi' 'nefnd' 'hefur' 'lagt' 'til' 'að' 'á' 'þessum' 'stað'
 'rísi' 'aðstaða' 'til' 'að' 'halda' 'minni' 'ráðstefnur' 'bæði' 'á'
 'vegum' 'ríkis' ',' 'Alþingis' 'og' 'einkaaðila' '.']"
49722,"['Mikið' 'er' 'af' 'litaafbrigðum' 'gára' ',' 'en' 'stökkbreytingarnar'
 'eru' 'alls' '32' '.']","[array([], dtype=object) array([], dtype=object) array([], dtype=object)
 array([], dtype=object) array([], dtype=object)
 array(['orthography'], dtype=object) array([], dtype=object)
 array([], dtype=object) array([], dtype=object) array([], dtype=object)
 array([], dtype=object) array([], dtype=object)]",True,"['Mikið' 'er' 'af' 'litaafbrigðum' 'gára' '' 'en' 'stökkbreytingarnar'
 'eru' 'alls' '32' '.']"
6602,"['Nýjungarnar' 'hafa' 'verið' 'mjög' 'spennandi' ',' 't.d.' 'raksápan'
 'góða' 'og' 'marklínutæknin' 'en' 'líka' 'taktísku' 'brotin' 'sem' 'hafa'
 'einkennt' 'útsláttakeppnina' 'og' 'dómararnir' 'eru' 'engan' 'veginn'
 'búnir' 'að' 'ná' 'að' 'bregðast' 'við' '.']","[array([], dtype=object) array([], dtype=object) array([], dtype=object)
 array([], dtype=object) array([], dtype=object) array([], dtype=object)
 array([], dtype=object) array([], dtype=object) array([], dtype=object)
 array([], dtype=object) array([], dtype=object) array([], dtype=object)
 array([], dtype=object) array([], dtype=object) array([], dtype=object)
 array([], dtype=object) array([], dtype=object) array([], dtype=object)
 array(['orthography'], dtype=object) array([], dtype=object)
 array([], dtype=object) array([], dtype=object) array([], dtype=object)
 array([], dtype=object) array([], dtype=object) array([], dtype=object)
 array([], dtype=object) array([], dtype=object) array([], dtype=object)
 array([], dtype=object) array([], dtype=object)]",True,"['Nýjungarnar' 'hafa' 'verið' 'mjög' 'spennandi' ',' 't.d.' 'raksápan'
 'góða' 'og' 'marklínutæknin' 'en' 'líka' 'taktísku' 'brotin' 'sem' 'hafa'
 'einkennt' 'útsláttarkeppnina' 'og' 'dómararnir' 'eru' 'engan' 'veginn'
 'búnir' 'að' 'ná' 'að' 'bregðast' 'við' '.']"
23470,"['Aðfaranótt' 'laugardags' 'var' 'ein' 'nauðgun' 'kærð' 'sem' 'og'
 'líkamsárás' '.']","[array([], dtype=object) array([], dtype=object) array([], dtype=object)
 array([], dtype=object) array([], dtype=object) array([], dtype=object)
 array([], dtype=object) array([], dtype=object) array([], dtype=object)
 array([], dtype=object)]",False,"['Aðfaranótt' 'laugardags' 'var' 'ein' 'nauðgun' 'kærð' 'sem' 'og'
 'líkamsárás' '.']"
38360,"['Foreldara' 'hennar' 'voru' 'Stefán' 'Eiríksson' 'alþingismaður' 'og'
 'bóndi' 'í' 'Árnanesi' 'og' 'Guðrún' 'Einarsdóttir' 'frá' 'Ytri-Skógum'
 'undir' 'Eyjafjöllum' '.']","[array(['orthography'], dtype=object) array([], dtype=object)
 array([], dtype=object) array([], dtype=object) array([], dtype=object)
 array([], dtype=object) array([], dtype=object) array([], dtype=object)
 array([], dtype=object) array([], dtype=object) array([], dtype=object)
 array([], dtype=object) array([], dtype=object) array([], dtype=object)
 array([], dtype=object) array([], dtype=object) array([], dtype=object)
 array([], dtype=object)]",True,"['Foreldrar' 'hennar' 'voru' 'Stefán' 'Eiríksson' 'alþingismaður' 'og'
 'bóndi' 'í' 'Árnanesi' 'og' 'Guðrún' 'Einarsdóttir' 'frá' 'Ytri-Skógum'
 'undir' 'Eyjafjöllum' '.']"
48037,"['Þegar' 'nýlendan' 'var' 'leyst' 'upp' 'árið' '1958' '-' '62' 'varð'
 'Sankti' 'Lúsía' 'hluti' 'af' 'Sambandsríki' 'Vestur-Indía' '.']","[array([], dtype=object) array([], dtype=object) array([], dtype=object)
 array([], dtype=object) array([], dtype=object) array([], dtype=object)
 array([], dtype=object) array([], dtype=object) array([], dtype=object)
 array([], dtype=object) array([], dtype=object) array([], dtype=object)
 array([], dtype=object) array([], dtype=object) array([], dtype=object)
 array([], dtype=object) array([], dtype=object)]",False,"['Þegar' 'nýlendan' 'var' 'leyst' 'upp' 'árið' '1958' '-' '62' 'varð'
 'Sankti' 'Lúsía' 'hluti' 'af' 'Sambandsríki' 'Vestur-Indía' '.']"
2694,"['Óeðlilegt' 'er' 'að' 'tengja' 'slíkan' 'atburð' 'við' 'skemmtun' ',' '“'
 'bókaði' 'bæjarráð' 'Hveragerðis' '.']","[array(['orthography'], dtype=object) array([], dtype=object)
 array([], dtype=object) array([], dtype=object) array([], dtype=object)
 array([], dtype=object) array([], dtype=object) array([], dtype=object)
 array([], dtype=object) array([], dtype=object) array([], dtype=object)
 array([], dtype=object) array([], dtype=object) array([], dtype=object)]",True,"['„' 'Óeðlilegt' 'er' 'að' 'tengja' 'slíkan' 'atburð' 'við' 'skemmtun' ','
 '“' 'bókaði' 'bæjarráð' 'Hveragerðis' '.']"
7877,"['Samdráttur' 'varð' 'aftur' 'á' 'móti' 'í' 'sölu' 'vindla' 'um' 'tæplega'
 '1' 'prósent' '.']","[array([], dtype=object) array([], dtype=object) array([], dtype=object)
 array([], dtype=object) array([], dtype=object) array([], dtype=object)
 array([], dtype=object) array([], dtype=object) array([], dtype=object)
 array([], dtype=object) array([], dtype=object) array([], dtype=object)
 array([], dtype=object)]",False,"['Samdráttur' 'varð' 'aftur' 'á' 'móti' 'í' 'sölu' 'vindla' 'um' 'tæplega'
 '1' 'prósent' '.']"
41098,"['Lítið' 'er' 'vitað' 'um' 'Solveigu' 'í' 'nærri' 'tvo' 'áratugi' 'eftir'
 'þetta' 'en' 'hún' 'hefur' 'ekki' 'átt' 'sér' 'öfluga' 'bandamenn' 'sem'
 'treystu' 'sér' 'til' 'að' 'fara' 'gegn' 'frændum' 'hennar' '.']","[array([], dtype=object) array([], dtype=object) array([], dtype=object)
 array([], dtype=object) array([], dtype=object) array([], dtype=object)
 array([], dtype=object) array([], dtype=object) array([], dtype=object)
 array([], dtype=object) array([], dtype=object) array([], dtype=object)
 array([], dtype=object) array([], dtype=object) array([], dtype=object)
 array([], dtype=object) array([], dtype=object) array([], dtype=object)
 array([], dtype=object) array([], dtype=object) array([], dtype=object)
 array([], dtype=object) array([], dtype=object) array([], dtype=object)
 array([], dtype=object) array([], dtype=object) array([], dtype=object)
 array([], dtype=object) array([], dtype=object)]",False,"['Lítið' 'er' 'vitað' 'um' 'Solveigu' 'í' 'nærri' 'tvo' 'áratugi' 'eftir'
 'þetta' 'en' 'hún' 'hefur' 'ekki' 'átt' 'sér' 'öfluga' 'bandamenn' 'sem'
 'treystu' 'sér' 'til' 'að' 'fara' 'gegn' 'frændum' 'hennar' '.']"
21428,"['Fyrr' 'í' 'dag' 'töldu' 'fréttamiðlar' 'vestanhafs' ',' 'þar' 'á'
 'meðal' 'ESPN' ',' 'að' 'New' 'York' 'Knicks' 'væri' 'líklegasti'
 'áfangastaður' 'Nash' 'sem' 'er' 'á' '38.' 'aldursári' '.']","[array([], dtype=object) array([], dtype=object) array([], dtype=object)
 array([], dtype=object) array([], dtype=object) array([], dtype=object)
 array([], dtype=object) array([], dtype=object) array([], dtype=object)
 array([], dtype=object) array([], dtype=object) array([], dtype=object)
 array([], dtype=object) array([], dtype=object) array([], dtype=object)
 array([], dtype=object) array([], dtype=object) array([], dtype=object)
 array([], dtype=object) array([], dtype=object) array([], dtype=object)
 array([], dtype=object) array([], dtype=object) array([], dtype=object)
 array([], dtype=object) array([], dtype=object)]",False,"['Fyrr' 'í' 'dag' 'töldu' 'fréttamiðlar' 'vestanhafs' ',' 'þar' 'á'
 'meðal' 'ESPN' ',' 'að' 'New' 'York' 'Knicks' 'væri' 'líklegasti'
 'áfangastaður' 'Nash' 'sem' 'er' 'á' '38.' 'aldursári' '.']"
11295,"['En' 'hefur' 'lögreglan' 'heimild' 'til' 'þess' 'að' 'taka' 'saman'
 'upplýsingar' 'með' 'þessum' 'hætti' '?']","[array(['orthography'], dtype=object) array(['orthography'], dtype=object)
 array([], dtype=object) array([], dtype=object) array([], dtype=object)
 array([], dtype=object) array([], dtype=object) array([], dtype=object)
 array([], dtype=object) array([], dtype=object) array([], dtype=object)
 array([], dtype=object) array([], dtype=object) array([], dtype=object)]",True,"['Hefur' 'lögreglan' 'heimild' 'til' 'þess' 'að' 'taka' 'saman'
 'upplýsingar' 'með' 'þessum' 'hætti' '?']"
24332,"['Í' 'tilkynningu' 'frá' 'Atlantsolíu' 'segir' 'að' 'þetta' 'sé' 'í'
 'þriðja' 'sinn' 'sem' 'dagurinn' 'er' 'haldinn' 'og' 'er' 'búist' 'við'
 'fjölmenni' '.']","[array([], dtype=object) array([], dtype=object) array([], dtype=object)
 array([], dtype=object) array([], dtype=object) array([], dtype=object)
 array([], dtype=object) array([], dtype=object) array([], dtype=object)
 array([], dtype=object) array([], dtype=object) array([], dtype=object)
 array([], dtype=object) array([], dtype=object) array([], dtype=object)
 array([], dtype=object) array([], dtype=object) array([], dtype=object)
 array([], dtype=object) array([], dtype=object) array([], dtype=object)]",False,"['Í' 'tilkynningu' 'frá' 'Atlantsolíu' 'segir' 'að' 'þetta' 'sé' 'í'
 'þriðja' 'sinn' 'sem' 'dagurinn' 'er' 'haldinn' 'og' 'er' 'búist' 'við'
 'fjölmenni' '.']"
17444,"['Klifurgrind' 'á' 'leikssvæði' 'við' 'Engidalsskóla' 'í' 'Hafnarfirði'
 'þar' 'sem' 'átta' 'ára' 'stúlka' 'var' 'hætt' 'komin' 'í' 'fyrradag'
 'hefur' 'verið' 'tekin' 'niður' '.']","[array([], dtype=object) array([], dtype=object)
 array(['orthography'], dtype=object) array([], dtype=object)
 array([], dtype=object) array([], dtype=object) array([], dtype=object)
 array([], dtype=object) array([], dtype=object) array([], dtype=object)
 array([], dtype=object) array([], dtype=object) array([], dtype=object)
 array([], dtype=object) array([], dtype=object) array([], dtype=object)
 array([], dtype=object) array([], dtype=object) array([], dtype=object)
 array([], dtype=object) array([], dtype=object) array([], dtype=object)]",True,"['Klifurgrind' 'á' 'leiksvæði' 'við' 'Engidalsskóla' 'í' 'Hafnarfirði'
 'þar' 'sem' 'átta' 'ára' 'stúlka' 'var' 'hætt' 'komin' 'í' 'fyrradag'
 'hefur' 'verið' 'tekin' 'niður' '.']"
40229,"['Hugtakið' 'tyggigúmmítónlist' 'var' 'sett' 'fram' 'af' 'Kasenetz-Katz'
 '.']","[array([], dtype=object) array(['style'], dtype=object)
 array([], dtype=object) array([], dtype=object) array([], dtype=object)
 array([], dtype=object)
 array(['orthography', 'orthography'], dtype=object)
 array([], dtype=object)]",True,"['Hugtakið' 'tyggjótónlist' 'var' 'sett' 'fram' 'af' 'Kasenetz og Katz'
 '.']"
56761,"['Berum' 'þetta' 'svo' 'saman' 'við' 'einstakling' 'sem' 'að' 'loknum'
 'grunnskóla' 'fer' 'í' 'iðnskóla' 'og' 'lærir' 'þá' 'iðngrein' 'sem'
 'hann' 'kann' 'að' 'hafa' 'áhuga' 'á' '.']","[array([], dtype=object) array([], dtype=object) array([], dtype=object)
 array([], dtype=object) array([], dtype=object) array([], dtype=object)
 array([], dtype=object) array([], dtype=object) array([], dtype=object)
 array([], dtype=object) array([], dtype=object) array([], dtype=object)
 array([], dtype=object) array([], dtype=object) array([], dtype=object)
 array([], dtype=object) array([], dtype=object) array([], dtype=object)
 array([], dtype=object) array([], dtype=object) array([], dtype=object)
 array([], dtype=object) array([], dtype=object) array([], dtype=object)
 array([], dtype=object)]",False,"['Berum' 'þetta' 'svo' 'saman' 'við' 'einstakling' 'sem' 'að' 'loknum'
 'grunnskóla' 'fer' 'í' 'iðnskóla' 'og' 'lærir' 'þá' 'iðngrein' 'sem'
 'hann' 'kann' 'að' 'hafa' 'áhuga' 'á' '.']"
465,"['Við' 'mætum' 'ekki' 'á' 'æfingar' 'til' 'að' 'reykja' 'vindla' 'og'
 'spila' 'spil' '.']","[array([], dtype=object) array([], dtype=object) array([], dtype=object)
 array([], dtype=object) array([], dtype=object) array([], dtype=object)
 array([], dtype=object) array([], dtype=object) array([], dtype=object)
 array([], dtype=object) array([], dtype=object) array([], dtype=object)
 array([], dtype=object)]",False,"['Við' 'mætum' 'ekki' 'á' 'æfingar' 'til' 'að' 'reykja' 'vindla' 'og'
 'spila' 'spil' '.']"
53523,"['Sjálfur' 'er' 'ég' 'rétt' 'skriðinn' 'yfir' 'tvítugt' 'og' 'telst'
 'ekki' 'mjög' 'lífsreyndur' 'en' 'þó' 'er' 'ég' 'það' 'reyndur' 'að' 'ég'
 'veit' 'að' 'hamingjan' 'finnst' 'ekki' 'í' 'peningum' '.']","[array([], dtype=object) array([], dtype=object) array([], dtype=object)
 array([], dtype=object) array([], dtype=object) array([], dtype=object)
 array([], dtype=object) array([], dtype=object) array([], dtype=object)
 array([], dtype=object) array([], dtype=object) array([], dtype=object)
 array([], dtype=object) array([], dtype=object) array([], dtype=object)
 array([], dtype=object) array([], dtype=object) array([], dtype=object)
 array([], dtype=object) array([], dtype=object) array([], dtype=object)
 array([], dtype=object) array([], dtype=object) array([], dtype=object)
 array([], dtype=object) array([], dtype=object) array([], dtype=object)
 array([], dtype=object)]",False,"['Sjálfur' 'er' 'ég' 'rétt' 'skriðinn' 'yfir' 'tvítugt' 'og' 'telst'
 'ekki' 'mjög' 'lífsreyndur' 'en' 'þó' 'er' 'ég' 'það' 'reyndur' 'að' 'ég'
 'veit' 'að' 'hamingjan' 'finnst' 'ekki' 'í' 'peningum' '.']"
6252,"['Kolbeinn' 'sagði' 'eftir' 'að' 'síðasta' 'keppnistímabili' 'lauk' 'að'
 'hann' 'vildi' 'reyna' 'fyrir' 'sér' 'utan' 'Hollands' 'og' 'hann' 'var'
 'orðaður' 'við' 'nokkur' 'lið' ',' 'til' 'að' 'mynda' 'í' 'Englandi' '.'
 'En' 'ekkert' 'varð' 'af' 'félagaskiptunum' '.']","[array([], dtype=object) array([], dtype=object) array([], dtype=object)
 array([], dtype=object) array([], dtype=object) array([], dtype=object)
 array([], dtype=object) array([], dtype=object) array([], dtype=object)
 array([], dtype=object) array([], dtype=object) array([], dtype=object)
 array([], dtype=object) array([], dtype=object) array([], dtype=object)
 array([], dtype=object) array([], dtype=object) array([], dtype=object)
 array([], dtype=object) array([], dtype=object) array([], dtype=object)
 array([], dtype=object) array([], dtype=object) array([], dtype=object)
 array([], dtype=object) array([], dtype=object) array([], dtype=object)
 array([], dtype=object) array(['orthography'], dtype=object)
 array(['orthography'], dtype=object) array([], dtype=object)
 array([], dtype=object) array([], dtype=object) array([], dtype=object)
 array([], dtype=object)]",True,"['Kolbeinn' 'sagði' 'eftir' 'að' 'síðasta' 'keppnistímabili' 'lauk' 'að'
 'hann' 'vildi' 'reyna' 'fyrir' 'sér' 'utan' 'Hollands' 'og' 'hann' 'var'
 'orðaður' 'við' 'nokkur' 'lið' ',' 'til' 'að' 'mynda' 'í' 'Englandi' 'en'
 'ekkert' 'varð' 'af' 'félagaskiptunum' '.']"
47291,"['Á' 'Íslandi' 'fékk' 'Rauði' 'krossinn' 'leyfi' 'fyrir' 'þessum' 'spilum'
 'árið' '1972' 'sem' 'var' 'upphafið' 'að' 'spilakassarekstri'
 'samtakanna' '.']","[array([], dtype=object) array([], dtype=object) array([], dtype=object)
 array([], dtype=object) array([], dtype=object) array([], dtype=object)
 array([], dtype=object) array([], dtype=object) array([], dtype=object)
 array([], dtype=object) array([], dtype=object) array([], dtype=object)
 array([], dtype=object) array([], dtype=object)
 array(['grammar'], dtype=object) array([], dtype=object)
 array([], dtype=object) array([], dtype=object)]",True,"['Á' 'Íslandi' 'fékk' 'Rauði' 'krossinn' 'leyfi' 'fyrir' 'þessum' 'spilum'
 'árið 1972' 'sem' 'var' 'upphafið' 'á' 'spilakassarekstri' 'samtakanna'
 '.']"
18965,"['Jenson' 'Button' 'er' 'efstur' 'í' 'stigamótinu' ',' 'en' 'Vettel' 'og'
 'Webber' 'hafa' 'færst' 'upp' 'fyrir' 'Rubens' 'Barrichello' '.']","[array([], dtype=object) array([], dtype=object) array([], dtype=object)
 array([], dtype=object) array([], dtype=object) array([], dtype=object)
 array([], dtype=object) array([], dtype=object) array([], dtype=object)
 array([], dtype=object) array([], dtype=object) array([], dtype=object)
 array([], dtype=object) array([], dtype=object) array([], dtype=object)
 array([], dtype=object) array([], dtype=object) array([], dtype=object)]",False,"['Jenson' 'Button' 'er' 'efstur' 'í' 'stigamótinu' ',' 'en' 'Vettel' 'og'
 'Webber' 'hafa' 'færst' 'upp' 'fyrir' 'Rubens' 'Barrichello' '.']"
5786,"['Þá' 'bætist' 'við' 'að' 'ekki' 'megi' 'blanda' 'saman' 'fisktegundum'
 'í' 'körum' '.']","[array([], dtype=object) array([], dtype=object) array([], dtype=object)
 array([], dtype=object) array([], dtype=object) array([], dtype=object)
 array([], dtype=object) array([], dtype=object) array([], dtype=object)
 array([], dtype=object) array([], dtype=object) array([], dtype=object)]",False,"['Þá' 'bætist' 'við' 'að' 'ekki' 'megi' 'blanda' 'saman' 'fisktegundum'
 'í' 'körum' '.']"
26516,"['Holtavirkjun' 'og' 'Hvammsvirkjun' 'eru' 'í' 'fimmtánda' 'og' 'sextánda'
 'sæti' 'yfir' 'svæði' 'sem' 'æskilegt' 'er' 'að' 'virkja' 'og' 'í'
 'tuttugasta' 'og' 'áttunda' 'sæti' 'er' 'síðan' 'Urriðafossvirkjun' '.']","[array([], dtype=object) array([], dtype=object) array([], dtype=object)
 array([], dtype=object) array([], dtype=object) array([], dtype=object)
 array([], dtype=object) array([], dtype=object) array([], dtype=object)
 array([], dtype=object) array([], dtype=object) array([], dtype=object)
 array([], dtype=object) array([], dtype=object) array([], dtype=object)
 array([], dtype=object) array([], dtype=object) array([], dtype=object)
 array([], dtype=object) array([], dtype=object) array([], dtype=object)
 array([], dtype=object) array([], dtype=object)
 array(['vocabulary'], dtype=object) array([], dtype=object)
 array([], dtype=object)]",True,"['Holtavirkjun' 'og' 'Hvammsvirkjun' 'eru' 'í' 'fimmtánda' 'og' 'sextánda'
 'sæti' 'yfir' 'svæði' 'sem' 'æskilegt' 'er' 'að' 'virkja' 'og' 'í'
 'tuttugasta' 'og' 'áttunda' 'sæti' 'er' '' 'Urriðafossvirkjun' '.']"
34282,"['Hún' 'gerði' 'mörg' 'verk' 'tengd' 'Valentínusardegi' ',' 'Degi'
 'heilags' 'Patreks' ',' '4.' 'júlí' ',' 'Hrekkjavöku' 'og' 'Jólum' '.']","[array([], dtype=object) array([], dtype=object) array([], dtype=object)
 array([], dtype=object) array([], dtype=object)
 array(['grammar'], dtype=object) array([], dtype=object)
 array(['orthography'], dtype=object) array([], dtype=object)
 array([], dtype=object) array([], dtype=object) array([], dtype=object)
 array([], dtype=object) array([], dtype=object)
 array(['orthography'], dtype=object) array([], dtype=object)
 array(['orthography'], dtype=object) array([], dtype=object)]",True,"['Hún' 'gerði' 'mörg' 'verk' 'tengd' 'Valentínusardeginum' ',' 'degi'
 'heilags' 'Patreks' ',' '4. júlí' ',' 'hrekkjavöku' 'og' 'jólum' '.']"
57864,"['Lífið' 'er' 'allt' 'of' 'stutt' 'til' 'þess' 'að' 'velta' 'sér' 'upp'
 'úr' 'því' 'sem' 'miður' 'fer' '.']","[array([], dtype=object) array([], dtype=object) array([], dtype=object)
 array([], dtype=object) array([], dtype=object) array([], dtype=object)
 array([], dtype=object) array([], dtype=object) array([], dtype=object)
 array([], dtype=object) array([], dtype=object) array([], dtype=object)
 array([], dtype=object) array([], dtype=object) array([], dtype=object)
 array([], dtype=object) array([], dtype=object)]",False,"['Lífið' 'er' 'allt' 'of' 'stutt' 'til' 'þess' 'að' 'velta' 'sér' 'upp'
 'úr' 'því' 'sem' 'miður' 'fer' '.']"
19119,"['Í' 'fyrsta' 'lagi' 'eru' 'fáir' 'sérlega' 'skemmtilegir' 'þannig' 'og'
 'í' 'öðru' 'lagi' 'breytist' 'ástandið' 'lítið' 'við' 'að' 'láta'
 'reiðina' 'taka' 'völdin' '.']","[array([], dtype=object) array([], dtype=object) array([], dtype=object)
 array([], dtype=object) array([], dtype=object) array([], dtype=object)
 array([], dtype=object) array([], dtype=object) array([], dtype=object)
 array([], dtype=object) array([], dtype=object) array([], dtype=object)
 array([], dtype=object) array([], dtype=object) array([], dtype=object)
 array([], dtype=object) array([], dtype=object) array([], dtype=object)
 array([], dtype=object) array([], dtype=object) array([], dtype=object)
 array([], dtype=object)]",False,"['Í' 'fyrsta' 'lagi' 'eru' 'fáir' 'sérlega' 'skemmtilegir' 'þannig' 'og'
 'í' 'öðru' 'lagi' 'breytist' 'ástandið' 'lítið' 'við' 'að' 'láta'
 'reiðina' 'taka' 'völdin' '.']"
25409,"['Það' 'myndi' 'vera' 'mér' 'allt' 'ef' 'ég' 'næði' 'að' 'vinna' 'á'
 'heimavelli' ',' 'draumur' 'sem' 'myndi' 'rætast' '.']","[array([], dtype=object) array([], dtype=object) array([], dtype=object)
 array([], dtype=object) array([], dtype=object) array([], dtype=object)
 array([], dtype=object) array([], dtype=object) array([], dtype=object)
 array([], dtype=object) array([], dtype=object) array([], dtype=object)
 array([], dtype=object) array([], dtype=object) array([], dtype=object)
 array([], dtype=object) array([], dtype=object) array([], dtype=object)]",False,"['Það' 'myndi' 'vera' 'mér' 'allt' 'ef' 'ég' 'næði' 'að' 'vinna' 'á'
 'heimavelli' ',' 'draumur' 'sem' 'myndi' 'rætast' '.']"
16520,"['Akstur' 'undir' 'áhrifum' 'vímuefna' 'hefur' 'færst' 'verulega' 'í'
 'vöxt' 'á' 'Akureyri' 'síðustu' 'misserin' ',' 'líkt' 'og' 'víða'
 'annars' 'staðar' 'á' 'landinu' 'og' 'eru' 'slík' 'tilvik' 'sumstaðar'
 'orðin' 'algengari' 'en' 'ölvunarakstur' '.']","[array([], dtype=object) array([], dtype=object) array([], dtype=object)
 array([], dtype=object) array([], dtype=object) array([], dtype=object)
 array([], dtype=object) array([], dtype=object) array([], dtype=object)
 array([], dtype=object) array([], dtype=object) array([], dtype=object)
 array([], dtype=object) array([], dtype=object) array([], dtype=object)
 array([], dtype=object) array([], dtype=object) array([], dtype=object)
 array([], dtype=object) array([], dtype=object)
 array(['orthography'], dtype=object) array([], dtype=object)
 array([], dtype=object) array([], dtype=object) array([], dtype=object)
 array(['orthography'], dtype=object) array([], dtype=object)
 array([], dtype=object) array([], dtype=object) array([], dtype=object)
 array([], dtype=object)]",True,"['Akstur' 'undir' 'áhrifum' 'vímuefna' 'hefur' 'færst' 'verulega' 'í'
 'vöxt' 'á' 'Akureyri' 'síðustu' 'misserin' ',' 'líkt' 'og' 'víða'
 'annars' 'staðar' 'á' 'landinu' ',' 'og' 'eru' 'slík' 'tilvik'
 'sums staðar' 'orðin' 'algengari' 'en' 'ölvunarakstur' '.']"
50519,"['Þeir' 'voru' 'svangir' 'og' 'blankir' 'eitt' 'föstudagskvöld' 'og'
 'fengu' 'þá' 'að' 'vita' 'að' 'það' 'væri' 'frír' 'bjór' 'og' 'pítsa'
 'fyrir' 'þá' 'sem' 'skráðu' 'sig' 'í' 'flokkinn' 'það' 'kvöldið' '.']","[array([], dtype=object) array([], dtype=object) array([], dtype=object)
 array([], dtype=object) array([], dtype=object) array([], dtype=object)
 array([], dtype=object) array([], dtype=object) array([], dtype=object)
 array([], dtype=object) array([], dtype=object) array([], dtype=object)
 array([], dtype=object) array([], dtype=object) array([], dtype=object)
 array([], dtype=object) array([], dtype=object) array([], dtype=object)
 array([], dtype=object) array([], dtype=object) array([], dtype=object)
 array([], dtype=object) array([], dtype=object) array([], dtype=object)
 array([], dtype=object) array([], dtype=object) array([], dtype=object)
 array([], dtype=object) array([], dtype=object)]",False,"['Þeir' 'voru' 'svangir' 'og' 'blankir' 'eitt' 'föstudagskvöld' 'og'
 'fengu' 'þá' 'að' 'vita' 'að' 'það' 'væri' 'frír' 'bjór' 'og' 'pítsa'
 'fyrir' 'þá' 'sem' 'skráðu' 'sig' 'í' 'flokkinn' 'það' 'kvöldið' '.']"
558,"['Sjóðurinn' 'dreifir' 'áhættunni' 'á' 'bankana' 'sex' 'þúsund' 'og'
 'færir' 'þannig' 'áhættuna' 'af' 'ríkissjóðum' 'aðildarríkjanna' 'og'
 'evrópskum' 'skattgreiðendum' '.']","[array([], dtype=object) array([], dtype=object) array([], dtype=object)
 array([], dtype=object) array([], dtype=object) array([], dtype=object)
 array([], dtype=object) array([], dtype=object) array([], dtype=object)
 array([], dtype=object) array([], dtype=object) array([], dtype=object)
 array([], dtype=object) array([], dtype=object) array([], dtype=object)
 array([], dtype=object) array([], dtype=object) array([], dtype=object)]",False,"['Sjóðurinn' 'dreifir' 'áhættunni' 'á' 'bankana' 'sex' 'þúsund' 'og'
 'færir' 'þannig' 'áhættuna' 'af' 'ríkissjóðum' 'aðildarríkjanna' 'og'
 'evrópskum' 'skattgreiðendum' '.']"
52604,"['Koma' 'má' 'í' 'veg' 'fyrir' 'þjófnað' 'með' 'því' 'að' 'telja' 'ekki'
 'sjaldgæfa' 'hluti' 'verðmæta' '.']","[array([], dtype=object) array([], dtype=object) array([], dtype=object)
 array([], dtype=object) array([], dtype=object) array([], dtype=object)
 array([], dtype=object) array([], dtype=object) array([], dtype=object)
 array([], dtype=object) array([], dtype=object) array([], dtype=object)
 array([], dtype=object) array([], dtype=object) array([], dtype=object)]",False,"['Koma' 'má' 'í' 'veg' 'fyrir' 'þjófnað' 'með' 'því' 'að' 'telja' 'ekki'
 'sjaldgæfa' 'hluti' 'verðmæta' '.']"
9041,"['Sjómaðurinn' 'káti' 'er' 'í' 'skýjunum' 'með' 'fenginn' 'en' 'fiskurinn'
 'verður' 'verkaður' 'í' 'fiskverkuninni' 'Þorbjörn' 'í' 'Grindavík' '.']","[array([], dtype=object) array([], dtype=object) array([], dtype=object)
 array([], dtype=object) array([], dtype=object) array([], dtype=object)
 array([], dtype=object) array([], dtype=object) array([], dtype=object)
 array([], dtype=object) array([], dtype=object) array([], dtype=object)
 array([], dtype=object) array(['grammar', 'grammar'], dtype=object)
 array([], dtype=object) array([], dtype=object) array([], dtype=object)]",True,"['Sjómaðurinn' 'káti' 'er' 'í' 'skýjunum' 'með' 'fenginn' 'en' 'fiskurinn'
 'verður' 'verkaður' 'í' 'fiskverkuninni' 'Þorbirni' 'í' 'Grindavík' '.']"
2295,"['Sérstakt' 'átak' 'í' 'hagræðingarferlinu' 'muni' 'standa' 'yfir' 'í'
 'ár' 'og' 'næsta' 'ár' '.']","[array([], dtype=object) array([], dtype=object) array([], dtype=object)
 array([], dtype=object) array([], dtype=object) array([], dtype=object)
 array([], dtype=object) array([], dtype=object) array([], dtype=object)
 array([], dtype=object) array([], dtype=object) array([], dtype=object)
 array([], dtype=object)]",False,"['Sérstakt' 'átak' 'í' 'hagræðingarferlinu' 'muni' 'standa' 'yfir' 'í'
 'ár' 'og' 'næsta' 'ár' '.']"
25786,"['Þau' 'voru' '10,6' 'milljörðum' 'króna' 'lakari' 'en' 'á' 'sama'
 'tímabili' 'á' 'síðasta' 'ári' '.']","[array([], dtype=object) array([], dtype=object) array([], dtype=object)
 array([], dtype=object) array([], dtype=object) array([], dtype=object)
 array([], dtype=object) array([], dtype=object) array([], dtype=object)
 array([], dtype=object) array([], dtype=object) array([], dtype=object)
 array([], dtype=object) array([], dtype=object)]",False,"['Þau' 'voru' '10,6' 'milljörðum' 'króna' 'lakari' 'en' 'á' 'sama'
 'tímabili' 'á' 'síðasta' 'ári' '.']"
44170,"['Konan' 'fékk' 'drepbólu' 'á' 'eyra' 'en' 'læknaðist' ',' 'maður' 'á'
 'bænum' 'fékk' 'bólu' 'á' 'vör' 'og' 'dó' '.']","[array([], dtype=object) array([], dtype=object) array([], dtype=object)
 array([], dtype=object) array([], dtype=object) array([], dtype=object)
 array([], dtype=object) array([], dtype=object) array([], dtype=object)
 array([], dtype=object) array([], dtype=object) array([], dtype=object)
 array([], dtype=object) array([], dtype=object) array([], dtype=object)
 array([], dtype=object) array([], dtype=object) array([], dtype=object)]",False,"['Konan' 'fékk' 'drepbólu' 'á' 'eyra' 'en' 'læknaðist' ',' 'maður' 'á'
 'bænum' 'fékk' 'bólu' 'á' 'vör' 'og' 'dó' '.']"
27144,['Þetta' 'sýna' 'niðurstöður' 'nýjustu' 'verðkönnunar' 'ASÍ' '.'],"[array([], dtype=object) array([], dtype=object) array([], dtype=object)
 array([], dtype=object) array([], dtype=object) array([], dtype=object)
 array([], dtype=object)]",False,['Þetta' 'sýna' 'niðurstöður' 'nýjustu' 'verðkönnunar' 'ASÍ' '.']
53993,"['Einnig' 'mætti' 'líka' 'færa' 'eitthvað' 'af' 'kennslunni' 'í'
 'leikskólana' ',' 'byrja' 'að' 'kenna' 'krökkum' 'stafrófið' 'þegar'
 'þau' 'eru' 'fimm' 'ára' '.']","[array([], dtype=object) array([], dtype=object) array([], dtype=object)
 array([], dtype=object) array([], dtype=object) array([], dtype=object)
 array([], dtype=object) array([], dtype=object) array([], dtype=object)
 array([], dtype=object) array([], dtype=object) array([], dtype=object)
 array([], dtype=object) array([], dtype=object) array([], dtype=object)
 array([], dtype=object) array([], dtype=object) array([], dtype=object)
 array([], dtype=object) array([], dtype=object) array([], dtype=object)]",False,"['Einnig' 'mætti' 'líka' 'færa' 'eitthvað' 'af' 'kennslunni' 'í'
 'leikskólana' ',' 'byrja' 'að' 'kenna' 'krökkum' 'stafrófið' 'þegar'
 'þau' 'eru' 'fimm' 'ára' '.']"
14600,"['""' 'Loksins' ',' 'eftir' 'að' 'hafa' 'kysst' 'marga' 'froska' ',' 'hef'
 'ég' 'fundið' 'prinsinn' 'minn' '.' '""']","[array(['orthography'], dtype=object) array([], dtype=object)
 array([], dtype=object) array([], dtype=object) array([], dtype=object)
 array([], dtype=object) array([], dtype=object) array([], dtype=object)
 array([], dtype=object) array([], dtype=object) array([], dtype=object)
 array([], dtype=object) array([], dtype=object) array([], dtype=object)
 array([], dtype=object) array([], dtype=object)
 array(['orthography'], dtype=object)]",True,"['„' 'Loksins' ',' 'eftir' 'að' 'hafa' 'kysst' 'marga' 'froska' ',' 'hef'
 'ég' 'fundið' 'prinsinn' 'minn' '.' '“']"
25869,"['Svíþjóð' 'lagði' 'Bandaríkin' '2' '-' '1' 'í' 'lokaumferð' 'C-riðils'
 'á' 'heimsmeistaramóti' 'kvenna' 'í' 'knattspyrnu' 'í' 'gærkvöldi' '.']","[array([], dtype=object) array([], dtype=object) array([], dtype=object)
 array([], dtype=object) array([], dtype=object) array([], dtype=object)
 array([], dtype=object) array([], dtype=object) array([], dtype=object)
 array([], dtype=object) array([], dtype=object) array([], dtype=object)
 array([], dtype=object) array([], dtype=object) array([], dtype=object)
 array([], dtype=object) array([], dtype=object)]",False,"['Svíþjóð' 'lagði' 'Bandaríkin' '2' '-' '1' 'í' 'lokaumferð' 'C-riðils'
 'á' 'heimsmeistaramóti' 'kvenna' 'í' 'knattspyrnu' 'í' 'gærkvöldi' '.']"
56236,"['Þannig' 'græðir' 'hún' 'eitt' 'ár' 'og' 'þá' 'er' 'hún' 'komin' 'á'
 'sama' 'stað' 'og' 'með' 'því' 'sem' 'hún' 'lagði' 'fram' '.']","[array([], dtype=object) array([], dtype=object) array([], dtype=object)
 array([], dtype=object) array([], dtype=object) array([], dtype=object)
 array([], dtype=object) array([], dtype=object) array([], dtype=object)
 array([], dtype=object) array([], dtype=object) array([], dtype=object)
 array([], dtype=object) array([], dtype=object) array([], dtype=object)
 array([], dtype=object) array([], dtype=object) array([], dtype=object)
 array([], dtype=object) array([], dtype=object) array([], dtype=object)]",False,"['Þannig' 'græðir' 'hún' 'eitt' 'ár' 'og' 'þá' 'er' 'hún' 'komin' 'á'
 'sama' 'stað' 'og' 'með' 'því' 'sem' 'hún' 'lagði' 'fram' '.']"
8885,"['Þess' 'í' 'stað' 'er' 'áhorfendum' ',' 'á' 'öllum' 'aldri' ',' 'boðið'
 'að' 'fylla' 'inn' 'í' 'eyðurnar' 'af' 'sinni' 'eigin' 'list' 'og' 'gefa'
 'ímyndunaraflinu' 'lausan' 'tauminn' '.']","[array([], dtype=object) array([], dtype=object) array([], dtype=object)
 array([], dtype=object) array([], dtype=object) array([], dtype=object)
 array([], dtype=object) array([], dtype=object) array([], dtype=object)
 array([], dtype=object) array([], dtype=object) array([], dtype=object)
 array([], dtype=object) array([], dtype=object) array([], dtype=object)
 array([], dtype=object) array([], dtype=object) array([], dtype=object)
 array([], dtype=object) array([], dtype=object) array([], dtype=object)
 array([], dtype=object) array([], dtype=object) array([], dtype=object)
 array([], dtype=object) array([], dtype=object)]",False,"['Þess' 'í' 'stað' 'er' 'áhorfendum' ',' 'á' 'öllum' 'aldri' ',' 'boðið'
 'að' 'fylla' 'inn' 'í' 'eyðurnar' 'af' 'sinni' 'eigin' 'list' 'og' 'gefa'
 'ímyndunaraflinu' 'lausan' 'tauminn' '.']"
6709,"['„' 'Þetta' 'snýst' 'um' 'að' 'við' 'reynum' 'að' 'fjölga' 'þessum'
 'köflum' 'og' 'þeir' 'reyna' 'að' 'hafa' 'þá' 'sem' 'fæsta' 'og' 'við'
 'erum' 'enn' 'að' 'finna' 'okkur' 'dálítið' '.']","[array([], dtype=object) array([], dtype=object) array([], dtype=object)
 array([], dtype=object) array([], dtype=object) array([], dtype=object)
 array([], dtype=object) array([], dtype=object) array([], dtype=object)
 array([], dtype=object) array([], dtype=object) array([], dtype=object)
 array([], dtype=object) array([], dtype=object) array([], dtype=object)
 array([], dtype=object) array([], dtype=object) array([], dtype=object)
 array([], dtype=object) array([], dtype=object) array([], dtype=object)
 array([], dtype=object) array(['style'], dtype=object)
 array([], dtype=object) array([], dtype=object) array([], dtype=object)
 array(['style'], dtype=object) array([], dtype=object)]",True,"['„' 'Þetta' 'snýst' 'um' 'að' 'við' 'reynum' 'að' 'fjölga' 'þessum'
 'köflum' 'og' 'þeir' 'reyna' 'að' 'hafa' 'þá' 'sem' 'fæsta' 'og' 'við'
 'erum' 'enn' 'dálítið' 'að' 'finna' 'okkur' '' '.']"
48097,"['Faðir' 'hans' ',' 'William' 'Hunter' 'Stanger' ',' 'var' 'frá'
 'Orkneyjum' 'en' 'móðirin' ',' 'Sarah' 'Gudfinna' 'Johnston' '('
 'Guðfinna' 'Jónsdóttir' ')' 'var' 'íslensk' 'en' 'ekki' 'er' 'vitað' 'um'
 'ætt' 'hennar' 'eða' 'hvaðan' 'af' 'Íslandi' 'hún' 'var' '.']","[array([], dtype=object) array([], dtype=object) array([], dtype=object)
 array([], dtype=object) array([], dtype=object) array([], dtype=object)
 array([], dtype=object) array([], dtype=object) array([], dtype=object)
 array([], dtype=object) array([], dtype=object) array([], dtype=object)
 array([], dtype=object) array([], dtype=object) array([], dtype=object)
 array([], dtype=object) array([], dtype=object) array([], dtype=object)
 array([], dtype=object) array([], dtype=object) array([], dtype=object)
 array([], dtype=object) array([], dtype=object) array([], dtype=object)
 array([], dtype=object) array([], dtype=object) array([], dtype=object)
 array([], dtype=object) array([], dtype=object) array([], dtype=object)
 array([], dtype=object) array([], dtype=object) array([], dtype=object)
 array([], dtype=object) array([], dtype=object) array([], dtype=object)]",False,"['Faðir' 'hans' ',' 'William' 'Hunter' 'Stanger' ',' 'var' 'frá'
 'Orkneyjum' 'en' 'móðirin' ',' 'Sarah' 'Gudfinna' 'Johnston' '('
 'Guðfinna' 'Jónsdóttir' ')' 'var' 'íslensk' 'en' 'ekki' 'er' 'vitað' 'um'
 'ætt' 'hennar' 'eða' 'hvaðan' 'af' 'Íslandi' 'hún' 'var' '.']"
32744,"['Ég' 'hugsaði' 'að' 'ég' 'ætti' 'nógu' 'erfitt' 'með' 'að' 'fá'
 'leikarahutverk' ',' 'svo' 'ég' 'bjó' 'til' 'Martin' 'Sheen' '.']","[array([], dtype=object) array(['grammar', 'grammar'], dtype=object)
 array([], dtype=object) array([], dtype=object) array([], dtype=object)
 array([], dtype=object) array([], dtype=object) array([], dtype=object)
 array([], dtype=object) array([], dtype=object) array([], dtype=object)
 array([], dtype=object) array([], dtype=object) array([], dtype=object)
 array([], dtype=object) array([], dtype=object) array([], dtype=object)
 array([], dtype=object) array([], dtype=object)]",True,"['Ég' 'hugsaði' 'með mér' 'að' 'ég' 'ætti' 'nógu' 'erfitt' 'með' 'að' 'fá'
 'leikarahutverk' ',' 'svo' 'ég' 'bjó' 'til' 'Martin' 'Sheen' '.']"
37453,"['Þetta' 'var' 'þriðja' 'uppfærsla' 'Pólýfónkórsins' 'á' 'H-moll'
 'messunni' ',' 'þær' 'fyrri' 'voru' '1968' 'og' '1976' '.']","[array([], dtype=object) array([], dtype=object) array([], dtype=object)
 array([], dtype=object) array([], dtype=object) array([], dtype=object)
 array([], dtype=object) array([], dtype=object) array([], dtype=object)
 array([], dtype=object) array([], dtype=object) array([], dtype=object)
 array([], dtype=object) array([], dtype=object) array([], dtype=object)
 array([], dtype=object)]",False,"['Þetta' 'var' 'þriðja' 'uppfærsla' 'Pólýfónkórsins' 'á' 'H-moll'
 'messunni' ',' 'þær' 'fyrri' 'voru' '1968' 'og' '1976' '.']"
27375,"['Hvernig' 'má' 'það' 'vera' 'að' 'umræða' 'um' 'rándýran' 'hjólastíg'
 'yfir' 'Arnanesið' 'sé' 'yfirleitt' 'í' 'umræðunni' ',' 'til' 'að'
 'hlífa' 'íbúum' 'á' 'Arnarnesi' 'við' 'hjólreiðamönnum' 'og' 'ónæði'
 'sem' 'þeim' 'fylgir' ',' 'þegar' 'bæjaryfirvöld' 'sjá' 'sér' 'ekki'
 'fært' 'að' 'leysa' 'bráðan' 'vanda' 'sem' 'nemur' '3' 'miljónum' '?']","[array([], dtype=object) array([], dtype=object) array([], dtype=object)
 array([], dtype=object) array([], dtype=object) array([], dtype=object)
 array([], dtype=object) array([], dtype=object) array([], dtype=object)
 array([], dtype=object) array([], dtype=object) array([], dtype=object)
 array([], dtype=object) array([], dtype=object) array([], dtype=object)
 array([], dtype=object) array([], dtype=object) array([], dtype=object)
 array([], dtype=object) array([], dtype=object) array([], dtype=object)
 array([], dtype=object) array([], dtype=object) array([], dtype=object)
 array([], dtype=object) array([], dtype=object) array([], dtype=object)
 array([], dtype=object) array([], dtype=object) array([], dtype=object)
 array([], dtype=object) array([], dtype=object) array([], dtype=object)
 array([], dtype=object) array([], dtype=object) array([], dtype=object)
 array([], dtype=object) array([], dtype=object) array([], dtype=object)
 array([], dtype=object) array([], dtype=object) array([], dtype=object)
 array([], dtype=object) array(['orthography'], dtype=object)
 array([], dtype=object)]",True,"['Hvernig' 'má' 'það' 'vera' 'að' 'umræða' 'um' 'rándýran' 'hjólastíg'
 'yfir' 'Arnanesið' 'sé' 'yfirleitt' 'í' 'umræðunni' ',' 'til' 'að'
 'hlífa' 'íbúum' 'á' 'Arnarnesi' 'við' 'hjólreiðamönnum' 'og' 'ónæði'
 'sem' 'þeim' 'fylgir' ',' 'þegar' 'bæjaryfirvöld' 'sjá' 'sér' 'ekki'
 'fært' 'að' 'leysa' 'bráðan' 'vanda' 'sem' 'nemur' '3' 'milljónum' '?']"
46219,"['Vatnakarpi' 'er' 'botnfiskur' 'og' 'aflar' 'mestallrar' 'sinnar' 'fæðu'
 'þar' 'ásamt' 'því' 'að' 'leita' 'alveg' 'upp' 'á' 'yfirborðið' 'eftir'
 'fæðu' '.']","[array([], dtype=object) array([], dtype=object) array([], dtype=object)
 array([], dtype=object) array([], dtype=object) array([], dtype=object)
 array([], dtype=object) array([], dtype=object) array([], dtype=object)
 array([], dtype=object) array([], dtype=object) array([], dtype=object)
 array([], dtype=object) array([], dtype=object) array([], dtype=object)
 array([], dtype=object) array([], dtype=object) array([], dtype=object)
 array([], dtype=object) array([], dtype=object)]",False,"['Vatnakarpi' 'er' 'botnfiskur' 'og' 'aflar' 'mestallrar' 'sinnar' 'fæðu'
 'þar' 'ásamt' 'því' 'að' 'leita' 'alveg' 'upp' 'á' 'yfirborðið' 'eftir'
 'fæðu' '.']"
105,"['Alls' 'lék' 'liðið' '64' 'mótsleiki' 'í' 'röð' 'á' 'heimavelli' 'án'
 'taps' '.']","[array([], dtype=object) array([], dtype=object) array([], dtype=object)
 array([], dtype=object) array([], dtype=object) array([], dtype=object)
 array([], dtype=object) array([], dtype=object) array([], dtype=object)
 array([], dtype=object) array([], dtype=object) array([], dtype=object)]",False,"['Alls' 'lék' 'liðið' '64' 'mótsleiki' 'í' 'röð' 'á' 'heimavelli' 'án'
 'taps' '.']"
50034,"['Helsta' 'fæða' 'bjúgorma' 'eru' 'hægfara' 'lífverur' 'sem' 'eru' 'á'
 'sama' 'búsvæði' 'og' 'bjúgormarnir' ',' 'oft' 'smærri' 'ormar' 'eins'
 'og' 'burstormar' '(' 'fræðiheiti' ':' 'Polychatete' ')' '.']","[array([], dtype=object) array([], dtype=object) array([], dtype=object)
 array([], dtype=object) array([], dtype=object) array([], dtype=object)
 array([], dtype=object) array([], dtype=object) array([], dtype=object)
 array([], dtype=object) array([], dtype=object) array([], dtype=object)
 array([], dtype=object) array([], dtype=object) array([], dtype=object)
 array([], dtype=object) array([], dtype=object) array([], dtype=object)
 array([], dtype=object) array(['orthography'], dtype=object)
 array([], dtype=object) array([], dtype=object) array([], dtype=object)
 array([], dtype=object) array([], dtype=object) array([], dtype=object)]",True,"['Helsta' 'fæða' 'bjúgorma' 'eru' 'hægfara' 'lífverur' 'sem' 'eru' 'á'
 'sama' 'búsvæði' 'og' 'bjúgormarnir' ',' 'oft' 'smærri' 'ormar' 'eins'
 'og' 'burstaormar' '(' 'fræðiheiti' ':' 'Polychatete' ')' '.']"
24764,"['Þannig' 'virki' 'hrukkurnar' 'eins' 'og' 'mynstur' 'á' 'bíldekkjum' 'og'
 'nái' 'betra' 'gripi' 'á' 'sleipu' 'yfirborði' '.']","[array([], dtype=object) array([], dtype=object) array([], dtype=object)
 array([], dtype=object) array([], dtype=object) array([], dtype=object)
 array([], dtype=object) array([], dtype=object) array([], dtype=object)
 array([], dtype=object) array([], dtype=object) array([], dtype=object)
 array([], dtype=object) array([], dtype=object) array([], dtype=object)
 array([], dtype=object)]",False,"['Þannig' 'virki' 'hrukkurnar' 'eins' 'og' 'mynstur' 'á' 'bíldekkjum' 'og'
 'nái' 'betra' 'gripi' 'á' 'sleipu' 'yfirborði' '.']"
33192,"['Richie' 'og' 'Raleigh' 'fá' 'skýrslu' 'um' 'Margot' 'frá'
 'einkaspæjaranum' 'sem' 'sviptir' 'hulunni' 'af' 'reykingavenju' 'hennar'
 'og' 'lauslæti' '.']","[array([], dtype=object) array([], dtype=object) array([], dtype=object)
 array([], dtype=object) array([], dtype=object) array([], dtype=object)
 array([], dtype=object) array([], dtype=object) array([], dtype=object)
 array([], dtype=object) array([], dtype=object) array([], dtype=object)
 array([], dtype=object) array(['style'], dtype=object)
 array([], dtype=object) array([], dtype=object) array([], dtype=object)
 array([], dtype=object)]",True,"['Richie' 'og' 'Raleigh' 'fá' 'skýrslu' 'um' 'Margot' 'frá'
 'einkaspæjaranum' 'sem' 'sviptir' 'hulunni' 'af' 'reykingum' 'hennar'
 'og' 'lauslæti' '.']"
30731,"['J.' 'Cregg' 'þá' 'vann' 'Janney' 'fjögur' 'Emmy' 'verðlaun' 'og' 'tvenn'
 'Screen' 'Actors' 'Guild' 'verðlaun' '.']","[array([], dtype=object) array([], dtype=object)
 array(['vocabulary'], dtype=object) array([], dtype=object)
 array([], dtype=object) array([], dtype=object)
 array(['orthography'], dtype=object) array(['orthography'], dtype=object)
 array([], dtype=object) array([], dtype=object) array([], dtype=object)
 array([], dtype=object) array(['orthography'], dtype=object)
 array(['orthography'], dtype=object) array([], dtype=object)]",True,"['J.' 'Cregg' '' 'vann' 'Janney' 'fjögur' 'Emmy-verðlaun' 'og' 'tvenn'
 'Screen' 'Actors' 'Guild-verðlaun' '.']"
29559,['Mikið' 'var' 'gaman' 'þennan' 'dag' '.' '“'],"[array([], dtype=object) array([], dtype=object) array([], dtype=object)
 array([], dtype=object) array([], dtype=object) array([], dtype=object)
 array([], dtype=object)]",False,['Mikið' 'var' 'gaman' 'þennan' 'dag' '.' '“']
6536,"['Vinsælustu' 'lágvöruverðsverslanirnar' 'velja' 'inn' 'lítið' 'hlutfall'
 'útgefinna' 'titla' 'í' 'sínar' 'verslanir' 'og' 'stýra' 'þannig'
 'neyslunni' '–' 'afleiðingin' 'er' 'sú' 'að' 'örfáir' 'titlar' 'ná'
 'metsölu' ',' 'en' 'megnið' 'fær' 'enga' 'athygli' 'í' 'öllum'
 'hávaðanum' '.']","[array([], dtype=object) array([], dtype=object) array([], dtype=object)
 array([], dtype=object) array([], dtype=object) array([], dtype=object)
 array([], dtype=object) array([], dtype=object) array([], dtype=object)
 array([], dtype=object) array([], dtype=object) array([], dtype=object)
 array([], dtype=object) array([], dtype=object) array([], dtype=object)
 array(['orthography'], dtype=object) array([], dtype=object)
 array([], dtype=object) array([], dtype=object) array([], dtype=object)
 array([], dtype=object) array([], dtype=object) array([], dtype=object)
 array([], dtype=object) array([], dtype=object) array([], dtype=object)
 array([], dtype=object) array([], dtype=object) array([], dtype=object)
 array([], dtype=object) array([], dtype=object) array([], dtype=object)
 array([], dtype=object) array([], dtype=object)]",True,"['Vinsælustu' 'lágvöruverðsverslanirnar' 'velja' 'inn' 'lítið' 'hlutfall'
 'útgefinna' 'titla' 'í' 'sínar' 'verslanir' 'og' 'stýra' 'þannig'
 'neyslunni' ';' 'afleiðingin' 'er' 'sú' 'að' 'örfáir' 'titlar' 'ná'
 'metsölu' ',' 'en' 'megnið' 'fær' 'enga' 'athygli' 'í' 'öllum'
 'hávaðanum' '.']"
23510,"['Það' 'er' 'alltaf' 'eitthvað' 'í' 'gangi' 'og' 'menn' 'hafa' 'nálgast'
 'okkur' 'alveg' 'frá' 'byrjun' 'en' 'það' 'er' 'ekkert' 'formlegt'
 'söluferli' 'í' 'gangi' 'á' ""Hamley's"" ',' '""' 'segir' 'Páll' '.']","[array([], dtype=object) array([], dtype=object) array([], dtype=object)
 array([], dtype=object) array([], dtype=object) array([], dtype=object)
 array([], dtype=object) array([], dtype=object) array([], dtype=object)
 array([], dtype=object) array([], dtype=object) array([], dtype=object)
 array([], dtype=object) array([], dtype=object) array([], dtype=object)
 array([], dtype=object) array([], dtype=object) array([], dtype=object)
 array([], dtype=object) array([], dtype=object) array([], dtype=object)
 array([], dtype=object) array([], dtype=object) array([], dtype=object)
 array([], dtype=object) array(['orthography'], dtype=object)
 array([], dtype=object) array([], dtype=object) array([], dtype=object)]",True,"['Það' 'er' 'alltaf' 'eitthvað' 'í' 'gangi' 'og' 'menn' 'hafa' 'nálgast'
 'okkur' 'alveg' 'frá' 'byrjun' 'en' 'það' 'er' 'ekkert' 'formlegt'
 'söluferli' 'í' 'gangi' 'á' ""Hamley's"" ',' '“' 'segir' 'Páll' '.']"
38318,"['Skíni' 'á' 'þig' ',' 'Skógafoss' ',' 'skærust' 'frægðarsunna' ',' 'þú'
 'ert' 'sannnefnt' 'sveitarhnoss' ',' 'sem' 'að' 'flestir' 'unna' '.']","[array([], dtype=object) array([], dtype=object) array([], dtype=object)
 array([], dtype=object) array([], dtype=object) array([], dtype=object)
 array([], dtype=object) array([], dtype=object) array([], dtype=object)
 array([], dtype=object) array([], dtype=object) array([], dtype=object)
 array([], dtype=object) array([], dtype=object) array([], dtype=object)
 array(['vocabulary', 'style'], dtype=object) array([], dtype=object)
 array([], dtype=object) array([], dtype=object)]",True,"['Skíni' 'á' 'þig' ',' 'Skógafoss' ',' 'skærust' 'frægðarsunna' ',' 'þú'
 'ert' 'sannnefnt' 'sveitarhnoss' ',' 'sem' '' 'flestir' 'unna' '.']"
11214,['Dagvinnulaun' 'lækna' 'eru' 'ekki' 'há' '.'],"[array([], dtype=object) array([], dtype=object) array([], dtype=object)
 array([], dtype=object) array([], dtype=object) array([], dtype=object)]",False,['Dagvinnulaun' 'lækna' 'eru' 'ekki' 'há' '.']
25080,"['Í' 'Viðskiptablaðinu' 'segir' ':' '""' 'Endanleg' 'ákvörðun' 'um'
 'málshöfðun' 'gegn' 'endurskoðendum' 'vegna' 'rangra' 'ársreikninga'
 'Landsbankans' 'hefur' 'enn' 'ekki' 'verið' 'tekin' 'en' 'ýmis' 'atriði'
 'eru' 'til' 'skoðunar' 'í' 'þeim' 'efnum' ',' 'líkt' 'og' 'greint'
 'hefur' 'verið' 'frá' 'á' 'blaðamannafundum' 'slitastjórnar'
 'Landsbankans' 'að' 'loknum' 'kröfuhafafundum' '.' '""']","[array([], dtype=object) array([], dtype=object) array([], dtype=object)
 array([], dtype=object) array(['orthography'], dtype=object)
 array([], dtype=object) array([], dtype=object) array([], dtype=object)
 array([], dtype=object) array([], dtype=object) array([], dtype=object)
 array([], dtype=object) array([], dtype=object) array([], dtype=object)
 array([], dtype=object) array([], dtype=object) array([], dtype=object)
 array([], dtype=object) array([], dtype=object) array([], dtype=object)
 array([], dtype=object) array([], dtype=object) array([], dtype=object)
 array([], dtype=object) array([], dtype=object) array([], dtype=object)
 array([], dtype=object) array([], dtype=object) array([], dtype=object)
 array([], dtype=object) array([], dtype=object) array([], dtype=object)
 array([], dtype=object) array([], dtype=object) array([], dtype=object)
 array([], dtype=object) array([], dtype=object) array([], dtype=object)
 array([], dtype=object) array([], dtype=object) array([], dtype=object)
 array([], dtype=object) array([], dtype=object) array([], dtype=object)
 array(['orthography'], dtype=object)]",True,"['Í' 'Viðskiptablaðinu' 'segir' ':' '„' 'Endanleg' 'ákvörðun' 'um'
 'málshöfðun' 'gegn' 'endurskoðendum' 'vegna' 'rangra' 'ársreikninga'
 'Landsbankans' 'hefur' 'enn' 'ekki' 'verið' 'tekin' 'en' 'ýmis' 'atriði'
 'eru' 'til' 'skoðunar' 'í' 'þeim' 'efnum' ',' 'líkt' 'og' 'greint'
 'hefur' 'verið' 'frá' 'á' 'blaðamannafundum' 'slitastjórnar'
 'Landsbankans' 'að' 'loknum' 'kröfuhafafundum' '.' '“']"
18060,"['Það' 'þótti' 'oddvitanum' ',' 'Gunnari' 'Erni' 'Marteinssyni' ','
 'raunar' 'skrýtin' 'ákvörðun' ',' 'enda' 'hafi' 'hann' 'talið' 'óþarft'
 'að' 'halda' 'fundinn' '.']","[array([], dtype=object) array([], dtype=object) array([], dtype=object)
 array([], dtype=object) array([], dtype=object) array([], dtype=object)
 array([], dtype=object) array([], dtype=object) array([], dtype=object)
 array([], dtype=object) array([], dtype=object) array([], dtype=object)
 array([], dtype=object) array([], dtype=object) array([], dtype=object)
 array([], dtype=object) array([], dtype=object) array([], dtype=object)
 array([], dtype=object) array([], dtype=object) array([], dtype=object)]",False,"['Það' 'þótti' 'oddvitanum' ',' 'Gunnari' 'Erni' 'Marteinssyni' ','
 'raunar' 'skrýtin' 'ákvörðun' ',' 'enda' 'hafi' 'hann' 'talið' 'óþarft'
 'að' 'halda' 'fundinn' '.']"
15835,"['Mark' 'Webberer' 'fremstur' 'og' 'Rubens' 'Barrichello' 'við' 'hliði'
 'hans' '.']","[array([], dtype=object) array(['grammar'], dtype=object)
 array([], dtype=object) array([], dtype=object) array([], dtype=object)
 array([], dtype=object) array([], dtype=object)
 array(['grammar', 'grammar'], dtype=object) array([], dtype=object)
 array([], dtype=object)]",True,"['Mark' 'Webberer' 'er' 'fremstur' 'og' 'Rubens' 'Barrichello' 'við'
 'hlið' 'hans' '.']"
13430,"['John' 'Kerry' ',' 'forsetaframbjóðandi' 'Demókrata' 'í' 'Bandaríkjunum'
 ',' 'valdi' 'fyrir' 'stundu' 'John' 'Edwards' 'varaforsetaefni' 'sitt'
 '.']","[array([], dtype=object) array([], dtype=object) array([], dtype=object)
 array([], dtype=object) array([], dtype=object) array([], dtype=object)
 array([], dtype=object) array([], dtype=object) array([], dtype=object)
 array([], dtype=object) array([], dtype=object) array([], dtype=object)
 array([], dtype=object) array([], dtype=object) array([], dtype=object)
 array([], dtype=object)]",False,"['John' 'Kerry' ',' 'forsetaframbjóðandi' 'Demókrata' 'í' 'Bandaríkjunum'
 ',' 'valdi' 'fyrir' 'stundu' 'John' 'Edwards' 'varaforsetaefni' 'sitt'
 '.']"
8399,"['Aflann' 'fengu' 'þau' 'djúpt' 'úti' 'af' 'Breiðafirði' ',' 'eftir' 'að'
 'hafa' 'leitað' 'árangurslaust' 'á' 'sundunum' 'innst' 'í'
 'Breiðafirðinum' '.']","[array([], dtype=object) array(['style'], dtype=object)
 array(['style'], dtype=object) array([], dtype=object)
 array([], dtype=object) array([], dtype=object) array([], dtype=object)
 array([], dtype=object) array([], dtype=object)
 array(['style'], dtype=object) array(['style'], dtype=object)
 array(['style'], dtype=object) array(['style'], dtype=object)
 array([], dtype=object) array([], dtype=object) array([], dtype=object)
 array([], dtype=object) array(['grammar'], dtype=object)
 array([], dtype=object)]",True,"['Aflann' 'hlaust' 'djúpt' 'úti' 'af' 'Breiðafirði' ',' 'eftir'
 'árangurslausa leit' 'á' 'sundunum' 'innst' 'í' 'Breiðafirði' '.']"
43784,['Hann' 'gaf' 'það' 'upp' 'á' 'bátinn' 'og' 'fór' 'út' 'í' 'viðskipti' '.'],"[array(['coherence'], dtype=object) array([], dtype=object)
 array([], dtype=object) array([], dtype=object) array([], dtype=object)
 array([], dtype=object) array([], dtype=object)
 array(['style'], dtype=object) array(['style'], dtype=object)
 array(['style'], dtype=object) array(['style'], dtype=object)
 array([], dtype=object)]",True,['Defoe' 'gaf' 'það' 'upp' 'á' 'bátinn' 'og' 'sneri sér að viðskiptum' '.']
1226,"['„' 'Ljóst' 'er' 'að' 'umrædd' 'lög' 'leggja' 'óvenjumiklar' 'kvaðir' 'á'
 'fjármálastofnanir' 'um' 'allan' 'heim' ',' 'með' 'tilheyrandi'
 'kostnaði' 'sem' 'að' 'sjálfsögðu' 'verður' 'mun' 'þyngri' 'fyrir'
 'minni' 'fjármálastofnanir' ',' 'sem' 'á' 'frekar' 'við' 'á' 'Íslandi'
 'vegna' 'smæðar' 'landsins' ',' '“' 'bendir' 'hún' 'á' '.']","[array([], dtype=object) array([], dtype=object) array([], dtype=object)
 array([], dtype=object) array([], dtype=object) array([], dtype=object)
 array([], dtype=object) array([], dtype=object) array([], dtype=object)
 array([], dtype=object) array([], dtype=object) array([], dtype=object)
 array([], dtype=object) array([], dtype=object)
 array(['orthography'], dtype=object) array([], dtype=object)
 array([], dtype=object) array([], dtype=object) array([], dtype=object)
 array([], dtype=object) array([], dtype=object) array([], dtype=object)
 array([], dtype=object) array([], dtype=object) array([], dtype=object)
 array([], dtype=object) array([], dtype=object) array([], dtype=object)
 array([], dtype=object) array([], dtype=object) array([], dtype=object)
 array([], dtype=object) array([], dtype=object) array([], dtype=object)
 array([], dtype=object) array([], dtype=object) array([], dtype=object)
 array([], dtype=object) array([], dtype=object) array([], dtype=object)
 array([], dtype=object) array([], dtype=object) array([], dtype=object)]",True,"['„' 'Ljóst' 'er' 'að' 'umrædd' 'lög' 'leggja' 'óvenjumiklar' 'kvaðir' 'á'
 'fjármálastofnanir' 'um' 'allan' 'heim' '' 'með' 'tilheyrandi' 'kostnaði'
 'sem' 'að' 'sjálfsögðu' 'verður' 'mun' 'þyngri' 'fyrir' 'minni'
 'fjármálastofnanir' ',' 'sem' 'á' 'frekar' 'við' 'á' 'Íslandi' 'vegna'
 'smæðar' 'landsins' ',' '“' 'bendir' 'hún' 'á' '.']"
21173,"['Vélin' 'var' 'á' 'leið' 'til' 'Kaupmannahafnar' 'og' 'höfðu' 'piltarnir'
 'læst' 'sig' 'inn' 'á' 'salerni' 'vélarinnar' '.']","[array([], dtype=object) array([], dtype=object) array([], dtype=object)
 array([], dtype=object) array([], dtype=object) array([], dtype=object)
 array([], dtype=object) array([], dtype=object) array([], dtype=object)
 array([], dtype=object) array([], dtype=object)
 array(['coherence'], dtype=object) array([], dtype=object)
 array([], dtype=object) array([], dtype=object) array([], dtype=object)]",True,"['Vélin' 'var' 'á' 'leið' 'til' 'Kaupmannahafnar' 'og' 'höfðu' 'piltarnir'
 'læst' 'sig' 'inni' 'á' 'salerni' 'vélarinnar' '.']"
6407,"['Norska' 'deildin' 'er' 'í' 'sumarfríi' 'en' 'þar' 'er' 'Lilleström' 'á'
 'toppnum' 'með' 'sjö' 'stiga' 'forystu' 'á' 'næsta' 'lið' '.']","[array([], dtype=object) array([], dtype=object) array([], dtype=object)
 array([], dtype=object) array([], dtype=object) array([], dtype=object)
 array([], dtype=object) array([], dtype=object) array([], dtype=object)
 array([], dtype=object) array([], dtype=object) array([], dtype=object)
 array([], dtype=object) array([], dtype=object) array([], dtype=object)
 array([], dtype=object) array([], dtype=object) array([], dtype=object)
 array([], dtype=object)]",False,"['Norska' 'deildin' 'er' 'í' 'sumarfríi' 'en' 'þar' 'er' 'Lilleström' 'á'
 'toppnum' 'með' 'sjö' 'stiga' 'forystu' 'á' 'næsta' 'lið' '.']"
51273,"['Þetta' 'þakklæti' 'er' 'til' 'samnemenda' 'minna' 'og' 'kennara' 'sem'
 'hafa' 'gert' 'námið' 'og' 'lífið' 'auðveldara' '.']","[array([], dtype=object) array([], dtype=object) array([], dtype=object)
 array([], dtype=object) array([], dtype=object) array([], dtype=object)
 array([], dtype=object) array([], dtype=object) array([], dtype=object)
 array([], dtype=object) array([], dtype=object) array([], dtype=object)
 array([], dtype=object) array([], dtype=object) array([], dtype=object)
 array([], dtype=object)]",False,"['Þetta' 'þakklæti' 'er' 'til' 'samnemenda' 'minna' 'og' 'kennara' 'sem'
 'hafa' 'gert' 'námið' 'og' 'lífið' 'auðveldara' '.']"
39142,"['Hún' 'er' 'sögð' 'hafa' 'verið' 'ráðskona' 'eða' 'vinnukona' 'hjá'
 'séra' 'Oddi' 'á' 'Miklabæ' 'áður' 'en' 'hann' 'kvæntist' 'og' 'varð'
 'þá' 'ástfangin' 'af' 'honum' 'eða' 'var' 'ástkona' 'hans' '.']","[array([], dtype=object) array([], dtype=object) array([], dtype=object)
 array([], dtype=object) array([], dtype=object) array([], dtype=object)
 array([], dtype=object) array([], dtype=object) array([], dtype=object)
 array([], dtype=object) array([], dtype=object) array([], dtype=object)
 array([], dtype=object) array([], dtype=object) array([], dtype=object)
 array([], dtype=object) array([], dtype=object) array([], dtype=object)
 array([], dtype=object) array([], dtype=object) array([], dtype=object)
 array([], dtype=object) array([], dtype=object) array([], dtype=object)
 array([], dtype=object) array([], dtype=object) array([], dtype=object)
 array([], dtype=object)]",False,"['Hún' 'er' 'sögð' 'hafa' 'verið' 'ráðskona' 'eða' 'vinnukona' 'hjá'
 'séra' 'Oddi' 'á' 'Miklabæ' 'áður' 'en' 'hann' 'kvæntist' 'og' 'varð'
 'þá' 'ástfangin' 'af' 'honum' 'eða' 'var' 'ástkona' 'hans' '.']"
40265,"['Einkalykilinn' 'er' 'notaður' 'til' 'þess' 'að' 'dulráða' 'dulritaðan'
 'texta' 'sem' 'dreifilykilinn' 'hefur' 'dulritað' '.']","[array(['grammar'], dtype=object) array([], dtype=object)
 array([], dtype=object) array([], dtype=object) array([], dtype=object)
 array([], dtype=object) array([], dtype=object) array([], dtype=object)
 array([], dtype=object) array([], dtype=object) array([], dtype=object)
 array([], dtype=object) array([], dtype=object) array([], dtype=object)]",True,"['Einkalykillinn' 'er' 'notaður' 'til' 'þess' 'að' 'dulráða' 'dulritaðan'
 'texta' 'sem' 'dreifilykilinn' 'hefur' 'dulritað' '.']"
35893,"['Björn' 'Jón' 'sat' 'í' 'stjórn' 'Félags' 'sagnfræðinema' 'árin' '2002'
 '–' '2003' 'og' '2005' '–' '2006' '.']","[array([], dtype=object) array([], dtype=object) array([], dtype=object)
 array([], dtype=object) array([], dtype=object) array([], dtype=object)
 array([], dtype=object) array([], dtype=object) array([], dtype=object)
 array([], dtype=object) array([], dtype=object) array([], dtype=object)
 array([], dtype=object) array([], dtype=object) array([], dtype=object)
 array([], dtype=object)]",False,"['Björn' 'Jón' 'sat' 'í' 'stjórn' 'Félags' 'sagnfræðinema' 'árin' '2002'
 '–' '2003' 'og' '2005' '–' '2006' '.']"
27680,"['Robert' 'Gibbs' ',' 'fyrrum' 'upplýsingaafulltrúi' 'Hvíta' 'Hússins' ','
 'sagði' 'við' 'Jacobs' 'að' 'forsetinn' 'væri' 'sannfærður' 'um' 'að'
 'móðir' 'hans' 'hafi' 'aldrei' 'haft' 'hug' 'á' 'að' 'gefa' 'hann' 'frá'
 'sér' '.']","[array([], dtype=object) array([], dtype=object) array([], dtype=object)
 array([], dtype=object)
 array(['orthography', 'orthography'], dtype=object)
 array([], dtype=object) array([], dtype=object) array([], dtype=object)
 array([], dtype=object) array([], dtype=object) array([], dtype=object)
 array([], dtype=object) array([], dtype=object) array([], dtype=object)
 array([], dtype=object) array([], dtype=object) array([], dtype=object)
 array([], dtype=object) array([], dtype=object) array([], dtype=object)
 array([], dtype=object) array([], dtype=object) array([], dtype=object)
 array([], dtype=object) array([], dtype=object) array([], dtype=object)
 array([], dtype=object) array([], dtype=object) array([], dtype=object)
 array([], dtype=object)]",True,"['Robert' 'Gibbs' ',' 'fyrrum' 'upplýsingafulltrúi' 'Hvíta' 'Hússins' ','
 'sagði' 'við' 'Jacobs' 'að' 'forsetinn' 'væri' 'sannfærður' 'um' 'að'
 'móðir' 'hans' 'hafi' 'aldrei' 'haft' 'hug' 'á' 'að' 'gefa' 'hann' 'frá'
 'sér' '.']"
12697,"['Þessar' 'niðurstöður' 'sýna' 'þó' 'nokkra' 'breytingu' 'frá' 'könnun'
 'Samtaka' 'atvinnulífsins' 'í' 'desember' 'á' 'síðasta' 'ári' '.']","[array([], dtype=object) array([], dtype=object) array([], dtype=object)
 array([], dtype=object) array([], dtype=object) array([], dtype=object)
 array([], dtype=object) array([], dtype=object) array([], dtype=object)
 array([], dtype=object) array([], dtype=object) array([], dtype=object)
 array([], dtype=object) array([], dtype=object) array([], dtype=object)
 array([], dtype=object)]",False,"['Þessar' 'niðurstöður' 'sýna' 'þó' 'nokkra' 'breytingu' 'frá' 'könnun'
 'Samtaka' 'atvinnulífsins' 'í' 'desember' 'á' 'síðasta' 'ári' '.']"
48620,"['Hún' 'elskar' 'að' 'skreyta' 'hann' 'með' 'blómum' 'og' 'oftar' 'en'
 'ekki' 'í' 'sama' 'lit' 'og' 'hún' 'sjálf' 'er' 'þá' 'stundina' '.']","[array([], dtype=object) array([], dtype=object) array([], dtype=object)
 array([], dtype=object) array([], dtype=object) array([], dtype=object)
 array([], dtype=object) array([], dtype=object) array([], dtype=object)
 array([], dtype=object) array([], dtype=object) array([], dtype=object)
 array([], dtype=object) array([], dtype=object) array([], dtype=object)
 array([], dtype=object) array([], dtype=object) array([], dtype=object)
 array([], dtype=object) array([], dtype=object) array([], dtype=object)]",False,"['Hún' 'elskar' 'að' 'skreyta' 'hann' 'með' 'blómum' 'og' 'oftar' 'en'
 'ekki' 'í' 'sama' 'lit' 'og' 'hún' 'sjálf' 'er' 'þá' 'stundina' '.']"
44313,"['Fyrsti' 'formaður' 'Pólýfónkórsins' 'var' 'Stefán' 'Þengill' 'Jónsson'
 ',' 'múrari' 'og' 'söngkennari' '.']","[array([], dtype=object) array([], dtype=object) array([], dtype=object)
 array([], dtype=object) array([], dtype=object) array([], dtype=object)
 array([], dtype=object) array([], dtype=object) array([], dtype=object)
 array([], dtype=object) array([], dtype=object) array([], dtype=object)]",False,"['Fyrsti' 'formaður' 'Pólýfónkórsins' 'var' 'Stefán' 'Þengill' 'Jónsson'
 ',' 'múrari' 'og' 'söngkennari' '.']"
36531,"['Þau' 'voru' 'bæði' 'gædd' 'tónlistargáfu' 'og' 'söng' 'Ágústa' 'oft' 'á'
 'samkomum' 'í' 'Reykjavík' 'og' 'Símon' 'var' 'dáður' 'tenórsöngvari'
 'sem' 'tók' 'mikinn' 'þátt' 'í' 'sönglífi' 'bæjarins' '.']","[array([], dtype=object) array([], dtype=object) array([], dtype=object)
 array([], dtype=object) array([], dtype=object) array([], dtype=object)
 array([], dtype=object) array([], dtype=object) array([], dtype=object)
 array([], dtype=object) array([], dtype=object) array([], dtype=object)
 array([], dtype=object) array([], dtype=object) array([], dtype=object)
 array([], dtype=object) array([], dtype=object) array([], dtype=object)
 array([], dtype=object) array([], dtype=object) array([], dtype=object)
 array([], dtype=object) array([], dtype=object) array([], dtype=object)
 array([], dtype=object) array([], dtype=object)]",False,"['Þau' 'voru' 'bæði' 'gædd' 'tónlistargáfu' 'og' 'söng' 'Ágústa' 'oft' 'á'
 'samkomum' 'í' 'Reykjavík' 'og' 'Símon' 'var' 'dáður' 'tenórsöngvari'
 'sem' 'tók' 'mikinn' 'þátt' 'í' 'sönglífi' 'bæjarins' '.']"
17816,"['Viðræðuferlið' 'verði' 'opið' 'og' 'lýðræðislegt' 'og' 'leiði'
 'viðræðurnar' 'til' 'samnings' 'skal' 'íslenska' 'þjóðin' 'taka'
 'afstöðu' 'til' 'aðildarsamnings' 'í' 'þjóðaratkvæðagreiðslu' 'í'
 'kjölfar' 'upplýstrar' 'umræðu' '.' '""']","[array([], dtype=object) array([], dtype=object) array([], dtype=object)
 array([], dtype=object) array([], dtype=object) array([], dtype=object)
 array([], dtype=object) array([], dtype=object) array([], dtype=object)
 array([], dtype=object) array([], dtype=object) array([], dtype=object)
 array([], dtype=object) array([], dtype=object) array([], dtype=object)
 array([], dtype=object) array([], dtype=object) array([], dtype=object)
 array([], dtype=object) array([], dtype=object) array([], dtype=object)
 array([], dtype=object) array([], dtype=object) array([], dtype=object)
 array(['orthography'], dtype=object)]",True,"['Viðræðuferlið' 'verði' 'opið' 'og' 'lýðræðislegt' 'og' 'leiði'
 'viðræðurnar' 'til' 'samnings' 'skal' 'íslenska' 'þjóðin' 'taka'
 'afstöðu' 'til' 'aðildarsamnings' 'í' 'þjóðaratkvæðagreiðslu' 'í'
 'kjölfar' 'upplýstrar' 'umræðu' '.' '“']"
29630,"['Dæmi' 'um' 'tákn' 'eru' 'íslenski' 'fáninn' 'sem' 'táknar' 'Ísland' ','
 'orðið' '„' 'hestur' '“' 'sem' 'táknar' 'tiltekið' 'hófdýr' ',' 'reykur'
 'sem' 'merki' 'um' 'eld' 'og' 'útréttur' 'vísifingur' 'sem' 'er' 'tákn'
 'sem' 'vísar' 'til' 'þess' 'sem' 'hann' 'bendir' 'á' '.']","[array([], dtype=object) array([], dtype=object) array([], dtype=object)
 array([], dtype=object) array([], dtype=object) array([], dtype=object)
 array([], dtype=object) array([], dtype=object) array([], dtype=object)
 array([], dtype=object) array([], dtype=object) array([], dtype=object)
 array([], dtype=object) array([], dtype=object) array([], dtype=object)
 array([], dtype=object) array([], dtype=object) array([], dtype=object)
 array([], dtype=object) array([], dtype=object) array([], dtype=object)
 array([], dtype=object) array([], dtype=object) array([], dtype=object)
 array([], dtype=object) array([], dtype=object) array([], dtype=object)
 array([], dtype=object) array([], dtype=object) array([], dtype=object)
 array([], dtype=object) array([], dtype=object) array([], dtype=object)
 array([], dtype=object) array([], dtype=object) array([], dtype=object)
 array([], dtype=object) array([], dtype=object) array([], dtype=object)]",False,"['Dæmi' 'um' 'tákn' 'eru' 'íslenski' 'fáninn' 'sem' 'táknar' 'Ísland' ','
 'orðið' '„' 'hestur' '“' 'sem' 'táknar' 'tiltekið' 'hófdýr' ',' 'reykur'
 'sem' 'merki' 'um' 'eld' 'og' 'útréttur' 'vísifingur' 'sem' 'er' 'tákn'
 'sem' 'vísar' 'til' 'þess' 'sem' 'hann' 'bendir' 'á' '.']"
54640,"['Síminn' 'er' 'lang' 'elsta' 'símafyrirtækið' 'á' 'landinu' 'en' 'það'
 'hét' 'áður' 'Landssími' 'Íslands' '.']","[array([], dtype=object) array([], dtype=object)
 array(['orthography'], dtype=object) array(['orthography'], dtype=object)
 array([], dtype=object) array([], dtype=object) array([], dtype=object)
 array([], dtype=object) array([], dtype=object) array([], dtype=object)
 array([], dtype=object) array([], dtype=object) array([], dtype=object)
 array([], dtype=object)]",True,"['Síminn' 'er' 'langelsta' 'símafyrirtækið' 'á' 'landinu' 'en' 'það' 'hét'
 'áður' 'Landssími' 'Íslands' '.']"
28891,['Blágóman' 'fer' 'á' 'markað' 'í' 'Austur-Evrópu' '.'],"[array([], dtype=object) array([], dtype=object) array([], dtype=object)
 array([], dtype=object) array([], dtype=object) array([], dtype=object)
 array([], dtype=object)]",False,['Blágóman' 'fer' 'á' 'markað' 'í' 'Austur-Evrópu' '.']
24103,"['„' 'Ég' 'er' 'viss' 'um' 'að' 'stuðningsmenn' 'verða' 'ósáttir' 'við'
 'fjarveru' 'hans' 'í' 'Asíu' '.']","[array([], dtype=object) array([], dtype=object) array([], dtype=object)
 array([], dtype=object) array([], dtype=object) array([], dtype=object)
 array([], dtype=object) array([], dtype=object) array([], dtype=object)
 array([], dtype=object) array([], dtype=object) array([], dtype=object)
 array([], dtype=object) array([], dtype=object) array([], dtype=object)]",False,"['„' 'Ég' 'er' 'viss' 'um' 'að' 'stuðningsmenn' 'verða' 'ósáttir' 'við'
 'fjarveru' 'hans' 'í' 'Asíu' '.']"
14667,['Svona' 'verður' 'Krummi' 'í' 'Mínus' 'líklegast' 'eftir' '50' 'ár' '.'],"[array([], dtype=object) array([], dtype=object) array([], dtype=object)
 array([], dtype=object) array([], dtype=object) array([], dtype=object)
 array([], dtype=object) array([], dtype=object) array([], dtype=object)
 array([], dtype=object)]",False,['Svona' 'verður' 'Krummi' 'í' 'Mínus' 'líklegast' 'eftir' '50' 'ár' '.']
26012,"['Drögin' 'að' 'skipulaginu' 'verða' 'kynnt' 'í' 'haust' ',' 'en' 'að'
 'sögn' 'Páls' 'Hjaltasonar' ',' 'formanns' 'skipulagsráðs' ',' 'verður'
 'engin' 'breyting' 'á' 'framtíð' 'flugvallarins' 'frá' 'fyrra'
 'aðalskipulagi' 'eins' 'og' 'drögin' 'líta' 'út' '.']","[array([], dtype=object) array([], dtype=object) array([], dtype=object)
 array([], dtype=object) array([], dtype=object) array([], dtype=object)
 array([], dtype=object) array([], dtype=object) array([], dtype=object)
 array([], dtype=object) array([], dtype=object) array([], dtype=object)
 array([], dtype=object) array(['orthography'], dtype=object)
 array([], dtype=object) array([], dtype=object) array([], dtype=object)
 array([], dtype=object) array([], dtype=object) array([], dtype=object)
 array([], dtype=object) array([], dtype=object) array([], dtype=object)
 array([], dtype=object) array([], dtype=object) array([], dtype=object)
 array([], dtype=object) array([], dtype=object) array([], dtype=object)
 array([], dtype=object) array([], dtype=object) array([], dtype=object)]",True,"['Drögin' 'að' 'skipulaginu' 'verða' 'kynnt' 'í' 'haust' ',' 'en' 'að'
 'sögn' 'Páls' 'Hjaltasonar' '' 'formanns' 'skipulagsráðs' ',' 'verður'
 'engin' 'breyting' 'á' 'framtíð' 'flugvallarins' 'frá' 'fyrra'
 'aðalskipulagi' 'eins' 'og' 'drögin' 'líta' 'út' '.']"
41444,"['Flestar' 'armfætlur' 'eru' 'gular' 'eða' 'hvítar' 'að' 'lit' 'en' 'geta'
 'þó' 'sýnt' 'meiri' 'fjölbreytni' 'og' 'verið' 'bleikar' ',' 'brúnar'
 'eða' 'gráar' ',' 'og' 'jafnvel' 'með' 'rauðum' 'röndum' 'eða' 'flekkum'
 '.']","[array([], dtype=object) array([], dtype=object) array([], dtype=object)
 array([], dtype=object) array([], dtype=object) array([], dtype=object)
 array([], dtype=object) array([], dtype=object) array([], dtype=object)
 array([], dtype=object) array([], dtype=object) array([], dtype=object)
 array([], dtype=object) array([], dtype=object) array([], dtype=object)
 array([], dtype=object) array([], dtype=object) array([], dtype=object)
 array([], dtype=object) array([], dtype=object) array([], dtype=object)
 array([], dtype=object) array([], dtype=object) array([], dtype=object)
 array([], dtype=object) array([], dtype=object) array([], dtype=object)
 array([], dtype=object) array(['orthography'], dtype=object)
 array([], dtype=object)]",True,"['Flestar' 'armfætlur' 'eru' 'gular' 'eða' 'hvítar' 'að' 'lit' 'en' 'geta'
 'þó' 'sýnt' 'meiri' 'fjölbreytni' 'og' 'verið' 'bleikar' ',' 'brúnar'
 'eða' 'gráar' ',' 'og' 'jafnvel' 'með' 'rauðum' 'röndum' 'eða' 'flekkjum'
 '.']"
1117,"['Gísli' 'Sveinbergsson' 'lék' 'á' '74' 'höggum' ',' 'Ragnar' 'Már'
 'Garðarsson' '77' 'höggum' ',' 'Andri' 'Þór' 'Björnsson' '79' 'höggum'
 'og' 'Bjarki' 'Pétursson' '81' 'höggi' '.']","[array([], dtype=object) array([], dtype=object) array([], dtype=object)
 array([], dtype=object) array([], dtype=object) array([], dtype=object)
 array([], dtype=object) array([], dtype=object) array([], dtype=object)
 array([], dtype=object) array([], dtype=object) array([], dtype=object)
 array([], dtype=object) array([], dtype=object) array([], dtype=object)
 array([], dtype=object) array([], dtype=object) array([], dtype=object)
 array([], dtype=object) array([], dtype=object) array([], dtype=object)
 array([], dtype=object) array([], dtype=object) array([], dtype=object)]",False,"['Gísli' 'Sveinbergsson' 'lék' 'á' '74' 'höggum' ',' 'Ragnar' 'Már'
 'Garðarsson' '77' 'höggum' ',' 'Andri' 'Þór' 'Björnsson' '79' 'höggum'
 'og' 'Bjarki' 'Pétursson' '81' 'höggi' '.']"
44873,"['Við' 'nánari' 'skoðun' 'á' 'gryfjunni' 'við' 'suðurenda' 'tóftarinnar'
 'datt' 'þessi' 'kenning' 'alveg' 'út' ',' 'en' 'einnig' 'fundust' 'í'
 'gryfjunni' 'vel' 'varðveitt' 'greiða' 'úr' 'beinum' 'sem' 'og' 'perlur'
 'og' 'annarskonar' 'munir' 'sem' 'samræmdust' 'daglegu' 'lífi' 'á'
 'víkingaöld' '.']","[array([], dtype=object) array([], dtype=object) array([], dtype=object)
 array([], dtype=object) array([], dtype=object) array([], dtype=object)
 array([], dtype=object) array([], dtype=object) array([], dtype=object)
 array([], dtype=object) array([], dtype=object) array([], dtype=object)
 array([], dtype=object) array(['orthography', 'grammar'], dtype=object)
 array(['orthography', 'grammar'], dtype=object) array([], dtype=object)
 array([], dtype=object) array([], dtype=object) array([], dtype=object)
 array([], dtype=object) array([], dtype=object) array([], dtype=object)
 array([], dtype=object) array([], dtype=object) array([], dtype=object)
 array([], dtype=object) array([], dtype=object) array([], dtype=object)
 array([], dtype=object) array([], dtype=object) array([], dtype=object)
 array([], dtype=object) array([], dtype=object) array([], dtype=object)
 array([], dtype=object) array([], dtype=object) array([], dtype=object)]",True,"['Við' 'nánari' 'skoðun' 'á' 'gryfjunni' 'við' 'suðurenda' 'tóftarinnar'
 'datt' 'þessi' 'kenning' 'alveg' 'út' 'því' 'einnig' 'fundust' 'í'
 'gryfjunni' 'vel' 'varðveitt' 'greiða' 'úr' 'beinum' 'sem' 'og' 'perlur'
 'og' 'annarskonar' 'munir' 'sem' 'samræmdust' 'daglegu' 'lífi' 'á'
 'víkingaöld' '.']"
26363,"['Harry' 'Redknapp' ',' 'stjóri' 'Spurs' ',' 'vonar' 'að' 'nýir'
 'leikmenn' 'sannfæri' 'króatíska' 'miðjumanninn' 'Luka' 'Modric' 'um'
 'að' 'rétt' 'sé' 'að' 'vera' 'áfram' 'hjá' 'félaginu' '.']","[array([], dtype=object) array([], dtype=object) array([], dtype=object)
 array([], dtype=object) array([], dtype=object) array([], dtype=object)
 array([], dtype=object) array([], dtype=object) array([], dtype=object)
 array([], dtype=object) array([], dtype=object) array([], dtype=object)
 array([], dtype=object) array([], dtype=object) array([], dtype=object)
 array([], dtype=object) array([], dtype=object) array([], dtype=object)
 array([], dtype=object) array([], dtype=object) array([], dtype=object)
 array([], dtype=object) array([], dtype=object) array([], dtype=object)
 array([], dtype=object)]",False,"['Harry' 'Redknapp' ',' 'stjóri' 'Spurs' ',' 'vonar' 'að' 'nýir'
 'leikmenn' 'sannfæri' 'króatíska' 'miðjumanninn' 'Luka' 'Modric' 'um'
 'að' 'rétt' 'sé' 'að' 'vera' 'áfram' 'hjá' 'félaginu' '.']"
6323,"['Ásgerður' 'Halldórsdóttir' ',' 'bæjarstjóri' 'á' 'Seltjarnarnesi' '.']","[array([], dtype=object) array([], dtype=object) array([], dtype=object)
 array([], dtype=object) array([], dtype=object) array([], dtype=object)
 array([], dtype=object)]",False,"['Ásgerður' 'Halldórsdóttir' ',' 'bæjarstjóri' 'á' 'Seltjarnarnesi' '.']"
3863,"['„' 'Þetta' 'var' 'í' 'fyrsta' 'skipti' 'sem' 'ég' 'fór' 'á'
 'tískuvikuna' '.']","[array([], dtype=object) array([], dtype=object) array([], dtype=object)
 array([], dtype=object) array([], dtype=object) array([], dtype=object)
 array([], dtype=object) array([], dtype=object) array([], dtype=object)
 array([], dtype=object) array([], dtype=object) array([], dtype=object)]",False,"['„' 'Þetta' 'var' 'í' 'fyrsta' 'skipti' 'sem' 'ég' 'fór' 'á'
 'tískuvikuna' '.']"
11751,"['Fyrrverandi' 'þjálfari' 'franska' 'landsliðsins' ',' 'Jacques' 'Santini'
 ',' 'hefur' 'staðfest' 'að' 'Robert' 'Pires' 'og' 'Thierry' 'Henry' ','
 'báðir' 'leikmenn' 'Arsenal' ',' 'hafi' 'lent' 'í' 'rifrildi' 'kvöldið'
 'sem' 'þeir' 'unnu' 'England' '.']","[array([], dtype=object) array([], dtype=object) array([], dtype=object)
 array([], dtype=object) array([], dtype=object) array([], dtype=object)
 array([], dtype=object) array([], dtype=object) array([], dtype=object)
 array([], dtype=object) array([], dtype=object) array([], dtype=object)
 array([], dtype=object) array([], dtype=object) array([], dtype=object)
 array([], dtype=object) array([], dtype=object) array([], dtype=object)
 array([], dtype=object) array([], dtype=object) array([], dtype=object)
 array([], dtype=object) array([], dtype=object) array([], dtype=object)
 array([], dtype=object) array([], dtype=object) array([], dtype=object)
 array([], dtype=object) array([], dtype=object) array([], dtype=object)
 array([], dtype=object)]",False,"['Fyrrverandi' 'þjálfari' 'franska' 'landsliðsins' ',' 'Jacques' 'Santini'
 ',' 'hefur' 'staðfest' 'að' 'Robert' 'Pires' 'og' 'Thierry' 'Henry' ','
 'báðir' 'leikmenn' 'Arsenal' ',' 'hafi' 'lent' 'í' 'rifrildi' 'kvöldið'
 'sem' 'þeir' 'unnu' 'England' '.']"
41415,"['Langflestar' 'armfætlur' 'eru' 'tiltölulega' 'smáar' 'eða' 'um' '10'
 'til' '30' 'millimetrar' ',' 'stærð' 'getur' 'þó' 'verið' 'frá' '1'
 'millimetri' 'og' 'upp' 'í' '100' 'millimetra' 'eftir' 'tegundum' '.']","[array([], dtype=object) array([], dtype=object) array([], dtype=object)
 array([], dtype=object) array([], dtype=object) array([], dtype=object)
 array([], dtype=object) array([], dtype=object) array([], dtype=object)
 array([], dtype=object) array([], dtype=object)
 array(['orthography'], dtype=object) array([], dtype=object)
 array([], dtype=object) array([], dtype=object) array([], dtype=object)
 array([], dtype=object) array([], dtype=object)
 array(['grammar'], dtype=object) array([], dtype=object)
 array([], dtype=object) array([], dtype=object) array([], dtype=object)
 array([], dtype=object) array([], dtype=object) array([], dtype=object)
 array([], dtype=object)]",True,"['Langflestar' 'armfætlur' 'eru' 'tiltölulega' 'smáar' 'eða' 'um' '10'
 'til' '30' 'millimetrar' ';' 'stærð' 'getur' 'þó' 'verið' 'frá' '1'
 'millimetra' 'og' 'upp' 'í' '100' 'millimetra' 'eftir' 'tegundum' '.']"
51363,"['Þegar' 'sótt' 'er' 'um' 'starf' 'er' 'umsækjandinn' 'metinn' 'að'
 'verðleikum' '.']","[array([], dtype=object) array([], dtype=object) array([], dtype=object)
 array([], dtype=object) array([], dtype=object) array([], dtype=object)
 array([], dtype=object) array([], dtype=object) array([], dtype=object)
 array([], dtype=object) array([], dtype=object)]",False,"['Þegar' 'sótt' 'er' 'um' 'starf' 'er' 'umsækjandinn' 'metinn' 'að'
 'verðleikum' '.']"
10665,"['En' 'svona' 'síðustu' 'misserin' 'hef' 'ég' 'ekkert' 'annað' 'séð' 'í'
 'stöðunni' 'fyrir' 'fólk' ',' 'annað' 'en' 'að' 'leita' 'réttar' 'síns'
 'fyrir' 'dómi' ',' '“' 'segir' 'Sigurvin' '.']","[array([], dtype=object) array([], dtype=object) array([], dtype=object)
 array([], dtype=object) array([], dtype=object) array([], dtype=object)
 array([], dtype=object) array([], dtype=object) array([], dtype=object)
 array([], dtype=object) array([], dtype=object) array([], dtype=object)
 array([], dtype=object) array([], dtype=object) array([], dtype=object)
 array([], dtype=object) array([], dtype=object) array([], dtype=object)
 array([], dtype=object) array([], dtype=object) array([], dtype=object)
 array([], dtype=object) array([], dtype=object) array([], dtype=object)
 array([], dtype=object) array([], dtype=object) array([], dtype=object)]",False,"['En' 'svona' 'síðustu' 'misserin' 'hef' 'ég' 'ekkert' 'annað' 'séð' 'í'
 'stöðunni' 'fyrir' 'fólk' ',' 'annað' 'en' 'að' 'leita' 'réttar' 'síns'
 'fyrir' 'dómi' ',' '“' 'segir' 'Sigurvin' '.']"
9620,"['Í' 'tölum' 'frá' 'sambandinu' 'kemur' 'fram' 'að' 'karlmönnum' 'sem'
 'fá' 'sér' 'Brotox' 'hafi' 'fjölgað' 'um' '310' 'prósent' 'síðan' 'árið'
 '2000' '.']","[array([], dtype=object) array([], dtype=object) array([], dtype=object)
 array([], dtype=object) array([], dtype=object) array([], dtype=object)
 array([], dtype=object) array([], dtype=object) array([], dtype=object)
 array([], dtype=object) array([], dtype=object) array([], dtype=object)
 array([], dtype=object) array([], dtype=object) array([], dtype=object)
 array([], dtype=object) array([], dtype=object) array([], dtype=object)
 array([], dtype=object) array([], dtype=object) array([], dtype=object)]",False,"['Í' 'tölum' 'frá' 'sambandinu' 'kemur' 'fram' 'að' 'karlmönnum' 'sem'
 'fá' 'sér' 'Brotox' 'hafi' 'fjölgað' 'um' '310' 'prósent' 'síðan' 'árið'
 '2000' '.']"
22537,['Guðjón' 'Henning' 'efstur' 'hjá' 'GKG'],"[array([], dtype=object) array(['grammar'], dtype=object)
 array([], dtype=object) array([], dtype=object)
 array(['orthography'], dtype=object)]",True,['Guðjón' 'Henning' 'er' 'efstur' 'hjá' 'GKG' '.']
20101,"['En' 'umfjöllunin' 'er' 'svo' 'mikil' 'að' 'ætla' 'mætti' 'að' 'allt'
 'íslenskt' 'atvinnu-og' 'stjórnmálalíf' 'sé' 'spillt' '.']","[array([], dtype=object) array([], dtype=object) array([], dtype=object)
 array([], dtype=object) array([], dtype=object) array([], dtype=object)
 array([], dtype=object) array([], dtype=object) array([], dtype=object)
 array([], dtype=object) array([], dtype=object) array([], dtype=object)
 array([], dtype=object) array([], dtype=object) array([], dtype=object)
 array([], dtype=object)]",False,"['En' 'umfjöllunin' 'er' 'svo' 'mikil' 'að' 'ætla' 'mætti' 'að' 'allt'
 'íslenskt' 'atvinnu-og' 'stjórnmálalíf' 'sé' 'spillt' '.']"
51047,"['Auðvitað' 'fylgir' 'námi' 'ákveðinn' 'fórnarkostnaður' 'þegar' 'hægt'
 'væri' 'e.t.v' 'að' 'vera' 'í' 'nokkuð' 'vel' 'launuðu' 'starfi' 'og'
 'er' 'það' 'því' 'mörgum' 'erfitt' 'að' 'fórna' 'stöðugri' 'innkomu'
 'fyrir' 'skólabekkinn' 'en' 'með' 'því' 'að' 'læra' 'þá' 'tryggjum' 'við'
 'hærri' 'tekjur' 'að' 'námi' 'loknu' 'eins' 'konar' 'gullpottur' 'við'
 'enda' 'regnbogans' '.']","[array([], dtype=object) array([], dtype=object) array([], dtype=object)
 array([], dtype=object) array([], dtype=object) array([], dtype=object)
 array([], dtype=object) array([], dtype=object)
 array(['orthography'], dtype=object) array([], dtype=object)
 array([], dtype=object) array([], dtype=object) array([], dtype=object)
 array([], dtype=object) array([], dtype=object) array([], dtype=object)
 array(['orthography', 'style'], dtype=object) array([], dtype=object)
 array(['style'], dtype=object) array([], dtype=object)
 array([], dtype=object) array([], dtype=object) array([], dtype=object)
 array([], dtype=object) array([], dtype=object) array([], dtype=object)
 array([], dtype=object) array(['orthography'], dtype=object)
 array([], dtype=object) array([], dtype=object) array([], dtype=object)
 array([], dtype=object) array([], dtype=object) array([], dtype=object)
 array([], dtype=object) array([], dtype=object) array([], dtype=object)
 array([], dtype=object) array([], dtype=object) array([], dtype=object)
 array(['orthography', 'grammar'], dtype=object) array([], dtype=object)
 array([], dtype=object) array([], dtype=object) array([], dtype=object)
 array([], dtype=object) array([], dtype=object) array([], dtype=object)]",True,"['Auðvitað' 'fylgir' 'námi' 'ákveðinn' 'fórnarkostnaður' 'þegar' 'hægt'
 'væri' 'e.t.v.' 'að' 'vera' 'í' 'nokkuð' 'vel' 'launuðu' 'starfi' '. Það'
 'er' '' 'því' 'mörgum' 'erfitt' 'að' 'fórna' 'stöðugri' 'innkomu' 'fyrir'
 'skólabekkinn' ',' 'en' 'með' 'því' 'að' 'læra' 'þá' 'tryggjum' 'við'
 'hærri' 'tekjur' 'að' 'námi' 'loknu' 'sem er' 'eins' 'konar' 'gullpottur'
 'við' 'enda' 'regnbogans' '.']"
51427,"['Ég' 'held' 'ég' 'hafi' 'verið' 'orðinn' 'hér' 'um' 'bil' '14' 'ára'
 'þegar' 'ég' 'fór' 'fyrst' 'að' 'hugsa' 'út' 'í' 'nám' 'sem' 'eitthvað'
 'sem' 'gæti' 'gagnast' 'mér' 'í' 'framtíðinni' ',' 'ég' 'hafði' 'rúllað'
 'í' 'gegnum' 'grunnskóla' 'hingað' 'til' 'án' 'áreynslu' 'með' 'rúmlega'
 '9' 'í' 'meðaleinkunn' '.']","[array([], dtype=object) array([], dtype=object) array([], dtype=object)
 array([], dtype=object) array([], dtype=object) array([], dtype=object)
 array([], dtype=object) array([], dtype=object) array([], dtype=object)
 array([], dtype=object) array([], dtype=object) array([], dtype=object)
 array([], dtype=object) array([], dtype=object) array([], dtype=object)
 array([], dtype=object) array([], dtype=object) array([], dtype=object)
 array([], dtype=object) array([], dtype=object) array([], dtype=object)
 array([], dtype=object) array([], dtype=object) array([], dtype=object)
 array([], dtype=object) array([], dtype=object) array([], dtype=object)
 array([], dtype=object) array([], dtype=object) array([], dtype=object)
 array([], dtype=object) array([], dtype=object) array([], dtype=object)
 array([], dtype=object) array([], dtype=object) array([], dtype=object)
 array([], dtype=object) array([], dtype=object) array([], dtype=object)
 array([], dtype=object) array([], dtype=object) array([], dtype=object)
 array([], dtype=object) array([], dtype=object) array([], dtype=object)]",False,"['Ég' 'held' 'ég' 'hafi' 'verið' 'orðinn' 'hér' 'um' 'bil' '14' 'ára'
 'þegar' 'ég' 'fór' 'fyrst' 'að' 'hugsa' 'út' 'í' 'nám' 'sem' 'eitthvað'
 'sem' 'gæti' 'gagnast' 'mér' 'í' 'framtíðinni' ',' 'ég' 'hafði' 'rúllað'
 'í' 'gegnum' 'grunnskóla' 'hingað' 'til' 'án' 'áreynslu' 'með' 'rúmlega'
 '9' 'í' 'meðaleinkunn' '.']"
30925,"['Kuðungurinn' 'er' 'mjög' 'traustur' ',' 'einlitur' ',' 'en'
 'litaafbrigði' 'mörg' ',' 'ólífugrænn' ',' 'skærgulur' ',' 'rauður' ','
 'appelsínugulur' ',' 'grágrænn' ',' 'jafnvel' 'röndóttur' ',' 'þótt'
 'oftast' 'sé' 'hann' 'dökkgrár' 'eða' 'brúnn' '.']","[array([], dtype=object) array([], dtype=object) array([], dtype=object)
 array([], dtype=object) array([], dtype=object) array([], dtype=object)
 array([], dtype=object) array([], dtype=object) array([], dtype=object)
 array([], dtype=object) array([], dtype=object) array([], dtype=object)
 array([], dtype=object) array([], dtype=object) array([], dtype=object)
 array([], dtype=object) array([], dtype=object) array([], dtype=object)
 array([], dtype=object) array([], dtype=object) array([], dtype=object)
 array([], dtype=object) array([], dtype=object) array([], dtype=object)
 array([], dtype=object) array([], dtype=object) array([], dtype=object)
 array([], dtype=object) array([], dtype=object) array([], dtype=object)
 array([], dtype=object) array([], dtype=object)]",False,"['Kuðungurinn' 'er' 'mjög' 'traustur' ',' 'einlitur' ',' 'en'
 'litaafbrigði' 'mörg' ',' 'ólífugrænn' ',' 'skærgulur' ',' 'rauður' ','
 'appelsínugulur' ',' 'grágrænn' ',' 'jafnvel' 'röndóttur' ',' 'þótt'
 'oftast' 'sé' 'hann' 'dökkgrár' 'eða' 'brúnn' '.']"
6374,['Hann' 'er' 'að' 'mæta' 'á' 'rétt' 'svæði' 'á' 'réttum' 'tíma' '.'],"[array([], dtype=object) array([], dtype=object) array([], dtype=object)
 array([], dtype=object) array([], dtype=object) array([], dtype=object)
 array([], dtype=object) array([], dtype=object) array([], dtype=object)
 array([], dtype=object) array([], dtype=object)]",False,['Hann' 'er' 'að' 'mæta' 'á' 'rétt' 'svæði' 'á' 'réttum' 'tíma' '.']
41627,"['Ef' 'morðunum' 'árin' '2012' 'og' '2013' 'er' 'bætt' 'við' 'eru'
 'kvennþolendur' 'í' 'heild' 'ellefu' 'talsins' ',' 'en' 'karlþolendur'
 'átján' '.']","[array([], dtype=object) array([], dtype=object) array([], dtype=object)
 array([], dtype=object) array([], dtype=object) array([], dtype=object)
 array([], dtype=object) array([], dtype=object) array([], dtype=object)
 array([], dtype=object)
 array(['orthography', 'orthography'], dtype=object)
 array([], dtype=object) array([], dtype=object) array([], dtype=object)
 array([], dtype=object) array([], dtype=object) array([], dtype=object)
 array([], dtype=object) array([], dtype=object) array([], dtype=object)]",True,"['Ef' 'morðunum' 'árin' '2012' 'og' '2013' 'er' 'bætt' 'við' 'eru'
 'kvenþolendur' 'í' 'heild' 'ellefu' 'talsins' ',' 'en' 'karlþolendur'
 'átján' '.']"
29411,"['Tansanía' 'skiptist' 'í' '26' 'héruð' ':' 'Arusha-hérað' '·' 'Dar' 'es'
 'Salaam-hérað' '·' 'Dodoma-hérað' '·' 'Iringa-hérað' '·' 'Kagera-hérað'
 '·' 'Kigoma-hérað' '·' 'Kilimanjaro-hérað' '·' 'Lindi-hérað' '·'
 'Manyara-hérað' '·' 'Mara-hérað' '·' 'Mbeya-hérað' '·' 'Morogoro-hérað'
 '·' 'Mtwara-hérað' '·' 'Mwanza-hérað' '·' 'Pemba' 'Norður' '·' 'Pemba'
 'Suður' '·' 'Pwani-hérað' '·' 'Rukwa-hérað' '·' 'Ruvuma-hérað' '·'
 'Shinyanga-hérað' '·' 'Singida-hérað' '·' 'Tabora-hérað' '·'
 'Tanga-hérað' '·' 'Sansibar' 'Mið' '/' 'Suður' '·' 'Sansibar' 'Norður'
 '·' 'Sansibar' 'Vestur' 'Forseti' 'Tansaníu' 'og' 'meðlimir'
 'þjóðþingsins' 'eru' 'kjörnir' 'með' 'almennri' 'kosningu' 'til' 'fimm'
 'ára' 'í' 'senn' '.']","[array([], dtype=object) array([], dtype=object) array([], dtype=object)
 array(['vocabulary'], dtype=object) array([], dtype=object)
 array([], dtype=object) array([], dtype=object)
 array(['style', 'orthography'], dtype=object) array([], dtype=object)
 array([], dtype=object) array([], dtype=object)
 array(['style', 'orthography'], dtype=object) array([], dtype=object)
 array(['style', 'orthography'], dtype=object) array([], dtype=object)
 array(['style', 'orthography'], dtype=object) array([], dtype=object)
 array(['style', 'orthography'], dtype=object) array([], dtype=object)
 array(['style', 'orthography'], dtype=object) array([], dtype=object)
 array(['style', 'orthography'], dtype=object) array([], dtype=object)
 array(['style', 'orthography'], dtype=object) array([], dtype=object)
 array(['style', 'orthography'], dtype=object) array([], dtype=object)
 array(['style', 'orthography'], dtype=object) array([], dtype=object)
 array(['style', 'orthography'], dtype=object) array([], dtype=object)
 array(['style', 'orthography'], dtype=object) array([], dtype=object)
 array(['style', 'orthography'], dtype=object) array([], dtype=object)
 array(['style', 'orthography'], dtype=object) array([], dtype=object)
 array([], dtype=object) array(['style', 'orthography'], dtype=object)
 array([], dtype=object) array([], dtype=object)
 array(['style', 'orthography'], dtype=object) array([], dtype=object)
 array(['style', 'orthography'], dtype=object) array([], dtype=object)
 array(['style', 'orthography'], dtype=object) array([], dtype=object)
 array(['style', 'orthography'], dtype=object) array([], dtype=object)
 array(['style', 'orthography'], dtype=object) array([], dtype=object)
 array(['style', 'orthography'], dtype=object) array([], dtype=object)
 array(['style', 'orthography'], dtype=object) array([], dtype=object)
 array(['style', 'orthography'], dtype=object) array([], dtype=object)
 array([], dtype=object) array([], dtype=object) array([], dtype=object)
 array(['style', 'orthography'], dtype=object) array([], dtype=object)
 array([], dtype=object) array(['style', 'orthography'], dtype=object)
 array([], dtype=object) array(['orthography'], dtype=object)
 array([], dtype=object) array([], dtype=object) array([], dtype=object)
 array([], dtype=object) array([], dtype=object) array([], dtype=object)
 array([], dtype=object) array([], dtype=object) array([], dtype=object)
 array([], dtype=object) array([], dtype=object) array([], dtype=object)
 array([], dtype=object) array([], dtype=object) array([], dtype=object)
 array([], dtype=object)]",True,"['Tansanía' 'skiptist' 'í' '26' 'eftirfarandi' 'héruð' ':' 'Arusha-hérað'
 ',' 'Dar' 'es' 'Salaam-hérað' ',' 'Dodoma-hérað' ',' 'Iringa-hérað' ','
 'Kagera-hérað' ',' 'Kigoma-hérað' ',' 'Kilimanjaro-hérað' ','
 'Lindi-hérað' ',' 'Manyara-hérað' ',' 'Mara-hérað' ',' 'Mbeya-hérað' ','
 'Morogoro-hérað' ',' 'Mtwara-hérað' ',' 'Mwanza-hérað' ',' 'Pemba'
 'Norður' ',' 'Pemba' 'Suður' ',' 'Pwani-hérað' ',' 'Rukwa-hérað' ','
 'Ruvuma-hérað' ',' 'Shinyanga-hérað' ',' 'Singida-hérað' ','
 'Tabora-hérað' ',' 'Tanga-hérað' ',' 'Sansibar' 'Mið' '/' 'Suður' ','
 'Sansibar' 'Norður' 'og' 'Sansibar' 'Vestur' '.' 'Forseti' 'Tansaníu'
 'og' 'meðlimir' 'þjóðþingsins' 'eru' 'kjörnir' 'með' 'almennri'
 'kosningu' 'til' 'fimm' 'ára' 'í' 'senn' '.']"
30969,"['Fjöldi' 'Kóreumanna' 'voru' 'fluttir' 'til' 'Japans' 'nánast' 'sem'
 'þrælar' 'til' 'að' 'vinna' 'í' 'hernaðariðnaðinum' 'og' 'tugir'
 'þúsunda' 'voru' 'neyddir' 'til' 'að' 'berjast' 'í' 'japanska' 'hernum'
 '.']","[array([], dtype=object) array([], dtype=object) array([], dtype=object)
 array([], dtype=object) array([], dtype=object) array([], dtype=object)
 array([], dtype=object) array([], dtype=object) array([], dtype=object)
 array([], dtype=object) array([], dtype=object) array([], dtype=object)
 array([], dtype=object) array([], dtype=object) array([], dtype=object)
 array([], dtype=object) array([], dtype=object) array([], dtype=object)
 array([], dtype=object) array([], dtype=object) array([], dtype=object)
 array([], dtype=object) array([], dtype=object) array([], dtype=object)
 array([], dtype=object) array([], dtype=object)]",False,"['Fjöldi' 'Kóreumanna' 'voru' 'fluttir' 'til' 'Japans' 'nánast' 'sem'
 'þrælar' 'til' 'að' 'vinna' 'í' 'hernaðariðnaðinum' 'og' 'tugir'
 'þúsunda' 'voru' 'neyddir' 'til' 'að' 'berjast' 'í' 'japanska' 'hernum'
 '.']"
29787,"['Yambú' 'er' 'elsti' 'flokkur' 'rúmbu' 'og' 'einkenni' 'hans' 'eru' 'að'
 'spilað' 'var' 'á' 'trommur' 'sem' 'líkjast' 'kassa' 'sem' 'er' 'tómarúm'
 'að' 'innan' 'og' 'er' 'hann' 'settur' 'á' 'milli' 'fótanna' 'og' 'svo'
 'slegið' 'á' 'viðinn' '.']","[array([], dtype=object) array([], dtype=object) array([], dtype=object)
 array([], dtype=object) array([], dtype=object) array([], dtype=object)
 array(['style'], dtype=object) array(['style'], dtype=object)
 array(['style'], dtype=object) array(['style'], dtype=object)
 array(['style'], dtype=object) array(['style'], dtype=object)
 array([], dtype=object) array([], dtype=object) array([], dtype=object)
 array([], dtype=object) array([], dtype=object)
 array(['grammar', 'style'], dtype=object)
 array(['grammar', 'style'], dtype=object) array([], dtype=object)
 array([], dtype=object) array([], dtype=object)
 array(['orthography', 'style'], dtype=object)
 array(['orthography', 'style'], dtype=object) array([], dtype=object)
 array(['style'], dtype=object) array(['style'], dtype=object)
 array([], dtype=object) array([], dtype=object) array([], dtype=object)
 array([], dtype=object) array([], dtype=object) array([], dtype=object)
 array([], dtype=object) array([], dtype=object)]",True,"['Yambú' 'er' 'elsti' 'flokkur' 'rúmbu' 'og'
 'einkennandi fyrir hann er trommusláttur' 'á' 'trommur' 'sem' 'líkjast'
 'kassa' 'og hefur' 'tómarúm' 'að' 'innan' ',' 'hann' 'er hafður' 'milli'
 'fótanna' 'og' 'svo' 'slegið' 'á' 'viðinn' '.']"
47810,['Áfangakerfi' 'var' 'tekið' 'upp' 'í' 'MH' 'árið' '1972' '.'],"[array([], dtype=object) array([], dtype=object) array([], dtype=object)
 array([], dtype=object) array([], dtype=object) array([], dtype=object)
 array([], dtype=object) array([], dtype=object) array([], dtype=object)]",False,['Áfangakerfi' 'var' 'tekið' 'upp' 'í' 'MH' 'árið' '1972' '.']
17111,"['Tuttugu' 'og' 'eins' 'árs' 'gamall' 'Akureyringur' 'var' 'í' 'gær'
 'dæmdur' 'í' 'þrjátíu' 'daga' 'skilorðsbundið' 'fangelsi' ',' 'til'
 'sjötiu' 'þúsund' 'króna' 'sektar' 'og' 'ökuleyfissviptingu' 'fyrir'
 'fíkniefnabrot' '.']","[array([], dtype=object) array([], dtype=object) array([], dtype=object)
 array([], dtype=object) array([], dtype=object) array([], dtype=object)
 array([], dtype=object) array([], dtype=object) array([], dtype=object)
 array([], dtype=object) array([], dtype=object) array([], dtype=object)
 array([], dtype=object) array([], dtype=object) array([], dtype=object)
 array([], dtype=object) array([], dtype=object)
 array(['orthography'], dtype=object) array(['orthography'], dtype=object)
 array([], dtype=object) array([], dtype=object) array([], dtype=object)
 array(['grammar', 'style'], dtype=object) array([], dtype=object)
 array([], dtype=object) array([], dtype=object)]",True,"['Tuttugu' 'og' 'eins' 'árs' 'gamall' 'Akureyringur' 'var' 'í' 'gær'
 'dæmdur' 'í' 'þrjátíu' 'daga' 'skilorðsbundið' 'fangelsi' ',' 'til'
 'sjötíu þúsund' 'króna' 'sektar' 'og' 'var sviptur ökuleyfi' 'fyrir'
 'fíkniefnabrot' '.']"
18202,"['Friðrik' 'var' 'endurrráðinn' 'endurrráðinn' 'síðastliðið' 'haust' ','
 'eftir' 'að' 'hann' 'ákvað' 'að' 'segja' 'starfi' 'sínu' 'lausu' '.']","[array([], dtype=object) array([], dtype=object) array([], dtype=object)
 array(['orthography', 'orthography'], dtype=object)
 array([], dtype=object) array([], dtype=object) array([], dtype=object)
 array([], dtype=object) array([], dtype=object) array([], dtype=object)
 array([], dtype=object) array([], dtype=object) array([], dtype=object)
 array([], dtype=object) array([], dtype=object) array([], dtype=object)
 array([], dtype=object)]",True,"['Friðrik' 'var' 'endurrráðinn' 'endurráðinn' 'síðastliðið' 'haust' ','
 'eftir' 'að' 'hann' 'ákvað' 'að' 'segja' 'starfi' 'sínu' 'lausu' '.']"
31723,"['Þættirnir' 'fylgjast' 'með' 'misheppnuðum' 'ævintýrum'
 'herbergisfélaganna' 'Max' 'og' 'Caroline' ',' 'sem' 'báðar' 'hafa'
 'bága' 'fjárhagsstöðu' ',' 'og' 'raunum' 'þeirra' 'við' 'að' 'stofna'
 'bollakökufyrirtæki' 'í' 'Williamsburg-hverfinu' 'í' 'Brooklyn' ',' 'New'
 'York' '.']","[array(['style'], dtype=object) array(['style'], dtype=object)
 array([], dtype=object) array([], dtype=object) array([], dtype=object)
 array([], dtype=object) array([], dtype=object) array([], dtype=object)
 array([], dtype=object) array([], dtype=object) array([], dtype=object)
 array([], dtype=object) array(['style'], dtype=object)
 array(['style'], dtype=object) array([], dtype=object)
 array([], dtype=object) array([], dtype=object) array([], dtype=object)
 array([], dtype=object) array([], dtype=object) array([], dtype=object)
 array([], dtype=object) array([], dtype=object) array([], dtype=object)
 array([], dtype=object) array([], dtype=object) array([], dtype=object)
 array([], dtype=object) array([], dtype=object) array([], dtype=object)
 array([], dtype=object)]",True,"['Fylgst er' 'með' 'misheppnuðum' 'ævintýrum' 'herbergisfélaganna' 'Max'
 'og' 'Caroline' ',' 'sem' 'báðar' 'eru í bágri' 'fjárhagsstöðu' ',' 'og'
 'raunum' 'þeirra' 'við' 'að' 'stofna' 'bollakökufyrirtæki' 'í'
 'Williamsburg-hverfinu' 'í' 'Brooklyn' ',' 'New' 'York' '.']"
14244,"['Útgáfutónleikarnir' 'hefjast' 'kl' '20' 'og' 'kostar' 'aðeins' '1.000'
 'kr.' 'inn' '.']","[array([], dtype=object) array([], dtype=object) array([], dtype=object)
 array([], dtype=object) array([], dtype=object) array([], dtype=object)
 array([], dtype=object) array([], dtype=object) array([], dtype=object)
 array([], dtype=object) array([], dtype=object)]",False,"['Útgáfutónleikarnir' 'hefjast' 'kl' '20' 'og' 'kostar' 'aðeins' '1.000'
 'kr.' 'inn' '.']"
28666,"['Landsnet' 'hf' 'tók' 'til' 'starfa' '1.' 'janúar' '2005' 'en' 'því' 'er'
 'ætlað' 'að' 'sinna' 'meginflutningi' 'rafmagns' 'í' 'landinu' '.']","[array([], dtype=object) array(['orthography'], dtype=object)
 array([], dtype=object) array([], dtype=object) array([], dtype=object)
 array([], dtype=object) array([], dtype=object) array([], dtype=object)
 array([], dtype=object) array([], dtype=object) array([], dtype=object)
 array([], dtype=object) array([], dtype=object) array([], dtype=object)
 array([], dtype=object) array([], dtype=object) array([], dtype=object)
 array([], dtype=object) array([], dtype=object)]",True,"['Landsnet' 'hf.' 'tók' 'til' 'starfa' '1. janúar 2005' 'en' 'því' 'er'
 'ætlað' 'að' 'sinna' 'meginflutningi' 'rafmagns' 'í' 'landinu' '.']"
29418,"['Árin' '1999' '–' '2006' 'lék' 'Hill' 'aðstoðarmann' 'forsetans' ','
 'Charlie' 'Young' ',' 'í' 'bandaríska' 'dramaþættinum' 'The' 'West'
 'Wing' '.']","[array([], dtype=object) array([], dtype=object) array([], dtype=object)
 array([], dtype=object) array([], dtype=object) array([], dtype=object)
 array([], dtype=object) array([], dtype=object) array([], dtype=object)
 array([], dtype=object) array([], dtype=object) array([], dtype=object)
 array([], dtype=object) array([], dtype=object) array([], dtype=object)
 array(['style'], dtype=object) array(['style'], dtype=object)
 array(['style'], dtype=object) array([], dtype=object)]",True,"['Árin' '1999' '–' '2006' 'lék' 'Hill' 'aðstoðarmann' 'forsetans' ','
 'Charlie' 'Young' ',' 'í' 'bandaríska' 'dramaþættinum' 'The West Wing'
 '.']"
51775,"['Þar' 'sem' 'hún' 'amma' 'mín' 'lætur' 'nú' 'ekki' 'bjóða' 'sér' 'hvað'
 'sem' 'er' ',' 'hellti' 'hún' 'sér' 'yfir' 'hann' 'með' 'þvílíkum'
 'hrópum' 'og' 'köllum' ',' 'að' 'þegar' 'hún' 'hafði' 'lokið' 'sér' 'af'
 'klöppuðu' 'allir' 'farþegar' 'strætisvagnsins' '.']","[array([], dtype=object) array([], dtype=object) array([], dtype=object)
 array([], dtype=object) array([], dtype=object) array([], dtype=object)
 array([], dtype=object) array([], dtype=object) array([], dtype=object)
 array([], dtype=object) array([], dtype=object) array([], dtype=object)
 array([], dtype=object) array([], dtype=object) array([], dtype=object)
 array([], dtype=object) array([], dtype=object) array([], dtype=object)
 array([], dtype=object) array([], dtype=object) array([], dtype=object)
 array([], dtype=object) array([], dtype=object) array([], dtype=object)
 array([], dtype=object) array([], dtype=object) array([], dtype=object)
 array([], dtype=object) array([], dtype=object) array([], dtype=object)
 array([], dtype=object) array([], dtype=object) array([], dtype=object)
 array([], dtype=object) array([], dtype=object) array([], dtype=object)
 array([], dtype=object)]",False,"['Þar' 'sem' 'hún' 'amma' 'mín' 'lætur' 'nú' 'ekki' 'bjóða' 'sér' 'hvað'
 'sem' 'er' ',' 'hellti' 'hún' 'sér' 'yfir' 'hann' 'með' 'þvílíkum'
 'hrópum' 'og' 'köllum' ',' 'að' 'þegar' 'hún' 'hafði' 'lokið' 'sér' 'af'
 'klöppuðu' 'allir' 'farþegar' 'strætisvagnsins' '.']"
21585,"['Tryggvi' 'Þór' 'Hilmarsson' ',' 'art' 'director' 'á'
 'auglýsingastofunni' 'Jónsson' '&' ""Le'macks"" 'er' 'forfallinn'
 'veiðimaður' '.']","[array([], dtype=object) array([], dtype=object) array([], dtype=object)
 array([], dtype=object) array(['style', 'style'], dtype=object)
 array(['style', 'style'], dtype=object) array([], dtype=object)
 array([], dtype=object) array([], dtype=object) array([], dtype=object)
 array([], dtype=object) array([], dtype=object) array([], dtype=object)
 array([], dtype=object) array([], dtype=object)]",True,"['Tryggvi' 'Þór' 'Hilmarsson' ',' 'listrænn stjórnandi' 'á'
 'auglýsingastofunni' 'Jónsson' '&' ""Le'macks"" 'er' 'forfallinn'
 'veiðimaður' '.']"
52340,"['Fyrir' 'rétt' 'rúmu' 'ári' 'síðan' 'bauð' 'ég' 'mig' 'fram' 'til'
 'formanns' 'íþróttanefndar' 'í' 'nemendafélagi' 'skólans' 'og' 'sigraði'
 'keppninauta' 'mína' '.']","[array([], dtype=object) array([], dtype=object) array([], dtype=object)
 array([], dtype=object) array([], dtype=object) array([], dtype=object)
 array([], dtype=object) array([], dtype=object) array([], dtype=object)
 array([], dtype=object) array([], dtype=object) array([], dtype=object)
 array([], dtype=object) array([], dtype=object) array([], dtype=object)
 array([], dtype=object) array([], dtype=object)
 array(['orthography', 'orthography'], dtype=object)
 array([], dtype=object) array([], dtype=object)]",True,"['Fyrir' 'rétt' 'rúmu' 'ári' 'síðan' 'bauð' 'ég' 'mig' 'fram' 'til'
 'formanns' 'íþróttanefndar' 'í' 'nemendafélagi' 'skólans' 'og' 'sigraði'
 'keppinauta' 'mína' '.']"
21211,['Hámarkshraði' 'á' 'veginum' 'er' '50' 'kílómetrar' 'á' 'klukkustund' '.'],"[array([], dtype=object) array([], dtype=object) array([], dtype=object)
 array([], dtype=object) array([], dtype=object) array([], dtype=object)
 array([], dtype=object) array([], dtype=object) array([], dtype=object)]",False,['Hámarkshraði' 'á' 'veginum' 'er' '50' 'kílómetrar' 'á' 'klukkustund' '.']
21179,"['Þeir' 'komu' 'hingað' 'til' 'lands' 'fyrr' 'á' 'árinu' 'og' 'eru' 'í'
 'hópi' 'ungra' 'hælisleitenda' 'sem' 'fjallað' 'hefur' 'verið' 'um'
 'síðustu' 'mánuði' '.']","[array([], dtype=object) array([], dtype=object) array([], dtype=object)
 array([], dtype=object) array([], dtype=object) array([], dtype=object)
 array([], dtype=object) array([], dtype=object) array([], dtype=object)
 array([], dtype=object) array([], dtype=object) array([], dtype=object)
 array([], dtype=object) array([], dtype=object) array([], dtype=object)
 array([], dtype=object) array([], dtype=object) array([], dtype=object)
 array([], dtype=object) array([], dtype=object) array([], dtype=object)
 array([], dtype=object)]",False,"['Þeir' 'komu' 'hingað' 'til' 'lands' 'fyrr' 'á' 'árinu' 'og' 'eru' 'í'
 'hópi' 'ungra' 'hælisleitenda' 'sem' 'fjallað' 'hefur' 'verið' 'um'
 'síðustu' 'mánuði' '.']"
3319,"['Þeim' 'sem' 'panta' 'á' 'íslensku' 'síðunni' 'bjóðast' 'einnig'
 'nettilboð' 'og' 'eiga' 'því' 'kost' 'á' 'talsvert' 'ódýrara' 'flugi' ','
 'en' 'það' 'býðst' 'ekki' 'á' 'ensku' 'síðunni' '.']","[array([], dtype=object) array([], dtype=object) array([], dtype=object)
 array([], dtype=object) array([], dtype=object) array([], dtype=object)
 array([], dtype=object) array([], dtype=object) array([], dtype=object)
 array([], dtype=object) array([], dtype=object) array([], dtype=object)
 array([], dtype=object) array([], dtype=object) array([], dtype=object)
 array([], dtype=object) array([], dtype=object)
 array(['orthography'], dtype=object) array([], dtype=object)
 array([], dtype=object) array([], dtype=object) array([], dtype=object)
 array([], dtype=object) array([], dtype=object) array([], dtype=object)
 array([], dtype=object)]",True,"['Þeim' 'sem' 'panta' 'á' 'íslensku' 'síðunni' 'bjóðast' 'einnig'
 'nettilboð' 'og' 'eiga' 'því' 'kost' 'á' 'talsvert' 'ódýrara' 'flugi' ''
 'en' 'það' 'býðst' 'ekki' 'á' 'ensku' 'síðunni' '.']"
13146,"['Ákærði' 'játaði' 'skýlaust' 'brot' 'sín' 'og' 'þótti' 'hæfileg'
 'refsing' 'eins' 'mánaða' 'skilorðsbundið' 'fangelsi' '.']","[array([], dtype=object) array([], dtype=object) array([], dtype=object)
 array([], dtype=object) array([], dtype=object) array([], dtype=object)
 array([], dtype=object) array([], dtype=object) array([], dtype=object)
 array([], dtype=object) array(['grammar', 'grammar'], dtype=object)
 array([], dtype=object) array([], dtype=object) array([], dtype=object)]",True,"['Ákærði' 'játaði' 'skýlaust' 'brot' 'sín' 'og' 'þótti' 'hæfileg'
 'refsing' 'eins' 'mánaðar' 'skilorðsbundið' 'fangelsi' '.']"
16158,['Cattermole' 'verður' 'áfram' 'hjá' 'Wigan' 'á' 'næstu' 'leiktíð' '.'],"[array([], dtype=object) array([], dtype=object) array([], dtype=object)
 array([], dtype=object) array([], dtype=object) array([], dtype=object)
 array([], dtype=object) array([], dtype=object) array([], dtype=object)]",False,['Cattermole' 'verður' 'áfram' 'hjá' 'Wigan' 'á' 'næstu' 'leiktíð' '.']
13788,"['Ellefu' 'næstráðendur' 'Saddams' 'bíða' 'þess' 'einnig' 'að' 'verða'
 'birtar' 'ákærur' '.']","[array([], dtype=object) array([], dtype=object) array([], dtype=object)
 array([], dtype=object) array([], dtype=object) array([], dtype=object)
 array([], dtype=object) array([], dtype=object) array([], dtype=object)
 array([], dtype=object) array([], dtype=object)]",False,"['Ellefu' 'næstráðendur' 'Saddams' 'bíða' 'þess' 'einnig' 'að' 'verða'
 'birtar' 'ákærur' '.']"
9902,"['Eftir' 'mikla' 'sjálfsskoðun' 'komust' 'þær' 'að' 'því' 'að' 'athyglin'
 'væri' 'í' 'raun' 'frekar' 'óheppilegur' 'fylgifiskur' 'þess' 'að' 'vera'
 'frelsari' '.']","[array([], dtype=object) array([], dtype=object) array([], dtype=object)
 array([], dtype=object) array([], dtype=object) array([], dtype=object)
 array([], dtype=object) array([], dtype=object) array([], dtype=object)
 array([], dtype=object) array([], dtype=object) array([], dtype=object)
 array([], dtype=object) array([], dtype=object) array([], dtype=object)
 array([], dtype=object) array([], dtype=object) array([], dtype=object)
 array([], dtype=object) array([], dtype=object)]",False,"['Eftir' 'mikla' 'sjálfsskoðun' 'komust' 'þær' 'að' 'því' 'að' 'athyglin'
 'væri' 'í' 'raun' 'frekar' 'óheppilegur' 'fylgifiskur' 'þess' 'að' 'vera'
 'frelsari' '.']"
40519,"['Auk' 'þess' 'bjó' 'hann' 'til' 'herdeild' 'nokkur' 'hundruð' 'manna'
 'sem' 'áttu' 'að' 'sitja' 'í' 'kastalanum' 'og' 'tryggja' 'öryggi' 'hans'
 '.']","[array([], dtype=object) array([], dtype=object) array([], dtype=object)
 array([], dtype=object) array([], dtype=object) array([], dtype=object)
 array([], dtype=object) array([], dtype=object) array([], dtype=object)
 array([], dtype=object) array(['grammar'], dtype=object)
 array([], dtype=object) array([], dtype=object) array([], dtype=object)
 array([], dtype=object) array([], dtype=object) array([], dtype=object)
 array([], dtype=object) array([], dtype=object) array([], dtype=object)]",True,"['Auk' 'þess' 'bjó' 'hann' 'til' 'herdeild' 'nokkur' 'hundruð' 'manna'
 'sem' 'átti' 'að' 'sitja' 'í' 'kastalanum' 'og' 'tryggja' 'öryggi' 'hans'
 '.']"
40556,"['Í' 'konungstíð' 'Hinriks' 'II' 'síðla' 'á' '12.' 'öld' 'veik' 'þessi'
 'kastali' 'fyrir' 'mannvirki' 'úr' 'grjóti' 'og' 'var' 'næstu' 'aldir'
 'eitt' 'sterkasta' 'vígi' 'Englandskonunga' '.']","[array([], dtype=object) array([], dtype=object) array([], dtype=object)
 array([], dtype=object) array([], dtype=object) array([], dtype=object)
 array([], dtype=object) array([], dtype=object) array([], dtype=object)
 array([], dtype=object) array([], dtype=object) array([], dtype=object)
 array([], dtype=object) array([], dtype=object) array([], dtype=object)
 array(['grammar'], dtype=object) array([], dtype=object)
 array([], dtype=object) array([], dtype=object) array([], dtype=object)
 array([], dtype=object) array([], dtype=object) array([], dtype=object)
 array([], dtype=object)]",True,"['Í' 'konungstíð' 'Hinriks' 'II' 'síðla' 'á' '12.' 'öld' 'veik' 'þessi'
 'kastali' 'fyrir' 'mannvirki' 'úr' 'grjóti' 'sem' 'var' 'næstu' 'aldir'
 'eitt' 'sterkasta' 'vígi' 'Englandskonunga' '.']"
12510,"['Ef' 'við' 'gefum' 'okkur' 'að' 'kjörsókn' 'í' 'þjóðaratkvæðagreiðslunni'
 'verði' '70%' 'þá' 'þyrftu' 'minnst' '63' 'prósent' 'þeirra' 'sem'
 'greiða' 'atkvæði' 'til' 'að' 'fella' 'lögin' ',' 'en' 'ekki' '50'
 'prósent' '.']","[array([], dtype=object) array([], dtype=object) array([], dtype=object)
 array([], dtype=object) array([], dtype=object) array([], dtype=object)
 array([], dtype=object) array([], dtype=object) array([], dtype=object)
 array([], dtype=object) array([], dtype=object)
 array(['grammar'], dtype=object) array([], dtype=object)
 array([], dtype=object) array([], dtype=object) array([], dtype=object)
 array([], dtype=object) array([], dtype=object) array([], dtype=object)
 array(['grammar'], dtype=object) array([], dtype=object)
 array([], dtype=object) array([], dtype=object) array([], dtype=object)
 array([], dtype=object) array([], dtype=object) array([], dtype=object)
 array([], dtype=object) array([], dtype=object)]",True,"['Ef' 'við' 'gefum' 'okkur' 'að' 'kjörsókn' 'í' 'þjóðaratkvæðagreiðslunni'
 'verði' '70%' 'þá' 'þyrfti' 'minnst' '63' 'prósent' 'þeirra' 'sem'
 'greiða' 'atkvæði' 'til' 'þess' 'að' 'fella' 'lögin' ',' 'en' 'ekki' '50'
 'prósent' '.']"
249,"['„' 'Ég' 'var' 'búinn' 'að' 'nota' 'allar' 'skiptingarnar' 'mínar' ','
 '“' 'benti' 'hann' 'einfaldlega' 'á' '.']","[array([], dtype=object) array([], dtype=object) array([], dtype=object)
 array([], dtype=object) array([], dtype=object) array([], dtype=object)
 array([], dtype=object) array([], dtype=object) array([], dtype=object)
 array([], dtype=object) array([], dtype=object) array([], dtype=object)
 array([], dtype=object) array([], dtype=object) array([], dtype=object)
 array([], dtype=object)]",False,"['„' 'Ég' 'var' 'búinn' 'að' 'nota' 'allar' 'skiptingarnar' 'mínar' ','
 '“' 'benti' 'hann' 'einfaldlega' 'á' '.']"
20396,"['Hins' 'vegar' 'lygndi' 'rétt' 'fyrir' 'miðnætti' 'á' 'laugardaginn' 'og'
 'þá' 'var' 'strax' 'tekin' 'ákvörðun' 'um' 'að' 'blása' 'höllina' 'upp'
 '.']","[array([], dtype=object) array([], dtype=object) array([], dtype=object)
 array([], dtype=object) array([], dtype=object) array([], dtype=object)
 array([], dtype=object) array([], dtype=object) array([], dtype=object)
 array([], dtype=object) array([], dtype=object) array([], dtype=object)
 array([], dtype=object) array([], dtype=object) array([], dtype=object)
 array([], dtype=object) array([], dtype=object) array([], dtype=object)
 array([], dtype=object) array([], dtype=object)]",False,"['Hins' 'vegar' 'lygndi' 'rétt' 'fyrir' 'miðnætti' 'á' 'laugardaginn' 'og'
 'þá' 'var' 'strax' 'tekin' 'ákvörðun' 'um' 'að' 'blása' 'höllina' 'upp'
 '.']"
4251,"['„' 'Það' 'geta' 'ekki' 'endalaust' 'margir' 'verið' 'yfirmenn' ',' 'svo'
 'víða' 'eru' 'sérfræðingar' 'sem' 'sitja' 'fastir' 'í' 'launum' 'þrátt'
 'fyrir' 'að' 'bæta' 'við' 'sig' 'í' 'færni' 'og' 'þar' 'með' 'framlagi'
 'til' 'starfseminnar' '.']","[array([], dtype=object) array([], dtype=object) array([], dtype=object)
 array([], dtype=object) array([], dtype=object) array([], dtype=object)
 array([], dtype=object) array([], dtype=object) array([], dtype=object)
 array([], dtype=object) array([], dtype=object) array([], dtype=object)
 array([], dtype=object) array([], dtype=object) array([], dtype=object)
 array([], dtype=object) array([], dtype=object) array([], dtype=object)
 array([], dtype=object) array([], dtype=object) array([], dtype=object)
 array([], dtype=object) array([], dtype=object) array([], dtype=object)
 array([], dtype=object) array([], dtype=object) array([], dtype=object)
 array([], dtype=object) array([], dtype=object) array([], dtype=object)
 array([], dtype=object) array([], dtype=object) array([], dtype=object)]",False,"['„' 'Það' 'geta' 'ekki' 'endalaust' 'margir' 'verið' 'yfirmenn' ',' 'svo'
 'víða' 'eru' 'sérfræðingar' 'sem' 'sitja' 'fastir' 'í' 'launum' 'þrátt'
 'fyrir' 'að' 'bæta' 'við' 'sig' 'í' 'færni' 'og' 'þar' 'með' 'framlagi'
 'til' 'starfseminnar' '.']"
33174,"['Hún' 'segir' 'honum' 'ekki' 'frá' 'reykingunum' 'sínum' 'og'
 'breytilegu' 'fortíð' '.']","[array([], dtype=object) array([], dtype=object) array([], dtype=object)
 array([], dtype=object) array([], dtype=object)
 array(['style'], dtype=object) array(['style'], dtype=object)
 array([], dtype=object) array(['style'], dtype=object)
 array(['style'], dtype=object) array([], dtype=object)]",True,"['Hún' 'segir' 'honum' 'ekki' 'frá' 'því að hún reyki' 'og'
 'velgengi í fortíðinni' '.']"
35298,"['Osturinn' 'er' 'seldur' 'í' 'stykkjum' 'eða' 'á' 'þar' 'til' 'gerðum'
 'sleðum' 'ef' 'um' 'mikið' 'magn' 'er' 'að' 'ræða' '.']","[array([], dtype=object) array([], dtype=object) array([], dtype=object)
 array([], dtype=object) array([], dtype=object) array([], dtype=object)
 array([], dtype=object) array([], dtype=object) array([], dtype=object)
 array([], dtype=object) array([], dtype=object) array([], dtype=object)
 array([], dtype=object) array([], dtype=object) array([], dtype=object)
 array([], dtype=object) array([], dtype=object) array([], dtype=object)
 array([], dtype=object)]",False,"['Osturinn' 'er' 'seldur' 'í' 'stykkjum' 'eða' 'á' 'þar' 'til' 'gerðum'
 'sleðum' 'ef' 'um' 'mikið' 'magn' 'er' 'að' 'ræða' '.']"
45842,"['Þrátt' 'fyrir' 'þetta' 'náði' 'ítaló' 'diskó' 'miklum' 'vinsældum' 'í'
 'Evrópu' ',' 'sérstaklega' 'þá' 'í' 'Mið-' 'og' 'Austur' 'Evrópu' ','
 'og' 'einnig' 'varð' 'stefnan' 'mjög' 'vinsæl' 'í' 'Japan' '.']","[array([], dtype=object) array([], dtype=object) array([], dtype=object)
 array([], dtype=object) array(['orthography'], dtype=object)
 array(['orthography'], dtype=object) array([], dtype=object)
 array([], dtype=object) array([], dtype=object) array([], dtype=object)
 array([], dtype=object) array(['style'], dtype=object)
 array(['style'], dtype=object) array([], dtype=object)
 array([], dtype=object) array([], dtype=object) array([], dtype=object)
 array([], dtype=object) array(['orthography', 'style'], dtype=object)
 array(['orthography', 'style'], dtype=object)
 array(['orthography', 'style'], dtype=object)
 array(['orthography', 'style'], dtype=object)
 array(['style'], dtype=object) array([], dtype=object)
 array([], dtype=object) array([], dtype=object) array([], dtype=object)
 array([], dtype=object)]",True,"['Þrátt' 'fyrir' 'þetta' 'náði' 'ítalódiskó' 'miklum' 'vinsældum' 'í'
 'Evrópu' ',' 'einkum' 'í' 'Mið- og Austur' 'Evrópu' 'ásamt því að'
 'stefnan' 'varð' 'mjög' 'vinsæl' 'í' 'Japan' '.']"
16983,"['Skattar' 'á' 'tekjur' 'og' 'hagnað' 'námu' 'rúmlega' '71' 'milljarða'
 'kr.' 'og' 'drógust' 'saman' 'um' '4,1%' 'að' 'nafnvirði' 'samanborið'
 'við' 'fyrstu' 'fimm' 'mánuði' 'ársins' '2008' '.']","[array([], dtype=object) array([], dtype=object) array([], dtype=object)
 array([], dtype=object) array([], dtype=object) array([], dtype=object)
 array([], dtype=object) array([], dtype=object)
 array(['grammar', 'grammar'], dtype=object) array([], dtype=object)
 array([], dtype=object) array([], dtype=object) array([], dtype=object)
 array([], dtype=object) array([], dtype=object) array([], dtype=object)
 array([], dtype=object) array([], dtype=object) array([], dtype=object)
 array([], dtype=object) array([], dtype=object) array([], dtype=object)
 array([], dtype=object) array([], dtype=object) array([], dtype=object)]",True,"['Skattar' 'á' 'tekjur' 'og' 'hagnað' 'námu' 'rúmlega' '71' 'milljarði'
 'kr.' 'og' 'drógust' 'saman' 'um' '4,1%' 'að' 'nafnvirði' 'samanborið'
 'við' 'fyrstu' 'fimm' 'mánuði' 'ársins 2008' '.']"
9029,"['Aðspurður' 'hvort' 'lasertag' 'sé' 'ekki' 'aðallega' 'skemmtun'
 'innandyra' 'segir' 'Eyþór' 'svo' 'ekki' 'vera' '.']","[array([], dtype=object) array([], dtype=object)
 array(['style'], dtype=object) array([], dtype=object)
 array([], dtype=object) array([], dtype=object) array([], dtype=object)
 array([], dtype=object) array([], dtype=object) array([], dtype=object)
 array([], dtype=object) array([], dtype=object) array([], dtype=object)
 array([], dtype=object)]",True,"['Aðspurður' 'hvort' 'leysigeislaeltingaleikur' 'sé' 'ekki' 'aðallega'
 'skemmtun' 'innandyra' 'segir' 'Eyþór' 'svo' 'ekki' 'vera' '.']"
45841,"['Ein' 'mikilvæg' 'ástæða' 'fyrir' 'mikilli' 'grósku' 'í' 'ítalskri'
 'tónlistargerð' 'á' 'þessum' 'árum' 'var' 'efnahagsleg' '.']","[array([], dtype=object) array(['style'], dtype=object)
 array([], dtype=object) array(['style'], dtype=object)
 array(['style'], dtype=object) array([], dtype=object)
 array([], dtype=object) array([], dtype=object) array([], dtype=object)
 array([], dtype=object) array([], dtype=object) array([], dtype=object)
 array([], dtype=object) array(['style'], dtype=object)
 array([], dtype=object)]",True,"['Ein' 'helsta' 'ástæða' 'mikillar' 'grósku' 'í' 'ítalskri'
 'tónlistargerð' 'á' 'þessum' 'árum' 'var' 'efnahagslegs eðlis' '.']"
48289,"['og' 'áður' 'höfðu' 'fundist' 'í' 'fyllingu' 'ganganna' 'viðarkol' 'sem'
 'aldursgreind' 'höfðu' 'verið' 'á' '11.' '-' '13.' 'öld' '.']","[array(['orthography'], dtype=object) array(['orthography'], dtype=object)
 array([], dtype=object) array([], dtype=object) array([], dtype=object)
 array([], dtype=object) array([], dtype=object) array([], dtype=object)
 array([], dtype=object) array([], dtype=object) array([], dtype=object)
 array([], dtype=object) array([], dtype=object) array([], dtype=object)
 array([], dtype=object) array([], dtype=object) array([], dtype=object)
 array([], dtype=object)]",True,"['Áður' 'höfðu' 'fundist' 'í' 'fyllingu' 'ganganna' 'viðarkol' 'sem'
 'aldursgreind' 'höfðu' 'verið' 'á' '11.' '-' '13.' 'öld' '.']"
37973,"['Á' 'þeirri' 'plötu' 'tala' 'meðlimir' 'yfir' 'trommutakta' 'eða' 'lög'
 'og' 'minnir' 'þessi' 'tónlist' 'meira' 'á' 'ræðumennsku' 'en' 'rapp'
 'eins' 'og' 'það' 'varð' 'síðar' 'meir' '.']","[array([], dtype=object) array([], dtype=object) array([], dtype=object)
 array([], dtype=object) array([], dtype=object) array([], dtype=object)
 array([], dtype=object) array([], dtype=object) array([], dtype=object)
 array([], dtype=object) array([], dtype=object) array([], dtype=object)
 array([], dtype=object) array([], dtype=object) array([], dtype=object)
 array([], dtype=object) array([], dtype=object) array([], dtype=object)
 array([], dtype=object) array([], dtype=object) array([], dtype=object)
 array([], dtype=object) array([], dtype=object) array([], dtype=object)
 array([], dtype=object)]",False,"['Á' 'þeirri' 'plötu' 'tala' 'meðlimir' 'yfir' 'trommutakta' 'eða' 'lög'
 'og' 'minnir' 'þessi' 'tónlist' 'meira' 'á' 'ræðumennsku' 'en' 'rapp'
 'eins' 'og' 'það' 'varð' 'síðar' 'meir' '.']"
40642,"['Mikilvægustu' 'járnmyndanir' 'eru' 'svokallað' 'lagskipt' 'járngrýti'
 'en' 'það' 'er' 'efnaset' 'sem' 'myndaðist' 'við' 'aðstæður' 'sem'
 'ríktu' 'á' 'jörðinni' 'fyrir' '3,2' 'til' '1,7' 'milljörðum' 'ára' '.']","[array([], dtype=object) array([], dtype=object) array([], dtype=object)
 array([], dtype=object) array([], dtype=object) array([], dtype=object)
 array([], dtype=object) array([], dtype=object) array([], dtype=object)
 array([], dtype=object) array([], dtype=object) array([], dtype=object)
 array([], dtype=object) array([], dtype=object) array([], dtype=object)
 array([], dtype=object) array([], dtype=object) array([], dtype=object)
 array([], dtype=object) array([], dtype=object) array([], dtype=object)
 array([], dtype=object) array([], dtype=object) array([], dtype=object)
 array([], dtype=object)]",False,"['Mikilvægustu' 'járnmyndanir' 'eru' 'svokallað' 'lagskipt' 'járngrýti'
 'en' 'það' 'er' 'efnaset' 'sem' 'myndaðist' 'við' 'aðstæður' 'sem'
 'ríktu' 'á' 'jörðinni' 'fyrir' '3,2' 'til' '1,7' 'milljörðum' 'ára' '.']"
27887,"['Karíbar' 'gerðu' 'uppreisn' 'gegn' 'breskum' 'yfirráðum' 'í' 'Fyrsta'
 'Karíbastríðinu' '.']","[array([], dtype=object) array([], dtype=object) array([], dtype=object)
 array([], dtype=object) array([], dtype=object) array([], dtype=object)
 array([], dtype=object) array(['orthography'], dtype=object)
 array([], dtype=object) array([], dtype=object)]",True,"['Karíbar' 'gerðu' 'uppreisn' 'gegn' 'breskum' 'yfirráðum' 'í' 'fyrsta'
 'Karíbastríðinu' '.']"
37189,"['Þegar' 'félagi' 'Majors' 'var' 'drepinn' ',' 'tók' 'Major' 'það' 'til'
 'bragðs' 'að' 'skjóta' 'á' 'götum' 'borgarinnar' 'og' 'henda'
 'handsprengjum' 'út' 'um' 'allt' '.']","[array([], dtype=object) array([], dtype=object) array([], dtype=object)
 array([], dtype=object) array([], dtype=object)
 array(['orthography'], dtype=object) array([], dtype=object)
 array([], dtype=object) array(['vocabulary'], dtype=object)
 array(['vocabulary'], dtype=object) array([], dtype=object)
 array([], dtype=object) array([], dtype=object) array([], dtype=object)
 array([], dtype=object) array(['style'], dtype=object)
 array([], dtype=object) array([], dtype=object) array([], dtype=object)
 array(['vocabulary'], dtype=object) array(['vocabulary'], dtype=object)
 array(['vocabulary'], dtype=object) array([], dtype=object)]",True,"['Þegar' 'félagi' 'Majors' 'var' 'drepinn' '' 'tók' 'Major' '' 'til'
 'þess' 'bragðs' 'að' 'skjóta' 'á' 'götum' 'úti' 'og' 'henda'
 'handsprengjum' '' '.']"
12211,"['Sinfóníuhljómsveit' 'Norðurlands' 'til' 'að' 'semja' 'nýtt' 'tónverk'
 'sem' 'byggt' 'er' 'á' 'jólaævintýri' '9' '.']","[array([], dtype=object) array([], dtype=object) array([], dtype=object)
 array([], dtype=object) array([], dtype=object) array([], dtype=object)
 array([], dtype=object) array([], dtype=object) array([], dtype=object)
 array([], dtype=object) array([], dtype=object) array([], dtype=object)
 array([], dtype=object) array([], dtype=object)]",False,"['Sinfóníuhljómsveit' 'Norðurlands' 'til' 'að' 'semja' 'nýtt' 'tónverk'
 'sem' 'byggt' 'er' 'á' 'jólaævintýri' '9' '.']"
4498,"['Ég' 'held' 'að' 'um' 'ævisögur' 'og' 'endurminningar' 'megi' 'þó'
 'segja' 'að' 'þetta' 'hafi' 'verið' 'þróun' 'sem' 'hafi' 'verið' 'í'
 'gangi' 'um' 'nokkra' 'hríð' '.']","[array([], dtype=object) array([], dtype=object) array([], dtype=object)
 array([], dtype=object) array([], dtype=object) array([], dtype=object)
 array([], dtype=object) array([], dtype=object) array([], dtype=object)
 array([], dtype=object) array([], dtype=object) array([], dtype=object)
 array([], dtype=object) array([], dtype=object) array([], dtype=object)
 array([], dtype=object) array([], dtype=object) array([], dtype=object)
 array([], dtype=object) array([], dtype=object) array([], dtype=object)
 array([], dtype=object) array([], dtype=object) array([], dtype=object)]",False,"['Ég' 'held' 'að' 'um' 'ævisögur' 'og' 'endurminningar' 'megi' 'þó'
 'segja' 'að' 'þetta' 'hafi' 'verið' 'þróun' 'sem' 'hafi' 'verið' 'í'
 'gangi' 'um' 'nokkra' 'hríð' '.']"
35587,"['Garðabrúða' 'getur' 'valdið' 'aukaverkunum' 'eins' 'og' 't.d'
 'höfuðverk' ',' 'spennu' ',' 'munnþurrki' ',' 'óróleika' 'og' 'jafnvel'
 'svefnerfiðleikum' '.']","[array([], dtype=object) array([], dtype=object) array([], dtype=object)
 array([], dtype=object) array([], dtype=object) array([], dtype=object)
 array([], dtype=object) array([], dtype=object) array([], dtype=object)
 array([], dtype=object) array([], dtype=object) array([], dtype=object)
 array([], dtype=object) array([], dtype=object) array([], dtype=object)
 array([], dtype=object) array([], dtype=object) array([], dtype=object)]",False,"['Garðabrúða' 'getur' 'valdið' 'aukaverkunum' 'eins' 'og' 't.d'
 'höfuðverk' ',' 'spennu' ',' 'munnþurrki' ',' 'óróleika' 'og' 'jafnvel'
 'svefnerfiðleikum' '.']"
47162,"['Og' 'víst' 'voru' 'stórstjörnur' 'í' 'helstu' 'aðalhlutverkum' ';'
 'Guðrún' 'Á.' 'Símonar' ',' 'sem' 'lék' 'Rósalindu' ',' 'og' 'Einar'
 'Kristjánsson' 'sem' 'lék' 'Von' 'Eisenstein' '.']","[array(['orthography'], dtype=object) array(['orthography'], dtype=object)
 array([], dtype=object) array([], dtype=object) array([], dtype=object)
 array([], dtype=object) array([], dtype=object)
 array(['orthography'], dtype=object) array([], dtype=object)
 array([], dtype=object) array([], dtype=object) array([], dtype=object)
 array([], dtype=object) array([], dtype=object) array([], dtype=object)
 array([], dtype=object) array([], dtype=object) array([], dtype=object)
 array(['orthography'], dtype=object) array([], dtype=object)
 array([], dtype=object) array([], dtype=object) array([], dtype=object)
 array([], dtype=object)]",True,"['Víst' 'voru' 'stórstjörnur' 'í' 'helstu' 'aðalhlutverkum' ':' 'Guðrún'
 'Á.' 'Símonar' ',' 'sem' 'lék' 'Rósalindu' ',' 'og' 'Einar'
 'Kristjánsson' ',' 'sem' 'lék' 'Von' 'Eisenstein' '.']"
24040,"['Engum' 'varð' 'meint' 'af' 'volkinu' 'og' 'fengu' 'þau' 'að' 'fara'
 'heim' 'að' 'aðhlynningu' 'lokinni' '.']","[array([], dtype=object) array([], dtype=object) array([], dtype=object)
 array([], dtype=object) array([], dtype=object) array([], dtype=object)
 array([], dtype=object) array([], dtype=object) array([], dtype=object)
 array([], dtype=object) array([], dtype=object) array([], dtype=object)
 array([], dtype=object) array([], dtype=object) array([], dtype=object)]",False,"['Engum' 'varð' 'meint' 'af' 'volkinu' 'og' 'fengu' 'þau' 'að' 'fara'
 'heim' 'að' 'aðhlynningu' 'lokinni' '.']"
30131,"['Skapast' 'hefur' 'sú' 'hefð' 'að' 'nemendur' 'hittist' 'að' 'morgni'
 'til' 'í' 'morgunverðarteiti' 'heima' 'hjá' 'einum' 'í' 'bekknum' ','
 'fara' 'svo' 'á' 'frumsýningu' 'nemendamótssýningarinnar' ',' 'og'
 'haldi' 'svo' 'á' 'nemendamótsdansleikinn' 'um' 'kvöldið' '.']","[array([], dtype=object) array([], dtype=object) array([], dtype=object)
 array([], dtype=object) array([], dtype=object) array([], dtype=object)
 array([], dtype=object) array([], dtype=object) array([], dtype=object)
 array([], dtype=object) array([], dtype=object) array([], dtype=object)
 array([], dtype=object) array([], dtype=object) array([], dtype=object)
 array([], dtype=object) array([], dtype=object) array([], dtype=object)
 array(['grammar'], dtype=object) array([], dtype=object)
 array([], dtype=object) array([], dtype=object) array([], dtype=object)
 array([], dtype=object) array([], dtype=object) array([], dtype=object)
 array(['style'], dtype=object) array([], dtype=object)
 array([], dtype=object) array([], dtype=object) array([], dtype=object)
 array([], dtype=object)]",True,"['Skapast' 'hefur' 'sú' 'hefð' 'að' 'nemendur' 'hittist' 'að' 'morgni'
 'til' 'í' 'morgunverðarteiti' 'heima' 'hjá' 'einum' 'í' 'bekknum' ','
 'fari' 'svo' 'á' 'frumsýningu' 'nemendamótssýningarinnar' ',' 'og'
 'haldi' 'loks' 'á' 'nemendamótsdansleikinn' 'um' 'kvöldið' '.']"
31311,"['Sem' 'dæmi' 'má' 'nefna' 'Taking' 'Back' 'Sunday' ',' 'Brand' 'New' ','
 'Death' 'Cab' 'For' 'Cutie' ',' 'My' 'Chemical' 'Romance' 'og' 'margar'
 'fleiri' '.']","[array([], dtype=object) array([], dtype=object) array([], dtype=object)
 array([], dtype=object) array([], dtype=object) array([], dtype=object)
 array([], dtype=object) array([], dtype=object) array([], dtype=object)
 array([], dtype=object) array([], dtype=object) array([], dtype=object)
 array([], dtype=object) array([], dtype=object) array([], dtype=object)
 array([], dtype=object) array([], dtype=object) array([], dtype=object)
 array([], dtype=object) array([], dtype=object) array([], dtype=object)
 array([], dtype=object) array([], dtype=object)]",False,"['Sem' 'dæmi' 'má' 'nefna' 'Taking' 'Back' 'Sunday' ',' 'Brand' 'New' ','
 'Death' 'Cab' 'For' 'Cutie' ',' 'My' 'Chemical' 'Romance' 'og' 'margar'
 'fleiri' '.']"
8624,"['Í' 'ljósi' 'þess' 'að' 'þetta' 'var' 'auglýsing' 'mætti' 'draga' 'þá'
 'ályktun' 'að' 'enginn' 'haldi' 'raunverulega' 'tíðarteiti' 'en' 'svo'
 'er' 'víst' 'alls' 'ekki' 'því' 'þetta' 'er' 'að' 'verða' 'einhver'
 'tíska' 'í' 'Bandaríkjunum' '.']","[array([], dtype=object) array([], dtype=object) array([], dtype=object)
 array([], dtype=object) array([], dtype=object) array([], dtype=object)
 array([], dtype=object) array([], dtype=object) array([], dtype=object)
 array([], dtype=object) array([], dtype=object) array([], dtype=object)
 array([], dtype=object) array([], dtype=object) array([], dtype=object)
 array(['orthography'], dtype=object) array([], dtype=object)
 array([], dtype=object) array([], dtype=object) array([], dtype=object)
 array([], dtype=object) array([], dtype=object) array([], dtype=object)
 array([], dtype=object) array([], dtype=object) array([], dtype=object)
 array([], dtype=object) array([], dtype=object) array([], dtype=object)
 array([], dtype=object) array([], dtype=object) array([], dtype=object)]",True,"['Í' 'ljósi' 'þess' 'að' 'þetta' 'var' 'auglýsing' 'mætti' 'draga' 'þá'
 'ályktun' 'að' 'enginn' 'haldi' 'raunverulega' 'tíðateiti' 'en' 'svo'
 'er' 'víst' 'alls' 'ekki' 'því' 'þetta' 'er' 'að' 'verða' 'einhver'
 'tíska' 'í' 'Bandaríkjunum' '.']"
51600,"['Allir' 'grunnskólar' 'fara' 'nokkuð' 'nákvæmt' 'eftir' 'sameiginlegri'
 'námsskrá' 'og' 'nemendur' 'ljúka' 'skólagöngu' 'sinni' 'á' 'því' 'að'
 'taka' 'samræmdu' 'prófin' ',' 'þar' 'sem' 'sömu' 'prófin' 'eru' 'lögð'
 'fyrir' 'í' 'öllum' 'skólunum' '.']","[array([], dtype=object) array([], dtype=object) array([], dtype=object)
 array([], dtype=object) array(['style'], dtype=object)
 array([], dtype=object) array([], dtype=object) array([], dtype=object)
 array([], dtype=object) array([], dtype=object) array([], dtype=object)
 array([], dtype=object) array([], dtype=object) array([], dtype=object)
 array([], dtype=object) array([], dtype=object) array([], dtype=object)
 array([], dtype=object) array([], dtype=object) array([], dtype=object)
 array([], dtype=object) array([], dtype=object) array([], dtype=object)
 array([], dtype=object) array([], dtype=object) array([], dtype=object)
 array([], dtype=object) array([], dtype=object) array([], dtype=object)
 array([], dtype=object) array([], dtype=object)]",True,"['Allir' 'grunnskólar' 'fara' 'nokkuð' 'nákvæmlega' 'eftir'
 'sameiginlegri' 'námsskrá' 'og' 'nemendur' 'ljúka' 'skólagöngu' 'sinni'
 'á' 'því' 'að' 'taka' 'samræmdu' 'prófin' ',' 'þar' 'sem' 'sömu' 'prófin'
 'eru' 'lögð' 'fyrir' 'í' 'öllum' 'skólunum' '.']"
663,"['Það' 'eru' 'margir' 'góðir' 'þýskir' 'þjálfarar' 'sem' 'hafa' 'staðið'
 'sig' 'vel' 'með' 'lið' 'í' 'þýsku' '1.' 'deildinni' ',' '“' 'sagði'
 'Brand' '.']","[array([], dtype=object) array([], dtype=object) array([], dtype=object)
 array([], dtype=object) array([], dtype=object) array([], dtype=object)
 array([], dtype=object) array([], dtype=object) array([], dtype=object)
 array([], dtype=object) array([], dtype=object) array([], dtype=object)
 array([], dtype=object) array([], dtype=object) array([], dtype=object)
 array([], dtype=object) array([], dtype=object) array([], dtype=object)
 array([], dtype=object) array([], dtype=object) array([], dtype=object)
 array([], dtype=object)]",False,"['Það' 'eru' 'margir' 'góðir' 'þýskir' 'þjálfarar' 'sem' 'hafa' 'staðið'
 'sig' 'vel' 'með' 'lið' 'í' 'þýsku' '1.' 'deildinni' ',' '“' 'sagði'
 'Brand' '.']"
17814,"['Breytingartillga' 'Vigdísar' 'hljómar' 'hins' 'vegar' 'eftirfarandi' ':'
 '„' 'Alþingi' 'ályktar' 'að' 'Ísland' 'hefji' 'aðildarviðræður' 'við'
 'Evrópusambandið' 'á' 'grundvelli' 'samningsumboðs' 'frá' 'Alþingi' 'sem'
 'tryggi' 'hagsmuni' 'almennings' 'og' 'atvinnulífs' 'og' 'þá'
 'sérstaklega' 'sjávarútvegs' 'og' 'landbúnaðar' '.']","[array(['orthography', 'orthography'], dtype=object)
 array([], dtype=object) array([], dtype=object) array([], dtype=object)
 array([], dtype=object) array([], dtype=object) array([], dtype=object)
 array([], dtype=object) array([], dtype=object) array([], dtype=object)
 array([], dtype=object) array([], dtype=object) array([], dtype=object)
 array([], dtype=object) array([], dtype=object) array([], dtype=object)
 array([], dtype=object) array([], dtype=object) array([], dtype=object)
 array([], dtype=object) array([], dtype=object) array([], dtype=object)
 array([], dtype=object) array([], dtype=object) array([], dtype=object)
 array([], dtype=object) array([], dtype=object) array([], dtype=object)
 array([], dtype=object) array([], dtype=object) array([], dtype=object)
 array([], dtype=object) array([], dtype=object) array([], dtype=object)]",True,"['Breytingartillaga' 'Vigdísar' 'hljómar' 'hins' 'vegar' 'eftirfarandi'
 ':' '„' 'Alþingi' 'ályktar' 'að' 'Ísland' 'hefji' 'aðildarviðræður' 'við'
 'Evrópusambandið' 'á' 'grundvelli' 'samningsumboðs' 'frá' 'Alþingi' 'sem'
 'tryggi' 'hagsmuni' 'almennings' 'og' 'atvinnulífs' 'og' 'þá'
 'sérstaklega' 'sjávarútvegs' 'og' 'landbúnaðar' '.']"
56661,['Fyrsta' 'daginn' 'í' 'skólanum' 'gengur' 'hann' 'inn' '.'],"[array([], dtype=object) array([], dtype=object) array([], dtype=object)
 array([], dtype=object) array([], dtype=object) array([], dtype=object)
 array([], dtype=object) array([], dtype=object)]",False,['Fyrsta' 'daginn' 'í' 'skólanum' 'gengur' 'hann' 'inn' '.']
42086,"['Sæliljur' 'hafa' 'munn' 'á' 'efra' 'yfirborði' 'sem' 'er' 'umkringdur'
 'fóðrunarörmum' '.']","[array([], dtype=object) array([], dtype=object) array([], dtype=object)
 array([], dtype=object) array([], dtype=object) array([], dtype=object)
 array([], dtype=object) array([], dtype=object) array([], dtype=object)
 array([], dtype=object) array([], dtype=object)]",False,"['Sæliljur' 'hafa' 'munn' 'á' 'efra' 'yfirborði' 'sem' 'er' 'umkringdur'
 'fóðrunarörmum' '.']"
849,"['Þótt' 'við' 'flytjum' 'fólk' 'hingað' 'á' 'sumrin' 'þá' 'er' 'það' 'á'
 'veturna' 'sem' 'Bretar' 'vilja' 'virkilega' 'koma' 'til' 'Íslands' ','
 '“' 'segir' 'Gayward' '.']","[array([], dtype=object) array([], dtype=object) array([], dtype=object)
 array([], dtype=object) array([], dtype=object) array([], dtype=object)
 array([], dtype=object) array([], dtype=object) array([], dtype=object)
 array([], dtype=object) array([], dtype=object) array([], dtype=object)
 array([], dtype=object) array([], dtype=object) array([], dtype=object)
 array([], dtype=object) array([], dtype=object) array([], dtype=object)
 array([], dtype=object) array([], dtype=object) array([], dtype=object)
 array([], dtype=object) array([], dtype=object) array([], dtype=object)]",False,"['Þótt' 'við' 'flytjum' 'fólk' 'hingað' 'á' 'sumrin' 'þá' 'er' 'það' 'á'
 'veturna' 'sem' 'Bretar' 'vilja' 'virkilega' 'koma' 'til' 'Íslands' ','
 '“' 'segir' 'Gayward' '.']"
28349,"['Flugslóðar' 'eru' 'dæmi' 'um' 'manngerð' 'ský' ',' 'sem' 'myndast' 'út'
 'útblæstri' 'þotuhreyfla' '.']","[array([], dtype=object) array([], dtype=object) array([], dtype=object)
 array([], dtype=object) array([], dtype=object) array([], dtype=object)
 array([], dtype=object) array([], dtype=object) array([], dtype=object)
 array(['grammar'], dtype=object) array([], dtype=object)
 array([], dtype=object) array([], dtype=object)]",True,"['Flugslóðar' 'eru' 'dæmi' 'um' 'manngerð' 'ský' ',' 'sem' 'myndast' 'út'
 'frá' 'útblæstri' 'þotuhreyfla' '.']"
23380,"['Það' 'er' 'fátt' 'sem' 'bendir' 'til' 'þess' 'að' 'Edin' 'Dzeko' 'verði'
 'enn' 'í' 'herbúðum' 'Man.' 'City' 'er' 'tímabilið' 'hefst' 'í'
 'Englandi' 'í' 'næsta' 'mánuði' '.']","[array([], dtype=object) array([], dtype=object) array([], dtype=object)
 array([], dtype=object) array([], dtype=object) array([], dtype=object)
 array([], dtype=object) array([], dtype=object) array([], dtype=object)
 array([], dtype=object) array([], dtype=object) array([], dtype=object)
 array([], dtype=object) array([], dtype=object) array([], dtype=object)
 array([], dtype=object) array(['style'], dtype=object)
 array([], dtype=object) array([], dtype=object) array([], dtype=object)
 array([], dtype=object) array([], dtype=object) array([], dtype=object)
 array([], dtype=object) array([], dtype=object)]",True,"['Það' 'er' 'fátt' 'sem' 'bendir' 'til' 'þess' 'að' 'Edin' 'Dzeko' 'verði'
 'enn' 'í' 'herbúðum' 'Man.' 'City' 'þegar' 'tímabilið' 'hefst' 'í'
 'Englandi' 'í' 'næsta' 'mánuði' '.']"
30636,"['Þau' 'gera' 'sér' 'því' 'ekki' 'grein' 'fyrir' 'hvort' 'aðrir' 'eru'
 'glaðir' ',' 'reiðir' 'og' 'svo' 'framvegis' '.']","[array([], dtype=object) array([], dtype=object) array([], dtype=object)
 array([], dtype=object) array([], dtype=object) array([], dtype=object)
 array([], dtype=object) array([], dtype=object) array([], dtype=object)
 array([], dtype=object) array([], dtype=object) array([], dtype=object)
 array([], dtype=object) array([], dtype=object) array([], dtype=object)
 array([], dtype=object) array([], dtype=object)]",False,"['Þau' 'gera' 'sér' 'því' 'ekki' 'grein' 'fyrir' 'hvort' 'aðrir' 'eru'
 'glaðir' ',' 'reiðir' 'og' 'svo' 'framvegis' '.']"
25768,"['Hálfleiksstaðan' '5' '-' '1' 'en' 'Grindvíkingar' 'skoruðu' 'úr' 'sinni'
 'einu' 'marktilraun' 'í' 'hálfleiknum' '.']","[array(['style'], dtype=object) array([], dtype=object)
 array([], dtype=object) array([], dtype=object) array([], dtype=object)
 array([], dtype=object) array([], dtype=object) array([], dtype=object)
 array([], dtype=object) array([], dtype=object) array([], dtype=object)
 array([], dtype=object) array([], dtype=object) array([], dtype=object)]",True,"['Staðan í hálfleik var' '5' '-' '1' 'en' 'Grindvíkingar' 'skoruðu' 'úr'
 'sinni' 'einu' 'marktilraun' 'í' 'hálfleiknum' '.']"
2784,"['Nefndin' 'gerði' 'hlé' 'á' 'störfum' 'sínum' 'til' 'að' 'fjalla' 'um'
 'handtöku' 'mannsins' '.']","[array([], dtype=object) array([], dtype=object) array([], dtype=object)
 array([], dtype=object) array([], dtype=object) array([], dtype=object)
 array([], dtype=object) array([], dtype=object) array([], dtype=object)
 array([], dtype=object) array([], dtype=object) array([], dtype=object)
 array([], dtype=object)]",False,"['Nefndin' 'gerði' 'hlé' 'á' 'störfum' 'sínum' 'til' 'að' 'fjalla' 'um'
 'handtöku' 'mannsins' '.']"
28300,"['Því' 'varð' 'Arlon' 'belgísk' ',' 'þrátt' 'fyrir' 'að' 'þar' 'væri'
 'töluð' 'lúxemborgíska' ',' 'en' 'ekki' 'franska' '.']","[array([], dtype=object) array([], dtype=object) array([], dtype=object)
 array([], dtype=object) array([], dtype=object) array([], dtype=object)
 array([], dtype=object) array([], dtype=object) array([], dtype=object)
 array([], dtype=object) array([], dtype=object)
 array(['orthography', 'orthography', 'orthography'], dtype=object)
 array(['orthography', 'orthography', 'orthography'], dtype=object)
 array([], dtype=object) array([], dtype=object) array([], dtype=object)
 array([], dtype=object)]",True,"['Því' 'varð' 'Arlon' 'belgísk' ',' 'þrátt' 'fyrir' 'að' 'þar' 'væri'
 'töluð' 'lúxemborgska' 'en' 'ekki' 'franska' '.']"
14725,"['Bandaríkjamenn' 'eru' 'sakaðir' 'um' 'að' 'halda' 'allt' 'að' 'hundrað'
 'börnum' 'og' 'ungmennum' 'í' 'herfangelsum' 'í' 'Írak' '.']","[array([], dtype=object) array([], dtype=object) array([], dtype=object)
 array([], dtype=object) array([], dtype=object) array([], dtype=object)
 array([], dtype=object) array([], dtype=object) array([], dtype=object)
 array([], dtype=object) array([], dtype=object) array([], dtype=object)
 array([], dtype=object) array([], dtype=object) array([], dtype=object)
 array([], dtype=object) array([], dtype=object)]",False,"['Bandaríkjamenn' 'eru' 'sakaðir' 'um' 'að' 'halda' 'allt' 'að' 'hundrað'
 'börnum' 'og' 'ungmennum' 'í' 'herfangelsum' 'í' 'Írak' '.']"
26296,['Hægt' 'er' 'að' 'lesa' 'netútgáfu' 'Fjarðapóstsins' 'hér' '.'],"[array([], dtype=object) array([], dtype=object) array([], dtype=object)
 array([], dtype=object) array([], dtype=object)
 array(['orthography'], dtype=object) array([], dtype=object)
 array([], dtype=object)]",True,['Hægt' 'er' 'að' 'lesa' 'netútgáfu' 'Fjarðarpóstsins' 'hér' '.']
19338,['Málið' 'virðist' 'tilkomið' 'vegna' 'peningaskuldar' '.'],"[array([], dtype=object) array([], dtype=object) array([], dtype=object)
 array([], dtype=object) array([], dtype=object) array([], dtype=object)]",False,['Málið' 'virðist' 'tilkomið' 'vegna' 'peningaskuldar' '.']
46848,"['Mesta' 'frost' 'sem' 'mælst' 'hefur' 'var' '-16,9°' 'C' 'í' 'april'
 'árið' '1968' '.']","[array([], dtype=object) array([], dtype=object) array([], dtype=object)
 array([], dtype=object) array([], dtype=object) array([], dtype=object)
 array([], dtype=object) array([], dtype=object) array([], dtype=object)
 array(['style'], dtype=object) array(['style'], dtype=object)
 array(['style'], dtype=object) array([], dtype=object)]",True,"['Mesta' 'frost' 'sem' 'mælst' 'hefur' 'var' '-16,9° C' 'í'
 'apríl árið 1968' '.']"
47550,"['Höfundarnir' 'komust' 'að' 'þeirri' 'niðurstöðu' 'að' 'með' 'því' 'að'
 'bæta' 'LDN' 'við' 'þriggja' 'lyfja' 'blöndu' 'af' 'víruslyfjum' 'bætti'
 'það' 'árangurinn' 'af' 'lyfjameðferðinni' 'um' 'CD' '4' 'stig' ',' 'sem'
 'benti' 'til' 'þess' 'að' 'forsvaranlegt' 'væri' 'að' 'gera' 'fleiri'
 'rannsóknir' 'á' 'LDN' 'sem' 'hluta' 'af' 'meðferð' 'við' 'HIV' '.']","[array([], dtype=object) array([], dtype=object) array([], dtype=object)
 array([], dtype=object) array([], dtype=object) array([], dtype=object)
 array([], dtype=object) array([], dtype=object) array([], dtype=object)
 array([], dtype=object) array([], dtype=object) array([], dtype=object)
 array([], dtype=object) array([], dtype=object) array([], dtype=object)
 array([], dtype=object) array([], dtype=object) array([], dtype=object)
 array([], dtype=object) array([], dtype=object) array([], dtype=object)
 array([], dtype=object) array([], dtype=object) array([], dtype=object)
 array([], dtype=object) array([], dtype=object) array([], dtype=object)
 array([], dtype=object) array([], dtype=object) array([], dtype=object)
 array([], dtype=object) array([], dtype=object) array([], dtype=object)
 array([], dtype=object) array([], dtype=object) array([], dtype=object)
 array([], dtype=object) array([], dtype=object) array([], dtype=object)
 array([], dtype=object) array([], dtype=object) array([], dtype=object)
 array([], dtype=object) array([], dtype=object) array([], dtype=object)
 array([], dtype=object) array([], dtype=object)]",False,"['Höfundarnir' 'komust' 'að' 'þeirri' 'niðurstöðu' 'að' 'með' 'því' 'að'
 'bæta' 'LDN' 'við' 'þriggja' 'lyfja' 'blöndu' 'af' 'víruslyfjum' 'bætti'
 'það' 'árangurinn' 'af' 'lyfjameðferðinni' 'um' 'CD' '4' 'stig' ',' 'sem'
 'benti' 'til' 'þess' 'að' 'forsvaranlegt' 'væri' 'að' 'gera' 'fleiri'
 'rannsóknir' 'á' 'LDN' 'sem' 'hluta' 'af' 'meðferð' 'við' 'HIV' '.']"
4378,"['Hann' 'stóð' 'alltaf' 'hjá' 'Mónakó-skiltinu' 'og' 'aldrei' 'hjá'
 'þýskum' 'fána' 'eða' 'skilti' '.']","[array([], dtype=object) array([], dtype=object) array([], dtype=object)
 array([], dtype=object)
 array(['orthography', 'orthography'], dtype=object)
 array([], dtype=object) array([], dtype=object) array([], dtype=object)
 array([], dtype=object) array([], dtype=object) array([], dtype=object)
 array([], dtype=object) array([], dtype=object)]",True,"['Hann' 'stóð' 'alltaf' 'hjá' 'Mónakó skiltinu' 'og' 'aldrei' 'hjá'
 'þýskum' 'fána' 'eða' 'skilti' '.']"
32318,"['Í' 'flestum' 'löndum' 'eru' 'öllum' 'með' 'góða' 'sjón' 'heimilt' 'að'
 'taka' 'ökupróf' 'og' 'keyra' 'á' 'opinberum' 'vegum' 'ef' 'því' 'er'
 'náð' ',' 'en' 'í' 'Sádí-Arabíu' 'er' 'konum' 'ekki' 'heimilt' 'að'
 'keyra' 'á' 'opinberum' 'vegum' '.']","[array([], dtype=object) array([], dtype=object) array([], dtype=object)
 array(['grammar'], dtype=object) array([], dtype=object)
 array([], dtype=object) array([], dtype=object) array([], dtype=object)
 array([], dtype=object) array([], dtype=object) array([], dtype=object)
 array([], dtype=object) array([], dtype=object) array([], dtype=object)
 array([], dtype=object) array([], dtype=object) array([], dtype=object)
 array(['orthography', 'style', 'coherence'], dtype=object)
 array(['orthography', 'style', 'coherence'], dtype=object)
 array(['orthography', 'style', 'coherence'], dtype=object)
 array([], dtype=object) array([], dtype=object) array([], dtype=object)
 array([], dtype=object) array([], dtype=object) array([], dtype=object)
 array(['vocabulary'], dtype=object) array([], dtype=object)
 array([], dtype=object) array([], dtype=object) array([], dtype=object)
 array([], dtype=object) array([], dtype=object) array([], dtype=object)
 array([], dtype=object)]",True,"['Í' 'flestum' 'löndum' 'er' 'öllum' 'með' 'góða' 'sjón' 'heimilt' 'að'
 'taka' 'ökupróf' 'og' 'keyra' 'á' 'opinberum' 'vegum' ', sé ökuprófinu'
 'náð' ',' 'en' 'í' 'Sádí-Arabíu' 'er' 'konum' 'hins vegar' 'ekki'
 'heimilt' 'að' 'keyra' 'á' 'opinberum' 'vegum' '.']"
51399,"['Flestir' 'þeirra' 'vegna' 'þess' 'að' 'þeir' 'geta' 'ekki' 'haldið' 'í'
 'við' 'hraða' 'nútímasamfélags' 'eða' 'með' 'öðrum' 'orðum' ',' 'þeir'
 'geta' 'ekki' 'haldið' 'í' 'við' 'hið' 'mikla' 'eignakapphlaup' '.']","[array([], dtype=object) array([], dtype=object) array([], dtype=object)
 array([], dtype=object) array([], dtype=object) array([], dtype=object)
 array([], dtype=object) array([], dtype=object) array([], dtype=object)
 array([], dtype=object) array([], dtype=object) array([], dtype=object)
 array(['orthography'], dtype=object) array([], dtype=object)
 array([], dtype=object) array([], dtype=object) array([], dtype=object)
 array([], dtype=object) array([], dtype=object) array([], dtype=object)
 array([], dtype=object) array([], dtype=object) array([], dtype=object)
 array([], dtype=object) array([], dtype=object) array([], dtype=object)
 array([], dtype=object) array([], dtype=object)]",True,"['Flestir' 'þeirra' 'vegna' 'þess' 'að' 'þeir' 'geta' 'ekki' 'haldið' 'í'
 'við' 'hraða' 'nútímasamfélags' ',' 'eða' 'með' 'öðrum' 'orðum' ','
 'þeir' 'geta' 'ekki' 'haldið' 'í' 'við' 'hið' 'mikla' 'eignakapphlaup'
 '.']"
9365,"['„' 'Auðvitað' 'er' 'þetta' 'fjöður' ',' 'sem' 'orðin' 'er' 'að' 'fimm'
 'hænum' '.']","[array([], dtype=object) array([], dtype=object) array([], dtype=object)
 array([], dtype=object) array([], dtype=object) array([], dtype=object)
 array([], dtype=object) array([], dtype=object) array([], dtype=object)
 array([], dtype=object) array([], dtype=object) array([], dtype=object)
 array([], dtype=object)]",False,"['„' 'Auðvitað' 'er' 'þetta' 'fjöður' ',' 'sem' 'orðin' 'er' 'að' 'fimm'
 'hænum' '.']"
38455,['Þannig' 'mynduðust' 'núverandi' 'landarmæri' 'héraðsins' '.'],"[array([], dtype=object) array([], dtype=object) array([], dtype=object)
 array(['orthography'], dtype=object) array([], dtype=object)
 array([], dtype=object)]",True,['Þannig' 'mynduðust' 'núverandi' 'landamæri' 'héraðsins' '.']
28866,"['Mikill' 'hitamunur' 'skapast' 'af' 'þessum' 'óstöðugleika' 'á' 'köldu'
 'suðurskautslandinu' 'og' 'hafinu' 'umhverfis' 'það' '.']","[array([], dtype=object) array([], dtype=object) array([], dtype=object)
 array([], dtype=object) array([], dtype=object) array([], dtype=object)
 array([], dtype=object) array([], dtype=object)
 array(['orthography'], dtype=object) array([], dtype=object)
 array([], dtype=object) array([], dtype=object) array([], dtype=object)
 array([], dtype=object)]",True,"['Mikill' 'hitamunur' 'skapast' 'af' 'þessum' 'óstöðugleika' 'á' 'köldu'
 'Suðurskautslandinu' 'og' 'hafinu' 'umhverfis' 'það' '.']"
21768,['Leið' 'fyrirgefningar' 'og' 'sáttar' 'er' 'ekki' 'eina' 'leiðin' '.'],"[array([], dtype=object) array([], dtype=object) array([], dtype=object)
 array([], dtype=object) array([], dtype=object) array([], dtype=object)
 array([], dtype=object) array([], dtype=object) array([], dtype=object)]",False,['Leið' 'fyrirgefningar' 'og' 'sáttar' 'er' 'ekki' 'eina' 'leiðin' '.']
43442,"['Áhöfnin' 'lenti' 'heilu' 'og' 'höldnu' 'í' 'Kyrrahafinu' 'þann' '27.'
 'desember' '1968' '.']","[array([], dtype=object) array([], dtype=object) array([], dtype=object)
 array([], dtype=object) array([], dtype=object) array([], dtype=object)
 array([], dtype=object) array([], dtype=object) array([], dtype=object)
 array([], dtype=object) array([], dtype=object) array([], dtype=object)]",False,"['Áhöfnin' 'lenti' 'heilu' 'og' 'höldnu' 'í' 'Kyrrahafinu' 'þann' '27.'
 'desember' '1968' '.']"
38566,"['Þessi' 'ríki' 'voru' 'miðstýrð' ',' 'fjölmenn' 'og' 'tæknilega' 'þróuð'
 ',' 'og' 'veittu' 'mikla' 'mótspyrnu' 'þegar' 'Evrópuríkin' 'hófu' 'að'
 'leggja' 'álfuna' 'undir' 'sig' '.']","[array([], dtype=object) array([], dtype=object) array([], dtype=object)
 array([], dtype=object) array([], dtype=object) array([], dtype=object)
 array(['orthography'], dtype=object) array([], dtype=object)
 array([], dtype=object) array(['orthography'], dtype=object)
 array([], dtype=object) array([], dtype=object) array([], dtype=object)
 array([], dtype=object) array([], dtype=object) array([], dtype=object)
 array([], dtype=object) array([], dtype=object) array([], dtype=object)
 array([], dtype=object) array([], dtype=object) array([], dtype=object)
 array([], dtype=object)]",True,"['Þessi' 'ríki' 'voru' 'miðstýrð' ',' 'fjölmenn' ',' 'tæknilega' 'þróuð'
 '' 'og' 'veittu' 'mikla' 'mótspyrnu' 'þegar' 'Evrópuríkin' 'hófu' 'að'
 'leggja' 'álfuna' 'undir' 'sig' '.']"
44494,"['Í' 'gagnrýni' 'Morgunblaðsins' 'segir' ';' '„' 'Í' 'heild' 'voru'
 'þetta' 'glæsilegir' 'tónleikar' 'og' 'verðugir' 'minningu' 'Bachs' 'og'
 'með' 'þeim' 'menningarblæ' 'er' 'ávallt' 'hefur' 'mótað' 'starf'
 'Ingólfs' 'Guðbrandssonar' 'og' 'Pólýfónkórsins' '.' '“']","[array([], dtype=object) array([], dtype=object) array([], dtype=object)
 array([], dtype=object) array(['orthography'], dtype=object)
 array([], dtype=object) array([], dtype=object) array([], dtype=object)
 array([], dtype=object) array([], dtype=object) array([], dtype=object)
 array([], dtype=object) array([], dtype=object) array([], dtype=object)
 array([], dtype=object) array([], dtype=object) array([], dtype=object)
 array([], dtype=object) array([], dtype=object) array([], dtype=object)
 array([], dtype=object) array([], dtype=object) array([], dtype=object)
 array([], dtype=object) array([], dtype=object) array([], dtype=object)
 array([], dtype=object) array([], dtype=object) array([], dtype=object)
 array([], dtype=object) array([], dtype=object)]",True,"['Í' 'gagnrýni' 'Morgunblaðsins' 'segir' ':' '„' 'Í' 'heild' 'voru'
 'þetta' 'glæsilegir' 'tónleikar' 'og' 'verðugir' 'minningu' 'Bachs' 'og'
 'með' 'þeim' 'menningarblæ' 'er' 'ávallt' 'hefur' 'mótað' 'starf'
 'Ingólfs' 'Guðbrandssonar' 'og' 'Pólýfónkórsins' '.' '“']"
17038,['„' 'Þetta' 'er' 'mjög' 'ánægjulegur' 'samningur' '.'],"[array([], dtype=object) array([], dtype=object) array([], dtype=object)
 array([], dtype=object) array([], dtype=object) array([], dtype=object)
 array([], dtype=object)]",False,['„' 'Þetta' 'er' 'mjög' 'ánægjulegur' 'samningur' '.']
57237,"['Fyrir' 'utan' 'það' 'að' 'þetta' 'séu' 'bara' 'ófyndnir' 'og' 'ljótir'
 '„' 'brandarar' '“' 'þá' 'veit' 'fólk' 'aldrei' 'hvort' 'að' 'einhver'
 'sem' 'er' 'viðstaddur' 'hafi' 'upplifað' 'eitthvað' 'þessu' 'líkt' '.']","[array([], dtype=object) array([], dtype=object) array([], dtype=object)
 array([], dtype=object) array([], dtype=object) array([], dtype=object)
 array(['vocabulary', 'style'], dtype=object) array([], dtype=object)
 array([], dtype=object) array([], dtype=object) array([], dtype=object)
 array([], dtype=object) array([], dtype=object) array([], dtype=object)
 array([], dtype=object) array([], dtype=object) array([], dtype=object)
 array([], dtype=object) array(['vocabulary'], dtype=object)
 array([], dtype=object) array([], dtype=object) array([], dtype=object)
 array([], dtype=object) array([], dtype=object) array([], dtype=object)
 array([], dtype=object) array([], dtype=object) array([], dtype=object)
 array([], dtype=object)]",True,"['Fyrir' 'utan' 'það' 'að' 'þetta' 'séu' '' 'ófyndnir' 'og' 'ljótir' '„'
 'brandarar' '“' 'þá' 'veit' 'fólk' 'aldrei' 'hvort' '' 'einhver' 'sem'
 'er' 'viðstaddur' 'hafi' 'upplifað' 'eitthvað' 'þessu' 'líkt' '.']"
29387,"['Á' '10.' 'áratug' '20.' 'aldar' 'hefur' 'málmvinnsla' 'vaxið' ','
 'aðallega' 'á' 'gulli' '.']","[array([], dtype=object) array([], dtype=object) array([], dtype=object)
 array([], dtype=object) array([], dtype=object) array([], dtype=object)
 array([], dtype=object) array(['style'], dtype=object)
 array([], dtype=object) array([], dtype=object) array([], dtype=object)
 array([], dtype=object) array([], dtype=object)]",True,"['Á' '10.' 'áratug' '20.' 'aldar' 'hefur' 'málmvinnsla' 'færst í aukana'
 ',' 'aðallega' 'á' 'gulli' '.']"
24705,"['Zidane' 'er' 'goðsögn' 'hjá' 'félaginu' 'og' 'hefur' 'hingað' 'til'
 'verið' 'í' 'ráðgjafarhlutverki' 'fyrir' 'forseta' 'félagsins' ','
 'Florentino' 'Perez' '.']","[array([], dtype=object) array([], dtype=object) array([], dtype=object)
 array([], dtype=object) array([], dtype=object) array([], dtype=object)
 array([], dtype=object) array([], dtype=object) array([], dtype=object)
 array([], dtype=object) array([], dtype=object) array([], dtype=object)
 array([], dtype=object) array([], dtype=object) array([], dtype=object)
 array([], dtype=object) array([], dtype=object) array([], dtype=object)
 array([], dtype=object)]",False,"['Zidane' 'er' 'goðsögn' 'hjá' 'félaginu' 'og' 'hefur' 'hingað' 'til'
 'verið' 'í' 'ráðgjafarhlutverki' 'fyrir' 'forseta' 'félagsins' ','
 'Florentino' 'Perez' '.']"
1952,"['Mikil' 'bílaumferð' 'var' 'í' 'Skeifunni' 'á' 'þessum' 'tíma' 'og'
 'voru' 'margir' 'að' 'virða' 'fyrir' 'sér' 'brunnu' 'húsin' '.']","[array([], dtype=object) array([], dtype=object) array([], dtype=object)
 array([], dtype=object) array([], dtype=object) array([], dtype=object)
 array([], dtype=object) array([], dtype=object) array([], dtype=object)
 array([], dtype=object) array([], dtype=object) array([], dtype=object)
 array([], dtype=object) array([], dtype=object) array([], dtype=object)
 array([], dtype=object) array([], dtype=object) array([], dtype=object)]",False,"['Mikil' 'bílaumferð' 'var' 'í' 'Skeifunni' 'á' 'þessum' 'tíma' 'og'
 'voru' 'margir' 'að' 'virða' 'fyrir' 'sér' 'brunnu' 'húsin' '.']"
18743,"['Sjálfur' 'vill' 'hann' 'koma' 'að' 'því' 'að' 'nýju' 'með' 'þeim'
 'verkfærum' 'sem' 'hann' 'hefur' 'viðað' 'að' 'sér' 'í' 'og' 'með' 'námi'
 'við' 'Listaháskóla' 'Íslands' '.']","[array([], dtype=object) array([], dtype=object) array([], dtype=object)
 array([], dtype=object) array([], dtype=object) array([], dtype=object)
 array([], dtype=object) array([], dtype=object) array([], dtype=object)
 array([], dtype=object) array([], dtype=object) array([], dtype=object)
 array([], dtype=object) array([], dtype=object) array([], dtype=object)
 array([], dtype=object) array([], dtype=object) array([], dtype=object)
 array([], dtype=object) array([], dtype=object) array([], dtype=object)
 array([], dtype=object) array([], dtype=object) array([], dtype=object)
 array([], dtype=object)]",False,"['Sjálfur' 'vill' 'hann' 'koma' 'að' 'því' 'að' 'nýju' 'með' 'þeim'
 'verkfærum' 'sem' 'hann' 'hefur' 'viðað' 'að' 'sér' 'í' 'og' 'með' 'námi'
 'við' 'Listaháskóla' 'Íslands' '.']"
39923,"['Manska' 'fyrirtækið' 'Excalibur' 'Almaz' 'hefur' 'verið' 'að' 'þróa'
 'þar' 'geimstöðvar' 'sem' 'byggja' 'á' 'hlutum' 'frá' 'sovésku'
 'Almazáætluninni' '.']","[array([], dtype=object) array([], dtype=object) array([], dtype=object)
 array([], dtype=object) array([], dtype=object) array([], dtype=object)
 array([], dtype=object) array([], dtype=object) array([], dtype=object)
 array([], dtype=object) array([], dtype=object) array([], dtype=object)
 array([], dtype=object) array([], dtype=object) array([], dtype=object)
 array([], dtype=object) array(['orthography'], dtype=object)
 array([], dtype=object)]",True,"['Manska' 'fyrirtækið' 'Excalibur' 'Almaz' 'hefur' 'verið' 'að' 'þróa'
 'þar' 'geimstöðvar' 'sem' 'byggja' 'á' 'hlutum' 'frá' 'sovésku'
 'Almaz-áætluninni' '.']"
4798,['Mér' 'fannst' 'það' 'óskiljanlegt' '.'],"[array([], dtype=object) array([], dtype=object) array([], dtype=object)
 array([], dtype=object) array([], dtype=object)]",False,['Mér' 'fannst' 'það' 'óskiljanlegt' '.']
3646,"['Lawrence' 'Weiner' 'hefur' 'um' 'árabil' 'haft' 'mikil' 'tengsl' 'við'
 'Ísland' '.']","[array([], dtype=object) array([], dtype=object) array([], dtype=object)
 array([], dtype=object) array([], dtype=object) array([], dtype=object)
 array([], dtype=object) array([], dtype=object) array([], dtype=object)
 array([], dtype=object) array([], dtype=object)]",False,"['Lawrence' 'Weiner' 'hefur' 'um' 'árabil' 'haft' 'mikil' 'tengsl' 'við'
 'Ísland' '.']"
45018,"['Byrjað' 'var' 'að' 'reisa' 'Frúarkirkjuna' '1352' 'í' 'gotneskum' 'stíl'
 'og' 'var' 'hún' 'að' 'mestu' 'tilbúin' '1521' '.']","[array([], dtype=object) array([], dtype=object) array([], dtype=object)
 array([], dtype=object) array([], dtype=object) array([], dtype=object)
 array([], dtype=object) array([], dtype=object) array([], dtype=object)
 array([], dtype=object) array([], dtype=object) array([], dtype=object)
 array([], dtype=object) array([], dtype=object) array([], dtype=object)
 array([], dtype=object) array([], dtype=object)]",False,"['Byrjað' 'var' 'að' 'reisa' 'Frúarkirkjuna' '1352' 'í' 'gotneskum' 'stíl'
 'og' 'var' 'hún' 'að' 'mestu' 'tilbúin' '1521' '.']"
32802,"['Rangers' 'hafa' 'löng' 'samkeppni' 'við' 'Celtic' ',' 'tvö' 'Glasgow'
 'klúbba' 'sem' 'sameiginlega' 'þekktur' 'sem' 'Old' 'Firm' ',' 'frá'
 'því' 'seint' 'á' '19.' 'öld' '.']","[array([], dtype=object) array([], dtype=object)
 array(['style'], dtype=object) array([], dtype=object)
 array([], dtype=object) array([], dtype=object)
 array(['orthography', 'style'], dtype=object) array([], dtype=object)
 array(['style'], dtype=object) array(['style'], dtype=object)
 array(['style'], dtype=object) array([], dtype=object)
 array(['grammar'], dtype=object)
 array(['orthography', 'vocabulary'], dtype=object)
 array([], dtype=object) array([], dtype=object)
 array(['orthography', 'orthography'], dtype=object)
 array([], dtype=object) array([], dtype=object) array([], dtype=object)
 array([], dtype=object) array([], dtype=object) array([], dtype=object)
 array([], dtype=object)]",True,"['Rangers' 'hafa' 'löngum verið í' 'samkeppni' 'við' 'Celtic'
 'og hafa Glasgow-liðin' 'tvö' 'verið' 'sameiginlega' 'þekkt' 'sem'
 '„ The' 'Old' 'Firm' '“' 'frá' 'því' 'seint' 'á' '19.' 'öld' '.']"
19854,"['Sigrún' 'segir' 'stofnunina' 'hafa' 'fengið' 'upplýsingar' 'um' 'að'
 'fyrirtækið' 'hafi' 'hafið' 'siglinar' 'á' 'svæðinu' 'áður' 'en'
 'úrskurður' 'Umhverfisstofnunar' 'lá' 'fyrir' '.']","[array([], dtype=object) array([], dtype=object) array([], dtype=object)
 array([], dtype=object) array([], dtype=object) array([], dtype=object)
 array([], dtype=object) array([], dtype=object) array([], dtype=object)
 array([], dtype=object) array(['style'], dtype=object)
 array(['style'], dtype=object) array([], dtype=object)
 array([], dtype=object) array([], dtype=object) array([], dtype=object)
 array([], dtype=object) array([], dtype=object) array([], dtype=object)
 array([], dtype=object) array([], dtype=object)]",True,"['Sigrún' 'segir' 'stofnunina' 'hafa' 'fengið' 'upplýsingar' 'um' 'að'
 'fyrirtækið' 'hafi' 'siglt' 'á' 'svæðinu' 'áður' 'en' 'úrskurður'
 'Umhverfisstofnunar' 'lá' 'fyrir' '.']"
48637,"['Hlemmur' 'er' 'ein' 'af' 'aðalskiptistöðvum' 'Strætó' 'bs.' 'í'
 'Reykjavík' 'og' 'stendur' 'gegnt' 'aðallögreglustöð' 'borgarinnar' ','
 'efst' 'á' 'Hverfisgötu' '.']","[array([], dtype=object) array([], dtype=object) array([], dtype=object)
 array([], dtype=object) array([], dtype=object) array([], dtype=object)
 array([], dtype=object) array([], dtype=object) array([], dtype=object)
 array([], dtype=object) array([], dtype=object) array([], dtype=object)
 array([], dtype=object) array([], dtype=object) array([], dtype=object)
 array([], dtype=object) array([], dtype=object) array([], dtype=object)
 array([], dtype=object)]",False,"['Hlemmur' 'er' 'ein' 'af' 'aðalskiptistöðvum' 'Strætó' 'bs.' 'í'
 'Reykjavík' 'og' 'stendur' 'gegnt' 'aðallögreglustöð' 'borgarinnar' ','
 'efst' 'á' 'Hverfisgötu' '.']"
2751,"['Myndskeiðið' 'var' 'tekið' 'á' 'flugvelli' 'í' 'Barcelona' 'á' 'Spáni'
 '.']","[array([], dtype=object) array([], dtype=object) array([], dtype=object)
 array([], dtype=object) array([], dtype=object) array([], dtype=object)
 array([], dtype=object) array([], dtype=object) array([], dtype=object)
 array([], dtype=object)]",False,"['Myndskeiðið' 'var' 'tekið' 'á' 'flugvelli' 'í' 'Barcelona' 'á' 'Spáni'
 '.']"
5168,"['Topplið' 'Aftureldingar' 'á' 'ekki' 'leikmann' 'á' 'topp' 'tíu'
 'listanum' 'en' 'Jóhann' 'Gunnar' 'Einarsson' 'situr' 'í' '11.' 'sætinu'
 '.']","[array([], dtype=object) array([], dtype=object) array([], dtype=object)
 array([], dtype=object) array([], dtype=object) array([], dtype=object)
 array([], dtype=object) array([], dtype=object) array([], dtype=object)
 array([], dtype=object) array([], dtype=object) array([], dtype=object)
 array([], dtype=object) array([], dtype=object) array([], dtype=object)
 array([], dtype=object) array([], dtype=object) array([], dtype=object)]",False,"['Topplið' 'Aftureldingar' 'á' 'ekki' 'leikmann' 'á' 'topp' 'tíu'
 'listanum' 'en' 'Jóhann' 'Gunnar' 'Einarsson' 'situr' 'í' '11.' 'sætinu'
 '.']"
38409,"['Zuoxiao' 'Zuzhou' 'er' 'söngvari' ',' 'laga-' 'og' 'textahöfundur'
 'fyrir' 'hljómsveitina' 'NO' 'sem' 'spilar' 'tónlist' 'sem' 'er' 'undir'
 'áhrifum' 'frá' 'pönki' ',' 'trash' 'málmi' ',' 'rokki' 'og' 'mjúkum'
 'blús' '.']","[array([], dtype=object) array([], dtype=object) array([], dtype=object)
 array([], dtype=object) array([], dtype=object) array([], dtype=object)
 array([], dtype=object) array([], dtype=object) array([], dtype=object)
 array([], dtype=object) array([], dtype=object) array([], dtype=object)
 array([], dtype=object) array([], dtype=object) array([], dtype=object)
 array([], dtype=object) array([], dtype=object) array([], dtype=object)
 array([], dtype=object) array([], dtype=object) array([], dtype=object)
 array(['orthography'], dtype=object) array(['orthography'], dtype=object)
 array([], dtype=object) array([], dtype=object) array([], dtype=object)
 array([], dtype=object) array([], dtype=object) array([], dtype=object)]",True,"['Zuoxiao' 'Zuzhou' 'er' 'söngvari' ',' 'laga- og textahöfundur' 'fyrir'
 'hljómsveitina' 'NO' 'sem' 'spilar' 'tónlist' 'sem' 'er' 'undir'
 'áhrifum' 'frá' 'pönki' ',' 'trash-málmi' ',' 'rokki' 'og' 'mjúkum'
 'blús' '.']"
4303,['Virði' 'styrkjanna' 'er' 'samtals' 'um' 'fjórar' 'milljónir' 'króna' '.'],"[array([], dtype=object) array([], dtype=object) array([], dtype=object)
 array([], dtype=object) array([], dtype=object) array([], dtype=object)
 array([], dtype=object) array([], dtype=object) array([], dtype=object)]",False,['Virði' 'styrkjanna' 'er' 'samtals' 'um' 'fjórar' 'milljónir' 'króna' '.']
2857,"['Alfreð' 'á' 'því' 'enn' 'eftir' 'að' 'skora' 'fyrir' 'Real' 'Sociedad'
 'í' 'spænsku' 'deildinni' '.']","[array([], dtype=object) array([], dtype=object) array([], dtype=object)
 array([], dtype=object) array([], dtype=object) array([], dtype=object)
 array([], dtype=object) array([], dtype=object) array([], dtype=object)
 array([], dtype=object) array([], dtype=object) array([], dtype=object)
 array([], dtype=object) array([], dtype=object)]",False,"['Alfreð' 'á' 'því' 'enn' 'eftir' 'að' 'skora' 'fyrir' 'Real' 'Sociedad'
 'í' 'spænsku' 'deildinni' '.']"
54742,['Tímamót'],"[array([], dtype=object)]",False,['Tímamót']
40487,"['Best' 'er' 'fyrir' 'ökumann' 'A' 'að' 'víkja' 'ef' 'ökumaður' 'B'
 'víkur' 'ekki' 'og' 'að' 'sama' 'skapi' 'borgar' 'það' 'sig' 'fyrir'
 'ökumann' 'A' 'að' 'víkja' 'ekki' 'ef' 'ökumaður' 'B' 'hyggst' 'víkja'
 '.']","[array([], dtype=object) array([], dtype=object) array([], dtype=object)
 array([], dtype=object) array([], dtype=object) array([], dtype=object)
 array([], dtype=object) array([], dtype=object) array([], dtype=object)
 array([], dtype=object) array([], dtype=object) array([], dtype=object)
 array([], dtype=object) array([], dtype=object) array([], dtype=object)
 array([], dtype=object) array([], dtype=object) array([], dtype=object)
 array([], dtype=object) array([], dtype=object) array([], dtype=object)
 array([], dtype=object) array([], dtype=object) array([], dtype=object)
 array([], dtype=object) array([], dtype=object) array([], dtype=object)
 array([], dtype=object) array([], dtype=object) array([], dtype=object)
 array([], dtype=object)]",False,"['Best' 'er' 'fyrir' 'ökumann' 'A' 'að' 'víkja' 'ef' 'ökumaður' 'B'
 'víkur' 'ekki' 'og' 'að' 'sama' 'skapi' 'borgar' 'það' 'sig' 'fyrir'
 'ökumann' 'A' 'að' 'víkja' 'ekki' 'ef' 'ökumaður' 'B' 'hyggst' 'víkja'
 '.']"
49891,"['Hann' 'vissi' 'ekki' 'hvernig' 'þetta' 'hefði' 'komið' 'til' 'en' 'var'
 'viss' 'um' 'að' 'kenning' 'FitzRoys' 'um' 'að' 'þetta' 'væru' 'tegundir'
 'sem' 'Nói' 'hefði' 'ekki' 'komið' 'fyrir' 'í' 'Örkinni' 'sinni' 'væri'
 'ekki' 'sönn' '.']","[array([], dtype=object) array([], dtype=object) array([], dtype=object)
 array([], dtype=object) array([], dtype=object) array([], dtype=object)
 array([], dtype=object) array([], dtype=object) array([], dtype=object)
 array([], dtype=object) array([], dtype=object) array([], dtype=object)
 array([], dtype=object) array([], dtype=object) array([], dtype=object)
 array([], dtype=object) array([], dtype=object) array([], dtype=object)
 array([], dtype=object) array([], dtype=object) array([], dtype=object)
 array([], dtype=object) array([], dtype=object) array([], dtype=object)
 array([], dtype=object) array([], dtype=object) array([], dtype=object)
 array([], dtype=object) array([], dtype=object) array([], dtype=object)
 array([], dtype=object) array([], dtype=object) array([], dtype=object)]",False,"['Hann' 'vissi' 'ekki' 'hvernig' 'þetta' 'hefði' 'komið' 'til' 'en' 'var'
 'viss' 'um' 'að' 'kenning' 'FitzRoys' 'um' 'að' 'þetta' 'væru' 'tegundir'
 'sem' 'Nói' 'hefði' 'ekki' 'komið' 'fyrir' 'í' 'Örkinni' 'sinni' 'væri'
 'ekki' 'sönn' '.']"
46421,"['Reglan' 'er' 'kennd' 'við' 'forngríska' 'heimspekinginn' ','
 'trúarleiðtogann' 'og' 'stærðfræðinginn' 'Pýþagóras' ',' 'þó' 'að'
 'vitað' 'sé' 'að' 'reglan' 'hafi' 'þekkst' 'fyrir' 'tíma' 'hans' 'bæði'
 'í' 'Babýlóníu' 'og' 'Kína' ',' 'en' 'talið' 'er' 'að' 'hann' 'hafi'
 'verið' 'fyrstur' 'til' 'að' 'sanna' 'að' 'hún' 'gilti' 'fyrir' 'alla'
 'rétthyrnda' 'þríhyrninga' '.']","[array([], dtype=object) array([], dtype=object) array([], dtype=object)
 array([], dtype=object) array([], dtype=object) array([], dtype=object)
 array([], dtype=object) array([], dtype=object) array([], dtype=object)
 array([], dtype=object) array([], dtype=object) array([], dtype=object)
 array([], dtype=object) array([], dtype=object) array([], dtype=object)
 array([], dtype=object) array([], dtype=object) array([], dtype=object)
 array([], dtype=object) array([], dtype=object) array([], dtype=object)
 array([], dtype=object) array([], dtype=object) array([], dtype=object)
 array([], dtype=object) array([], dtype=object) array([], dtype=object)
 array([], dtype=object) array(['orthography'], dtype=object)
 array([], dtype=object) array([], dtype=object) array([], dtype=object)
 array([], dtype=object) array([], dtype=object) array([], dtype=object)
 array([], dtype=object) array([], dtype=object) array([], dtype=object)
 array([], dtype=object) array([], dtype=object) array([], dtype=object)
 array([], dtype=object) array([], dtype=object) array([], dtype=object)
 array([], dtype=object) array([], dtype=object) array([], dtype=object)
 array([], dtype=object)]",True,"['Reglan' 'er' 'kennd' 'við' 'forngríska' 'heimspekinginn' ','
 'trúarleiðtogann' 'og' 'stærðfræðinginn' 'Pýþagóras' ',' 'þó' 'að'
 'vitað' 'sé' 'að' 'reglan' 'hafi' 'þekkst' 'fyrir' 'tíma' 'hans' 'bæði'
 'í' 'Babýlóníu' 'og' 'Kína' '' 'en' 'talið' 'er' 'að' 'hann' 'hafi'
 'verið' 'fyrstur' 'til' 'að' 'sanna' 'að' 'hún' 'gilti' 'fyrir' 'alla'
 'rétthyrnda' 'þríhyrninga' '.']"
15208,"['Í' 'sögunni' 'er' 'Íslandi' 'stjórnað' 'af' 'af' 'erlendum' '„'
 'álfafyrirtækjum' '“' 'og' 'eigendum' 'þeirra' 'sem' '„' 'með'
 'ótakmörkuðu' 'fjármagni' 'sínu' 'ráða' 'hér' 'lögum' 'og' 'lofum' '.'
 '“']","[array([], dtype=object) array([], dtype=object) array([], dtype=object)
 array([], dtype=object) array([], dtype=object) array([], dtype=object)
 array([], dtype=object) array([], dtype=object) array([], dtype=object)
 array([], dtype=object) array([], dtype=object) array([], dtype=object)
 array([], dtype=object) array([], dtype=object) array([], dtype=object)
 array([], dtype=object) array([], dtype=object) array([], dtype=object)
 array([], dtype=object) array([], dtype=object) array([], dtype=object)
 array([], dtype=object) array([], dtype=object) array([], dtype=object)
 array([], dtype=object) array([], dtype=object) array([], dtype=object)]",False,"['Í' 'sögunni' 'er' 'Íslandi' 'stjórnað' 'af' 'af' 'erlendum' '„'
 'álfafyrirtækjum' '“' 'og' 'eigendum' 'þeirra' 'sem' '„' 'með'
 'ótakmörkuðu' 'fjármagni' 'sínu' 'ráða' 'hér' 'lögum' 'og' 'lofum' '.'
 '“']"
56034,"['Ýmsar' 'keppnir' 'eru' 'háðar' 'á' 'öllum' 'sviðum' 'og' 'allt' 'er'
 'gert' 'til' 'að' 'bera' 'skólana' 'saman' 'og' 'skera' 'úr' 'um' 'hver'
 'þeirra' 'stendur' 'öðrum' 'framar' '.']","[array([], dtype=object) array([], dtype=object) array([], dtype=object)
 array([], dtype=object) array([], dtype=object) array([], dtype=object)
 array([], dtype=object) array([], dtype=object) array([], dtype=object)
 array([], dtype=object) array([], dtype=object) array([], dtype=object)
 array([], dtype=object) array([], dtype=object) array([], dtype=object)
 array([], dtype=object) array([], dtype=object) array([], dtype=object)
 array([], dtype=object) array([], dtype=object) array([], dtype=object)
 array([], dtype=object) array(['grammar', 'style'], dtype=object)
 array(['grammar', 'style'], dtype=object) array([], dtype=object)
 array([], dtype=object)]",True,"['Ýmsar' 'keppnir' 'eru' 'háðar' 'á' 'öllum' 'sviðum' 'og' 'allt' 'er'
 'gert' 'til' 'að' 'bera' 'skólana' 'saman' 'og' 'skera' 'úr' 'um' 'hver'
 'þeirra' 'standi hinum' 'framar' '.']"
49550,['Þær' 'eru' 'nú' 'sjálfstjórnarhérað' 'innan' 'Portúgal' '.'],"[array([], dtype=object) array([], dtype=object) array([], dtype=object)
 array([], dtype=object) array([], dtype=object) array([], dtype=object)
 array([], dtype=object)]",False,['Þær' 'eru' 'nú' 'sjálfstjórnarhérað' 'innan' 'Portúgal' '.']
