example_id,question,answer,answer_start,context
1340,Hvaða kallaðist aðferð sem var notuð á Íslandi til að aðskilja ær og lömb á vorin?,Fráfærur.,,"Fráfærur kallaðist það þegar ær og lömb voru aðskilin á vorin til þess að unnt væri að nytja mjólkina. Þær voru tíðkaðar á hverjum bæ á Íslandi um margar aldir. Lömbin voru kefld þannig að þau náðu ekki að sjúga mæður sínar en þó meira um að stíað væri, lömbin lokuð inni þangað til fært var frá.

Fráfærnatími var um Jónsmessu til forna en mánuðurinn á undan var  svonefnd stekktíð, en þá voru lömbin enn með mæðrum sínum en sett í lambakró á stekknum á kvöldin og höfð þar um nóttina en ærnar gengu lausar á meðan og voru svo mjólkaðar að morgni, áður en lömbunum var hleypt út. Þetta var líka kallað að stía lömbin og stóð yfirleitt í um tvær vikur. Allan geldfénað var skylda að reka á afrétt, eingöngu mátti málnytupeningur (ær sem eru mjólkaðar) vera heima eða í seljum á sumrin. Í Jónsbók var ákvæði um að geldur peningur skyldi vera farinn úr heimahögum þegar tveir mánuðir væru liðnir af sumri og ekki mátti reka fé aftur heim fyrir tvímánuð (síðustu viku í ágúst) en í réttarbót Eiríks konungs Magnússonar frá 1294 var því breytt þannig að hreppsstjórnarmenn ákváðu hvenær fé yrði rekið á fjall og heim eftir því sem hentaði. 

Þegar lömbin voru um það bil sex vikna voru þau svo rekin á fjall eða í haga fjarri ánum og látin sjá um sig sjálf en ærnar hafðar heima og mjólkaðar kvölds og morgna. Smalinn sat yfir þeim, að minnsta kosti á daginn. Ær sem fært hafði verið frá og voru mjólkaðar kölluðust kvíaaær. Stundum var setið yfir lömbunum fyrstu vikuna og voru þau þá oft höfð í hafti svo auðveldara væri að halda þeim saman. Sauðamjólkin var mikið notuð til skyrgerðar, ein sér eða blönduð kúamjólk, en einnig var gert úr henni smjör og ostar.

Fráfærur tíðkuðust fram á 20. öldina en lögðust víðast hvar af á árunum 1915-1940, meðal annars vegna mikillar verðhækkunar á lambakjöti á stríðsárunum fyrri, svo að það borgaði sig betur að láta lömbin njóta mjólkurinnar en mjólka ærnar. Síðast var fært frá svo vitað sé á Kirkjubóli í Bjarnardal í Önundarfirði sumarið 1951 eða 1952. Síðasti fráfærusmalinn á Íslandi var Kristján Bersi Ólafsson, síðar blaðamaður, ritstjóri, kennari og skólameistari í Flensborg. Fráfærur á Kirkjubóli má sjá í Vestfjarðamynd Guðlaugs Rósinkrans, sem Kjartan Ó. Bjarnason tók sennilega um 1950. Kvikmynd Ósvaldar Knudsens, Fráfærur, er tekin á Kirkjubóli. Myndin var frumsýnd 1958, en tekin upp fyrr, líklega 1955. Þær fráfærur voru leiknar fyrir kvikmyndagerðarmanninn.

Nú er líka talað um fráfærur þegar átt er við aðskilnað afkvæmis og móður, t.d. gríss frá gyltu.

Tilvísanir 

Íslensk sauðfjárrækt"
1303,Hvenær voru Íslensku barnabókaverðlaunin stofnuð?,Árið 1985.,,"Íslensku barnabókaverðlaunin eru bókmenntaverðlaun sem veitt eru árlega af Verðlaunasjóði íslenskra barnabóka sem rithöfundurinn Ármann Kr. Einarsson stofnaði í samvinnu við Vöku-Helgafell árið 1985. Verðlaunin eru veitt fyrir áður óbirt handrit að skáldsögu fyrir börn og unglinga eða myndskreyttri barnabók sem er skilað inn í upphafi árs. Verðlaunabókin er síðan gefin út af Vöku-Helgafelli (nú innan Forlagsins) og kynnt um haustið. Tvisvar (1995 og 2006) hafa tvær bækur hlotið verðlaunin.

Verðlaunahafar
 2020 - Rut Guðnadóttir, Vampírur, vesen og annað tilfallandi
 2019 - Snæbjörn Arngrímsson, Rannsóknin á leyndardómum eyðihússins
 2018 - Birkir Blær Ingólfsson, Stormsker
 2017 - Elísa Jóhannsdóttir, Er ekki allt í lagi með þig?
 2016 - Inga M. Beck, Skóladraugurinn
 2015 - Ragnheiður Eyjólfsdóttir, Arftakinn
 2014 - Guðni Líndal Benediktsson, Leitin að Blóðey
 2013 - Engin verðlaun voru veitt þar sem ekkert verk þótti nógu gott.
 2012 - Kjartan Yngvi Björnsson og Snæbjörn Brynjarsson, Hrafnsauga 
 2011 - Bryndís Björgvinsdóttir, Flugan sem stöðvaði stríðið
 2010 - Þorgrímur Þráinsson, Ertu Guð, afi?
 2009 - Guðmundur Brynjólfsson, Þvílík vika
 2008 - Gunnar Theodór Eggertsson, Steindýrin
 2007 - Hrund Þórsdóttir, Loforðið
 2006 - Margrét Tryggvadóttir og Halldór Baldursson, Sagan af undurfögru prinsessunni og hugrakka prinsinum hennar
 2006 - Héðinn Svarfdal Björnsson, Háski og hundakjöt
 2005 - Engin verðlaun voru veitt þar sem ekkert verk þótti nógu gott.
 2004 - Brynhildur Þórarinsdóttir, Leyndardómur ljónsins
 2003 - Yrsa Sigurðardóttir, Biobörn
 2002 - Harpa Jónsdóttir, Ferðin til Samiraka
 2001 - Gunnhildur Hrólfsdóttir, Sjáumst aftur...
 2000 - Ragnheiður Gestsdóttir, Leikur á borði
 1999 - Engin verðlaun voru veitt þar sem ekkert verk þótti nógu gott.
 1998 - Guðmundur Ólafsson, Heljarstökk afturábak
 1997 - Þorgrímur Þráinsson, Margt býr í myrkrinu
 1996 - Ingibjörg Möller, Grillaðir bananar
 1995 - Herdís Egilsdóttir, Veislan í barnavagninum
 1995 - Þórey Friðbjörnsdóttir, Eplasneplar
 1994 - Guðrún Hafdís Eiríksdóttir, Röndóttir spóar
 1993 - Elías Snæland Jónsson, Brak og brestir
 1992 - Friðrik Erlingsson, Benjamín dúfa
 1991 - Iðunn Steinsdóttir, Gegnum þyrnigerðið
 1990 - Karl Helgason, Í pokahorninu
 1989 - Heiður Baldursdóttir, Álagadalurinn
 1988 - Kristín Loftsdóttir, Fugl í búri
 1987 - Kristín Steinsdóttir, Franskbrauð með sultu
 1986 - Guðmundur Ólafsson, Emil og Skundi

Tengt efni 
 Leslisti á Goodreads
Íslensk bókmenntaverðlaun"
6,Hver var stofnandi Lystigarðsins á Akureyri?,Anna Katharine Schiöth.,,"Lystigarður Akureyrar er skrúðgarður sem stofnaður var árið 1912 að frumkvæði danskrar konu að nafni Anna Katharine Schiöth, og síðan stjórnað af tengdadóttur hennar, Margrethe Schiöth. 

1954 til 1970 var Jón Rögnvaldsson, frumkvöðull í garðyrkju og skógrækt, forstöðumaður garðsins.

Árið 1972 voru í grasagarði Lystigarðsins samtals um 2511 tegundir og afbrigði, þar af 442 íslenskar tegundir og slæðingar.

Svipmyndir

Tenglar 
 Heimasíða
 „Lystigarðurinn 50 ára“; grein í Degi 1962

Akureyri
Skrúðgarðar á Akureyri"
970,Hver sýndi fram á að berggrunnur Austurlands væri myndaður af eldvirkni tengdri megineldstöðvum?,George P. L. Walker.,,"George Patrick Leonard Walker (George P. L. Walker) (2. mars 1926 – 17. janúar 2005) var enskur jarðfræðingur sem sérhæfði sig í eldfjallafræði og steindafræði. Hann vann merkar rannsóknir á jarðfræði Austurlands.

Walker fæddist í London. Hann lauk meistaraprófi frá Háskólanum í Belfast á Norður-Írlandi 1949, og varð doktor frá Háskólanum í Leeds 1956. Hann kenndi við Imperial College í London 1951-1978.

Á árunum 1955-1965 kortlagði Walker jarðlög víða á Austur- og Suðausturlandi, ásamt nemendum sínum. Hann birti um þær rannsóknir margar ritgerðir, m.a. um jarðfræði  Reyðarfjarðar, Fáskrúðsfjarðar, Breiðdals, Álftafjarðar og Þingmúla í Skriðdal. Hann skrifaði einnig vísindaritgerðir um landmótun, samsetta bergganga, flikruberg og geislasteinabelti á Austurlandi, og almennt um íslenska jarðfræði og landrek. Walker sótti Ísland heim nokkrum sinnum síðar, t.d. 1973, 1980, 1988 og a.m.k. einu sinni eftir 1990.

Með rannsóknum sínum sýndi Walker fram á að berggrunnur Austurlands væri myndaður af eldvirkni, sem bundin var við megineldstöðvar, á sama hátt og enn má sjá á eldvirkum svæðum hér á landi. Walker kynnti hér nýjar og gagnlegar aðferðir við að rekja saman jarðlög af sama aldri milli staða. Einnig taldi hann að myndun hraunlagastaflans og innskota hefði gerst nokkuð samfellt í tíma í tengslum við landrek út frá gosbeltinu og sig jarðskorpunnar þar, en eldri hugmyndir höfðu gert ráð fyrir afmörkuðum hrinum gosvirkni og höggunar til skiptis. Fyrsta eldgos sem Walker sá var Surtseyjargosið 1963–1967, og beindist áhugi hans þá að virkum eldfjöllum. 

Síðari rannsóknir Walkers voru einkum á Asoreyjum, Ítalíu, Kanaríeyjum, Nýja-Sjálandi, Indónesíu og Havaí. Árið 1978 þáði hann rannsóknarstöðu á Nýja-Sjálandi, varð síðan í ársbyrjun 1981 prófessor í eldfjallafræði við Háskólann á Havaí, en lét af störfum sökum aldurs 1996 og fluttist aftur til London. 

Walker hlaut margvíslega viðurkenningu fyrir rannsóknir sínar, m.a. íslensku Fálkaorðuna 1980, og Heiðursmerki Sigurðar Þórarinssonar 1989, sem alþjóðasamtök um eldfjallafræði (IAVCEI) veita. Hann varð heiðursdoktor við Háskóla Íslands 22. október 1988. Var einnig bréfafélagi í Vísindafélagi Íslendinga.

Á vegum alþjóðasamtaka um eldfjallafræði er verðlaunasjóður, sem veitir George Walker verðlaunin. Þau eru veitt á fjögurra ára fresti eldfjallafræðingum sem hafa nýlega tekið doktorspróf, fyrst 2004. 

Þann 23. ágúst 2008 var stofnað jarðfræðisetur á Breiðdalsvík í minningu George P. L. Walkers. Þar er aðstaða til fræðaiðkunar í gamla Kaupfélagshúsinu, elsta húsi þorpsins (frá 1906). Ómar Bjarki Smárason jarðfræðingur, fyrrum nemandi Walkers, átti hugmyndina að setrinu, og hefur í samstarfi við ekkju og dóttur Walkers, farið yfir gögn, ljósmyndir og muni sem varðveitt eru í setrinu.

Í júní 2006 var haldin ráðstefna í Reykholti í minningu George Walkers og framlags hans til jarðvísinda. Ráðstefnuritið heitir: ""Studies in Volcanology. The Legacy of George Walker"", London 2009, 409 bls. Bæði íslenskir og erlendir jarðvísindamenn eiga greinar í ritinu.

Heimildir
 
 Morgunblaðið, 22. febrúar 2008. 
 Leó Kristjánsson: George P. L. Walker and his geological research in Iceland. ""Jökull"", 55. ár, Reykjavík 2005.

Tenglar
 Ómar Bjarki Smárason: George Patrick Leonard Walker (1926–2005)
 Ómar Bjarki Smárason: Í fótspor George Walkers – Vísindasetur á Breiðdalsvík
 Leó Kristjánsson: Skrá um rit G. P. L. Walkers og samstarfsmanna, sem snerta jarðfræði Íslands 
 Viðtal við Walker, Morgunblaðið 22. október 1988 - fyrri hluti
 Viðtal við Walker, Morgunblaðið 22. október 1988 - síðari hluti
 Vefsíða Breiðdalsseturs 

Enskir jarðfræðingar
Handhafar riddarakross Hinnar íslensku fálkaorðu"
1226,Hvaða íslenski stjórnmálamaður og rithöfundur gegndi embætti borgarstjóra Reykjavíkur og skrifaði ævisögu fyrrverandi forsætisráðherra Íslands?,Dagur B. Eggertsson.,,"Dagur Bergþóruson Eggertsson (f. 19. júní 1972) er borgarstjóri Reykjavíkur. Dagur er oddviti Samfylkingarinnar í borgarstjórn og fyrrverandi varaformaður flokksins. Hann hefur gegnt embætti borgarstjóra frá árinu 2014 en var áður borgarstjóri í hundrað daga, frá október 2007 til janúar 2008.

Menntun og fyrri störf 
Dagur fæddist 19. júní 1972 í Osló, Noregi. Foreldrar hans eru Eggert Gunnarsson dýralæknir á Tilraunastöð Háskóla Íslands á Keldum og Bergþóra Jónsdóttir lífefnafræðingur. Dagur útskrifaðist frá Menntaskólanum í Reykjavík 1992 og var síðasta ár sitt þar formaður nemendafélags menntaskólans, nemendaembættið bar latneska titilinn inspector scholae. Ásamt því var hann formaður Félags framhaldsskólanema.

Hann lærði læknisfræði við Háskóla Íslands og útskrifaðist þaðan 1999. Hann tók eitt ár í heimspeki 1993 til 1994 samhliða læknanáminu. Dagur var formaður Stúdentaráðs Háskóla Íslands 1994 til 1995 og sat í stjórn Félagsstofnunar stúdenta 1997 til 1999.

Frá 1995 til 1997 hafði hann umsjón með útvarpsþætti um vísindi fyrir Ríkisútvarpið og gerði árið 1998 heimildaþætti um eftirstríðsárin á Íslandi.

Hann skrifaði ævisögu Steingríms Hermannssonar, fyrrverandi forsætisráðherra Íslands. Hún kom út í þremur bindum á árunum 1998-2000.

Ferill í stjórnsýslu 
Dagur hefur setið í borgarstjórn Reykjavíkur frá árinu 2002, 2002-2006 fyrir Reykjavíkurlistann en síðan fyrir Samfylkinguna. Hann sigraði prófkjör Samfylkingarinnar í Reykjavík í febrúar 2006.

Dagur tók við embætti borgarstjóra þann 16. október 2007, eftir að meirihluti Sjálfstæðisflokks og Framsóknarflokks sprakk. Björn Ingi Hrafnsson sagði skilið við borgarfulltrúa Sjálfstæðisflokksins þann 11. október 2007, en dagana á undan hafði verið misklíð innan meirihlutans um tilveru útrásararms Orkuveitu Reykjavíkur, þ.e. Reykjavik Energy Invest. Meirihlutinn á bak við Dag sem borgarstjóra samanstóð af borgarfulltrúum Samfylkingarinnar, Vinstrihreyfingarinnar - Græns framboðs, Framsóknarflokks og F-lista.

Þann 21. janúar 2008 tilkynntu Ólafur F. Magnússon, borgarfulltrúi F-listans, og Vilhjálmur Þ. Vilhjálmsson, oddviti Sjálfstæðisflokksins, að þeir hefðu ákveðið að mynda saman meirihluta með Ólaf sem borgarstjóra. Meirihlutinn tók við völdum 24. janúar 2008 og lét Dagur þá af embætti borgarstjóra. Hafði hann þá setið í embætti í hundrað daga. Aðeins Árni Sigfússon hafði setið skemur í embætti borgarstjóra en Dagur á fyrstu stjórnartíð hans.

Dagur var formaður borgarráðs 2010-2014 í samstarfi Samfylkingarinnar og Besta flokksins. Að loknum borgarstjórnarkosningum 2014 var Dagur kjörinn borgarstjóri í meirihluta Samfylkingar, Bjartrar framtíðar, VG og Pírata.

Í sveitarstjórnarkosningum ársins 2018 tapaði Samfylkingin nokkru fylgi í Reykjavík og varð næststærsti flokkurinn á eftir Sjálfstæðisflokknum. Degi tókst þó að mynda nýjan meirihluta með því að fá Viðreisn til þess að ganga inn í stjórnarsamstarfið í stað Bjartrar framtíðar (sem bauð ekki fram í kosningunum).

Stuttu eftir myndun nýrrar borgarstjórnar greindist Dagur með fylgigigt, sjaldgæfan gigtarsjúkdóm sem hamlar hreyfingu sjúklingsins. Hann hóf lyfjameðferð gegn sjúkdómnum sama ár.

Braggamálið
Frá árinu 2018 hefur stjórnartíð Dags litast af svokölluðu „braggamáli“, hneykslismáli sem varðar fjárframlög Reykjavíkurborgar til uppbyggingu gamals bragga í Nauthólsvík. Uppbyggingin á bragganum fór tæpar 260 milljónir fram úr kostnaðaráætlun sem gerð hafði verið. Víða vakti furðu hvernig fénu var varið, sér í lagi að framkvæmdaraðilar hefðu flutt inn sérstök „höfundarréttarvarin“ strá frá Danmörku fyrir 757 þúsund krónur til þess að gróðursetja fyrir utan braggann. Vigdís Hauksdóttir, borgarfulltrúi Miðflokksins, sakaði Dag um að brjóta lög með því að greiða reikninga fyrir verkefnið án heimildar frá borgarráði og Eyþór Arnalds, borgarfulltrúi Sjálfstæðisflokksins, fór fram á afsögn hans.

Þann 20. desember 2018 gaf Innri endurskoðun Reykjavíkurborgar út skýrslu um braggamálið. Í henni var komist að þeirri niðurstöðu að borgarstjórn hefði ekki haft nægilegt eftirlit til að tryggja að uppbygging braggans færi fram innan marka samþykktra fjárheimilda. Jafnframt hafi borgarráð hlotið villandi eða jafnvel rangar upplýsingar um framkvæmdirnar. Eftir birtingu skýrslunnar kvaðst Dagur sem æðsti yfir­maður stjórn­sýslunnar í borginni bera pólitíska ábyrgð á málinu en lagði þó einnig áherslu á að réttum upplýsingum hefði ekki verið miðlað til hans eða til borgarráðsins. Dagur sagðist ætla að huga að „nauðsynlegum umbótum“ til að koma í veg fyrir að málið endurtæki sig.

Leikskólamál 2022
Í ágúst 2022 fengu Dagur og stjórn hans mikla gagnrýni fyrir að úthluta börnum ekki pláss á leikskóla. Allt að 100 foreldrar mættu í Ráðhús Reykjavíkur til að mótmæla.

Heimildir
 Ferill Dags B. Eggertssonar á heimasíðu Reykjavíkurborgar

Tilvísanir

Fulltrúar í borgarstjórn Reykjavíkur
Borgarfulltrúar Reykjavíkurlistans
Íslenskir stjórnmálamenn
Íslenskir læknar
Íslenskir rithöfundar
Borgarstjórar Reykjavíkur

Borgarfulltrúar Samfylkingarinnar
Stúdentar úr Menntaskólanum í Reykjavík
Varaformenn Samfylkingarinnar"
1542,Bókasafn hvaða fræðimanns brann í brunanum að Þingholtsstræti 28 þann 24. desember árið 1957?,Jóns Dúasonar.,,"Þingholtsstræti er gata í miðbæ Reykjavíkur sem teygir sig frá þeim punkti þar sem Laufásvegur klofnar, nánar tiltekið við hringtorgið hjá breska og þýska sendiráðinu, liggur þaðan í norður og endar þar sem Bankastræti liggur þvert á það.

Húsin í Þingholtsstræti 
 Hússtjórn var hús að Þingholtsstræti 28.  Þann 24. desember árið 1957 kom upp eldur í húsinu í íbúð Bjarnþórs Þórðarsonar bóhems og þýðanda. Í húsinu bjó þá líka Jón Dúason fræðimaður og brann allt bókasafn hans í brunanum.

Tengt efni 
 Farsóttarhúsið, Þingholtsstræti 25
 Þingholtsstræti 9
 Þingholtsstræti 29

Miðborg Reykjavíkur
Götur í Reykjavík"
1038,Hver vann Íslandsmótið í knattspyrnu árið 1992?,ÍA.,,"Árið 1992 var Íslandsmótið í knattspyrnu haldið í 81. skipti. ÍA vann sinn 13. titil.

Lokastaða deildarinnar 

 Útskýringar: L = Leikir spilaðir, U = Leikir sigraðir, J = Leikir sem lauk með jafntefli, T = Tapaðir leikir, Sk = Mörk skorðuð, Fe = Mörk fengin á sig, Mm = Markamunur

Töfluyfirlit 

|}

Markahæstu menn 

Skoruð voru 274 mörk, eða 3,044 mörk að meðaltali í leik.

Félagabreytingar

Félagabreytingar í upphafi tímabils

Upp í Samskipadeild karla 
  Þór
  ÍA

Niður í 2. deild karla 
  Víðir
  Stjarnan

Félagabreytingar í lok tímabils

Upp í Samskipadeild karla 
  Keflavík
  Fylkir

Niður í 2. deild karla 
  KA
  Breiðablik

Úrslit deildarbikarsins 
 23. ágúst, 1992
  Valur (f) 5 - 2 KA 
 Markaskorarar: Baldur Bragason '64, Anthony Karl Gregory '90, '102, '118, Einar Páll Tómasson '113 - Gunnar Már Másson '30, Baldur Bragason '34

Fróðleiksmolar 
 ÍA er eina liðið sem að hefur unnið Íslandsmeistaratitilinn strax og það komst upp úr 1. deild.
 Anthony Karl Gregory skoraði jöfnunarmark Vals í úrslitum deildarbikarsins þegar að 7 sekúndur voru eftir af leiknum.

Heimild 
 http://www.rsssf.com/tablesi/ijshist.html
 http://www.rsssf.com/tablesi/ijstops.html
 http://www.rsssf.com/tablesi/ijs92.html

Úrvalsdeildir karla í knattspyrnu á Íslandi"
1650,Hvaða tilgang hafði Iðnó í Reykjavík þegar það var byggt árið 1896?,Það var veitingahús og samkomuhús.,,"Iðnaðarmannahúsið, oftast kallað Iðnó, er veitingahús og samkomuhús sem stendur við Vonarstræti 3 í miðbæ Reykjavíkur. Þar var Leikfélag Reykjavíkur lengi til húsa.

Saga
Húsið var reist á landfyllingu í norðausturhorni Tjarnarinnar 1896. Fyrstu tvo áratugina var rekinn húsmæðraskóli á efri hæð hússins. Leikfélag Reykjavíkur hóf starfsemi sína í Iðnó með frumsýningu á tveimur dönskum gamanleikjum 18. desember 1897 og hafði aðsetur í húsinu til ársins 1989 er það flutti í Borgarleikhúsið. Einar Pálsson trésmíðameistari teiknaði og byggði húsið. Einar sá einnig um byggingu á Búnaðarfélagshúsinu og Iðnskólanum gamla en þessi hús eru öll byggð í ný-klassískum stíl.

Húsið var um árabið helsta samkomuhús Reykjavíkur. Þar var heimastjórn fagnað 1. febrúar 1904, sýning á lifandi myndum hófst þar árið 1903 og í húsinu var haldin veisla þegar Kristján 10. Danakonungur kom til Íslands árið 1921. Á fjórða og fimmta áratug tuttugustu aldar voru þar vinsælar revíusýningar. Salurinn rúmaði á fyrstu árunum 256 manns í sæti og voru tveir fremstu bekkirnir ætlaðir börnum og nefndir barnabekkir. 

Iðnaðarmannafélag Reykjavíkur átti húsið til 1918 og seldi það þá dönskum bakarameistara, Frantz Håkansson að nafni. Hann rak veitingasölu í Iðnó til 1929 en þá keypti Fulltrúaráð verkalýðsfélaganna húsið. Árið 1940 seldi Fulltrúaráðið húsið aftur hlutafélaginu Alþýðuhúsi Reykjavíkur. Sú sala var tilkomin vegna klofnings Alþýðuflokksins og mun hafa verið gjörningur til að hindra að húsið lenti í höndum pólítískra andstæðinga. Það urðu málaferli út af sölunni á Iðnó en Hæstiréttur dæmdi að hún skyldi standa óhögguð.

Iðnó endurgert og glerskáli byggður og rifinn 
Þegar Leikfélagið flutti úr Iðnó 1989 var allt óráðið um framtíð hússins. Alþýðuleikhúsið setti þar upp tvær leiksýningar, skömmu áður en það leið undir lok. Á sérstökum hátíðarfundi við vígslu Ráðhúss Reykjavíkur 1992 samþykkti borgarstjórn Reykjavíkur að kaupa Iðnó í félagi við nokkra aðila og gera húsið upp. Viðbyggingar frá 1930 og sjöunda áratugnum voru fjarlægðar og í staðinn var settur glerskáli með dökku gleri. Hann þótti ekki fara vel við húsið og var hann fjarlægður. Í maí 1998 tóku Leikfélag Íslands og Iðnó við Tjörnina við lyklavöldum. Frá 2001-2017 hafði Iðnó ehf undir forystu Margrétar Rósu Einarsdóttur umsjón með rekstri hússins.

Rekstur Iðnó lá niðri í Covid-19-faraldrinum en haustið 2021 tók Guðfinnur Karlsson athafnamaður við rekstrinum og lagði áherslu á veitingar og viðburði.

Tilvísanir

Sjá einnig 
 Búnaðarfélagshúsið
 Lækjargata 14a

Tenglar 
 Heimasíða Iðnó 
 Leikhúsið Iðnó; grein í Lesbók Morgunblaðsins 1972
Leikminjasafn Íslands - Iðnaðarmannahúsið (Iðnó) í Reykjavík 

Miðborg Reykjavíkur
Leikhús í Reykjavík
Veitingastaðir í Reykjavík
Hús í Reykjavík

Síður sem þurfa hnit"
282,Í hvaða þremur flokkum eru Fjöruverðlaunin veitt?,"Í flokkum barna- og unglingabóka, fræðibóka og fagurbókmennta.",,"Fjöruverðlaunin, bókmenntaverðlaun kvenna, voru afhent í fyrsta sinn árið 2007. Veitt eru verðlaun í þremur flokkum og eru þrjár bækur tilnefndar í hverjum þeirra: Í flokki barna- og unglingabóka, í flokki fræðibóka og í flokki fagurbókmennta. Fjöruverðlaunin eru hluti af Góugleðinni, árlegri bókmenntahátíð kvenna.

Handhafar Fjöruverðlaunanna

2021 

 Kristín Svava Tómasdóttir: Hetjusögur
 Gerður Kristný: Iðunn & afi pönk
 Erla Hulda Halldórsdóttir, Kristín Svava Tómasdóttir, Ragnheiður Kristjánsdóttir og Þorgerður H. Þorvaldsdóttir: Konur sem kjósa: Aldarsaga.

2020 

 Bergþóra Snæbjörnsdóttir: Svínshöfuð
 Sigríður Kristín Þorgrímsdóttir: Jakobína: Saga skálds og konu.
 Bergrún Íris Sævarsdóttir: Kennarinn sem hvarf.

2019 

 Guðrún Eva Míneruvudóttir: Ástin Texas

 Auður Jónsdóttir, Bára Huld Beck og Steinunn Stefánsdóttir: Þjáningarfrelsið – óreiða hugsjóna og hagsmuna í heimi fjölmiðla

 Kristín Helga Gunnarsdóttir: Fíasól gefst aldrei upp

2018 

 Kristín Eiríksdóttir: Elín, ýmislegt
 Unnur Jökulsdóttir: Undur Mývatns – um fugla, flugur, fiska og fólk
 Kristín Helga Gunnarsdóttir: Vertu ósýnilegur, flóttasaga Ishmaels

2017 

 Steinunn G. Helgadóttir: Raddir úr húsi loftskeytamannsins
 Steinunn Sigurðardóttir: Heiða – fjalldalabóndinn
 Margrét Tryggvadóttir og Linda Ólafsdóttir: Íslandsbók barnanna

2016  

 Halldóra Thoroddsen: Tvöfalt gler
 Þórunn Sigurðardóttir: Heiður og huggun – Erfiljóð, harmljóð og huggunarkvæði á 17. öld
 Hildur Knútsdóttir: Vetrarfrí

2015 

Elísabet Jökulsdóttir: Ástin ein taugahrúga. Enginn dans við Ufsaklett
Bryndís Björgvinsdóttir: Hafnfirðingabrandarinn
Guðrún Kristinsdóttir: Ofbeldi á heimili - Með augum barna

2014 
 Lani Yamamoto: Stína stórasæng
 Þórunn Erlu- og Valdimarsdóttir: Stúlka með maga - skáldættarsaga
 Guðný Hallgrímsdóttir: Sagan af Guðrúnu Ketilsdóttur. Einsögurannsókn á ævi 18. aldar vinnukonu

2013 
 Auður Jónsdóttir: Ósjálfrátt
 Þórdís Gísladóttir: Randalín og Mundi
 Steinunn Kristjánsdóttir: Sagan af Klaustrinu á Skriðu

2012 
 Oddný Eir Ævarsdóttir: Jarðnæði
 Margrét Örnólfsdóttir: Með heiminn í vasanum
 Birna Lárusdóttir: Mannvist. Sýnisbók íslenskra fornleifa

2011 
 Agniezka Nowak og Vala Þórsdóttir: Þankaganga
 Kristín Steinsdóttir: Ljósa
 Kristín Loftsdóttir: Konan sem fékk spjót í höfuðið

2010 
 Kristín Arngrímsdóttir: Arngrímur apaskott og fiðlan
 Margrét Örnólfsdóttir: Aþena (ekki höfuðborgin í Grikklandi)
 Ingunn Snædal: Komin til að vera, nóttin
 Þórdís Elva Þorvaldsdóttir: Á mannamáli

2009 
 Hallfríður Ólafsdóttir og Þórarinn Már Baldursson: Maxímús Músíkús
 Álfrún Gunnlaugsdóttir: Rán
 Kristín Ómarsdóttir: Sjáðu fegurð mína
 Æsa Sigurjónsdóttir: Til gagns og fegurðar

Barnabókahöfundurinn Jenna Jensdóttir hlaut sérstaka viðurkenningu Góugleðinnar

2008 
 Kristín Helga Gunnarsdóttir: Draugaslóð
Auður Ava Ólafsdóttir: Afleggjarinn
 Elísabet Jökulsdóttir: Heilræði lásasmiðsins
 Sigurbjörg Þrastardóttir: Blysfarir
 Kristín Marja Baldursdóttir: Karítas án titils og Óreiða á striga
 Ingunn Ásdísardóttir: Frigg og Freyja, kvenleg goðmögn í heiðnum sið

2007 
 Anna Cynthia Leplar og Margrét Tryggvadóttir: Skoðum myndlist
 Kristín Steinsdóttir: Á eigin vegum
 Þorgerður Jörundardóttir: Mitt er betra en þitt
 Sigríður Dúna Kristmundsdóttir: Ólafía. Ævisaga Ólafíu Jóhannsdóttur
 Hélene Magnússon: Rósaleppaprjón í nýju ljósi

Tilvísanir 
Fjöruverðlaunin

Bókmenntaverðlaun"
1552,"Hver gaf út sinn fyrsta sólódisk, Stuð, árið 1993?",Páll Óskar Hjálmtýsson.,,"Páll Óskar Hjálmtýsson (fæddur 16. mars 1970) er íslenskur söngvari, lagahöfundur og plötusnúður. Hann fékk tónlistaruppeldi, söng á einkasamkomum, með kór og fyrir almenning, varð fyrir áhrifum af einelti í skóla og spennu milli foreldra sinna heima fyrir. Hann kom út úr skápnum sautján ára gamall.

Páll Óskar er þekktastur fyrir að syngja ballöður, diskó, hefðbundin íslensk lög og teknó. Hann gaf út sinn fyrsta sólódisk, Stuð árið 1993 á meðan hann var í New York, og átti auk þess feril sem söngvari með hljómsveitum eins og Milljónamæringunum og Casino. Önnur sólóbreiðskífa, Palli, var mest seldi diskurinn á Íslandi árið 1995 og 1996 kom út Seif. Páll átti sumarsmellinn Ástin dugar með hljómsveitinni Unun árið 1995.

Páll Óskar varð alþjóðlega þekktur þegar hann söng lagið „Minn hinsti dans“ framlag Íslands til Söngvakeppni evrópskra sjónvarpsstöðva árið 1997. Platan Deep inside sem kom út 1999 seldist hins vegar langt undir væntingum og varð langt hlé fram að næstu sólóplötu. Í millitíðinni gerði hann tvær breiðskífur í samstarfi við hörpuleikarann Moniku Abendroth; Ef ég sofna ekki (2001) og Ljósin heima (2003).

Breiðskífa hans Allt fyrir ástina kom út árið 2007 og varð metsöluplata. Páll Óskar kemur oft fram sem plötusnúður á skemmtistöðum á Íslandi.

Plötur
Stuð (1993)
Milljón á mann - Páll Óskar og Milljónamæringarnir (1994)
Palli (1995)
Seif (1996)
Stereo - Páll Óskar og Casino (1998)
Deep Inside (1999)
Ef ég sofna ekki (If I Won't Sleep Tonight, 2001) (með Moniku Abendroth)
Ljósin heima (2003) (með Moniku Abendroth og Sigrúnu Hjálmtýsdóttur (Diddú))
Allt fyrir ástina (2007)
Kristalsplatan (2017)

Safn- og tónleikaplötur
Silfursafnið (2008)
Páll Óskar og Sinfó (2011)
Uppklapp (2011)
Páll Óskar - Box (6 plötur fyrir 1) (2014)

Stuttplötur/EP
 Einn dans (2017)
Handhafar riddarakross Hinnar íslensku fálkaorðu
Íslenskir tónlistarmenn
Þátttakendur í söngvakeppni evrópskra sjónvarpsstöðva"
186,Hvaða bátur fórst 5. nóvember 1968 austan við Vestmannaeyjar?,Þráinn NK 70.,,"Þráinn NK 70 var vélbátur sem fórst 5. nóvember 1968 austan við Vestmannaeyjar í aftaka suðaustan veðri og stórsjó og brimi. Með bátnum fórust níu manns og voru átta þeirra frá Vestmannaeyjum. Báturinn var að koma af síldveiðum og á leið til Vestmannaeyja þegar hann fórst fórst í Reynisdýpi út af Vík í Mýrdal. Ekkert fannst af bátnum þrátt fyrir mikla leit á sjó og úr lofti. Báturinn var sænskur eikarbátur sem var endurbyggður á Akureyri um 1960 þá var hann lengdur og settur á nýr framendi og Akureyrarstefni. 
Með Þráni NK 70 fórust þessir menn:

 Grétar Skaftason skipstjóri f. 26.10.1926 
 Helgi Kristinsson stýrimaður f. 12.11.1945
 Guðmundur Gíslason vélstjóri  f. 2.11. 1942
 Gunnlaugur Björnsson vélstjóri  f. 13. 01.19941
 Einar Þorfinnur Magnússon matsveinn f. 27.07.1928
 Marvin Einar Ólason háseti  f. 2.05.1944
 Gunnar Björgvinsson háseti f. 5.9.1950
 Tryggvi Gunnarssonháseti f. 3.07.1949
 Hannes Andresson háseti f. 29.11.1946

Heimildir 
  Morgunblaðið, 251. tölublað (12.11.1968), Blaðsíða 1
 Bátar og Skip Þráinn NK 70
 Þráinn NK 70 við byggju í Neskaupstað 
 Síldarárin í Neskaupstað. Þráinn NK 70 fyrir miðri mynd

Sjóslys við Ísland
1968"
1152,Hvenær var Hrappseyjarprentsmiðja starfrækt?,Frá 1773 til 1794.,,"Hrappseyjarprentsmiðja var prentsmiðja og bókaútgáfa sem starfrækt var í Hrappsey á Breiðafirði 1773-1794 og var fyrsta íslenska prentsmiðjan sem prentaði eingöngu veraldleg rit en ekki guðsorðabækur.

Upphaf prentsmiðjunnar
Ólafur Ólafsson Olavius fékk konungsleyfi til að stofna prentsmiðju í Skálholtsbiskupsdæmi með því skilyrði að þar yrði ekki prentað guðsorð, á því átti Hólaprentsmiðja einkarétt. Ólafur hafði áður látið prenta ýmis rit í Kaupmannahöfn, meðal annars fyrstu útgáfu Njálu. Ólafur fékk lán til tækjakaupa hjá Boga Benediktssyni í Hrappsey, sem jafnframt átti hlut í verksmiðjunni og var hún reist í eynni. Ári síðar keypti Bogi hlut Ólafs og átti prentsmiðjuna lengst af einn og rak ásamt náfrænda sínum Guðmundi Ólafssyni en Magnús Ketilsson, sýslumaður Dalamanna, stýrði hins vegar útgáfunni að mestu. Í þjóðsögum Jóns Árnasonar er sagt að Bogi hafi keypt prentsmiðjuhúsið á góðu verði eftir að maður hafði hengt sig í því og sumum þótti reimt þar.  Dætur Boga áttu að hafa reynt eitt sinn að sofa þar, þegar gestanauð var mikil á Stafafelli en varð ekki svefnsamt.

Útgáfan
Frá Hrappseyjarprentsmiðju komu bækur af ýmsu tagi, svo sem Alþingisbækur Íslands, fræðslurit ýmiss konar, sum skrifuð af Magnúsi, sem var einn helsti frumkvöðull upplýsingarstefnunnar á Íslandi, Atli eftir Björn Halldórsson í Sauðlauksdal, Búnaðarbálkur Eggerts Ólafssonar, kvæðabækur og fleira. Jón Þorláksson, síðar prestur á Bægisá, vann um tíma við prentsmiðjuna og gaf út bækur sínar þar. Fyrsta íslenska tímaritið, Islandske Maanedstidender, var líka gefið út í Hrappsey á árunum 1773-1776. Var það á dönsku og gefið út sem umbun til þeirra dönsku styrktarmannanna sem hjálpuðu til við stofnun og rekstur prentsmiðjunnar. Guðmundur Ólafsson, náfrændi og uppeldisbróðir Boga úr Breiðafjarðareyjum, starfaði einnig við prentsmiðjuna en hann skrifaði upp mikið af fornum ritum til útgáfu. Afi þeirra Boga, Bjarni Bjarnason var annálaritari og lögréttumaður í Langey, átti gamalt og merkilegt handrit sem síðar komst í hendur Árna Magnússonar handritasafnara. „Auðugur, skýr og margfróður. Talaði nokkur erlend tungumál“, segir í Dalamönnum en mæður þeirra Ólafs og Boga voru systur, fæddar með árs millibili.

Endalokin
Hrappseyjarprentsmiðja var seld Landsuppfræðingarfélaginu árið 1794 og flutt suður í Leirárgarða í Borgarfirði.

Heimildir 
 
 Heimildir: Stríðshjálp 1681, 1703, ÍÆ.I.130/158, Lrm., Esp.4511, Æ.A-Hún.54, DI. I, Dalamenn, Sýsl.II.48

Íslensk bókaforlög
Prentun"
1375,Hvar á Íslandi fannst flak af Northrop N-3PB sjóflugvél 11. ágúst 1979?,Í Þjórsá.,,"Northrop N-3PB („Patrol Bomber“) var sjóflugvél frá fyrirtækinu Northrop til notkunar í hernaði. Eini kaupandinn nokkurn tíma var Flugfélag Konunglega norska sjóhersins sem pantaði 24 slíkar vélar 12. mars 1940. Þær áttu að koma í stað úreltra Farman MF.11-tvívængja. Vélin var eins hreyfils lágvængja með 14,91m vænghaf, tvö stór flotholt og þriggja manna áhöfn. Hún var 2,8 tonn að þyngd. Hreyfillinn var 1200 hestafla loftkældur Wright Cyclone stjörnuhreyfill. Hún var búin sex vélbyssum og gat borið eitt 2000 punda tundurskeyti eða sömu þyngd af sprengjum.

Áður en sendingin var afhent gerðu Þjóðverjar innrás í Noreg. Vélarnar voru því þess í stað afhentar Flugfélagi sjóhersins sem starfaði sem útlagadeild innan Konunglega breska flughersins á Íslandi. Þaðan var vélunum flogið til fylgdar skipalestum og í kafbátaeftirlitsferðir allt stríðið. 

Eftir stríð voru einungis tvær vélar heilar af hinum upprunalegu 24 og var þeim báðum flogið til Noregs en á 6. áratugnum voru þær settar í brotajárn. Ekkert eintak var því til fyrr en flak einnar slíkrar vélar fannst 11. ágúst 1979 í Þjórsá. Flakið var sent til Kaliforníu þar sem það var gert upp og síðan til Noregs þar sem hægt er að sjá vélina á Flugsafni norska hersins í Gardermoen. 27. ágúst 2002 fannst annað heillegt flak slíkrar vélar á 8m dýpi í Skerjafirði. Fornleifavernd ríkisins ákvað að friðlýsa flakið og gildir köfunarbann í 20 metra radíus út frá því.

Northrop-flugvélar
Sjóflugvélar
Herflugvélar frá Síðari heimsstyrjöld
Norski flugherinn"
1224,Hvaða viðurkenningu hlaut Nína Dögg Filippusdóttir fyrir framlag sitt til leiklistar og kvikmyndagerðar árið 2023?,Riddarakross fálkaorðunnar árið 2023.,,"Nína Dögg Filippusdóttir (f. 25. febrúar 1974) er íslensk leikkona, kvikmyndaframleiðandi og handritshöfundur. Maki hennar er Gísli Örn Garðarsson.

Nína hlaut riddarakross fálkaorðunar árið 2023 fyrir framlag til leiklistar og sjónvarpsþátta- og kvikmyndagerðar.

Ferill í kvikmyndum og sjónvarpsþáttum

Tenglar
 

Íslenskir handritshöfundar
Íslenskir kvikmyndaframleiðendur
Íslenskar leikkonur"
854,Hvaða íslenski skákmeistari hefur orðið Íslandsmeistari í skák sex sinnum?,Helgi Ólafsson.,,"Helgi Ólafsson (fæddur í Reykjavík 15. ágúst 1956) er íslenskur stórmeistari í skák.

Helgi er einn sigursælasti skákmaður Íslands og hefur orðið Íslandsmeistari sex sinnum í skák. Helgi varð alþjóðlegur meistari FIDE 1978 og alþjóðlegur stórmeistari 1985.

Helgi hefur hlotið eftirfarandi titla í skák:

 Íslandsmeistari, sex sinnum árin 1978, 1981, 1991, 1992, 1993 og 1996.
 Skákmeistari Vestmannaeyja, tvisvar árin 1972 og 1973.
 Atskákmeistari Íslands fjórum sinnum.
 Hraðskákmeistari Íslands fimm sinnum.
 Efstur á Skákþingi Norðurlanda 1985 og efstur í aukakeppni ásamt Simen Agdestein
 Norðurlandameistari unglinga 1975.
 Sigurvegari á alþjóðlega Reykjavíkurskákmótinu 1984 og 1990.
 Silfurverðlaun einstaklinga á Evrópumóti landsliða 2011.
 Skákmeistari Reykjavíkur 1976 og 1977.
 Skákmeistari Taflfélags Reykjavíkur 1975.

Sigurvegari á fjölmörgum alþjóðlegum mótum í Noregi, Frakklandi, Kanada og St. Martin í Karabíska hafinu. Helgi var útnefndur FIDE senior trainer 2009 sem er æðsti þjálfaratitill FIDE. Þá var Helgi kjörinn íþróttamaður ársins í Kópavogi 1980 og ""Maður ársins"" hjá DV ásamt íslenska ólympíuliðinu 1986.

Helgi hefur teflt á 15 Ólympíuskákmótum, oftar en nokkur annar íslendingur þar af langoftast á 1. borði. Hann komst hæst í kringum 30. sæti á heimslista FIDE og var reglulega á topp 50 í heiminum á níunda áratugnum. Hann tefldi á 3. borði eftir Ulf Anderson og Bent Larsen í úrvalsliði Norðurlanda gegn Bandaríkjunum árið 1986 og á 2. borði í úrvalsliði Norðurlanda árið 1990 á eftir Simen Agdestein í Stórveldaslag árið 1990.

Þá hefur Helgi látið sig ýmis réttlætismál varða og var í RJF–hópnum sem barðist fyrir frelsun Bobby Fischers úr japanskri dýflissu. Hópurinn hefur fengið sænsk verðlaun fyrir að standa upp í hárinu á bandarískum yfirvöldum. Er núverandi og fyrsti Íslandsmeistari skákmanna i golfi.
Ritstörf og fjölmiðlun:

 Skrifaði bókina Benóný ásamt Jóni Torfasyni og Braga Halldórssyni.
 Þýddi og staðfærði bókina Skák og mát eftir Anatolí Karpov, prentuð hér á landi í nálega 30 þús. eint. en Hrókurinn dreifði henni til skólabarna í 3. bekk fyrir nokkrum árum.
 Þýddi og staðfærði kennslubók FIDE: Skákkennsla.
 Skrifaði bókina Bobby Fischer comes home sem kom út í Hollandi á árinu 2012.
 Gerði 13 kennsluþætti í skák ásamt Jóni L. Árnasyni; sýndir hjá RÚV haustið 1991. Einnig unnu þeir Jón upp kennsluefni fyrir Stöð 2.
 Skákskýringar í sjónvarpi hjá RÚV frá 1991 og einnig á Stöð 2 í áraraðir.
 1992 kom Hermann Gunnarsson að þessum útsendingum sem stundum rötuðu á Stöð 2, Sýn (m.a. skákeinvígi barna) og á Skjá 1. Vann ásamt Hermanni að „þríleik“ hjá RÚV árin 1993 – 1995 og fengu Judit Polgar, Anatolí Karpov og Garrí Kasparov til að tefla hér á atskákmótum.
 Var framkvæmdastjóri Reykjavik rapid sem fram fór á NASA mars 2004. Fékk til keppni menn á borð við Kasparov, Karpov, Magnús Carlsen, Lev Aronjan og fleiri heimsþekkta skákmenn. Beinar útsendinga voru á RÚV alla dagana keppninnar.
 Höfundur bókarinnar Reykjavíkurskákmót í 50 ár sem gefin var út árið 2015.

Íslenskir skákmenn"
1118,Hver skrifaði ritgerðina „Einum kennt - öðrum bent“?,Þórbergur Þórðarson.,,"Einum kennt – öðrum bent er stutt ritgerð eftir Þórberg Þórðarson og var fyrst prentuð í tímritinu Helgafelli árið 1944. Hún var síðan endurprentuð í Ritgerðir 1924-1959 og aftur í bókinni Einum kennt – öðrum bent (tuttugu ritgerðir og bréf 1925-1970) sem Mál og menning gaf út árið 1971. Með þessari bók beitti Þórbergur að mörgu leyti íslenskri fagurfræði á stíl.

Inngangur 
Einum kennt - öðrum bent er ritgerð sem skrifuð er sem nokkurskonar kennslurit fyrir rithöfunda og alla sem skrifa íslenskt mál. Megintilgangur hennar var sá að leiðbeina Íslendingum að bæta ritstíl sinn og auka skipulag og vandvirkni við ritun hugverka sinna. Í bókinni koma fyrir hugtök sem eru notuð enn þann dag í dag þegar kenndur er íslenskur stíll. Þau eru: skalli, uppskafning, lágkúra (og lágkúra og uppskafning) og ruglandi. Þau eru rædd hér fyrir neðan. 

Þórbergur Þórðarson lagði Einum kennt - öðrum bent út frá Hornstrendingabók eftir Þorleif Bjarnason kennara, en hún kom út árið 1943. Þórbergur er ekki á móti bókinni sem slíkri, enda segir hann að: 
 Höfundur Hornstrendingabókar er maður gáfaður, almennt talað. Hann hugsar lipurlega, hefur ágæta frásagnarhæfileika og stílgáfu langt framyfir það, sem almennt gerist. En hann er meiri frásegjari en hugsuður. Hann ristir ekki sérlega djúpt, hugsar varla nógu nákvæmt, ekki heldur vel skipulega.

Þórbergur heldur því einnig fram í ritgerðinni að Hornstrendingabók sé óvenjulegt rit í bókmenntum vorum. Hann segir: 
Hún er rituð af meira andans fjöri og hærri íþrótt í frásögn, stíl og máli en við eigum að venjast, þrátt fyrir hina mörgu og miklu galla hennnar. Hún er vitandi tilraun til að skrifa lifandi verk á svipaða vísu og góðir höfundar rita þau útií löndum, þar sem orka C-fjörefnanna er meiri en í upprennandi lýðveldi Íslands.

Þórbergur gerir því ekki lítið úr Hornstrendingabók, heldur er með þessu riti að sýna fram á að allir geti gert betur, jafnvel þeir sem telja sig vera vel ritfæra, og hefur þar einnig sjálfan sig í huga - eins og fram kemur í lokaorðum ritgerðarinnar.

Skallar
Skalla í ritum telur Þórbergur vera slæm vinnubrögð, skort á nákvæmni og skilningi.  Hann segir það ærinn ljóð á slíku riti, „þóað það sé ekki hugsað sem héraðssaga, að þar er mjög fáum verkefnum gerð svo greinileg skil, að ekki þyrfti að vinna þau upp að nýju, ef skrifuð yrði saga Hornstranda eða Norður-Ísafjarðarsýslu. Víða stafa þessir skallar í frásögninni ekki af sniði bókarinnar, því síður heimildarþurrð, heldur af skorti höfundarins á nákvæmni og skilningi á verki því, sem hann hefur tekizt á hendur.“

Þórbergur tiltekur svo nokkur dæmi:

Dæmi um skalla
Þórbergur segir:
Í lýsingunni á sjóbúðunum í Skáladal á bls. 51 er t.d. ekki getið um stærð búðanna, ekki minnst á birtugjafa, ekki lýst dyrum og dyraumbúnaði, ekkert orð um búðagólfin, ekki sagt frá gerð rúmstæðanna, ekki greint frá rúmfatnaði vermanna, þagað um það, hvar þeir höfðu sjóföt sín, þegar í landi var legið o.fl. o.fl.

Hann vitnar svo í Hornstrendingabók: 

 Framan af vori var oft langróið úr Skáladal, meðan fiskur gekk ekki á grunnmiðin. Haldið var niður á Kögur, Hlíðar og Kóp... 

Og útskýrir: 

Þetta geta verið góð vísindi fyrir þá, sem til þekkja á þessum leiðum. En allir hinir eru litlu nær. Þeir finna að vísu Kögrið á kortinu. En hvar eru Hlíðar? Og hvar er Kópur? [..] Höfundurinn virðist hafa gleymt þarna þeim megintilgangi bóka, að þær eru ekki ritaðar handa þeim, sem vita, heldur hinum, er ekki vita.

Uppskafning
Uppskafning telur Þórbergur vera það einkenni höfunda að hafa tekið inn á sig vissa tegund módernisma (hinna síðustu ára). „Þessa tegund „módernismanna“, sem orðið hefur höfundi Hornstrendingabókar að fótakefli, hef ég kallað uppskafningu. Það er kvenkynsorð og beygist eins og kerling. Uppskafning getur birzt í ýmiskonar myndum. Þingeyska uppskafningin, sem er að mestu af þjóðlegum rótum runnin (er þó kannski að einhverju leyti áhrif frá norsku), er t.d. mjög ólík þeirri uppskafningu, er hér um ræðir og er úr útlendum toga spunnin. En einkenni allrar uppskafningar í rithætti er hofróðulegt tildur og tilgerð, skrúf og skrumskælingar, í hugsun, orðavali og samtengingu orða.“

Þórbergur tengir þennan módernisma við það sem gerst hafði í listamálum íslendinga á árunum eftir fyrra stríð. Og hann er ekki hrifinn: 

„Fyrir liðugum áratug mátti kannski líta á hina nýju uppskafningu sem virðingarvert stref til að yngja upp mál og stíl, sambærilegt því í byggingarlistinni, sem reisti hér landi kubbahúsin með togaragrindverkinu og gluggaborunni efst á veggnum, jassinum í músíkinni og hinu þráláta stillubeini í myndlistinni með karfa á borði og könnu á stól, sem allt naut í þá daga nærri guðrækilegrar aðdáunar, en var samt sem áður málandi innantómleika-teikn, þar sem ris andans er fokið ofan af kúnstverkinu.“ 

Þórbergur tilfærir síðan ótal dæmi um uppskafningu. Þau eru meðal annars þessi (og það sem hann telur uppskafningu skáletrar hann):

Dæmi um uppskafningu
Harðir...vetur með...hamförum hafsins og ískrandi náhljóðum hafíssins (bls. 9). 

—Hér fara saman tvö stýriorð hvort með sínu eignarfalli, sem bæði hljóma eins: ins, ins, og lýsingarháttur nútíðar settur á undan síðara stýriorðinu, en það gerir orðasambandið klunnalegra í fasi. Auk þess vildi ég skjóta því hér inn einsog milli sviga, þó að ekki teljist það til uppskafningar, að ískrandi náhljóð er ekki vel valið til þess að tákna gnýinn í hafísnum, og þaraðauki er náhljóð í óeiginlegri merkinu farið að verða eitt af þessum slitnu orðum, sem óðum nálgast lágkúru eða þegar hafa náð því menningarstigi. 

Einangrun víkurinnar og miskunarleysi vetrarins í samleik við umhverfi sækir þrotlaust á veikgerðar taugar vannærðrar konu... (bls. 79)
—Svona íburður er slæmur samúðarvekjari. 
Fólkið...nýtur á ný sóltöfra vordagsins og æfintýralegra tilbrigða umhverfisins (bls. 145)
 ...torfærur langrar hillu og framrunnina gilja (bls. 173)
—Nafnorð með fjögur eignarföll í eftirdragi. Þessi viðhafnareignarföll verka sérstaklega kátbroslega, þegar orðasamböndin tákna eitthvað ósköp hversdagslegt:
...fyrstu fiskar vorsins (bls. 52)
Þau (bæjargöngin) voru...venjulega mjög lek, svo að ausa varð vatni í fötum úr þeim á rigninga- og leysingadögum vorsins. 
—Svona málsgrein orkar á mig eins og vanskapnaður. Hún segir frá skelfing hversdagslegu ómenningarástandi: lekum bæjargöngum, sem vatninu er ausið út úr í fötu. Í fyrri málsgreinarinnar er sagt frá þessu á ósköp algengu máli, næstum fyrir neðan virðingu bæjarganganna, þó að aum séu. En í síðari hlutanum reigist hún upp í kirkjulegan hátíðleik og það án þess að nokkurt helgilegt teikn sé merkjanlegt á göngunum eða vatnsaustrinum. 
 ...fyrstu egg vorsins... (bls. 126)
—Afturámóti verður þessi orðaskipun oft og einatt mjög stirðbusaleg og hrynjandi hnúskótt og óviðfelldin, þegar eignarfallsorðin bæta við sig ákveðnum greini í fleirtölu:

Og hér hefst hin fræga eignarfallsupptalning Þórbergs: (en aðeins brotabrot af því birtist hér að neðan). Hann segir þó áður en runan hefst: „Ég hefði að sjálfsögðu ekki gert þessa eignarfallsnotkun höfundarins að átöluefni, ef henni hefði verið stillt í hóf að venjulegum hætti og beitt af smekkvísi. En í bók hans morar svo af þessari ónáttúru, einsog ég hef þegar vikið að, og leitar oft út í svo ósmekklegum myndum, einsog mörg dæmin [..] sýna“: 
 
 Í landlegum vorvertíðanna...gafst bændum víknanna nokkur tími til ýmissa starfa við heimilið.
 Hvöss nef fuglhausanna......ríki bjargsins...
 ...svipti félaga þeirra og afkvæmi þeirra lífi. 
 ...í Miðgarði bjarganna...
 ...ásælni mannanna...
 ...þrjóska þessara landsigafyglinga gegn hættum bjarganna...
 ...í krafti helgi sinnar og guðlegs lífernis...
...gegn dulmögnum náttúrunnar...
 o.s.frv.

Þórbergur gerir síðan nokkuð veður út af óþarfa tepruskap í orðanoktun, og þar á meðal orðið tjáning, sem hann segir að Guðmundur Kamban hafi innleitt. Hann nefnir líka orðið fjarrænn (sem þá var farið að nota yfir rómantík) og leggur ríka áherslu á að menn ofnoti ekki eða noti orð og orðasambönd í röngum eða afkáralegum merkingum. 

...unnu fornum bókmenntum og hetjutjáningu þeirra... (bls. 10)
—Til uppskafningar telst það stundum, en ekki alltaf, að nota eignarföllin hans, hennar, þeirra o.s.frv. í staðinn fyrir þáguföllin honum, henni, þeim o.s.frv. sem oft gera stílinn mýkri og mennilegri:
 Smásteinum rigndi yfir höfuð þeirra. (bls. 67)
—...yfir höfuð þeim færi hér mun betur. [Ath. að þetta á aðallega við um líkamshluta].

 Lágkúra 
Þórbergur hefur innganginn að lágkúrunni með eftirfarandi orðum: „Þó að höfundur Hornstrendingabókar geri sér mjög far um að halda stíl sínum til hoffmannlegrar glæsimennsku, hefur honum ekki lánast að stýra hjá þeim auðvirðileik í rithætti, sem hér verður kallaður lágkúra“. Og svo nefnir hann hvað lágkúra er:

...[lágkúran], sem hér um ræðir, má einkenna sem lágkúrulegt og sviplaust málfar yfirleitt. Þar í eru fólgin klaufaleg orðaskipun, kauðskt orðalag og kauðskar orðmyndir (sbr. t.d. úr handraðanum, landið okkar, bærinn okkar, ku), ónákvæm og geigandi beiting orða, linjuleg orð og orðasambönd, þar sem þróttur hæfir betur, fábreytilegur orðaforði, endurtekning sömu atkvæða, orða, orðasambanda [sjá Nástaða] og setningaforma með stuttu millibili, þegar ekki er um mælskusnilld eða listrænar nauðsynjar að ræða, hljómlaus og ruglingsleg hrynjandi, upptugga á orðum og föstum orðatiltækjum, sem hugsunarlaus vananotkun hefur gert að dauðum limum á líkama tungunnar, sbr. t.d. samhent, gerði garðinn frægann, fastur fyrir, veganesti, lífsförunautur og déskotans trúnaðarstörfin, sem allt kemur yfir mann eins og utanað lærð þula úr páfagauki í hverri einustu dánarminningu, sem ekki er orðfærð uppá nýlýriska móðinn. 

(Hafa ber í huga hér að Þórbergur er að tala um samtíma sinn, en hver nútími á sínar tuggur sem ber að varast, eða nota með nýjum hætti). 

Þórbergur nefnir þó að lágkúruna megi nota sem stílbragð eða listbragði eins og hann nefnir það. 

 Dæmi um lágkúru
„Lágkúrurnar, sem einkum hafa skotið höfundi Hornstrendingabókar ref fyrir rass, eru endurtekningar sömu atkvæða, orða og orðatiltækja með stuttu millibili, en þó kennir þar fleiri grasa af lágkúruættinni. Þessir stílgallar eru þar svo tíðir, að þeir lýta ritháttinn til allmikilla muna“: 

...og lét undanrennuna renna í fötuna...(bls. 61)
Á Þorláksmessu var skatan soðin, kæst og angandi. Þá var líkast hangiket soðið. (bls.67)
—Þessi endurtekningu mætti fela með því að breyta um orðaröð í síðari málsgreininni og segja: Þá var líka soðið hangiket. 
 Hann egnir snöruna...og gætir þess, að hún skjálfi sem minnst, og þess að ýta henni með jöfnum hraða. (bls. 160)
...enda þess ekki langt að bíða, að hann sprengi af sér þröng heimkynni og komist út í heiminn. (bls. 160)
Illt var að fara svo, að ekki væri spyrnt við hálflausum steinum, sem hrundu, enda ekki hlífst við að ryðja hálflausum steinum úr vegi. (bls. 174). 

Þetta er nútildags oftast flokkað sem nástaða. Þórbergur heldur áfram:

Til lágkúru tel ég einnig þau lýti á máli og stíl bókarinnar, að þar er um of þrástagast á viðteningarhætti í upphafi setninga. Svo kenndi dr. Björn Bjarnason, að það væri ekki góð íslenska að byrja setningu á viðtengingarhætti, heldur skyldi tíðka ef í hans stað. Þessa leiðbeiningu doktors Björns hef ég samt oft skágengið af vissum ástæðum, en þó gert mér far um að drýgja þau brot í hófi. [..] Á bls. 141. kemur fyrir þrisvar sinnum viðtengingarhátturinn sé: 
 ...sé margt fólk saman komið. Sé logn...Sé veður gott. 
—Og þrisvar sinnum á bls. 153:
 Sé eggið nýtt...en sé það skemmt...og sé mjög dimmt.

 Lágkúra og uppskafning 
Í Hornstrendingabók gerist allvíða þau fyrirbæri, að lágkúra og uppskafning líkamnast í sama orði eða sömu klausu, málsgrein eða setningu. Slíkur skapnaður er ekki sérlega densilegur á að líta. Í dæmunum hér á eftir er lágkúran einkennd með skáletri, uppskafningin með breiðletri og lágkúra og uppskafning í sama orði með UPPHAFSSTÖFUM. 

Dæmi og lágkúru og uppskafningu
Hausastöppunnar var neytt af mörgum með VELÞÓKNUNARSMJATTI og LOFGERÐARSTUNUM (bls. 62)
 (Selirnir) stungu sér í voginn og földu sig í DÝPI HANS (bls. 55)
 Ið þeirra (unganna) og skrið er fálmkennt, sprottið af hreyfingarþörf og leit að fæðu og hlýju móðurinnar. Hverfi móðirin frá þeim, leita þeir að hlýju hennar og vernd, en skynlausir á hengiflug það, sem hefst á stallbrún þeirra, geta þeir steypt sér fram af... (bls.159)
—Hér hefði mátt lækka lítið eitt spennuna meðan sagt var frá þessum óbrotnu smælingjum náttúrunnar. Ungagreyjum á nöktum bergstalli hæfir annar tónstigi en íburði í höllum keisara og soldána. 
...og þessi óvænti ósigur getur vakið ósæmilegt orðbragð hans í margþættum hættum bjargsins. (bls. 162)
 Langt niður í undirheimum bjargsins dvelur þessi fámenni hópur, þar sem ríki bjargsins er mest og veldi þess birtist best og sýnir vesælli mannveru hrikaleik sinn og ógnandi mátt. Á óvaninn bjargmann verkar tröllslegt veldi þess lamandi og fyllir hann vanmáttakennd. En þegar þéttsetinn bergnef, breið og vel geng, bjóða innrásarmönnunum óvenjulega og eggjandi VEIÐIAÐSTÖÐU, hverfur hugsunin um mátt bjargsins og hættur umhverfisins. (bls. 175)
 —Í mínu ungdæmi kenndu hinir vísu feður, að sögnin að dvelja væri áhrifssögn, en áhrifslausa myndi væri dveljast. Þeir dvöldu för hans fram að nóni; hann dvaldist þar lengi dags. 

 Ruglandi 
Ruglandin lýsir sér í margskonar veikleika eða blindu í hugsun, svosem ósönnum staðhæfingum, gölluðum skilgreiningum, bágbornum röksemdaleiðslum, kjánalegum skoðunum, röngum frásögnum o.s.frv., o.s.frv. Það er kvenkynsorð og beygingarlaust eins og hrynjandi og verðandi. 

Allir þeir, sem ritað mál lesa með svolítilli íhugun, munu hafa veitt því undri athygli, að stundum er sem ský eður myrkva dragi alltíeinu fyrir vitsmuni höfunda, svoað líkja mætti hugsanagangi þeirra við rugl í manni, sem hlotið hefur skyndilega blæðingu á heilann. Orsakir þessara sálarformyrkvana geta verið margvíslegar. Þartil má nefna vanþekkingu og einnig þá tegund vitsmunaskorts, sem kalla mætti skynsemisheimsku. 

Dæmi um Ruglandi
 Á sunnudögum voru engin verk unnin nema þau, sem nauðsynlegust voru og ekki var fært að komast undan. Hornstrendingar héldu lengi hvíldardaginn stranglega heilagan og voru fastheldnir á gamla og úrelta helgidaga. 
— Hér ætti síðari málsgreinin að fara á undan, þvíað hún er almenn greinargerð, sem tekur yfir alla helgidaga, en fyrri málsgreinin ræðir aðeins um þann flokk helgidaganna, sem kallaðir eru sunnudagar. 
 En hitt er raunverulegt, að stundum sigldi Albert skipi sínu heilu í höfn, þegar aðrir fórust. 
—Hvernig getur það farið saman, að Albert hlekkist aldrei á og hann skilaði skipi sínu þó aðeins stundum heilu í höfn? 
 Mök við álfa varð oft flótti frá manneðlinu, sókn eftir sindrandi gulli og auðæfum. 
—Er það nú orðinn flótti frá manneðlinu að sækjast eftir sindrandi gulli og auðæfum? Er það ekki einmitt þetta, sem flestir eru á spani eftir?

 Niðurlag 
Þórbergur nefnir einnig í lokin stílgerð höfunda og segir: Ég er þeirrar skoðunar í dag einsog fyrir tuttugu árum, að mál og stíll þarfnist uppyngingaraðgerðar öðruhverju, til þess að hið ritaða orð staðni ekki og kalkist. [..] En við slíkar tilraunir ættu þeir jafnframt að kosta kapps um að beita „skynsamlegu viti“ og smekkvísi og ástunda að gera sér þess glöggva grein, hvort hin nýja sköpun hefur tekist sæmilega, eða hvort hún hefur farið í handaskolum, og kasta henni þá fyrir borð sem misheppnuðu og gagnslausu verki. Ekkert er rithöfundi hættulegra en forherðing gegn staðreyndum. Hún er frysting sálarlífsins og upphaf hins andlega dauða.''

Sjá einnig 
Íslensk málfræði
Nástaða
Ritstíll

Tilvísanir 

Þórbergur Þórðarson
Ritstíll"
837,Hvenær lagðist byggð endanlega af í Grunnavík á Jökulfirði?,Árið 1962.,,"Grunnavík er lítil vík í utanverðu fjarðarmynni Jökulfjarða. Þar er sumarábúð og rekin ferðaþjónusta að Sútarabúðum yfir sumarið. Þéttbýlt var áður í Grunnavík en síðustu ábúendur fóru þaðan árið 1962 en við það lagðist endanlega byggð af á Jökulfjörðum. Maríuhorn, sem er 350 metrar að hæð, setur sterkan svip á Grunnavík. Kirkja er á Stað í Grunnavík. Auk þess eru þar bæirnir Naust, Nes, Oddsflöt og svo Faxastaðir fram í dalnum, sem allir eru í eyði.

Á Stað var prestur á 19. öld, Hannes Arnórsson, sem segir frá í bók Friðriks Eggerz Úr fylgsnum fyrri aldar.

Í botni Grunnavíkur er Staðardalur, grösugur og stuttur dalur sem liggur milli tveggja fjalla, Geirsfjalls og Seljafjalls. Dalurinn er umkringdur 700 metra háum hamraveggjum á báða bóga. Í Staðardalsdrögum er Grænavatn.

Heimild 
 Grunnavík (vestfirdir.is)

Íslenskar eyðibyggðir
Ísafjarðardjúp
Víkur á Íslandi"
1043,Hvaða hlutverki gegndi Húsabakki í Svarfaðardal í menntun á 20. öld?,Þar var heimavistarskóli.,,"Húsabakki er hinn gamli barna- og unglingaskóli Svarfaðardalshrepps, nú Dalvíkurbyggð. Þetta var heimavistarskóli sem hóf göngu sína 1955 en var lagður af eftir miklar deilur 2004. 
Félagsheimilið og íþróttahúsið Rimar eru á sama stað og voru hluti af skólabyggingunum. Þarna var einnig til húsa bókasafn sveitarinnar. Skólabyggingarnar standa á brattri brekkubrún við jaðar Friðlands Svarfdæla neðan þjóðvegarins sunnan við Tjörn. Á síðustu árum hefur verið ýmis konar starfsemi á staðnum, samkomuhald, gistiþjónusta, aðstaða fyrir fundi, ráðstefnur, námskeið og fleira. Bandalag íslenskra leikfélaga hélt þar leiklistarskóla á hverju sumri frá 1997-2009. Nú er þar gistiheimili, fuglasafn og sýning og aðstaða fyrir fræðimenn í náttúrufræðum.

Um sögu skólahalds á Húsabakka, nemendur og kennara  má lesa í bókinni Svarfdælasýsl eftir Óskar Þór og Atla Rúnar Halldórssyni frá Jarðbrú.

 Náttúrusetrið Húsabakka 
 Húsabakki ehf.  

Svarfaðardalur"
16,Í hvaða landshluta Íslands er sérstaklega mikill fjöldi hrossa?,Á Norðurlandi vestra.,,"Heimsmet í hestaeign

Hestaeign í heiminum er óvíða meiri en á Íslandi. Húnvetningar eiga líklega heimsmet í fjölda hrossa á hvern íbúa.

Ingibjörg Sigurðardóttir lektor við háskólann á Hólum hefur rannsakað umfang og eðli hestamennsku á Norðurlandi vestra. Niðurstöður hennar gefa sterkar vísbendingar um vinsældir hestamennskunnar. Sterkar vísbendingar eru um að 40 þúsund manns stundi hestamennsku á Íslandi að staðaldri. ""Það eru eitthvað um rétt rúmlega 77 þúsund hross á Íslandi í dag. Það þýðir að það eru um 240 á hverja þúsund íbúa hér á landi,"" sagði Ingibjörg í sjónvarpsfréttum RÚV í kvöld. Þetta er mjög hátt hlutfall samanborið við önnur Evrópuríki. Svíar koma næstir á eftir Íslendingum þegar kemur að hestaeign, þar er 31 hestur á hverja þúsund íbúa.

""Ef við skoðum Norðurland vestra sérstaklega þá eru um 2600 hross á hverja 1000 íbúa sem þýðir að við erum með um 2,6 hross á hvern íbúa,"" segir Ingibjörg og bendir á að Húnvetningar séu í sérflokki í þessum efnum. ""Þar erum við með um 3500 hross á hverja þúsund íbúa. Sem þýðir að það eru rétt um 3,5 hross á hvern íbúa. Þannig að Húnvetningar eru afskaplega ríkir af hrossum,"" segir Ingibjörg og bætir við að líklega sé þetta einsdæmi."
1020,Hvaða íþróttagrein hefur Ungmennafélagið Hvöt á Blönduósi helst lagt áherslu á?,Knattspyrnu.,,"Ungmennafélagið Hvöt var stofnað 1924 og er staðsett á Blönduósi. Knattspyrna meistaraflokks hefur verið stunduð þar í tugi ára, mestmegnis hefur liðið spilað í neðstu deild Íslandsmótsins en árið 1987 komst liðið upp um deild í fyrsta skiptið þegar Hvöt varð 4. deildarmeistari, en sú gleði lifði einungis í eitt ár því liðið féll um deild jafnóðum árið eftir. Það var svo ekki fyrr en eftir 20 tilraunir eða árið 2007 að Hvöt komst aftur í 2. deild.  

Heimaleikir Hvatar fara fram á Blönduósvelli sem er í hjarta bæjarins. Hvöt hefur að vísu ekki alltaf spilað sína heimaleiki á Blönduósi en í 1-2 ár lék það á Bakkakotsvelli, íþróttasvæði Vorboðans sem er skammt norður af Blönduósi við bæinn Bakkakot. Ástæðan fyrir þessu er að á Blönduósi var malarvöllur harður og Umf. Vorboðinn byggði upp íþróttasvæði sitt með grasvelli. Hvatarmenn fengu afnot af vellinum þangað til Blöndósvöllur var tyrfður árið 1994.

Árangur mfl. karla 

2001 - 3.deild, 8 liða úrslit, féllu út gegn HK.
 Þjálfari: Ingvar Magnússon
 Markahæstir: 
 Kristján Blöndal 4 (6), 
 Björgvin Karl Gunnarsson 4 (12)
 Sveinbjörn Ásgrímsson 3 (12)

2002 - 3.deild, 3.sæti í C-riðli.
 Þjálfari: Helgi Arnarsson
 Markahæstir: 
 Heimir Baldursson 8 (10), 
 Óskar Snær Vignirsson 6 (12)
 Kristján Blöndal 2 (4), Þormóður Ingi Heimisson 2 (10), Reimar Marteinsson 2 (12), Ólafur Benediktsson 2 (12)

2003 - 3.deild, 4.sæti í C-riðli.
 Þjálfari: Helgi Arnarson
 Markahæstir: 
 Óskar Snær Vignirsson 12 (12), 
 Haraldur Ingi Hilmarsson 5 (15)
 Heimir Baldursson 4 (12)

 2004 - 3.deild, 8 liða úrslit, féllu út gegn Huginn.
 Þjálfari: Vilhjálmur Hans Vilhjálmsson
 Markahæstir: 
 Óskar Snær Vignirsson 17 (14), 
 Reimar Marteinsson 5 (11)
 Frosti Bjarnason 4 (14)

 2005 - 3.deild, 8 liða úrslit, féllu út gegn Reyni S.
 Þjálfari: Róbert Jóhann Haraldsson
 Markahæstir: 
 Róbert Jóhann Haraldsson 20 (14), 
 Óskar Snær Vignirsson 15 (14)
 Frosti Bjarnason 5 (13)

 2006 - 3.deild, 8 liða úrslit, féllu út gegn Magna Grenivík í vítaspyrnukeppni
 Þjálfari: Róbert Jóhann Haraldsson
 Markahæstir: 
 Danislav Jevtic 10 (11), 
 Milan Djurovic 10 (15)
 Frosti Bjarnason 7 (15)
 Helgi Óttarr Hafsteinsson 7 (12)

 2007 - 3.deild, 4 liða úrslit, tap gegn Gróttu - 5 lið komust upp úr 3.deild þetta ár.
 Þjálfari: Dragoslav Stojanovic
 Markahæstir: 
 Milan Djurovic 8 (14), 
 Ásgeir Örn Jóhannsson 5 (19)
 Óskar Snær Vignirsson 5 (19)

 2008 - 2.deild, 
 Þjálfari: Páll Einarsson (frá 29.júní - loka tímabils) Kristján Óli Sigurðsson (til 11.júní 2008)

 2009 - 2.deild, 
 Þjálfari: Jens Elvar Sævarsson

Tengt efni 
Ungmennasamband Austur-Húnvetninga (USAH)

Tenglar 
Heimasíða Hvatar 

Ungmennasamband Austur-Húnvetninga
Íslensk knattspyrnufélög"
856,Hvaða tíu tegundir af fiski eru helst veiddar með línuveiðum í íslenskum sjávarútvegi?,"Þorskur, steinbítur, ýsa, keila, grálúða, langa, ufsi, lúða, tindabikkja og túnfiskur.",,"Fiskilína hefur þróast frá  færinu og samanstendur af lóði,  taumum og  önglum/krókum. Á lóðinni eru 40-50 cm langir taumar með um eins og hálfs  metra millibili. Á enda taumanna er einn öngull.  Stærð önglanna fer eftir hvaða  fisktegund á að veiða. Hver lóð hefur um 100 öngla og 4 lóðir eru tengdar saman í svokallaðan  bjóð/ bala. Það er misjafnt eftir því hve skipin eru stór hvað notaðir eru margir balar allt frá 10 upp í 40 í einni setningu en þá getur línan verið allt að 22 km á lengd með 16,000  króka. Línan er látin liggja í 1-3 klst. og svo dregin um borð.  Það fer líka eftir því hvort balarnir eru handbeittir eða ekki. Illa hefur gefist að nota  gervibeitu við Ísland.  Beitan er oftast síld, loðna eða smokkfiskur en einnig er notaður makríll og kúfiskur. Línan er beitt sjálfvirkt í svonefndum línubeitingarvélum um leið og lagt er. Á  landróðrabátum er línan beitt í landi. Á línuveiðum er aðallega verið að veiða  þorsk,  steinbít,  ýsu,  keilu,  grálúðu,  löngu,  ufsa,  lúðu,  tindabikkju og  túnfisk.

Heimildir 
 Guðni Þorsteinsson (1980). Veiðar og veiðarfæri. Reykjavík: Almenna bókafélagið.
 Ingibjörg Jónsdóttar. Veiðarfæri. Sótt 9. apríl 2009 af Fiskar.is .

Tenglar 
 Skemmtilegar myndir af veiðarfærinu og frekari lýsingar.

Sjávarútvegur
Veiðarfæri"
1358,Hvaða fjallsrani gengur austur af Búlandstindi í Berufirði í um 700 m hæð?,Goðaborg.,,"Búlandstindur er 1069 metra hátt basaltfjall í Berufirði og er talinn vera um 8 milljón ára gamall.  og sumir trúa því að Búlandstindur sé orkustöð. 

Í um 700 m hæð austur af Búlandstindi gengur fjallsrani, Goðaborg, og er sagt að þangað upp hafi menn burðast með goð sín strax eftir kristnitökuna til þess að steypa þeim fram af fjallsgnípunni. Aðrar heimildir segja svo: Goðaborg heitir hamrastallur hátt uppi í Búlandstindi. Stallur þessi er norðaustan í fjallinu, fyrir ofan það mitt, og er sagður breiður og sléttur ofan. Bratt og harðsótt er upp þangað. Sumir segja vatn þar uppi nálægt, er þvegin hafi verið í innyfli þeirra dýra, sem þar var fórnað goðunum til árs og friðar.

Gönguleiðin  
Fjöldi fólks leggur leið sína á tindinn á hverju ári og reikna má með að þeir yrðu enn fleiri ef leiðin yrði merkt.  Best er að fara eftir vegarslóða sem liggur meðfram Búlandsá sunnanverðri og alveg inn að stíflu sem er innarlega á dalnum.  Þaðan er gengið beint upp grasi grónar brekkur og skriður innan við Stóruskriðugil í stefnu á skarð fyrir innan Búlandstind.  Þar á eftir rekur leiðin sig sjálf þar til efsta tindi er náð. Hátindurinn er mjór og brattur klettarimi og þar er útsýni feyki gott.  Mjög mikilvægt er að gæta þess að ganga ekki of langt til austurs ef eitthvað er að skyggni eða ef hált er, því að austurhlíð fjallsins er þverhnípt og hömrótt. Gott GSM samband er á tindinum.

Tenglar 

 Djúpivogur

Fjöll á Íslandi
Djúpivogur"
454,Hvaða ár var LP hljómplata með úrvali kórlaga flutt af Karlakór Reykjavíkur gefin út?,Árið 1981.,,"Karlakór Reykjavíkur - Úrvals kórlög  er 33 snúninga LP hljómplata gefin út af SG - hljómplötum árið 1981. Á henni flytur Karlakór Reykjavíkur úrvals kórlög. Hljóðritun: Pétur Steingrímsson. Ljósm: Ljósmyndastofa Þóris. Litgreining og prentun: Prisma, Hafnarfirði

Lagalisti 
 Áfram - Lag - texti: Árni Thorsteinsson - Hannes Hafstein - Hljómsveit aðstoðar. Útsetning: Páll P. Pálsson
 Á Sprengisandi - Lag - texti: Sigvaldi Kaldalóns   Grímur Thomsen - Útsetning: Einar Ralf. Einsöngur: Jón Sigurbjörnsson
 Gleðivísur - Lag - texti: Jón Leifs - Þjóðvísur 
 Í rökkurró hún sefur - Lag - texti: Björgvin Guðmundsson - Guðmundur Guðmundsson
 Svanasöngur á heiði - Lag - texti: Sigvaldi Kaldalóns - Steingrímur Thorsteinsson - Útsetning: Páll P. Pálsson. Píanó: Guðrún A. Kristinsdóttir. Einsöngur: Guðrún Á. Símonar
 Bára blá - Lag - texti: Íslenzkt þjóðlag - Magnús Grímsson - Útsetning: Páll P. Pálsson 
 Er sólin hnígur - Lag - texti: Árni Thorsteinsson - Hannes Hafstein - Einsöngur: Guðmundur Jónsson
 Ó Guð vors lands - Lag - texti: Sveinbjörn Sveinbjörnsson - Matthías Jochumsson
 Suðurnesjamenn - Lag - texti: Sigvaldi Kaldalóns - Ólína Andrésdóttir - Hljómsveit aðstoðar. Útsetning: Páll P. Pálsson Píanó: Guðrún A. Kristinsdóttir. Einsöngur: Jón Sigurbjörnsson 
 Í fögrum dal - Lag - texti: Emil Thoroddsen - Jón Thoroddsen - Hljómsveit aðstoðar. Útsetning: Páll P. Pálsson
 Yfir voru ættarlandi - Lag - texti: Sigfús Einarsson - Steingrímur Thorsteinsson
 Smalastúlkan - Lag - texti: Emil Thoroddsen - Jón Thoroddsen - Hljómsveit aðstoðar. Útsetning: Páll P. Pálsson
 Sveitin mín  - Lag - texti: Bjarni Þorsteinsson - Sigurður Jónsson
 Ísland ögrum skorið - Lag - texti: Sigvaldi Kaldalóns - Eggert Ólafsson

Karlakór Reykjavíkur 

SG-hljómplötur
Hljómplötur gefnar út árið 1981"
47,Hver var fyrsta steinkirkjan á Íslandi?,Þingeyrarkirkja.,,"Má ekki rugla saman við Þingeyrarkirkju. 
Þingeyrakirkja er fyrsta steinkirkja á Íslandi og stendur í Húnaþingi milli vatnanna Hóps og Húnavatns.  Kirkjan var reist af Ásgeiri Einarssyni alþingismanni og var vígð árið 1877

Um miðja 19. öldina bjó Ásgeir á Þingeyrum miklu rausnarbúi og byggði kirkjuna að mestu á eigin kostnað á árunum 1864-1877. Grjót í bygginguna lét hann uxa draga á ís yfir Hópið, enda lítið um grjót í landi Þingeyra. Kirkjuhvelfingin er bogadregin, blámáluð með gylltum stjörnum sem sagðar eru 1000 að tölu. Margir fornir og merkir gripir eru í kirkjunni og einnig eru ýmsir gripir úr henni á Þjóðminjasafninu. Sonur Ásgeirs var  Jón Ásgeirsson þjóðkunnur hestamaður, faðir  Ásgeirs Jónssonar frá  Gottorp. Sverrir Runólfsson Sverresen, hlaðlistarfrömuður, byggði kirkjuna.

Tengt efni 
 Þingeyrar
 Heimasíða kirkjunnar"
225,Hvers konar hús er fyrsta húsið á Íslandi sem var friðlýst?,Torfkirkja.,,"Núpsstaður er bær  í Skaftárhreppi   vestan við Lómagnúp. Á Núpsstað standa  gömul bæjarhús sem talin eru dæmigerð fyrir bæi á Íslandi. Þar er bænhús sem  er torfkirkja og byggt á  kirkju sem var byggð um 1650. Kirkja var aflögð á Núpsstað 1765. Árið 1930 var bænhúsið friðlýst. Það var fyrsta friðlýsta húsið á Íslandi. Árið 1961 var það endurvígt. Náttúrufegurð er mikil á Núpsstað og er staðurinn vinsæll viðkomustaður ferðafólks.

Heimildir 

 Gömul hús á Núpsstað,Árbók Hins íslenzka fornleifafélags,01.01.1969, Blaðsíða 15
 Núpsstaður (klaustur.is) 

Íslenskir sveitabæir
Skaftárhreppur"
339,Hvaða lag fékk 1. verðlaun í danslagakeppni SKT árið 1955?,Heillandi vor.,,"Marz-bræður og Ingibjörg Þorbergs er 78-snúninga hljómplata gefin út af Íslenzkum tónum árið 1957. Á henni syngur söngkvartettinn Marz-bræður lagið Bergjum blikandi vín og Ingibörg Þorbergs syngur lagið Heillandi vor með kvartettinum. Hljómsveit Jan Morávek leikur undir. Skapti Ólafsson tekur trommusóló í laginu Bergjum blikandi vín.
Marz-bræður eru þeir Magnús Ingimarsson, Ásgeir Sigurðsson, Sigurður Sívertsen og Vilhjálmur B. Vilhjálmsson. Platan er hljóðrituð í mono. Upptaka: Ríkisútvarpið. Pressun: AS Nera í Osló.

Lagalisti 
 Bergjum blikandi vín (From the vine came the grape..) - Lag - texti: Whitup, Cunningham -  Þorsteinn Sveinsson
 Heillandi vor - Lag - texti: Óðinn Þórarinsson - Þorsteinn Sveinsson -

Heillandi vor 
Lagið Heillandi vor fékk 1. verðlaun í danslagakeppni SKT árið 1955. Ingibjörg söng lagið í keppninni, en sú útsetning sem heyrist á plötunni, með Ingibjörgu og Marz-bræðrum, var fyrst leikin í Revíukabarett Íslenskra tóna á Austurbæjarbíói 1955.

Íslenzkir tónar
Hljómplötur gefnar út árið 1957"
1406,Hver var vígður fyrsti ábóti Munkaþverárklausturs?,Nikulás Bergþórsson.,,"Árið 1155 (MCLV í rómverskum tölum)

Á Íslandi 

 Munkaþverárklaustur var stofnað. Nikulás Bergþórsson var vígður ábóti.

Fædd
 Páll Jónsson, Skálholtsbiskup (d. 1211).
 Þorvaldur Gissurarson, kanoki í Viðeyjarklaustri (d. 1235).

Dáin

Erlendis 
 Friðrik rauðskeggur var krýndur keisari hins Heilaga rómverska ríkis.
 Páfabullan Laudabiliter veitti Englandskonungi yfirráð yfir Írlandi.

Fædd
 28. febrúar - Hinrik ungi, ríkisarfi Englands, sonur Hinriks 2. (d. 1183).
 11. nóvember - Alfons 8., konungur Kastilíu (d. 1214).
 Gregoríus IX (Ugolino di Conti) páfi (d. 1241).
 Sesselja Sigurðardóttir, dóttir Sigurðar munns Noregskonungs, móðir Inga Bárðarsonar og Hákonar galins (d. 1186).

Dáin
 6. febrúar - Sigurður munnur, Noregskonungur (f. 1133).

1155
1151-1160"
998,Hvert er elsta starfandi heimilið fyrir aldraða á Íslandi?,Grund.,,"Grund, dvalar- og hjúkrunarheimili (hét áður  Elli- og hjúkrunarheimilið Grund) er elsta starfandi heimili fyrir aldraða hér á landi. 

Hvatamenn að stofnun Grundar voru stjórnarmenn líknarfélagsins Samverjans, Sigurbjörn Ástvaldur Gíslason guðfræðingur, Flosi Sigurðsson trésmíðameistari, Páll Jónsson skrifstofumaður, Haraldur Sigurðsson verslunarmaður og Júlíus Árnason kaupmaður. Í byrjun september 1922 keypti stjórn Samverjans steinhúsið Grund, sem stóð vestan við Sauðagerðistún, eða við Kaplaskjólsveg og var húsið vígt 29. október sama ár. Í upphafi voru heimilismenn 21. 

Sumarið 1927 úthlutaði bæjarstjórn Reykjavíkur heimilinu lóð milli Hringbrautar og Brávallagötu. Nýtt hús var vígt 28. september 1930 og nefnt Grund, eins og gamla húsið við Kaplaskjólsveg. Fjöldi heimilismanna á þeim tíma var 56. Árið 1934 voru heimilismenn orðnir 115.

Fyrsti framkvæmdastjóri Grundar var Haraldur Sigurðsson. Eftir andlát hans árið 1934 var Gísli Sigurbjörnsson ráðinn forstjóri heimilisins og var það þar til hann lést 7. janúar 1994. Guðrún Birna Gísladóttir dóttir Gísla tók þá við sem forstjóri Grundar og gegnir hún því starfi enn í dag.

Árið 1952 tók Grund að sér rekstur Dvalarheimilisins Áss í Hveragerði fyrir elliheimilisnefnd Árnessýslu. Það heimili var rekið í tveimur húsum og heimilismenn voru þrettán fyrsta árið. Í dag er Ás í eigu Grundar og árið 1998 var tekið í notkun nýtt hjúkrunarheimili í Ási. Heimilismenn í Ási eru um 156.

Heimilismenn Grundar eru nú um 210. Hjúkrunarrýmin eru samtals 181 
Húsakosti á Grund er skipt í fernt
 Aðalbygging sem snýr út að Hringbraut en þar eru  5 hjúkrunardeildir 
 Minni Grund
 Litla Grund
 4 hjónaíbúðir á Brávallagötu 42

Viðbygging við austurálmu Grundar var tekin í notkun 29. október 2002 á 80 ára afmæli heimilisins.  Ári síðar var viðbygging við vesturálmu tekin í notkun. Lokið er við byggingu glergangs sem tengir Litlu- og Minni Grund við aðalbygginguna.

Rúmlega 300 manns eru starfandi á Grund og eru starfsmenn frá 19 þjóðlöndum.

Heimild 
 Grund, dvalar- og hjúkrunarheimili
Öldrunarstofnanir
Stofnað 1922
Vesturbær Reykjavíkur"
420,Hvert er starfsheiti Kristbjargar Þorkelínu Kjeld?,Leikkona.,,"Kristbjörg Þorkelína Kjeld (fædd 18. júní 1935 í Reykjavík) er íslensk leikkona. Kristbjörg er ein þekktasta og reynslumesta leikkona landsins en leikferill hennar spannar tæp 70 ár en hún steig fyrst á svið árið 1955.

Ævi 
Kristbjörg fæddist í Reykjavík en ólst upp í Innri-Njarðvík til fermingaraldurs en fluttist þá til Hafnarfjarðar og hóf nám við Flensborgarskóla. Foreldrar Kristbjargar voru Jóna Guðrún Finnbogadóttir Kjeld (1911-1994) húsmóðir og Jens Sófus Matthíasson Kjeld (1908-1980) smiður fæddur í Færeyjum. 

Kristbjörg lauk námi frá Leiklistarskóla Þjóðleikhússins árið 1958 og var áheyrnarnemandi við Leiklistarskóla Konunglega leikhússins í Kaupmannahöfn frá 1959-1960. Árið 1992 lauk hún námi í uppeldis- og kennslufræðum frá Kennaraháskóla Íslands. 

Kristbjörg gekk í hjónaband með Guðmundi Steinssyni (1925-1996) leikritahöfundi árið 1962. Þau eignuðust eina dóttur, Þórunni (f. 1974) sem þau ættleiddu frá Kolumbíu árið 1974 en fyrir átti Kristbjörg soninn Jens Guðjón (f. 1954).

Starfsferill 
Eftir að Kristbjörg lauk námi við Flensborgarskólann starfaði hún um tíma í verslun í Hafnarfirði og á skrifstofu leigubílastöðvarinnar Hreyfils.

Leikferill hennar spannar tæp 70 ár en fyrsta hlutverk hennar var þegar hún var 15 ára gömul og lék heimskonu í verkinu Aumingja Hanna sem sýnt var hjá áhugaleikfélagi í Hafnarfirði. Hún var fastráðinn leikkona í Þjóðleikhúsinu frá 1957-2005 en hefur einnig leikið í Borgarleikhúsinu, hjá Leikfélagi Akureyrar og Frú Emilíu. Hún var einn af stofnendum leikhópsins Grímu árið 1962 og leikstýrði með hópnum. Á árunum 1986-1998 var hún kennari við Leiklistarskóla Íslands.

Kristbjörg hefur leikið í fjölda íslenskra kvikmynda og meðal þekktustu hlutverka hennar má nefna hlutverk í kvikmyndunum 79 af stöðinni árið 1962 og í Mamma Gógó árið 2010.

Hún lét af störfum hjá Þjóðleikhúsinu vegna aldurs árið 2005 þá sjötug en frá þeim tíma hefur hún leikið í fjölda verka á sviði, í sjónvarpi og kvikmyndum.

Ferill í kvikmyndum og sjónvarpsþáttum

Viðurkenningar 

 1996 - Menningarverðlaun DV fyrir hlutverk Möllu í Taktu lagið Lóa.
 1998 - Riddarakross Hinnar íslensku fálkaorðu fyrir leiklistarstörf.
 2001 - Edduverðlaun sem besta leikkona í aukahlutverki í kvikmyndinni Mávahlátur
 2004 - Edduverðlaun sem besta leikkona í aukahlutverki í kvikmyndinni Kaldaljós
 2011 - Besta leikkonan á alþjóðlegu kvikmyndahátíðinni Funchal IFF á Madeira fyrir hlutverk í myndinni Mamma Gógó
 2013 - Grímuverðlaun sem besta leikkona í aðalhlutverki fyrir Jónsmessunótt í Þjóðleikhúsinu
 2014 - Heiður­sverðlaun Leik­list­ar­sam­bands Íslands fyr­ir ævi­starf í þágu sviðslista á Íslandi
 2017 - Heiðursverðlaunahafi Menningarverðlauna DV
 2020 - Grímuverðlaun sem besta leikkona í aukahlutverki fyrir hlutverk í Er ég mamma mín?

Tenglar 
 Umfjöllun á IMDB
 Um líf og list Kristbjargar Kjeld  Rúv

Tilvísanir 

Íslenskar leikkonur
Handhafar riddarakross Hinnar íslensku fálkaorðu
Handhafar Grímunnar
Handhafar Edduverðlaunanna
Íslenskar leikkonur"
36,Við hvaða félög fengu lífsskoðunarfélög jafna stöðu með nýjum lögum á Íslandi?,Trúfélög.,,"Breytingar á lögum um trúfélög

Staða lífsskoðunarfélaga verður jöfn trúfélögum samkvæmt frumvarpi sem innaríkisráðherra hefur kynnt í ríkisstjórn. Þá geta börn frá fæðingu tilheyrt lífsskoðunarfélögum eða staðið utan trúfélaga eða lífsskoðunarfélaga.

Yfirlýst markmið með frumvarpinu er að jafna stöðu trúfélaga og lífsskoðunarfélaga. Lífsskoðunarfélag er til dæmis félagið Siðmennt, sem hefur meðal annars staðið fyrir borgaralegum fermingum, en sem hefur ekkert með trúmál að gera. Staða slíkra félaga mun breytast talsvert ef frumvarpið verður að lögum.

Sóknargjöld þeirra sem standa utan trúfélaga og sem nú renna beint í ríkissjóð verða greidd til þeirra félaga sem viðkomandi tilheyrir. Þá fá forstöðumenn lífsskoðunarfélaga sama rétt og prestar að annast hjónavígslur og að sjá um að gefa börnum nafn. Þá má nefna að samkomuhús skráðra lífsskoðunarfélaga verða undanþegin fasteignaskatti líkt og kirkjur og bænahús þjóðkirkjunnar og annara skráðra trúfélaga.

Ákvæði um að nýfædd börn skuli sjálfkrafa tilheyra sama trúfélagi og móðir verður fellt niður. Meginreglan verður sú að foreldrar taki sameiginlega ákvörðun um hvaða trúfélagi eða lífsskoðunarfélagi barnið skuli tilheyra. Ef foreldrar eru ekki í hjúskap eða skráðri sambúð þegar barnið fæðist er það foreldrið sem fer með forsjá barnsins sem ákveður hvaða félagi það tilheyrir."
1045,Á hvaða öld barst siðurinn að borða bollur á bolludag líklega til Íslands?,19. öld.,,"Bolludagur er mánudagurinn í föstuinngangi, 7 vikum fyrir páska, en föstuinngangur kallast síðustu þrír dagarnir fyrir lönguföstu, sem hefst á miðvikudegi með öskudegi. 

Algengt var í kaþólskum sið að fastað væri á kjöt dagana tvo fyrir lönguföstu og var það boðið í þjóðveldislögunum. Önnur merki um siði tengda þessum degi er ekki að finna fyrr en á 19. öld. Í Sturlungu og biskupasögum er talað um „að fasta við hvítan mat“ (mjólkurmat) í föstuinngang. Líklegt er að menn hafi nýtt sér þessa daga fyrir langt föstutímabil til að gæða sér á ýmsu góðgæti, ekki síst brauðmeti. Í dönskum heimildum frá því um 1700 er talað um hveitibollur sem muldar eru og hrærðar með mjólk og smjöri og borðaðar í föstuinngang. Bolluát og feitmetisát virðist á öðrum Norðurlöndum reyndar hafa verið meir bundið við þriðjudaginn næsta í föstu. En á Íslandi hafa menn bundið þennan sið við mánudaginn, sennilega til að trufla ekki hefðbundinn matarsið sprengidagsins. Á síðustu áratugum hefur bolluátið þó færst að hluta yfir á sunnudaginn.

Bolludagur á Íslandi 
Flengingar og bolluát berst líklega til Íslands fyrir dönsk eða norsk áhrif á síðari hluta 19. aldar, líklega að frumkvæði þarlendra bakara sem settust hér að. Heitið Bolludagur er ekki þekkt fyrr en eftir aldamót og mun orðið til hérlendis. Upphaflega bárust siðirnir að slá köttinn úr tunnunni og að marsera í grímubúningum frá Danmörku fyrir 1870 en lagðist víðast hvar af eftir aldamótin. Þessir siðir héldust samt áfram á Akureyri en 1915 færðust þeir yfir á öskudaginn og hafa síðan smásaman breiðst þaðan út aftur sem öskudagssiðir. Heitið bolludagur sést fyrst á prenti 1910 en annars var dagurinn oft kallaður flengingardagur.

Maskadagur
Á Ísafirði, Bolungarvík og nágrenni færðust ekki allir siðir bolludagsins yfir á öskudag. Þar viðhélst sá siður að strákar klæddu sig upp og gengu í hús með leik, söng og betli líkt og krakkar gera á öskudaginn. Þar heitir þessi dagur Maskadagur og má rekja uppruna hanns aftur til síðari hluta 19. aldar líkt og bolludaginn og hefur hann haldist síðan. Upp úr 1940 var farið að halda grímudansleiki og krakkar eignuðust daginn en upphaflega tóku fullorðnir líka þátt í leiknum og hefur þessi siður haldist síðan. Ólíkt þeim söng sem tíðkast á öskudaginn var líka sú hefð áður fyrr að leika stutt leikrit og átti þá sá sem verið var að betla af að geta sér til um hverjir það væru sem földu sig bakvið grímur og búninga. Sá siður hefur þó lagst af og grímubúningar og söngur eins og á öskudeginum tekið alfarið við. Lengst af var bara gengið í hús en í seinni tíð hafa krakkar farið að fara í verslanir og fyrirtæki fyrri part dags líkt og tíðkast á öskudaginni en á kvöldin er gengið í heimahús. Sökum þessa fá krakkarnir frí á Sprengidag, enda stendur dagurinn yfir fram á kvöld, en ekki á Öskudag líkt og tíðkast annarstaðar á landinu. Tilheirandi Maskadagsböll eru haldin þennan dag þar sem krakkar jafnt sem fullorðnir koma saman uppáklædd í búningum til að skemmta sér.

Bolluát á bolludag 
Á Íslandi hefur tíðkast í yfir hundrað ár að borða bollur á þessum degi og í Þjóðólfi 1910 er talað um bolluát á bolludaginn. Þó mun það hafa þekkst eitthvað áður og í matreiðslubók Þ.A.N. Jónsdóttur frá 1858 er uppskrift að langaföstusnúðum, þ.e. bolludagsbollum. Reykvísk bakarí fara að auglýsa bollur á bolludaginn á öðrum áratug aldarinnar og í Morgunblaðinu 1915 er kvartað yfir hnignun bolludagsins: „... það eina sem virðist vera eftir af kætinni frá fyrri tímum á »bolludaginn«, er óhemju kökuát barnanna — og full búðarskúffan af smápeningum hjá bökurum bæjarins. »Bollan« kostar því miður þrjá tveggeyringa í þetta sinn!“

Áætlað hefur verið að íslenskir bakarar baki um eina milljón bolla fyrir bolludaginn en einnig eru margir sem baka bollur heima. Bollurnar eru nú oftast bornar fram með sultu og rjóma innan í og hattur bollunnar skreyttur með súkkulaðihulu eða glassúr en þó eru margar aðrar útgáfur til. Tvær tegundir af bollum eru algengastar: vatnsdeigsbollur (sem eru mjúkar og frauðkenndar) og gerbollur (sem eru öllu fastari í sér). Bollur bolludagsins breytast lítið frá ári til árs, en bolluskrautið breytist alltaf lítillega eftir smekk tímans. Í Morgunblaðinu 1935 auglýsir bakaríið Freia til dæmis eftirfarandi bollutegundir á bolludeginum: 
Rjómabollur, rommbollur, krembollur, súkkulaðibollur, rúsínubollur, vínarbollur, hveitibollur. 

Ýmsir hafa líka þann sið að borða fisk- eða kjötbollur á bolludaginn og má rekja það að minstakosti aftur á fjórða áratug 20. aldar en þá auglýsti niðursuðuverksmiðja S.Í.F. fiskbollur á bolludaginn undir slagorðinu: „Gerið bolludaginn þjóðlegan“. Fyrst og fremst hafa það þó verið rjóma-og krembollur sem einkennt hafa mataræðið þennan dag.

Bolluvendir 
Það er einnig rík hefð fyrir því að föndraðir séu bolluvendir, oftast úr litríkum pappírsræmum sem límdar eru á prik. Börn flengja svo foreldra sína með eða forráðamenn með vendinum og hrópa: „Bolla! Bolla! Bolla!“. Sá siður að vekja menn með flengingum á bolludaginn er talinn hafa borist til Danmerkur frá mótmælendasvæðunum í norðanverðu Þýskalandi og síðan til Íslands með dönskum kaupmönnum á 19. öld. Í upphafi taldist flenging ekki gild nema flengjarinn væri alveg klæddur og fórnarlambið óklætt, og því ekki óalgengt að börn vöknuðu snemma til að geta „bollað“ foreldra sína í rúminu. Sá sem er flengdur getur losnað undan þjáningunum með því að gefa bollu í staðinn, og fyrir hvert högg átti barnið að fá eina bollu. 

Flengingar þessar eiga sér líklega kaþólska fyrirmynd í táknrænum hirtingum á öskudag. Vöndurinn minnir á stökkul sem notaður var til að dreifa vígðu vatni við föstuinngang. Sumir telja hýðingarnar upprunalega lið í frjósemisgaldri og með þeim eigi að vekja alla náttúruna til lífs og starfa þegar vorið sé í nánd.

Dagsetningar bolludags á næstu árum 
  - 
  - 
  -

Tilvísanir

Tengt efni 
 Langafasta
 Sprengidagur
 Öskudagur

Heimildir

Tenglar 

 Uppskrift að vatnsdeigsbollum. 
 Heimatilbúnar bollur fyrir bolludaginn; grein í Morgunblaðinu 1956

Dagatal
Kristnar hátíðir
Hræranlegar hátíðir"
1058,Hvaða tónlistarstefnu tilheyrir hljómsveitin Forgarður Helvítis?,Grindcore-pönk.,,"Forgarður Helvítis er íslensk grindcore-pönksveit sem var stofnuð árið 1991. Hljómsveitin hefur gefið út eina breiðskífu og nokkrar demó-upptökur. Efni frá Forgarðinum hefur komið út á fjölmörgum safn-plötum/-diskum/-spólum víðsvegar um heiminn.

Sagan 
Forgarður Helvítis var stofnuð árið 1991 af frændunum Vernharði og Sigurgrími. Innblásnir af grófustu framvarðasveitum rokksins á þessum tíma fengu þeir til liðs við sig frændur sína Magnús trommuleikara og Sigurð, Sigga Pönk, textasmið. Auk þess var Kári fenginn sem bassaleikari.

Fyrstu tónleikar Forgarðsins voru haldnir í kjallara Fjölbrautaskóla Suðurlands. Tónleikahald hefur löngum verið fastur en óreglulegur liður í starfsemi sveitarinnar en Sigurður Pönkari hefur í gegn um tíðina verið ötull skipuleggjari neðanjarðarrokktónleika. Þegar fram liðu stundir ílentist Kári bassaleikari erlendis svo fenginn var liðsauki í Magnúsi Pálssyni, sem reyndist einnig tilheyra frændgarði Garðverja.

Meðlimir
 Sigurður Harðarson - söngur (1991-)
 Vernharður Reynir Sigurðsson - gítar (1991-)
 Magnús Másson - trommur (1991-2001, 2003-)
 Magnús Halldór Pálsson - bassi (1998-)
 Ólafur Árni Másson - Gítar (2005-)

Fyrrverandi meðlimir 
 Kári Örlygsson - bassi (1991-1998)
 Sigurgrímur Jónsson - gítar (1991-2007), trommur (2001-2002)

Afleysingameðlimir 
 Kristján Einar Guðmundsson - trommur (2002)

Útgáfur

Breiðskífur 
 Gerningaveður (2002)

Safnplötur 
 dordingull.com (2002)
 Afmæli í Helvíti (2001)
 Helvíti sessions (2000)
 Suðurlandsskjálftinn (1993)

Demó 
 Brennið kirkjur (1995)

Tenglar 
Opinber vefsíða Forgarðs Helvítis
Glatkistan

Íslenskar þungarokkshljómsveitir"
1433,Hverjir stofnuðu sumarbúðirnar við Ástjörn og hvenær?,Arthur Gook og Sæmundur G. Jóhannsson.,,"Ástjörn er líka heiti vatns í Hafnarfirði.

Ástjörn eru sumarbúðir sem starfræktar eru í þjóðgarðinum við Jökulsárgljúfur við samnefnt vatn í næsta nágrenni við Ásbyrgi. Arthur Gook, enskur trúboði stofnaði sumarbúðirnar 1946 ásamt Sæmundi G. Jóhannssyni. Sumarbúðirnar eru starfræktar af Sjónarhæðarsöfnuði.

Fyrstu árin
Arthur Gook, gjarnan kenndur við Sjónarhæð, var búsettur á Akureyri frá árinu 1905 en þangað kom hann til að stunda kristniboð. Að hans frumkvæði var reistur hermannabraggi í skjólgóðum reit við vatnið Ástjörn í Kelduhverfi. Þar hafði hann hug á að starfrækja sumarbúðir og fengið til þess leyfi hjá landeigandanum Sigríði Jóhannesdóttur, húsfreyju í Ási.

Sumarið 1946 dvöldu 13 börn í sumarbúðum á Ástjörn, fimm drengir aðra vikuna og átta stúlkur hina vikuna. Dvöl í eina viku kostaði 63 krónur.

Bogi á Ástjörn
Í febrúar 1960 fól Sjónarhæðarsöfnuður Boga Péturssyni að fara með forstöðu starfsins en Bogi hafði aðstoðað Arthur og Sæmund frá upphafi við starfið. Bogi var forstöðumaður í 40 ár. Í tíð Boga voru allt að eitthundrað börn í sumarbúðunum í senn og naut hann dyggrar aðstoðar sjálfboðaliða frá Færeyjum sem og úr eigin fjölskyldu.

Ástjörn í dag
Í dag býðst strákum og stelpum á aldrinum 6 til 16 ára að dvelja í sumarbúðum við Ástjörn.

Tenglar
 Vefsíða Ástjarnar
 Ástjörn 40 ára, Norðurljósið, 1.-12. tölublað (01.01.1986), Blaðsíða 2

Norður-Þingeyjarsýsla
Íslenskar sumarbúðir"
320,Hvaða notkun hefur Fosssel haft síðan síðustu ábúendur fóru þaðan?,Hún hefur verið notuð til skógræktar.,,"Fosssel er eyðibýli á vestanverðri Fljótsheiði í Þingeyjarsveit. Fosssel var öldum saman hjáleiga og heimaland kirkjunnar á Helgastöðum í Þingeyjarsveit (Reykjadal, áður Helgastaðahreppi). Talið er líklegt að Fosssel hafi byggst snemma á öldum, en ekki vitað nákvæmlega hvenær það byggðist fyrst. Var byggð þar nokkuð samfelld, einkum á átjándu, nítjándu og tuttugustu öld.

Síðustu ábúendur í Fossseli voru hjónin Hólmgeir Björnsson og Guðfinna Sigurjónsdóttir. Þau fóru úr Fossseli vorið 1936. Hefur jörðin ekki verið í byggð síðan og er nú í eigu íslenska ríkisins. Hún hefur verið notuð til skógræktar allt frá miðri tuttugustu öld. Skógræktarfélag Suður-Þingeyinga hefur ræktað þar skóg frá 1943.

Tilvísanir

Þingeyjarsveit
Eyðibýli á Norðurlandi
Skógrækt á Íslandi"
1240,Hver var samstarfsmaður Árna Magnússonar við gerð Jarðabókarinnar frá 1702 til 1712?,Páll Vídalín.,,"Páll Vídalín (f. 1667, d. 18. júlí 1727) var lögmaður, sýslumaður og skáld í Dalasýslu og Strandasýslu og bjó lengst af í Víðidalstungu. Hann var samstarfsmaður Árna Magnússonar við gerð Jarðabókarinnar 1702-1712. Páll var eitt af helstu skáldum sinnar tíðar og er þekktur fyrir lausavísur sínar.

Páll var sonur Jóns Þorlákssonar lögréttumanns í Víðidalstungu (sem var sonarsonarsonur Guðbrandar Þorlákssonar biskups) og konu hans, Hildar Arngrímsdóttur lærða Jónssonar. Páll lærði við Kaupmannahafnarháskóla í þrjú ár, tók próf í guðfræði 1688 og kom síðan aftur til Íslands. Hann hafði meðferðis konungsbréf um að hann skyldi fá skólameistaraembættið í Skálholtsskóla en sá sem gegndi því þá, Þórður Þorkelsson Vídalín frændi hans, vildi ekki sleppa því og fékk Páll ekki embættið fyrr en 1690. Hann var skólameistari til 1697. Vorið eftir varð hann sýslumaður í Dalasýslu og sama ár varalögmaður sunnan og austan. Lögmaður varð hann svo 1706.

Árið 1702 var Páll, ásamt Árna Magnússyni, skólabróður sínum frá Kaupmannahöfn, settur í nefnd og áttu þeir að rannsaka allt ástand Íslands. Þeir áttu meðal annars að taka saman jarðabók með nákvæmum upplýsingum um hverja einustu jörð á landinu. Þetta verk var unnið á tólf árum og vann Páll meginhluta þess. Ennfremur áttu þeir að sjá til þess að tekið yrði allsherjarmanntal og er manntalið 1703 hið fyrsta sinnar tegundar í heiminum. Þeir áttu líka að meta tekjur presta og kirkna, kanna þörf á holdsveikraspítölum, athuga jarðeignir konungs, kanna rekstur Bessastaða, kanna framferði kaupmanna gegn landsmönnum, meta kærur almennings gegn embættismönnum og ríkismönnum og skrifa greinargerð um réttarfar.

Starfinn var því ærinn og jarðabókavinnan dróst á langinn og tók mun lengri tíma en ætlað hafði verið. Jarðabók Árna Magnússonar og Páls Vídalíns var ekki fullgerð fyrr en 1713. Þeir félagar lentu í útistöðum við flesta eða alla helstu valdsmenn landsins nema biskupana. Páll átti oft í hörðum deilum, lenti meðal annars í málaferlum við Odd Sigurðsson lögmann og var vikið úr lögmannsembætti um tíma. Skýrslugerð og önnur vinna þeirra félaga varð ekki til þess að umbótum væri komið á en skilaði aftur á móti ómetanlegum heimildum um íslenskt þjóðfélag og landshætti á fyrsta áratug 18. aldar.

Páll var mjög fróður um bæði lögfræði og fornfræði og skrifaði meðal annars Skýringar yfir fornyrði Jónsbókar og fleiri verk. Hann var skáld gott bæði á íslensku og latínu. Hann var sagður einn vitrasti maður sinnar tíðar. „Lærður maður og stórvitr, en haldinn nokkuð grályndur“, segir Espólín. Hann dó á Alþingi 1727.

Kona Páls var Þorbjörg Magnúsdóttir (20. febrúar 1667 - 19. maí 1737 (drukknaði)), dóttir Magnúsar digra Jónssonar í Ögri og konu hans Ástríðar Jónsdóttur. „Ekki samdi þeim heldur en foreldrum Þorbjargar og það varð ættgengt“, segir Espólín. Á meðal barna þeirra voru Hólmfríður kona Bjarna Halldórssonar sýslumanns á Þingeyrum, og Jón Vídalín Pálsson sýslumaður, sem varð úti á Hjaltadalsheiði 1726.

Heimildir 
 
 

Íslenskir lögfræðingar
Íslensk skáld
Vídalínsætt"
1726,Hvenær lést höfðinginn Skarðs-Snorri Narfason?,13. september 1260.,,"Snorri Narfason eða Skarðs-Snorri (um 1175 – 13. september 1260) var íslenskur höfðingi á 13. öld. Hann bjó á Skarði á Skarðsströnd og segir Sturlunga hann hafa verið auðugasta mann í Vestfjörðum.

Snorri var sonur Narfa Snorrasonar á Skarði, sonar Snorra Húnbogasonar, og konu hans Guðrúnar Þórðardóttur. Þórður bróðir hans var tengdafaðir Sturlu Þórðarsonar. Snorri var prestvígður og stundum kallaður Snorri Skarðsprestur. Hann var friðsamur eins og Skarðverjar voru flestir og tókst að komast óskaddaður hjá öllum erjum og ófriði Sturlungaaldar en var oft fenginn til að reyna að koma á griðum og sættum eða dæma í málum. Hann var þó góður vinur Sighvatar Sturlusonar og Sturlu sonar hans og voru synir hans oft með Sturlungum í herferðum þeirra.

Kona Snorra var Sæunn Tófudóttir og áttu þau nokkra syni. Bárður og Sigmundur hlutu báðir örkuml í Örlygsstaðabardaga og lágu á Silfrastöðum um veturinn. Seinna stýrðu þeir búi sem faðir þeirra átti á Reykhólum og þar var Bárður drepinn með Tuma Sighvatssyni 1244 en um Sigmund er ekki vitað. Bjarni Snorrason bjó í Skarði eftir föður sinn, sem varð gamall og dó 1260. Narfi Snorrason var prestur á Kolbeinsstöðum en tveir af þremur sonum hans, Þórður og Snorri, bjuggu á Skarði.

Heimild 
 

Skarðverjar
Sturlungaöld
Dalasýsla
Skarðsströnd"
814,Hvaða félag stóð að stofnun Moskunnar í Reykjavík?,Félag múslíma á Íslandi.,,"Moskan í Reykjavík er íslömsk moska sem er í Reykjavík á Íslandi. Moskan var stofnuð árið 2002 að frumkvæði Félags múslima á Íslandi.

Starfsemi 

Félag múslima á Íslandi greiðir fyrir rekstur moskunnar í Reykjavík. Í moskunni eru föstudagsbænir eða djúma og líka bænir að nóttu til. Salmann Tamimi frá Palestínu var imam moskunnar og formaður félagsins þar til hann lést árið 2020.

Saga 

Árið 2000 fór félagið þess á leit við borgarstjórn Reykjavíkur að félaginu yrði úthlutað lóð til byggingar mosku, skv. 5. gr. laga um Kristnisjóð o.fl.. Árið 2006, þegar lóðinni hafði enn ekki verið úthlutað, hafði bandaríska utanríkisráðuneytið uppi efasemdir um að töfin ætti sér lögmætar skýringar. Árið 2007 gerði Evrópuráðið gegn kynþáttamisrétti (ECRI) athugasemd við að lóðinni hefði enn ekki verið úthlutað. Athugasemdirnar voru ítrekaðar í landsskýrslu ráðsins árið 2012. Reykjavíkurborg úthlutaði loks lóð til byggingar moskunnar árið 2013, þegar einnig var gert ráð fyrir henni í nýju aðalskipulagi. 
Lóðin er við Suðurlandsbraut og árið 2019 var gefið leyfi fyrir tæplega 700 fermetra byggingu.

Deilur 

Í júní 2012 var bréfi dreift í hús í grennd við fyrirhugaða lóð undir mosku, með yfirskriftinni „Mótmælum mosku á Íslandi“. Samkvæmt lýsingu var í síðuhaus „mynd af mosku með hauskúpu í forgrunni og blóð rennur út um munn hauskúpunnar“.

Í júlí 2013 fjallaði Morgunblaðið um hópinn „Mótmælum mosku á Íslandi“ sem stofnaður hafði verið á Facebook og tæplega 2.000 manns höfðu þá „líkað“ við. Skömmu síðar greindi Vísir frá því að fólk hefði verið hvatt til að „líka“ við síðuna á alþjóðlegu spjallsvæði nýnasista.

Í nóvember árið 2013 var afskornum svínshöfðum dreift um lóðina sem úthlutað hafði verið undir moskubygginguna, ásamt eintaki af Kóraninum sem atað hafði verið blóði. Einn mannanna sem voru að verki, Óskar Bjarnason, lýsti verknaðinum á hendur sér. Rannsókn lögreglu á málinu lauk án kæru.

Kosningar 2014 

Seinni hluta maí, 2014, sagðist Sveinbjörg Sveinbjörnsdóttir, efsti frambjóðandi Framsóknarflokksins í kosningum til borgarráðs í Reykjavík, vilja beita sér fyrir því að úthlutun lóðarinnar yrði afturkölluð. Sagði Sveinbjörg meðal annars: „Á meðan við erum með þjóðkirkju eigum við ekki að úthluta lóðum undir hús eins og moskur eða kirkjur fyrir grísku réttrúnaðarkirkjuna“. Á facebook-hópnum „Mótmælum mosku á Íslandi“ var í kjölfarið lýst yfir stuðningi við Framsóknarflokkinn í kosningunum.

Meðal þeirra sem andmæltu málflutningi Sveinbjargar var Samband ungra framsóknarmanna, sem lýsti yfir „fullkomnu vantrausti“ á oddivtanum „vegna framgöngu hennar í málefnum sem varða lóðarúthlutanir fyrir trúfélög“. Yfirlýsingin hvarf af vefsíðu félagsins um hálftíma eftir birtingu. Hreiðar Eiríksson hætti við framboð með flokknum í kjölfar mosku-ummælanna. Sigrún Magnúsdóttir, þingflokksformaður Framsóknarflokksins, sagði afstöðu oddvitans í Reykjavík ganga þvert á stefnu flokksins. Gunnar Bragi Sveinsson, þingmaður Framsóknarflokksins og utanríkisráðherra tók undir með Sigrúnu. Guðrún Bryndís Karlsdóttir sagðist í grein hafa hætt við framboð með flokknum á undirbúningsstigi, vegna fyrirætlaðrar áherslu á andstöðu við byggingu moskunnar.

Þá andmælti biskup Íslands, Agnes M. Sigurðardóttir, málstað frambjóðanda Framsóknarflokksins og sagði: „Það er sjálfsagt mál að fólk hafi stað til að koma á og lofa sinn guð. Ég hef enga skoðun hvar moska á að vera í Reykjavík. Mér finnst sjálfsagt að múslimar fái að hafa sinn helgistað.“

Í kjölfar kosninganna kærði Salman Tamimi, fyrrum formaður Félags múslima á Íslandi, ummæli sem þá höfðu birst um hann í spjallþráðum, sem morðhótanir.

Heimildir

Tenglar 
 Íslam.is 
 Lög um kristnisjóð o.fl.

Byggingar í Reykjavík
Moskur"
929,Af hverju draga Biskupstungur nafn sitt?,Biskupsstólnum í Skálholti.,,"Biskupstungur er heiti á landsvæði og byggðarlagi í uppsveitum Árnessýslu. Biskupstungur ná yfir landsvæðið eða tunguna milli Brúarár og Hvítár. Tungufljót skiptir þessari tungu í tvennt og er vestari tungan kölluð Ytri-Tunga og hin eystri Eystri-Tunga. Vatnaskil á Kili ráða svo mörkum að norðan en Biskupstungur liggja að Svínavatnshreppi hinum forna á þeim slóðum. Biskupstungurnar draga nafn sitt af biskupsstólnum i Skálholti sem er í ytri tungunni. Flestir markverðir staðir í Biskupstungum eru í ytri tungunni; í eystri tungunni er helst að nefna kirkjustaðinn Bræðratungu.

Biskupstungnahreppur náði áður yfir landsvæði þetta og sameinaðist hann inn í Bláskógabyggð árið 2002.

Bláskógabyggð
Íslenskar sveitir"
1098,"Hvaða tímarit um Ísland hefur verið gefið út á ensku frá árinu 1963 og leggur áherslu á að birta efni um íslenskt þjóðfélag, stjórnmál, menningu, tónlist, myndlist, bókmenntir og viðtöl við þekkta Íslendinga?",Iceland Review.,,"Iceland Review er elsta tímarit um Ísland gefið út á ensku. Það birtir frásagnir um íslenskt þjóðfélag, stjórnmál, menningu, tónlist, myndlist, bókmenntir og atburði. Þar eru líka viðtöl við kunna Íslendinga, greinar um ferðalög til Íslands o.fl. Páll Stefánsson er ljósmyndari og ritstjóri Iceland Review.

Iceland Review er gefið út fimm sinnum á ári og var stofnað í agúst 1963. Tímaritið er með vefsíðu ''icelandreview.com'' sem birtir daglegar fréttir um Ísland á ensku og þýsku.

Tenglar 
 Vefsíða Iceland Review

Íslensk tímarit"
1061,Hver varð allsherjargoði Ásatrúarfélagsins árið 2003?,Hilmar Örn Hilmarsson.,,"Hilmar Örn Hilmarsson er (f. 23. apríl 1958) er tónlistarmaður og tónskáld og hefur m.a. gert tónlist við fjölda íslenskra kvikmynda. Hann er einnig allsherjargoði Ásatrúarfélagsins og hefur gegnt því embætti frá árinu 2003.

Heimild
 Vefur Ásatrúarfélagsins: Allsherjargoðar frá upphafi 

Íslenskir allsherjargoðar"
1575,Hver samdi Andrarímur ásamt Gísla Konráðssyni sagnaritara?,Hannes Bjarnason.,,"Hannes Bjarnason (14. janúar 1777 – 9. nóvember 1838) var prestur og skáld í Skagafirði. Hann var fæddur í Djúpadal í Blönduhlíð, sonur Bjarna Eiríkssonar og konu hans Sigríðar Jónsdóttur en afi hans var Mera-Eiríkur Bjarnason, ættfaðir Djúpadalsættar. Hann varð stúdent frá Hólaskóla 1801 og var í næstsíðasta árgangi sem þaðan var útskrifaður. Hannes sótti á næstu árum um ýmis prestsembætti en fékk ekki og var talið að það mætti að einhverju leyti rekja til vísnagerðar hans og orðbragðs. Hann kvæntist Sigríði Jónsdóttur frá Litla-Dunhaga í Hörgárdal og bjuggu þau á ýmsum jörðum í austanverðum Skagafirði við fremur þröngan kost. Hannes varð loks prestur á Ríp í Hegranesi 1829 og gegndi því embætti til dauðdags.

Bróðurdóttir Hannesar var Efemía Benediktsdóttir, kona Gísla Konráðssonar sagnaritara, og voru þeir Hannes og Gísli vinir og ortu saman, meðal annars Andrarímur, sem komu út 1834 og urðu mjög vinsælar. Hannes orti líka Rímur af Skanderbeg epirótarkappa, þjóðhetju Albana (1861) og Rímur af Hálfdani konungi gamla og sonum hans (1878). Hann orti einnig fjölmargar lausavísur, ekki allar mjög prestslegar, sem urðu fleygar.

Heimildir

Tenglar 
 
 

Skagafjörður
Íslensk skáld"
315,Hver var helsti hvatamaður að stofnun Félags byltingarsinnaðra rithöfunda á Íslandi?,Kristinn E. Andrésson.,,"Félag byltingarsinnaðra rithöfunda var íslenskt bókmenntafélag stofnað á Hótel Borg 3. október 1933. Helsti hvatamaður að stofnun félagsins var Kristinn E. Andrésson en aðrir stofnendur voru meðal annars Halldór Stefánsson, Steinn Steinarr, Gunnar Benediktsson, Jóhannes úr Kötlum, Stefán Jónsson og Ásgeir Jónsson. Síðar gengu Halldór Laxness, Vilhjálmur frá Skáholti og Guðmundur Daníelsson í félagið. Félagið gaf út tímaritið Rauða penna frá 1935. Sú bókmenntastefna sem félagið hélt á lofti framan af var félagslegt raunsæi og það var andsnúið módernismanum sem fram kom í ljóðlist stuttu síðar. Félagið var aðili að Alþjóðasambandi byltingarsinnaðra rithöfunda, en þegar sambandið hvatti aðildarfélög sín árið 1935 til að leggja sig sjálf niður og taka þátt í samfylkingu með borgaralegu öflunum skirrðist íslenska félagið við því. Kristinn tók þátt í stofnun bókaútgáfunnar Heimskringlu og félagið var stofnaðili að Máli og menningu 1937. Mál og menning óx hratt fyrstu árin en aftur á móti dró úr áhuga á félagslega raunsæinu. Árið 1943, ári eftir stofnun Rithöfundafélags Íslands, ákvað Félag byltingarsinnaðra rithöfunda að leggja sjálft sig niður. Segja má að félagið hafi náð yfirhöndinni í Rithöfundafélaginu þegar Halldór Stefánsson var kjörinn formaður þess árið 1945. Það leiddi til klofnings innan félagsins og stofnunar Félags íslenskra rithöfunda. 

Íslensk rithöfundafélög
Íslensk bókmenntafélög"
933,Hver var helsta samgönguleiðin milli Norður- og Suðurlands á Íslandi áður fyrr?,Kjalvegur.,,"Kjölur er landsvæði og fjallvegur (Kjalvegur) á miðhálendi Íslands, austan Langjökuls en vestan við Hofsjökul. Norðurmörk Kjalar eru yfirleitt talin vera við Svörtukvísl og Seyðisá en að sunnan afmarkar Hvítá Kjöl. Kjölur er nú afréttarland Biskupstungna en tilheyrði áður bænum Auðkúlu í Húnaþingi.

Kjölur er í 600-700 metra hæð yfir sjávarmáli og að miklu leyti berar melöldur, sandar og hraun á milli lágreistra fella. Hærri fjöll eru þar einnig svo sem Hrútfell (1410 m) og Kjalfell (1000 m). Þar eru líka gróin svæði, einkum í Hvítárnesi og í Þjófadölum. Áður var Kjölur mun meira gróinn. Norðan til á Kili er jarðhitasvæðið Hveravellir, sem er vinsæll áningarstaður ferðamanna. Kerlingarfjöll eru við Kjalveg og er þar að finna veitinga- og gistiaðstöðu ásamt því að Hveradalir eru eitt stærsta háhitasvæði Íslands

Nyrst á Kili er Dúfunefsfell, 730 m hátt, og sunnan við það eru sléttir melhjallar sem talið er að geti verið Dúfunefsskeið, sem nefnt er í landnámu, í frásögninni af Þóri dúfunef landnámsmanni á Flugumýri og hryssunni Flugu.

Kjalvegur hefur verið þekktur frá upphafi Íslandsbyggðar og eru frásagnir í Landnámu af landkönnun skagfirskra landnámsmanna en það var Rönguður, þræll Eiríks í Goðdölum, sem fann Kjalveg. Vegurinn var fjölfarinn fyrr á tíð og raunar helsta samgönguleiðin milli Norður- og Suðurlands. Í Sturlungu eru til dæmis margar frásagnir af ferðum yfir Kjöl, oft með heila herflokka. 

Seint á 18. öld létu Reynistaðarbræður og förunautar þeirra lífið við Beinahól á Kili og er sagt að enn sé reimt þar í kring. Eftir það fækkaði ferðum um Kjöl en þær lögðust þó aldrei alveg af. Fjalla-Eyvindur hélt einnig til á Kili á 18. öld og reisti kofa á Hveravöllum.

Kjalvegur er um 165 km frá Eiðsstöðum í Blöndudal suður að Gullfossi og er fólksbílafær á sumrin, en fyrsta bílferðin yfir Kjöl var árið 1938. Á síðustu árum hefur mikið verið rætt um að leggja heilsársveg um Kjöl. Kjalvegur hinn forni liggur nokkuð vestan við bílveginn og er enn notaður sem göngu- og reiðvegur.

Tengt efni 
 Þjóðvegur 35
 Kjalvegur hinn forni

 
Íslenskir fjallvegir"
358,Hver var fyrsti formaður Hins íslenska garðyrkjufélags árið 1885?,Hans J. G. Schierbeck.,,"Hans Jacob George Schierbeck (24. febrúar 1847 – 7. september 1911) var danskur læknir sem starfaði í um áratug sem landlæknir  á Íslandi.

Ævi og störf

Schierbeck fæddist í Óðinsvéum, sonur málmiðnaðarmanns þar í borg. Hann lauk embættisprófi í læknisfræði árið 1876 og sótti síðar framhaldsmenntun í París og víðar.

Árið 1883 var Schierbeck settur landlæknir á Íslandi og gegndi þá jafnframt forstöðu Læknaskólans. Hann sagði sig frá embætti árið 1894 og flutti þá alfarinn frá Íslandi. Hann gerðist síðar stiftsyfirlæknir á Norður-Sjálandi.

Arfleifð á Íslandi

Koma Schierbecks til Íslands 1883 hafði í för með sér ýmsar jákvæðar nýjungar í íslenskum heilbrigðisvísindum. Hann vakti athygli lækna á mikilvægi aukins hreinlætis, en talsvert hafði skort á í þeim efnum. Hann gerði sömuleiðis miklar rannsóknir á holdsveiki, sem var þrálátari sjúkdómur hér á landi en víðast hvar annars staðar í Evrópu.

Einna kunnastur er Schierbeck þó í Íslandi fyrir framlag sitt til garðyrkjumála. Hann var ástríðufullur garðyrkjumaður frá æskuárum og kom sér upp fjölskrúðugum matjurtargarði við hús sitt í Reykjavík. Hann varð fyrsti formaður Hins íslenska garðyrkjufélags, sem stofnað var árið 1885. Starfsemi þess varð til þess að vekja athygli fjölmargra landsmanna á möguleikum garðyrkju.

Silfurreynir Schierbecks í Fógetagarðinum hefur lengi verið þekkt sem elsta tré Reykjavíkur.

Tenglar 
 H. J. G. Schierbeck landlæknir; grein í Óðni 1915

landlæknar"
573,Hver vann VISA-bikar karla í knattspyrnu árið 2008?,KR.,,"VISA-bikar karla 2008 var 49. skiptið sem bikarkeppni karla í knattspyrnu var haldin. Fyrstu leikir keppninnar hófust laugardaginn 24. maí 2008 kl. 14.00 en þá mættust annars vegar Höfrungur og Skallagrímur á Þingvelli og hins vegar Knattspyrnufélag Garðabæjar og Augnablik á Stjörnuvelli.

KR-ingar sigruðu bikarkeppnina eftir að hafa lagt KB, Fram, Grindavík og Breiðablik að velli, auk Fjölnis í úrslitaleiknum. Þetta var 11. bikarmeistaratitill KR.

Úrslit

1. umferð

2. umferð

32-liða úrslit

16-liða úrslit

Smáatriði um leikinn

Fróðleikur
Fyrsta sjálfsmarkið í bikarkeppninni frá því árið 1964 var skorað, en það ár skoruðu Skagamenn tvö sjálfsmörk í leik gegn KR.

Heimildaskrá

Tengill 
 Mótalisti KSÍ

Visa-bikar karla
2008"
905,Hvenær stofnaði Sigmundur Davíð Gunnlaugsson Miðflokkinn?,Árið 2017.,,"Sigmundur Davíð Gunnlaugsson (fæddur í Reykjavík 12. mars 1975) er fyrrum formaður Framsóknarflokksins og þingmaður Norðausturkjördæmis og fyrrverandi Forsætisráðherra Íslands.  eftir að hafa yfirgefið Framsókn.

Menntun og fyrri störf 
Sigmundur Davíð lauk stúdentsprófi frá Menntaskólanum í Reykjavík 1995 og B.S. prófi í viðskiptafræði frá Háskóla Íslands árið 2005.  Sigmundur lagði stund á hlutanám í fjölmiðlafræði samhliða háskólanámi.

Þaðan lá leið hans í skiptinám við Plekhanov háskóla í Moskvu og alþjóðasamskiptum og opinberri stjórnsýslu við stjórnmálafræðideild Kaupmannahafnarháskóla. Einnig lagði hann stund á nám í Oxford-háskóla með áherslu á tengsl hagrænnar þróunar og skipulagsmála. Sigmundur lauk engri gráðu eftir veru sína í erlendum háskólum. 

Sigmundur Davíð hlaut Chevening-styrk árið 2004 til náms í Bretlandi. Átta Íslendingar hlutu styrkinn.  Styrkurinn er veittur árlega af breska utanríkisráðuneytinu til styrkþega utan ESB og Bandaríkjanna. Skólaárið 2015-2016 munu yfir 600 manns hljóta styrkinn. 

Sigmundur Davíð starfaði sem blaðamaður og sem fréttamaður og þáttastjórnandi á RÚV með námi 2000-2007. Þá var hann forseti Nordiska Ekonomie Studerander Union 2000-2002 og fulltrúi í skipulagsráði Reykjavíkurborgar 2008-2010.

Eftir fall bankanna tók Sigmundur þátt í stofnun samtakanna In Defence of Iceland sem almennt gengu undir nafninu InDefence og kom fram fyrir hönd samtakanna. Samtökin sem voru óformleg grasrótarsamtök fólks sem átti það helst sameiginlegt að hafa stundað nám í Bretlandi og börðust gegn því að bresk stjórnvöld hefðu beitt hryðjuverkalöggjöf landsins gegn Íslendingum vegna bankahrunsins. Í því skyni stóðu samtökin fyrir áróðri á samfélagsmiðlum og í fjölmiðlum, innlendum sem erlendum og stóðu fyrir stærstu undirskriftasöfnun sem fram hafði farið á Íslandi. Afhenti Sigmundur ásamt öðrum félögum í samtökunum 83.000 undirskriftir fulltrúa breska þingsins .

Formennska í Framsóknarflokknum 
Í desember 2008 hvöttu nokkrir félagar í Framsóknarflokknum Sigmund til að bjóða sig fram til formennsku í flokknum en Sigmundur var þá ekki skráður í flokkinn.  Sigmundur Davíð var kjörinn formaður Framsóknarflokksins á flokksþingi 18. janúar 2009 og tók hann við formennsku af Valgerði Sverrisdóttur. Hann hafði þá aldrei starfað í Framsóknarflokknum og skráði sig í hann tveimur vikum áður en hann bauð sig fram til formennsku.

Sigmundur Davíð hlaut 56% atkvæða í seinni umferð formannskosninganna á 30. flokksþingi framsóknarmanna 40,9% í fyrri umferðinni. Tveir aðrir voru í formlega í framboði. Á flokksþingi Framsóknarflokksins 2011 var hann endurkjörinn með 92% greiddra atkvæða, en samkvæmt lögum Framsóknarflokksins eru allir flokksmenn í kjöri.

Á flokksþingi Framsóknarflokksins 2016 fékk hann 46,7% atkvæða er hann tapaði fyrir Sigurði Inga Jóhannssyni, eftirmanni sínum á stóli forsætisráðherra.

Þingstörf 
Sigmundur Davíð Gunnlaugsson var kjörinn á Alþingi fyrir Reykjavíkurkjördæmi norður 25. apríl 2009. Hann hefur setið í utanríkismálanefnd fyrir Framsóknarflokkinn frá 2009, Íslandsdeild EFTA 2009-2011, Íslandsdeild þingmannanefnda EFTA og EES 2011- 2013, í starfshóp utanríkismálanefndar um Evrópumál og þingmannanefnd Íslands og Evrópusambandsins af hálfu Alþingis.

Með helstu baráttuefni Sigmundar Davíðs á stjórnmálaferilnum hans hafa verið Icesavedeilan og skuldamál heimilanna.
 
Ásamt InDefence-hópnum og fleirum, barðist Sigmundur Davíð gegn því að Icesave-samningarnir yrðu samþykktir. Gagnrýni Sigmundar Davíðs snéri helst að ágöllum á samningunum; að fyrirvarar myndu ekki halda lagalega, greiðslurnar væru í erlendri mynt, vaxtagreiðslur væru svo verulegar að þjóðin myndi vera í ánauð vegna þeirra og að ekki hefðu verið kannaðar aðrar leiðir eins og möguleiki á skuldajöfnun við Breta vegna beitingar hryðjuverkalaga í efnahagshruninu 2008.

Annað baráttumál Sigmundar Davíðs, skuldamál heimilanna, varð eitt helsta kosningamál alþingiskosninganna 2013. Hann hafði ásamt þingflokki framsóknarmanna lagt fram þrjár tillögur um lausn á vandanum á því kjörtímabili sem var að ljúka. 2009-2011 var það hin svokallaða 20% leið og tillaga um samvinnuráð um þjóðarsátt. 2011-2012 átti hann þátt í að leggja fram þingsályktunatillögu um stöðugleika í efnahagsmálum og vefinn www.planb.is.

Fyrsta ráðuneyti Sigmundar Davíðs Gunnlaugssonar 
Framsóknarflokkurinn og Sjálfstæðisflokkurinn mynduðu  meirihlutaríkisstjórn eftir Alþingiskosningarnar 2013 og var fyrsti ríkisstjórnarfundurinn haldinn 24. maí 2013. Um mitt sumar vakti það nokkra athygli þegar Sigmundur birti í Morgunblaðinu og á bloggi sínu pistil undir fyrirsögninni „Fyrsti mánuður loftárása“ þar sem hann setti út á það hversu harðri gagnrýni væri beint að núverandi ríkisstjórn sem væri aðeins nýtekin við stjórnartaumunum. Í framhaldi af umdeildri eign eiginkonu Sigmundar í aflandsfélaginu Wintris sagði hann af sér forsætisembættinu 6. apríl 2016 og Sigurðar Ingi Jóhannsson tók við embættinu.

Afsögn úr Framsóknarflokknum 
2. október 2016 var haldið flokksþing Framsóknarflokksins og Sigmundur Davíð Gunnlaugsson og Sigurður Ingi Jóhansson áttust við í flokksþinginu. Sigurður Ingi hafði betur og hlaut 52,7% atkvæða á meðan Sigmundur hlaut 46,8% atkvæða. Sigmundur var þingmaður fyrir Framsóknarflokkinn í kjörtímabilinu 2016-2017. Þegar ríkisstjórn Sjálfstæðisflokksins, Bjartrar framtíðar og Viðreisn var slitið 15. september 2017 ákvað Sigmundur þann 24. september 2017 að hætta í Framsóknarflokknum og stofna sinn eigin flokk sem átti að taka þátt í alþingiskosningunum 2017 sem áttu að fara fram tæpum mánuði síðar, 28. október 2017. Miðflokkurinn, nýji flokkur Sigmundar var stofnaður 15. október 2017, þrettán dögum fyrir kosningar.

Miðflokkurinn 
24. september 2017 hætti Sigmundur Davíð í Framsóknarflokknum og hyggðist ætla að stofna sinn eigin flokk sem ætlaði að taka þátt í alþingiskosningunum sama ár. Flokkurinn var stofnaður 15. október 2017, þrettán dögum fyrir kosningar og hét Miðflokkurinn. Flokkurinn birti lista í öllum sex kjördæmunum fyrir kosningar. Flokkurinn hlaut sjö þingsæti í kosningunum og 11,1% atkvæða. Í kjölfar Klaustursmálsins svokallaða sem átti sér stað 20. nóvember 2018 þar sem náðist upptaka af fjórum þingmönnum Miðflokksins og tveimur úr Flokki fólksins tala illa um aðra þingmenn á Alþingi voru Ólafur Ísleifsson og Karl Gauti Hjaltason úr Flokki fólksins reknir úr flokknum vegna upptakanna, gengu þeir yfir í Miðflokkinn 23. febrúar 2019 og var flokkurinn þá með níu þingsæti og varð þar með stærsti stjórnarandstöðuflokkurinn. 

Í alþingiskosningunum 2021 birti flokkurinn lista fyrir öll sex kjördæmin og hlaut einungis 5,4% atkvæða og tvö þingsæti. 9. október 2021 eða tveimur vikum eftir kosningar sagði Birgir Þórarinsson þingmaður flokksins sig úr flokknum og gekk yfir í Sjálfstæðisflokkinn svo Miðflokkurinn fékk einungis tvö þingsæti.

Fjölskylda og einkalíf  
Sigmundur Davíð ólst upp í Breiðholti en bjó í Washington í Bandaríkjunum milli 1982-1985 meðan faðir hans starfaði fyrir Alþjóðabankann. Foreldrar hans eru Gunnlaugur Sigmundsson framkvæmdastjóri og þingmaður Framsóknarflokksins á árunum 1995-1999, og Sigríður G. Sigurbjörnsdóttir lífeindafræðingur og skrifstofustjóri. Sigmundur er kvæntur Önnu Sigurlaugu Pálsdóttur og eiga þau eina dóttur. 

Vakti það athygli þegar Sigmundur Davíð lýsti því yfir á heimasíðu sinni 2011 að hann væri farinn í megrun og hyggðist borða einungis íslenskan mat. Birti hann þyngdartölu sína á hverjum mánudegi á Facebook síðu sinni.

Wintris-málið og afsögn 
Þann 3. apríl 2016 átti sér stað stærsti gagnaleki sögunnar, kallaður panamalekinn eða panamaskjölin. Í honum léku 2,6 terabæt af gögnum úr einni stærstu lögfræðistofu Panama, Mossack Fonseca. Panamaskjölin opnuðu upp á gátt harðlæstar hirslur aflandsfélaga í skattaskjólum víðs vegar um heiminn. Mossack Fonseca hefur verið ásakað um að hjálpa við peningaþvætti, ólöglega vopnasölu, stórfelld skattsvik og skipulögð glæpastarfsemi.  Gífurleg fréttaumfjöllun var um lekann en var sú staðreynd að forsætisráðherra Íslands væri á skrá yfir eigendur skattaskjólsfélaga var, ásamt tengingum Vladmírs Pútíns Rússlandsforseta við slíka starfsemi, ein helsta ástæða þess að augu flestra fljölmiðla heims beintust að Rússlandi og Íslandi. 

Í þeim gögnum kom í ljós að Sigmundur Davíð var helmingseigandi aflandsfélagsins Wintris Inc. frá því í nóvember 2007 og til ársloka 2009. Félagið var stofnað þann 27. nóvember 2007 en félagið var á lista yfir tilbúin aflandsfélög í umsjón Mossack Fonseca í Panama. Félagið er staðsett á eyjunni Tortóla sem er hluti af Bresku Jómfrúareyjunum. Starfsmaður eignastýringar Landsbankans í Lúxemborg óskar eftir að Wintris Inc. sé tekið frá. 

Þann 28. nóvember 2007 sendi sami starfsmaður Landsbankans í Lúxemborg fyrirmæli til Panama vegna Wintris og óskaði eftir að prófkúruhafar yrðu tveir, Anna Sigurlaug Pálsdóttir og Sigmundur Davíð Gunnlaugsson. 50% ættu að vera í eigu Önnu Sigurlaugar og 50% í eigu Sigmundar Davíðs. 

Wintris Inc., gerði kröfu upp á tæplega 400 milljónir króna í slitabú Kaupþings og gamla Landsbankans (LBI). Samþykktar kröfur félagsins í slitabú Kaupþings og Landsbankans námu samtals um 260 milljónum króna. Ein lýst krafa félagsins upp á ríflega 134 milljónir í bú Kaupþings var hins vegar hafnað af slitastjórn. 

Þann 25. apríl 2009 var Sigmundur Davíð kjörinn á Alþingi Íslendinga. Hann skráði félagið Wintris Inc. ekki í hagsmunaskráningu þingmanna eftir að hann var kjörinn á þing, þrátt fyrir að hafa verið prófkúruhafi á þeim tíma.

Þann 31. desember árið 2009 seldi Sigmundur Davíð eiginkonu sinni, Önnu Sigurlaugu, hlut sinn í Wintris Inc. á einn bandaríkjadollara ($1), degi áður en breytingar á lögum um tekjuskatt taka gildi.  Lögin kveða á um að tekjur erlendra fyrirtækja í lágskattaríkjum beri að skattleggja hjá eigendum þeirra. 

Í september 2010 tók Anna Sigurlaug yfir framkvæmdastjórn Wintris Inc., en engin gögn eru til um það að prófkúruhafaréttur Sigmundar Davíðs hafi verið afturkallaður

Viðtal SVT við Sigmund
Þann 11. mars 2016 mætti Sigmundur Davíð í viðtal hjá Sven Bergman, fréttamanni sænsku ríkissjónvarpsstöðvarinnar SVT, í ráðherrabústaðnum við Tjarnargötu. Þegar Sven spurði Sigmund hvort Sigmundur hefði sjálfur eða haft einhver tengsl við aflandsfélag svaraði Sigmundur neitandi. Sven spurði Sigmund einnig hvað hann gæti sagt sér um aflandsfélagið Wintris. Sigmundur sagðist þá, ef hann myndi rétt, hafa verið stjórnarmeðlimur í fyrirtækinu og að það hafi frá upphafi komið fram á skattskýrslu sinni. Þá skarst í leikinn Jóhannes Kr Kristjánsson fyrrum fréttamaður fréttamaður Kastljóss og núverandi fréttamaður Reykjavík Media. Hann spurði Sigmund af hverju hann hefði ekki greint frá því að hann væri tengdur aflandsfélaginu Wintris og skráð þau í hagsmunaskrá þingmanna. Sigmundur sagði þá að öll þau atriði sem hagsmunaskráning þingmanna næði yfir hefðu verið gefin upp. Hann neitaði því einnig að hafa selt félagið á $1. Stuttu síður gekk Sigmundur Davíð út úr viðtalinu og reyndu starfsmenn á hans vegum síðar meir að koma í veg fyrir að það færi í birtingu.

Sérstakri útgáfu af fréttaskýringaþættinum Kastljósi var sjónvarpað þann 3. apríl 2016. Þar eru birt gögn um Wintris Inc. og viðtalið við Sigmund Davíð Gunnlaugsson forsætisráðherra þar sem hann gengur út.

Fyrr um daginn deildi Sigmundur Davíð bloggfærslu á heimasíðu sinni undir yfirskriftinni „Stóra myndin.“ Þar segir Sigmundur Davíð að umfjöllun RÚV hafi „haft meira yfirbragð þess að segja sögu eða hanna atburðarás fremur en að greina frá staðreyndum.“

Fjölmargir íslendingar heimtuðu afsögn Sigmundar í kjölfar umfjöllunar Kastljóss, þar á meðal fyrrverandi forsætisráðherra Jóhanna Sigurðardóttir. 

Þann 5. apríl 2016 steig Sigmundur Davíð til hliðar sem forsætisráðherra á þingflokksfundi Framsóknarflokksins. Hann hélt þó áfram að gegna starfi formanns flokksins. Lagt var til að Sigurður Ingi Jóhannsson tæki við embættinu í stað Sigmundar um óákveðinn tíma.  Bjarni Benediktsson og Sigurður Ingi Jóhannsson mynduðu síðan nýja ríkistjórn undir forsæti Sigurðar þann daginn eftir, þann 6. apríl.

Tilvísanir

Tenglar

 Æviágrip Alþingis
 Heimasíða Sigmundar 
 Blogg Sigmundar Davíðs á Eyjunni, virkt jan-ágúst 2009
 Viðmælandi Vikunnar Sigmundur Davíð Gunnlaugsson : Kröfuhafarnir þurfa að sýna frumkvæði , viðtal í 1. útg. Kjarnans
 Hvað sagði Sigmundur Davíð (Wintris-viðtalið skrifað upp); grein í Stundinni 2016

Formenn Framsóknarflokksins
Alþingismenn
Þingmenn Miðflokksins
Íslenskt fjölmiðlafólk
Stúdentar úr Menntaskólanum í Reykjavík
Íslendingar sem gengið hafa í Kaupmannahafnarháskóla
Forsætisráðherrar Íslands
Fólk nefnt í Panamaskjölunum
Handhafar stórkross Hinnar íslensku fálkaorðu

Þingmenn Framsóknarflokksins
Íslenskir viðskiptafræðingar"
260,Hvar var Oddbjörg Jónsdóttir abbadís?,Í Reynistaðarklaustri.,,"Oddbjörg Jónsdóttir (d. 1389) var abbadís í Reynistaðarklaustri, vígð árið 1369 af Jóni skalla Eiríkssyni Hólabiskupi, en Guðný Helgadóttir var þá látin. Oddbjörg hafði áður verið nunna í Kirkjubæjarklaustri.

Oddbjörg annaðist ekki fjárreiður klaustursins fremur en aðrar abbadísir, en ráðsmenn þess um 1380 voru Brynjólfur Bjarnason hinn ríki á Ökrum og séra Þorleifur Bergþórsson. Árið 1386 var það Jón Þórðarson prestur, einn af höfundum Flateyjarbókar, sem var ráðsmaður í klaustrinu. Á þessum árum eignaðist klaustrið töluvert fé, bæði með próventusamningum við vel stætt fólk og einnig þegar auðugar konur gerðust þar nunnur. Ein þeirra var Ingibjörg Örnólfsdóttir og varð hún abbadís eftir lát Oddbjargar.

Heimildir 
 
 

Íslenskar abbadísir og príorinnur
Reynistaðarklaustur"
1168,"Hvað kallaðist samsteypa kristinréttarins úr Gulaþingslögunum og Frostaþingslögunum fornu, sem var tekin saman um 1190?",Kristinréttur Sverris konungs.,,"Kristinréttur Sverris konungs er í stórum dráttum samsteypa kristinréttarins úr Gulaþingslögunum og Frostaþingslögunum fornu. 

Kristinréttur Sverris konungs er varðveittur í einu skinnhandriti í Árnasafni, AM 78 4to, frá fyrri hluta 14. aldar. 

Kristinrétturinn hefst á bréfi Sverris konungs og allra biskupa um stórmæli þau er bann fylgir, svo sem að raska helgum kirkjum og kennimönnum, og renna (hlaupa) á hendur konu og taka hana nauðga.

Líklegt er að Sverrir konungur hafi látið taka kristinréttinn saman um 1190 til þess að styrkja stöðu sína í deilum við kirkjuvaldið.

Kristinrétturinn er prentaður í Norges gamle love inntil 1387, 1. bindi, bls. 407-434.

Heimildir 
 Norges gamle love inntil 1387, I.

Saga Noregs
Lögfræði"
788,Hvenær var Mannanafnanefnd stofnuð á Íslandi?,Árið 1991.,,"Mannanafnanefnd er íslensk nefnd sem ákveður og samþykkir íslensk mannanöfn samkvæmt Lögum um mannanöfn. Hún var stofnuð árið 1991 og nefndin er skipuð þremur mönnum af innanríkisráðherra Íslands til fjögurra ára í senn. Heimspekideild Háskóla Íslands tilnefnir eina manneskju í nefndina, lagadeild Háskóla Íslands eina og Íslensk málnefnd eina. Úrskurðum hennar er ekki hægt að skjóta til æðra stjórnvalds.

Starfsemi 

Þjóðskrá Íslands viðheldur mannanafnaskrá. Ef Þjóðskrá berst tilkynning um eiginnafn sem ekki er í skránni vísar hún málinu til Mannanafnanefndar. Nefndin hittist reglulega til að afgreiða umsóknir um mannanöfn, en þau nöfn sem Mannanafnanefnd samþykkir verða, skv. lögum (45/1996) að lúta íslenskum málfræðireglum um stafsetningu og endingu, eða hafa unnið sér hefð í málinu. Leyfð nöfn eru færð á mannanafnaskrá. Mest er heimilt að bera þrjú eiginnöfn.

Gagnrýni og þróun 

Margvísleg gagnrýni hefur verið sett fram á Lög um mannanöfn, og hlutverk og starfsemi Mannanafnanefndar gegnum tíðina.

Árið 1971 var lagt fram frumvarp um breytingu á lögum um mannanöfn, þar sem fólki yrði á ný heimilt að taka upp ættarnöfn, „enda væru þau íslensk og í samræmi við íslenskt málkerfi.“

Fram að gildistöku nýrra laga árið 1996 þurftu innflytjendur til Íslands að breyta nöfnum sínum til samræmis við lög, og taka upp íslensk nöfn. Á tíunda áratug 20. aldar barðist rithöfundurinn Þorgeir Þorgeirson fyrir rétti sínum til að skrifa og skrá föðurnafn sitt með einu s-i.

Frumvarp um að leggja Mannanafnanefnd niður var lagt fram á þingi haustið 2006, af Birni Inga Hrafnssyni, Guðlaugi Þór Þórðarsyni, Guðjóni Ólafi Guðjónssyni og Sæunni Stefánsdóttur. Frumvarpið varð ekki að lögum.

Á þingi vetrarins 2013–2014 lagði þingflokkur Bjartrar framtíðar fram nýtt frumvarp að lögum á Alþingi, um að fella niður mannanafnanefnd. Sagði í rökstuðningi meðal annars: „Réttur foreldra til að ráða nafni barns síns er mikill og óumdeildur en réttur löggjafans til afskipta af nafngjöfum er að sama skapi takmarkaður. Núgildandi lög um mannanöfn hafa sætt gagnrýni, þá sér í lagi hvað varðar mannanafnanefnd og úrskurði hennar. Dæmi eru um að nöfnum hafi verið hafnað þótt þau eigi sér langa sögu í íslensku samfélagi og tungu og hafi jafnvel tíðkast innan sömu fjölskyldu í margar kynslóðir.“ Almennt ætti að gera ráð fyrir að nöfn séu leyfð, sagði í rökstuðningi, og aðeins í sérstökum undantekningatilfellum ætti ríkisvaldið að geta hlutast til gegn mannanafni. Þá var í rökstuðningi lögð áherslu á að í því fælist mismunun að ákveðnir hópar íbúa hefðu rétt til ættarnafna en aðrir ekki. Var í frumvarpinu lagt til að öllum yrði heimilt að taka upp ættarnafn. Frumvarpið er enn til þingmeðferðar. Flutningsmaður frumvarpsins var Óttar Proppé.

Fyrri lög um mannanöfn 
Í gildi eru Lög um mannanöfn nr. 45 frá árinu 1996.

Fyrri lög um mannanöfn á Íslandi, frá 1925, voru svohljóðandi:
1. grein. Hver maður skal heita einu íslensku nafni eða tveim og kenna sig til föður, móður eða kjörföður og jafnan rita nafn og kenningarnafn með sama hætti alla ævi.
2. grein. Ættarnafn má enginn taka sér hér eftir.
3. grein. Þeir íslenskir þegnar og niðjar þeirra, sem bera ættarnöfn, sem eldri eru en frá þeim tíma, er lög nr. 4110. nóv. 1913 komu í gildi, mega halda þeim, enda hafi þau ættarnöfn, sem yngri eru en frá síðastliðnum aldamótum, verið tekin upp með löglegri heimild, sbr. 9. gr. þeirra laga. Sama er og um þá erlenda menn, er til landsins flytjast. Þeir íslenskir þegnar og börn þeirra, sem nú bera ættarnöfn, sem upp eru tekin síðan lög nr. 41 1913 komu í gildi, mega halda þeim alla ævi. Konur þeirra manna, sem rétt hafa til þess að bera ættarnöfn, mega nefna sig ættarnafni manns síns.
4. grein. Ekki mega menn bera önnur nöfn en þau, sem rétt eru að lögum íslenskrar tungu. Prestar skulu hafa eftirlit með, að þessum ákvæðum sé fylgt. Rísi ágreiningur um nafn, sker heimspekideild háskólans úr.
5. grein. Nú hefir maður hlotið óþjóðlegt, klaufalegt eða erlent nafn áður en lög þessi voru sett, og getur hann þá breytt nafni með leyfi konungs.
6. grein. Stjórnarráð gefur út skrá, eftir tillögum heimspekideildar háskólans, yfir þau mannanöfn, er nú eru uppi, en bönnuð skuli samkvæmt lögum þessum. Skrá þessi skal send öllum prestum landsins. Skráin skal gefin út á hverjum 10 ára fresti, að lokinni útgáfu hins almenna manntals.
7. grein. Brot gegn ákvæðum þessara laga varða sektum. Með mál út af lögum þessum skal farið að hætti opinberra mála.""

Leyfð íslensk nöfn sem innihalda ‚th‘ 
Dígrafið  ‚th‘ er afar sjaldgæft í íslensku og því fá nöfn sem hafa verið leyfð af mannanafnanefnd.

Tengt efni 
 Lög um mannanöfn
 Listi yfir nöfn sem mannanafnanefnd hefur hafnað

Tenglar 
 Úrskurðir Mannanafnanefdar
 Heimasíða Mannanafnanefndar
 Lög um mannanöfn, 1996 nr. 45 17. maí

Neðanmálsgreinar

Heimildir

Tenglar 
 Um lögheiti; grein í Lesbók Morgunblaðsins 1991 

Nöfn
Íslenskar nefndir"
1882,Hvaðan kemur nafnið Öxará?,"Frá því að Ketilbjörn gamli, landnámsmaður í Mosfelli, og menn hans misstu öxi í ána á landkönnunarferð sinni.",,"Öxará er bergvatnsá sem rennur um Öxarárdal og Þingvelli og í Þingvallavatn. Áin kemur mjög við sögu Þingvalla. Hún er yfirleitt ekki sérlega vatnsmikil en getur bólgnað mjög upp í flóðum.

Sagt er að áin hafi fengið nafn af því að þegar Ketilbjörn gamli landnámsmaður á Mosfelli fór ásamt mönnum sínum í landkönnunarferð hafi þeir gert skála við Skálabrekku. Þar skammt frá komu þeir að ísilagðri á en hjuggu vök á ísinn, misstu öxi í ána og nefndu hana Öxará.

Áin kemur upp í Myrkavatni og er 17 km löng. Hún fellur milli Búrfells og Leggjabrjóts og um Biskupsbrekkuhraun innan við Brúsastaði. Hún mun áður hafa runnið suður um Kárastaðahraun og í vatnið rétt hjá Skálabrekku en í Sturlungu segir að henni hafi verið veitt í Almannagjá til að þingmenn þyrftu styttra að fara til að sækja sér neysluvatn. Eftir það fellur hún ofan í gjána í fossi, Öxarárfossi. 

Um gjána fellur áin nokkurn spöl en síðan úr henni aftur undir brúna við Drekkingarhyl, sem áður var mun dýpri en grynntist þegar núverandi brú var gerð fyrir Alþingishátíðina 1930. Þá var skarðið í gjárbarminn sem áin rennur um sprengt og lækkað til muna. Talið er að brú hafi verið gerð yfir ána þegar á 10. öld. Í Drekkingarhyl var konum áður drekkt fyrir ýmsar sakir og var þeim þá stungið í poka sem þyngdir voru með grjóti og varpað í hylinn.

Nokkrir hólmar eru í Öxará og kallast einn þeirra Einvígishólmi eða Öxarárhólmi. Þar voru hólmgöngur háðar áður fyrr.

Heimildir 

Þingvellir
Ár á Íslandi"
719,Hvaða knattspyrnulið vann Íslandsmótið í knattspyrnu árið 1917?,Fram.,,"Árið 1917 var Íslandsmótið í knattspyrnu haldið í sjötta skipti. Fram vann sinn fimmta titil. Þrjú lið tóku þátt; KR, Fram og Valur.

Úrslit mótsins 

 Útskýringar: L = Leikir spilaðir, U = Leikir sigraðir, J = Leikir sem lauk með jafntefli, T = Tapaðir leikir, Sk = Mörk skorðuð, Fe = Mörk fengin á sig, Mm = Markamunur

Töfluyfirlit 
Allir leikirnir voru spilaðir á Íþróttavellinum á Melunum

|}

Lýsing 
Lýsingu af úrslitaleik KR og Fram á þessu Íslandsmóti má finna hér , í Morgunblaðinu 27. júní 1917.

15 mörk voru skoruð og gerir það 5 mörk í leik að meðaltali.

Í meistaraliði Fram voru:
 Haukur Thors (M), Arreboe Clausen, Guðmundur Hersir, Ólafur Magnússon, Knútur Kristinsson, Geir H. Zoëga, Aðalsteinn P. Ólafsson, Pétur Hoffmann Magnússon, Magnús Björnsson, Tryggvi Magnússon, Gunnar Halldórsson, Gunnar Thorsteinsson og Pétur Sigurðsson.

Tilvísanir og heimildir 
 

Úrvalsdeildir karla í knattspyrnu á Íslandi"
992,Hver gegndi stöðu forstöðumanns þjóðháttadeildar Þjóðminjasafns Íslands frá 1969 til 2002?,Árni Björnsson.,,"Árni Björnsson (f. 16. janúar 1932) er íslenskur þjóðháttafræðingur. Hann var forstöðumaður þjóðháttadeildar Þjóðminjasafns Íslands frá 1969 til 2002. Hann er einkum þekktur fyrir skrif sín um íslenskar hátíðir og tyllidaga og siði og þjóðtrú sem tengjast þeim.  Þekktasta verk hans er líklega Saga daganna (1977) en sú bók er jafnframt doktorsritgerð hans, sem hann varði 1993.

Í tilefni af 85 ára afmæli Árna 2017 var mikið greinasafn eftir hann gefið út á bók undir nafninu Í hálfkæringi og alvöru. Þar eru þættir um fræði, skáldlist, menningarsögu, heimsmálin og einkennilega menn. Bókin er 848 síður að stærð og gefin út af Hinu íslenska bókmenntafélagi.

Helstu rit
 Jól á Íslandi 1963
 Saga daganna (fyrri gerð) 1977
 Icelandic Feasts and Holidays 1980
 Merkisdagar á mannsævinni (fyrri gerð) 1981
 Í jólaskapi. Myndir eftir Hring Jóhannesson 1983
 Gamlar þjóðlífsmyndir (ásamt Halldóri J. Jónssyni) 1984
 Þorrablót á Íslandi 1986
 Íslandsmyndir Mayers (ásamt Ásgeiri S. Björnssyni) 1986
 Hræranlegar hátíðir 1987
 Eyjar í Snæfellsnes- og Dalasýslu. (Árbók Ferðafélags Íslands 1989)
 Íslenskt vættatal 1990
 Saga daganna (doktorsrit) 1993
 High Days and Holidays in Iceland 1995
 Merkisdagar á mannsævinni (lengri gerð) 1996
 Dalaheiði. (Árbók Ferðafélags Íslands 1997)
 Wagner og Völsungar 2000
 Saga jólanna
 Í Dali vestur (Árbók Ferðafélags Íslands 2011)
 Sigursveinn, baráttuglaður brautryðjandi. Ævisaga Sigursveins D. Kristinssonar (2017)
 Í hálfkæringi og alvöru. Þættir um fræði, skáldlist, menningarsögu, heimsmálin og einkennilega menn í 85 ár (Afmælisrit 2017)
 Um vésögn Sóleyjarkvæðis. (Í bókinni Sóley sólufegri í ritstjórn Silju Aðalsteinsdóttur 2017)
 Söguslóðir í Dölum (2020)

Tenglar 
 Ritaskrá Árna Björnssonar – Af vef Þjóðminjasafns
 Kynning á bókinni Saga jólanna 
 Framlag ÁB til Árbóka Ferðafélags Íslands – Af vef Ferðafélagsins
 Árni Björnsson: Hljóðritasafnið í Berlín og Jón Leifs 
 Úr Sögu daganna. – Af Visir.is 
Hvaða rannsóknir hefur Árni Björnsson stundað - Vísindavefur

Íslenskir þjóðfræðingar
Íslenskir íslenskufræðingar"
1520,Hvenær sendi Knattspyrnudeild Þróttar fyrst lið til þátttöku á Íslandsmóti í knattspyrnu?,Árið 1953.,,"Knattspyrnudeild Þróttar fer með rekstur og skipulag meistaraflokka Þróttar í knattspyrnu og yngri flokka félagsins.

Meistaraflokkur karla 

Þróttur sendi fyrst lið til þátttöku á Íslandsmóti árið 1953 og hefur ætíð gert það síðan. 

Þátttaka meistaraflokks karla á Íslandsmóti 

Íslandsmót (engin deildaskipting) 1953-1954

1. deild 1955

2. deild 1956-1958

1. deild 1959

2. deild 1960 - 1963

1. deild 1964

2. deild 1965

1. deild 1966

2. deild 1967 - 1975

1. deild 1976

2. deild 1977

1. deild 1978 - 1980

2. deild 1981 - 1982

1. deild 1983 - 1985

2. deild 1986 - 1988

3. deild 1989 - 1990

2. deild 1991 - 1997

Úrvalsdeild 1998

1. deild 1999 - 2002

Úrvalsdeild 2003

1. deild 2004

Úrvalsdeild 2005

1. deild 2006 - 2007

Úrvalsdeild 2008 - 2009

1. deild 2010 - 2020

Íslandsmeistaratitlar í öllum flokkum

5. flokkur A 1975

3. flokkur 1976

2. flokkur 1977

Eldri flokkur 1990

6. flokkur (Pollamót) 1993

1. flokkur 1993

1. flokkur 1994

Titlar meistaraflokks karla

2. deildarmeistari 1958, 1963, 1965, 1975, 1977 og 1982.

Reykjavíkurmeistari 1966 og 2002

Íslandsmót innanhúss 1984 og 1997

3. deildarmeistari 1990

1. deildarmeistari 1997

Deildarbikar KSÍ (neðri) 2001

Árangur 1970-2013

Leikjahæstu leikmenn Þróttar í efstu deild 

Jóhann Hreiðarsson  95

Páll Ólafsson  83

Daði Harðarsson 80

Ársæll Kristjánsson 72

Þorvaldur Í Þorvaldsson 72

Markahæstu leikmenn Þróttar í efstu deild 

Páll Ólafsson 29

Tómas Ingi Tómasson 14

Björgólfur Takefusa 10

Sören Hermansen 10

Jóhann Hreiðarsson 10

Leikjahæstu leikmenn Þróttar í öllum mótum 

Páll Einarsson         362

Daði Harðarsson        303

Guðmundur Erlingsson   263

Sigurður Hallvarðsson  246

Gunnar I. Ingvarsson   238

Þjálfarar frá upphafi

Leikmenn 2014

Leikir 2014 

fr:Þróttur Reykjavík"
350,Hver var stofnandi og stjórnandi Pólýfónkórsins?,Ingólfur Guðbrandsson.,,"Pólýfónkórinn var blandaður kór sem starfaði í Reykjavík frá 1957 til 1988. Stofnandi hans og stjórnandi alla tíð var Ingólfur Guðbrandsson.  Kórinn hélt um 400 tónleika á ferli sínum og fór í níu söngferðir út fyrir landsteinana. Tónleikar kórsins voru margir teknir upp af Ríkisútvarpinu og kórinn kom nokkrum sinnum fram í Sjónvarpi. Pólýfónkórinn var fyrstu árin skipaður milli 40 og 50 kórfélögum en síðustu árin oft yfir 100 manns. Þátttakendur voru flestir á jólatónleikum kórsins árið 1978, 150 talsins. 

Mikil áhersla var lögð á flutning kirkjulegrar barokk tónlistar frá  16. og 17. öld og kórinn tókst á við stór verkefni á borð við Jólaóratoríu, Jóhannesarpassíu, Mattheusarpassíu og H-moll messu Bachs og Messías Händels. Í nokkrum tilvikum frumflutti kórinn þessi stóru verk á Íslandi og stóð fyrir óstyttum flutningi þeirra í fyrsta sinn hér á landi. Töluverð áhersla var lögð á íslenska og erlenda nútímatónlist og stóð kórinn að frumflutningi nokkurra nútímaverka hér á landi. 

Á níunda hundrað kórfélaga komu fram í nafni kórsins, ríflega 100 hljóðfæraleikarar og um 60 einsöngvarar. Flutt voru um 200 tónverk eftir rösklega 70 höfunda. Kórskóli Pólýfónkórsins var starfandi um árabil og kórinn gaf út nokkra tónleika á plötum og geisladiskum. Pólýfónfélagið var stofnað í maí 2006 og hefur staðið fyrir árlegum útgáfum geisladiska með flutningi kórsins. 

Uppfærslur kórsins voru oft á tíðum mjög mannmargar og flóknar. Erlendir einsöngvarar og hljóðfæraleikarar voru fengnir til landsins ef þörf var talin á og ekkert til sparað að gera flutning hinna viðameiri tónverka sem áhrifamestan. Til marks um umfang tónleikahaldsins í viðamiklum uppfærslum þá voru flytjendur í fyrstu heildaruppfærslu á Mattheusarpassíu Bachs, í Háskólabíói árið 1982, ríflega 300 talsins. 

Kórinn söng í svonefndum Bel canto stíl sem rekja má til ítalskrar sönghefðar og var áberandi í Evrópu á barokk tímanum. Hann hæfði einkar vel þeirri tónlist sem mest áhersla var lögð á hjá kórnum. Þessi söngstíll var þó ekki vel þekktur hér á landi fyrir tilkomu kórsins.

Kórinn dregur nafn sitt af orðinu pólýfón (polyphony) sem táknar marghljóma eða margradda tónlist. Það er notað um ákveðinn stíl í raddsetningu þar sem hver rödd er sjálfstæð laglína en raddir myndi ákveðna samhljóma þegar það á við. Dæmi eru svokallaðir keðjusöngvar, sem eiga að hljóma vel saman, þótt söngvarar byrji ekki á sama tíma. Margradda söngur er ólíkur samröddun (homophony) þar sem laglína er ráðandi en undirraddir hreyfast samhliða aðalrödd og mynda hljóma. Pólýfónísk tónlist nær aftur til 800 en varð áberandi á endurreisnartímanum. Hún þróaðist og varð flóknari í barokktímabilinu og er þá oft nefnd kontrapunktur. Blómatími þessarar tónlistar var 16. og 17. öldin í evrópsku tónlistarlífi hjá tónskáldum eins og Bach, Palestrina og Byrd.

Stofnandi og stjórnandi 

Ingólfur Guðbrandsson tónlistarmaður og ferðamálafrömuður, var stofnandi Pólýfónkórsins og  stjórnandi alla tíð. Hann lauk kennaraprófi frá Kennaraskóla Íslands árið 1943 og stundaði nám í tungumálum við Háskóla Íslands á árunum 1944-1949. Hann hélt til Englands í tónlistarnám við Guildhall School of Music og lærði einnig ensku og hljóðfræði við University College. Hann var í framhaldsnámi í Tónlistarháskólanum í Köln og dvaldist um skeið við Söngskólann í Augsburg, auk þess sem hann lagði stund á listasögu og listfræði á Ítalíu. 

Ingólfur varð kennari í Laugarnesskólanum árið 1943 og bryddaði þar upp á ýmsum nýjungum í tónlistarkennslu. Hann varð síðar námsstjóri tónlistarfræðslu hjá menntamálaráðuneytinu og starfaði sem skólastjóri Barnamúsíkskólans í Reykjavík. Ingólfur stofnaði ferðaskrifstofuna Útsýn árið 1955 og var forstjóri fyrirtækisins allt til ársins 1988. Hann stofnaði ferðaskrifstofuna Prímu og Heimsklúbb Ingólfs eftir það og starfaði á vettvangi ferðamála allt til ársins 2006. 		

Ingólfur hlaut margvíslegar viðurkenningar fyrir störf sín. Hann var sæmdur riddarakrossi hinnar íslensku fálkaorðu árið 1977 og ítölsku riddaraorðunni Cavaliere della Repubblica Italiana 1977 og 1991. Árið 1972 var hann gerður að heiðursfélaga Félags íslenskra tónmenntakennara. Í febrúar 2009 hlaut hann heiðursverðlaun Íslensku tónlistarverðlaunanna.  

Ingólfur var ekki aðeins stofnandi og söngstjóri Pólýfónkórsins heldur var hann metnaðarfullur leiðtogi og drifkrafur kórsins alla tíð. Frá upphafi setti hann markið hátt og náði fljótt nokkurri sérstöðu með kórinn, bæði í verkefnavali og flutningi. Með tímanum urðu verkefnin viðameiri og kórinn stækkaði. Egill Friðleifsson skrifar svo um kórinn og stjórnanda hans árið 1977: „Það er erfitt að hugsa sér íslenskt tónlistarlíf án Pólýfónkórsins. Um tveggja áratuga skeið hefur hann flutt okkur mörg af fegurstu og göfugustu verkum tónbókmenntanna og með því aukið drjúgum við tónmennt þjóðarinnar. Með tilkomu Pólýfónkórsins kvað við nýjan tón — fágaðri og fegurri en áður hafði heyrst hérlendis, og víða má rekja greinileg framfaraspor í íslensku sönglífi til kórsins. Stofnandi og stjórnandi kórsins, Ingólfur Guðbrandsson, er vendipunktur söngsögu þessa lands, sem með hæfni sinni og fádæma dugnaði hefur öðrum mönnum fremur unnið sönglistinni gagn. Það hefur löngum gustað kringum Ingólf, enda hefur hann ekki alltaf þrætt alfaraleiðir. En þegar fjasið og masið og dægurþrasið hljóðnar standa verk hans eftir, óbrotgjarnir minnisvarðar um þrotlausa leit að hinum hreina tón — og verkin lofa meistarann. Hann hefur orðið öðrum hvatning til vandvirkni og aukið mönnum metnað í verkefnavali.“

Stofnun kórsins og fyrstu árin
Pólýfónkórinn var upphaflega skipaður nemendum úr Barnamúsíkskólanum, fyrrum nemendum Ingólfs Guðbrandssonar úr Laugarnesskólanum og nokkrum öðrum félögum. Jón Ásgeirsson, tónskáld, sagði í tilefni 30 ára afmælis kórsins að nemendur Laugarnesskólans undir stjórn Ingólfs Guðbrandssonar hafi bylt rótgrónum hugmyndum manna um söng. „Þessi einstæði barnakór varð um síðir kjarninn í Pólýfónkórnum”. Kórinn hélt tvenna tónleika í Kristskirkju árið 1957, en hafði þá ekki fengið nafn. Fyrstu opinberu tónleikarnir í nafni Pólýfónkórsins voru haldnir í Laugarneskirkju þann 8. apríl 1958. Þar voru á efnisskrá kirkjuleg verk. Í kórnum voru þá 41 kórfélagi á aldrinum 13 til 35 ára og honum til aðstoðar voru fimm hljóðfæraleikarar. Páll Ísólfsson lék einleik á orgel.  Í umsögn um tónleikana í Þjóðviljanum segir Björn Franzson; „Þessi kór á miklu og stórmerku hlutverki að gegna í íslenzku tónmenntalífi, að rækja þá tónlist, sem hann hefur valið sér sérstaklega til meðferðar, eins og nafn hans bendir til, en við þá tónlist hafa ekki enn verið tök á að leggja tilhlýðilega rækt hér á landi, þó að til hennar teljist mikið af helztu gersemum tónmenntanna.“ Guðni Guðmundsson fjallar um tónleikana í Alþýðublaðinu og segir; „Söngur kórsins var mjög fágaður og féllu raddirnar afar vel saman. Það er verulegur fengur að þessum kór: Tónlistin sem hann flytur er gullfalleg og flutt af næmum smekk“.

Dr. Sigurbjörn Einarsson minnist fyrstu tónleika kórsins þegar hann lítur yfir farinn veg á 30 ára afmæli kórsins 1988; 
„Þegar Pólyfónkórinn kom fyrst fram, mátti öllum, sem unna sönglist vera ljóst, að þar var íslensk söngvaharpa stillt og knúin með nýjum hætti, af miklum listrænum metnaði, sérstæðu næmi og leikni. Verkefnaval og túlkunarmáti var nýlunda hérlendis, þjálfun radda og söngstjórn með fersku og áhrifamiklu yfirbragði. Það var mér minnisstæð reynsla að njóta hinna fyrstu tónleika kórsins. Svipur og framkoma þessa reifabarns gáfu tilefni til mikilla vona. Þær hafa ræst. Það er óhætt að segja nú, þegar barnsskórnir eru löngu slitnir og kórinn hefur öruggum skrefum sótt fram um árabil, borinn upp af eldmóði, sem engir erfiðleikar hafa náð að slæva.“
Páll Ísólfsson segir um kórinn eftir tónleika í Gamla bíói, árið 1959; „Ingólfur Guðbrandsson hefur þegar unnið mikið og gott starf fyrir sönglistina. Pólýfónkórinn ber þessu starfi beztan vottinn. Hann er þegar orðinn svo vel þjálfaður, að unun er að hlusta á hann flytja hin vandsungnu lög eftir meistarana frá 16. og 17. öld en á þeim tíma blómstraði kórsöngurinn og náði í mörgum greinum einna hæst.”

Meðal kórsöngvara á fyrstu árum kórsins voru Þorgerður Ingólfsdóttir, Rut Ingólfsdóttir, Elísabet Erlingsdóttir, Sigríður Ella Magnúsdóttir, Rúnar Einarsson, Gunnar Kvaran, Einar Sturluson og Hjalti Guðmundsson.

Starfsemi kórsins frá 1960 – 1969
Björn Franzson ritar gagnrýni um kórinn 1960 og segir: „Pólýfónkórinn er stofnaður haustið 1957 og er því ekki nema hálfs þriðja árs eða þar um bil. Samt er hann þegar orðinn mikilvæg stofnun í menningarlífi höfuðstaðarins, stofnun sem margir myndu sakna mjög tilfinnanlega, ef svo illa skyldi til takast, að hún legðist niður. Ber þar einkum þrennt til: Fyrst það, hversu vandlátur og smekkvís kórinn eða stjórnandi hans er í vali verkefna sinna, það annað, að kórinn flytur nær eingöngu þá tegund verðmætrar tónlistar, sem oss myndi gefast lítill kostur að hlýða á, ef hans nyti ekki við, og svo það hið þriðja, hversu hann vandar til flutnings á öllu því, er hann velur sér til meðferðar.“

Árið 1961 var viðburðarríkt í starfi kórsins. Haldnir voru tónleikar í Kristskirkju í apríl og desember, í Gamla bíói og í Keflavík, auk þess sem kórinn fór í sín fyrstu utanlandsferð um sumarið, til Englands og Wales. 

Á efnisskrá kórsins í Kristskirkju í apríl 1961 var meðal annars tónverkið Dauðadansinn eftir Hugo Distler og var Lárus Pálsson leikari lesari með kórnum. Jón Ásgeirsson telur að flutningur þessi hafi markað tímamót í flutningi nútímatónlistar hér á landi. 

Kórinn tók fyrstur íslenskra kóra þátt í alþjóðlegu kóramóti og söngkeppni sem var haldin í Wales í júlí 1961 undir nafninu ""Llangollen International Musical Eisteddfod"". Í keppninni varð Ísland þriðja í röðinni af 27 þátttökulöndum. Kórinn kom fram í útvarpi og sjónvarpi í þessari för og söng í nokkrum kirkjum, meðal annars í Pálskirkjunni í London.

Árið 1962 hélt kórinn tónleika í Kristskirkju en þá voru á efnisskrá verkið Messa eftir Gunnar Reyni Sveinsson og verk eftir Johan Bach og Orlando Di Lasso. Jón Þórarinsson segir í umfjöllun um tónleikana; „Söngur kórsins er enn sem fyrr framúrskarandi vel æfður og samstilltur, áferðarfagur og mjúkur.”

Kórinn hélt tónleika í Gamla bíói og á Hótel Sögu í apríl 1963. Flutt var veraldleg tónlist frá 16. og 17. öld, nútímatónlist og negrasálmar frá 20. öld. Um þessa tónleikar segir Jón S. Jónsson; „Það er engum blöðum um það að fletta að Pólýfónkórinn er okkar vandaðasti og fágaðasti kór. Raddirnar eru einstaklega vel þjálfaðar og þá sérstaklega sópranarnir. Kórinn er mjög tónviss, eins og bezt kom fram í lögum Gesualdos og Þorkels. Íslenzkir söngstjórar (að mér meðtöldum) gætu mikið lært af Ingólfi Guðbrandssyni um meðferð og þjálfun radda.“
Árið 1964 hélt kórinn ferna tónleika í Reykjavík og eina í Akureyrarkirkju í samvinnu við Tónlistarfélag Akureyrar. Fluttar voru mótettur frá 16. öld, sálmalög í raddsetningu J. S. Bach, nútímatónlist og þjóðlög í raddsetningu Gunnars Reynis Sveinssonar og kaflar  úr Jólaóratóríu Bachs, með einsöngvurum og kammerhljómsveit. Í júní söng kórinn í Kristskirkju á Listahátíð í Reykjavík og í september á vegum Musica Nova. Leifur Þórarinsson segir eftir tónleika í Kristskirkju í apríl; „Söngur Pólýfónkórsins vekur ávallt verðskuldaða  athygli, þá er hann lætur heyra í sér hér í bæ. Hljómleikar hans undanfarin sex eða sjö ár hafa orðið öllum tónlistarunnendum mikið fagnaðarefni, því þar hefur ávallt mátt heyra vandaða og oft eftirminnilega efnisskrá, flutta af góðri smekkvísi og áhuga. Söngstjórinn Ingólfur Guðbrandsson á hér fyrst og fremst skildar þakkir fyrir, enda má segja, og þar er ekki verið að draga úr afrekum annarra dáindismanna, að starf hans hafi valdið straumhvörfum í söngmálum hér á landi.“

Á vortónleikum kórsins í Kristskirkju árið 1965 flutti kórinn eitt af höfuðverkum kirkjutónlistarinnar Stabat Mater eftir Palestrina og var þetta fyrsti flutningur á verkinu hér á landi. Kórinn var tvískiptur í verkinu og segir Þorkell Sigurbjörnsson í umsögn um tónleikana að flutningur kórsins á því hafi verið þrekvirki. Á sömu tónleikum var einnig kynnt hér á landi verkið Agnus Dei eftir Þorkel Sigurbjörnsson.  Kórinn flutti Jólaóratóríu Bachs í Kristskirkju ásamt kammerhljómsveit í desember sama ár. Árið 1966 hélt kórinn tónleika í Gamla bíói þar sem flutt var tónlist frá 16. og 17. öld ásamt nýrri tónlist, innlendri og erlendri.

Tíu ára afmælisárið, 1967, var viðburðarríkt fyrir kórinn. Í janúar söng hann Stabat Mater eftir Szymanowski með Sinfóníuhljómsveit Íslands. Stjórnandi á þeim tónleikum var Bohdan Wodiczko. Í mars sama ár réðst hann svo í flutning Jóhannesarpassíu Bachs með kammerhljómsveit og fimm einsöngvurum. Tónleikarnir voru haldnir í Kristskirkju og í Laugardalshöllinni. Atli Heimir Sveinsson segir í gagnýni um tónleikana; „Það er mikill viðburður í okkar fábreytta menningarlífi að Jóhannesarpassía Bachs skuli hafa verið flutt hér um páskana. Verkið er eitt mesta afrek í allri menningarsögu vesturlanda og kristninnar.“  

Í júlí 1967 hélt kórinn til Belgíu til að taka þátt í Europa Cantat III söngmótinu. Europa Cantat var stofnað árið 1961 og fyrsta mótið var haldið í Passau í Þýskalandi. Þetta var önnur utanlandsferð kórsins og hélt hann sjálfstæða tónleika í Maison de la Culture í Namur auk þess að syngja á kóramótinu. Um 45 félagar voru með í söngförinni. Fyrir utanlandsferðina voru haldnir tónleikar í Austurbæjarbíói með sömu efnisskrá og sungin var í Belgíu. Síðustu tónleikar á afmælisárinu voru haldnir í Bifröst í Borgarfirði að tilstuðlan Tónlistarfélags Borgarfjarðar. 

Árið 1968 var ráðist í að frumflytja H-moll messu Bachs á Íslandi, nær óstytta. Kórinn var þá skipaður 62 kórfélögum en auk hans komu fram fjórir einsöngvarar og 30 manna hljómsveit.  Halldór Haraldsson segir í umsögn um tónleikana: „Það er ekki lítil ákvörðun að ráðast í það stórvirki að flytja H-moll messu Bachs, þessa svimandi stóru smíð, sem oft er litið á eins og eitt af mikilfenglegustu afrekum mannsandans, eiginlega eitt af furðuverkum veraldar. Það hlýtur því að hafa tekið forvígismann þessa fyrirtækis svolítinn tíma að taka slíka ákvörðun, mikla íhugun, langan og strangan undirbúning. En þetta stóra skref var stigið og það á undraverðum tíma. Á aðeins fjórum mánuðum var verkið æft og síðan flutt hér í fyrsta sinn, 9. apríl að Kristskirkju, Landakoti. Geta má þess að erlendis tekur yfirleitt heilt ár að undirbúa þetta verk.“   

Árið 1969 hélt kórinn tvenna tónleika í Kristskirkju. Á þeim fyrri, sem haldnir voru í maí, voru verk eftir Distler, Palestrina, Shütz og Victoria, en á jólatónleikunum var Jólaóratóría Bachs á dagskrá, með hljómsveit og einsöngvurum.

Árin 1970 – 1979 
Á norrænu kirkjulistarmóti í Kristskirkju 1970 frumflutti kórinn meðal annars verkið Requiem eftir Pál P. Pálsson ásamt því að flytja verk eftir Hallgrím Helgason. Kórinn fór í sína þriðju utanlandsferð til Austurríkis í júlí, en þar hélt hann sjálfstæða tónleika í Dómkirkjunni í Graz, í tengslum við Europa Cantat IV. Áður hélt hann tónleika með sömu efnisskrá í Kristkirkju. Sungin var kirkjuleg tónlist frá 15.-17. öld, sálmalög úr Mattheusarpassíunni og íslensk tónlist. 

Árið 1971 flutti kórinn Magnificat eftir Monteverdi ásamt Sinfóníuhljómsveit Íslands í Háskólabíói. Stjórnandi þeirra tónleika var Bohdan Wodiczko. Ári síðar frumflutti kórinn Mattheusarpassíu Bachs ásamt barnakór og tveimur kammersveitum í Háskólabíói. Jólaóratoría Bachs var svo flutt í Háskólabíói í desember sama ár.            

Árið 1973 markaði tímamót í sögu kórsins því auk þess að halda tónleika í Kristskirkju, Austurbæjarbíói og Skálholtskirkju fór kórinn í tónleikaferð til Danmerkur og Svíþjóðar og söng inn á sína fyrstu hljómplötu. Upptakan var gerð hjá sænska útvarpinu í Stokkhólmi í júní og fyrirtækið RCA gaf plötuna út (sjá YSVL 1-526). Í tilefni útgáfunnar skrifar Haukur Ingibergsson í Morgunblaðið: „Það er sjálfsagt að bera í bakkafullan lækinn að bæta lýsingarorðum við þau, sem fallið hafa á undanförnum árum um söng Pólýfónkórsins. Hann er í einu orði sagt frábær; stílhreinn, fagur, hljómmikill og nákvæmur. Er þar fyrst og fremst að þakka söngstjórn Ingólfs Guðbrandssonar. Er ég ekki alveg viss um að allir geri sér grein fyrir þeirri miklu þakkarskuld, sem íslenzkt tónlistarlíf stendur í við Ingólf, því að ótrúlega elju, vinnusemi og áhuga þarf til að halda saman svo stórum kór sem Pólyfónkórinn er árum saman, jafnvel þótt ekki sé tekið með í reikninginn það háa listræna plan, sem kórinn hefur alla tíð verið á. Það er því ekki að ástæðulausu, að þessi plata skula koma út á alþjóðamarkaði.“ Guðmundur Emilsson skrifar um kórinn: „Pólýfónkórinn, undir stjórn Ingólfs Guðbrandssonar, hefur á 16 ára starfsferli sínum verið einhver glæsilegasti fulltrúi íslenzks tónlistarlífs svo sem ummæli innlendra og erlendra gagnrýnanda bera vott um. Kórinn hefur nær undantekningarlaust gert viðfangsefnum sínum, sem vel flest hafa verið brattgeng, dæmalaust góð skil og þannig í raun fegrað og bætt mannlífið hér norður frá. Mun það seint fullþakkað.“ 

Árið 1974 flutti kórinn Jóhannesarpassíu Bachs í Háskólabíói ásamt kammerhljómsveit og sjö einsöngvurum. Þetta var fyrsti heildarflutningur á verkinu hér á landi. Kórinn var þarna skipaður 100 félögum og hljómsveitin taldi 30 hljóðfæraleikara, undir forystu Rutar Ingólfsdóttur. Ingólfur stjórnaði flutningnum, en einsöngvararnir voru Michael Goldthorpe, tenór, sem söng hlutverk guðspjallamannsins, Sigurður Björnsson, tenór, sem söng aríur, Malcolm King, bassi, sem söng Pílatus og aríur, Halldór Vilhelmsson, bassi, sem fór með hlutverk Krists, Ingimar Sigurðsson, bassi, í hlutverki Péturs, Elísabet Erlingsdóttir, sópran, sem söng aríur og Ruth L. Magnússon, altó, sem söng aríur.

Í mars 1975 flutti kórinn svo Messías eftir Händel í Háskólabíói. Tónleikunum var vel tekið og segir Jón Ásgeirsson í Morgunblaðinu: „Tónleikar Pólýfónkórsins hafa ávallt verið gæddir galdri og stundum all mögnuðum, en aldrei eins miklum og nú, við flutning Messíasar. Frammistaða kórsins var að öllu leyti góð, víða stórglæsileg, hápunktur 18 ára starfs og stórsigur fyrir Ingólf Guðbrandsson sem kórstjóra.“  Jón Kristinn Cortes skrifar í Vísi: „Ingólfur Guðbrandsson má vera stoltur af Pólýfónkórnum. Margar perlur tónbókmenntanna hefur kórinn flutt fyrir landsmenn, en ég held að aldrei hafi honum tekist eins vel í heildina eins og með Messías. Að geta æft og haldið saman 150 manna kór er þrekvirki í sjálfu sér, sérstaklega ef þess er gætt, að minnstur hluti kórfólksins er tónlistarmenntaður, og einnig verður að hrósa kórnum fyrir áhuga og elju, því mörg kvöldstundin hefur farið í æfingar, hefi ég aldrei séð eins stífa æfingatöflu og hjá Pólýfónkórnum fyrir þetta verk.“ Kórinn flutti Messías aftur í St. Cuthbert's Parish Church í Skotlandi í maí sama ár, ásamt einsöngvurum og hljóðfæraleikurum úr skosku útvarpshljómsveit BBC.

Í apríl 1976 flutti kórinn Messu í H-moll eftir J. S. Bach í Háskólabíói. Þetta var í fyrsta sinn sem þetta stórvirki Bachs er flutt í heild sinni hér á landi. Í kórnum voru 145 manns og kammerhljómsveitin var skipuð 33 hljóðfæraleikurum. Einsöngvarar að þessu sinni voru Guðfinna D. Ólafsdóttir, Ásta Thorstensen, Ruth L. Magnússon, Jón Þorsteinsson, Ingimar Sigurðsson og Halldór Vilhelmsson. Rut Ingólfsdóttir var konsertmeistari hljómsveitarinnar.    

Á tuttugu ára afmælisári kórsins 1977 bar margt til tíðinda, ekki síst Ítalíuferð kórsins í júní. Í apríl voru settir upp hátíðartónleikar í Háskólabíói þar sem flutt voru verkin Gloria eftir Vivaldi, Magnificat eftir Bach og Gloria eftir Poulenc. Söngvarar voru um 150 og hljóðfæraleikarar um 50 talsins.  Tónleikar þessir þóttu mjög vel heppnaðir. Jón Kristinn Cortes segir að tónleikarnir hafi í alla staði tekist hið besta, Sigurður Steinþórsson segir að þeir hafi verið glæsilegir og „mikilfenglegir“ og Egill Friðleifsson segir; „Í upphafskaflanum „Gloria in exelsis Deo” komu þegar fram helstu og bestu kostir kórsins, fegurð og samræmi í tærum hljómunum, mýkt og sveigjanleiki við mótun hendinga og hnitmiðuð framsetning. Má segja að þessi lýsing eigi við um frammistöðu kórsins á tónleikunum í heild. [..] Undirritaður átti þess kost að hlýða á síðasta konsertinn á laugardaginn. Það var ekki aðeins að hvert einasta sæti væri setið, heldur var drjúgt af fólki í göngum og á tröppum hússins, og fagnaðarlæti slík að varla finnst hliðstæða. Mun svo einnig hafa verið dagana á undan.“ Tónleikarnir voru teknir upp og hluti þeirra gefinn út á plötu (sjá P.001).
 
Kórinn hélt síðan tvenna tónleika í Háskólabíói í júní í aðdraganda Ítalíuferðar hans. Á verkefnaskrá þeirra fyrri voru Gloria eftir Vivaldi og Magnificat eftir Bach. Einnig var fluttur Konsert í d-moll eftir Bach, en þar léku María Ingólfsdóttir og Rut Ingólfsdóttir, konsertmeistari, einleik á fiðlu. 

Á síðari tónleikunum var óratórían Messías eftir Händel flutt (sjá P.002-4). Öll þessi verk voru síðan flutt á tónleikaferð kórsins á Ítalíu. Einsöngvarar í Ítalíuförinni voru Kathleen Livingstone, Ruth L. Magnússon, Neil Mackie, Michael Rippon, Halldór Vilhelmsson, Margrét Bóasdóttir og Hjálmar Kjartansson. Töluvert var fjallað um söngför kórsins til Ítalíu og þótti hún afar vel heppnuð. Sungið var á sjö stöðum, meðal annars í Markúsarkirkjunni í Feneyjum og Santa Croce í Flórens. 

Árið 1978 flutti kórinn Jólaóratóríu Bachs í Háskólabíói með kammersveit og fjórum einsöngvurum. Sá flutningur var gefinn út á tveimur geisladiskum árið 2012. Í apríl ári síðar var flutt kirkjuleg tónlist í Kristskirkju og farið með þá efnisskrá í söngför til London þar sem sungið var í St. Lawrence Jewry kirkjunni. Á efnisskránni voru meðal annars verkin Ave Verum eftir Mozart og verk eftir Bach, Palestrina og David.  Í desember sama ár voru haldnir jólatónleikar í Háskólabíói. Á efnisskránni voru Magnificat og Svíta nr. 4 fyrir hljómsveit eftir Bach ásamt köflum úr Messíasi eftir Händel.

Útgefið efni frá tímabilinu 1961 – 1979

Árin 1980 – 1988 	   
Í apríl 1980 var Litla helgimessan (Petite Messe Solennelle) eftir Rossini flutt í Háskólabíói og ári síðar flutti kórinn Jóhannesarpassíu Bachs í heild sinni í Háskólabíói með kammerhljómsveit og átta einsöngvurum. 

Flutningur passíunnar hlaut lofsamlega dóma og segir Leifur Þórarinsson í umsögn um tónleikana; „Ég held [..] að sjaldan eða aldrei hafi heyrst hér betri kórsöngur, í það minnsta man ég ekki eftir því.  Jafnvægi og blæfegurð raddanna var með ólíkindum og samstillingin eins og best verður á kosið. Auðvitað má fyrst og fremst þakka öruggum smekk og kunnáttu stjórnandans, Ingólfs Guðbrandssonar, sem eftir mínu viti er kórstjóri á heimsmælikvarða. Hvernig hann dró fram aðalatriðin, hér í sópran, þar í innrödd eða bassa, án þess að ofgera nokkru sinni, var ótrúlega fallegt í stóru kórköflunum. Spennan í fjölskrúðugri gagnröddun Bachs var alltaf skýr og átakalaus, fullkomlega eðlileg. Þetta finnst mér þrekvirki, sérstaklega þegar tillit er tekið til hvað kórinn er fjölmennur og að hann er að mestu leyti skipaður áhugamönnum.“ Jón Ásgeirsson segir; „Pólýfónkórinn er ein merkasta tónlistarstofnun okkar Íslendinga og eftir aðeins aldarfjórðungsstarf hefur kórinn þegar lagt svo mikið til íslenskrar menningar að aðeins verður jafnað við Sinfóníuhljómsveit Islands. Framlag hans er og merkilegt fyrir þá sök, að fjárhagslega hefur þessi starfsemi, með smáskitlegum undantekningu, verið á ábyrgð kórsins og stjórnanda hans. Stofnun Pólýfónkórsins markar tímamót í flutningi kórtónlistar hér á íslandi, bæði hvað snertir söng og val viðfangsefna og hefur stjórnandi kórsins með atorku og fórnfýsi náð árangri, sem ekki aðeins telst frábær hér uppi á okkar kalda landi, heldur og meðal frægra menningarþjóða.“ 

Árið 1982 var viðburðarríkt í sögu kórsins. Ekki aðeins var sett upp stærsta uppfærsla kórsins fram að þeim tíma, heildarflutningur á Mattheusarpassíu Bachs, heldur fór kórinn í velheppnaða söngför til Spánar, að undangengnum tónleikum í Háskólabíói. Starfsárinu lauk svo með jólatónleikum í Kristskirkju. 

Í flutningi á Mattheusarpassíunni fékk kórinn, sem þá var skipaður 133 manns, til liðs við sig Hamrahlíðarkórinn með 78 félaga og Kór Öldutúnsskóla með 41 félaga.  Hljóðfæraleikarar og einsöngvarar voru 50 samtals. Tónleikunum var afar vel tekið og sagði Thor Vilhjálmsson í umsögn sinni: „Það er árvisst undur og kraftaverk að Ingólfur Guðbrandsson ofurhugi flytur okkur hin stærstu kórverk tónbókmenntanna, með sínu vaska liði; og hefur komið sér upp dýrlegu hljóðfæri sem er Pólýfónkórinn, hefur náð að virkja músíkást hugsjónafólks sem leggur á sig ómælda vinnu og sækir æ hærra. Og nú síðast Mattheusarpassían eftir Bach. Þetta gerðist þann dag sem á að vera leiðinlegasti dagur ársins, að sögn; föstudaginn langa. Mikið var gaman þennan dag.“ Sigurður Þór Guðjónsson segir: „Mér fallast satt að segja hendur að skrifa um fyrsta flutning Mattheusarpassíunnar í heild á Íslandi. Ég er þeirrar skoðunar að þetta verk sé kannski heilagasta tónlist sem sköpuð hefur verið. Þó hafði ég aldrei heyrt verkið í tónleikasal. En nú á föstudaginn langa rann upp sú langþráða stund. Og ég hika ekki við að telja þennan flutning einhverja fegurstu, einstæðustu og upphöfnustu athöfn sem ég hef lifað. Þetta var allt eins og í öðrum heimi.“  
 
Jón Ásgeirsson segir í umsögn sinni; „Það tekur nærri fjóra klukkutíma að flytja allt verkið og með rétt mátulegu kaffihléi, stóð flutningur þess frá því kl. 2 e.h. til 7 um kvöldið eða nærri því og fyrir undirritaðan var þetta aðeins stundarkorn [..]. Ingólfur Guðbrandsson, stjórnandi þessa flutnings, leitaði fanga víða og sparaði hvergi til svo flutningur verksins yrði sem mestur og glæsilegastur. Umhverfis kórinn hans, Pólýfónkórinn, hafði hann skipað Barnakór Öldutúnsskóla, Egils Friðleifssonar, Kór Menntaskólans við Hamrahlíð sem Þorgerður Ingólfsdóttir stjórnar, tveimur kammerhljómsveitum, þar sem saman sátu efnilegir tónlistarnemendur og bestu tónlistarmenn þjóðarinnar, undir handleiðslu Rutar Ingólfsdóttur og Þórhalls Birgissonar, ásamt erlendum tónlistarmönnum, gambaleikaranum Alfred Lessing, söngvurunum Michael Goldthorpe, Ian Caddy, Simon Waughan og íslenskum söngvurum, Elísabetu Erlingsdóttur, Sigríði Ellu Magnúsdóttur og efnilegum söngvurum eins og Kristni Sigmundssyni, Unu Elefsen, Margréti Pálmadóttur og Ásdísi Gísladóttur. Þessum stóra hópi ágætra tónlistarmanna stýrði Ingólfur Guðbrandsson til fangbragða við erfitt og krefjandi tónverk meistara Bach, með þeim árangri að telja verður þessa tónleika tímamót í sögu tónleikahalds á Íslandi og tónleikana í heild mikinn listasigur fyrir fullhugann, bardagamanninn og listamanninn Ingólf Guðbrandsson.“  Ríkisútvarpið tók tónleikana upp og kórinn gaf þá út á fjórum hljómplötum árið 1983 (sjá P.005-8). 

Fyrir ferð kórsins og kammersveitar til Spánar sem farin var í tengslum við heimsmeistaramótið í knattspyrnu voru haldnir tónleikar í Háskólabíói með sömu efnisskrá og sungin var í ferðinni. Þar bar til tíðinda að frumfluttir voru hlutar úr Óratóríunni Eddu eftir Jón Leifs. Jón Ásgeirsson segir um þann flutning: „Í þessum fáu tónhendingum úr Eddu Jóns Leifs sem Pólyfónkórinn flutti undir stjórn Ingólfs Guðbrandssonar, sá ég ægiþrunginn svip þrumuguðsins Þórs, stórbrotna heimsmynd heiðindómsins, samblædda sögu manns og foldar, frumþætti lífshelgunar, sem er sameiginlegur grunnur allra  trúarbragða.“ Kaflarnir úr Eddu höfðu mikil áhrif á tónleikagesti á Spáni en á verkefnaskránni þar voru auk þeirra Gloria eftir Poulenc, Vatnamúsík eftir Händel, verk eftir Buxtehude, tveir fiðlukonsertar þar sem Unnur María Ingólfsdóttir og Þórhallur Birgisson léku einleik og kórar úr Messíasi. Tónleikar voru haldnir á fimm stöðum; í Malaga, Marbella, Nerja, Granada og Sevilla. Arnaldur Indriðason sem þá var blaðamaður á Morgunblaðinu fylgdi kórnum á ferðalaginu og skrifar nokkuð ítarlega ferðalýsingu. Upptaka af tónleikum á Spáni var gefin út árið 2007 (sjá POL.013).  
 
Jólatónleikarnir 1982 voru haldnir í Kristkirkju og nú bar svo við að Hörður Áskelsson var stjórnandi á tónleikunum. Sigurður Steinþórsson segir í umsögn sinni; „Frá því er skemmst að segja, að kórinn söng dæmalaust vel og hreint og jafnvægi var næsta fullkomið milli raddanna.“ 

Árið 1983 hélt kórinn jólatónleika í Kristskirkju, með þátttöku nemenda Kórskólans. Flutt voru verk eftir Schütz, Bach, Schubert, Mendelsohn, Róbert A. Óttósson og Sigvalda Kaldalóns, auk þekktra jólalaga frá Bretlandi og meginlandinu. Einsöngvarar með kórnum voru Kristinn Sigmundsson og Una Elefsen.

Í maí 1984 stjórnaði Ingólfur flutningi kórsins og Sinfóníuhljómsveitar Íslands í Háskólabíói á Ave verum eftir Mozart, Te deum eftir Verdi og Stabat Mater eftir Rossini. Einsöngvarar voru Denia Mazzola, Claudia Clarich, Paolo Barbicini og Carlo de Bartoli, en þau komu gagngert frá Ítalíu til að taka þátt í þessum flutningi. „Þetta voru frábærir tónleikar og stjórnandi og flytjendur voru hylltir í lokin.“ sagði Jón Ásgeirsson tónlistargagnrýnandi Morgunblaðsins eftir tónleikana.  

Þann 23. mars 1985 héldu kórinn og Sinfóníuhljómsveit Íslands aðra tónleika sína undir stjórn Ingólfs. Þetta voru hátíðartónleikar á 300 ára afmælisdegi Bachs og tekist á við stórvirki hans; H-moll messuna. 

Í gagnrýni Morgunblaðsins segir; „Í heild voru þetta glæsilegir tónleikar og verðugir minningu Bachs og með þeim menningarblæ er ávallt hefur mótað starf Ingólfs Guðbrandssonar og Pólýfónkórsins.“  Rögnvaldur Sigurjónsson segir; „Það má teljast til mikilla afreka að æfa þetta margslungna meistaraverk, með leikmenn eins og söngfólk í kórum hér á landi óneitanlega er. En Ingólfur lætur sér ekki allt fyrir brjósti brenna og tókst flutningurinn ótrúlega vel þegar á allt er litið.“ Tónleikarnir voru hljóðritaðir og gefnir út af Pólýfónfélaginu árið 2007 (sjá POL.011/12).  

Í júlí hélt kórinn síðan með H-moll messuna í söngför til Ítalíu, ásamt  ríflega 30 manna kammersveit. Sungið var á opnunarhátíð tónlistarhátíðar í Assisi, í kirkju San Ignazio í Róm, í Santa Croce kirkjunni í Flórens og í Markúsarkirkjunni í Feneyjum.    

Í desember 1986 leiddu kórinn og Sinfóníuhljómsveit Íslands enn saman hesta sína og fluttu Messías eftir Händel í hinni nývígðu Hallgrímskirkju. Um var að ræða fyrsta heildarflutning verksins á Íslandi. Í umfjöllun um tónleikana segir; „Í bráðum þrjátíu ár hefur Pólýfónkórinn staðið fyrir stórtíðindum í flutningi kórtónlistar hér á landi, auk þess sem söngtækni sú sem einkennt hefur kórinn frá upphafi markaði tímamót í söngsögu Íslendinga. [..] Stjórnandanum, Ingólfi Guðbrandssyni, verður seint þakkað framlag hans til söngmenntar í þessu landi. Áheyrendur þakka honum með því að sækja tónleika kórsins af hreinni ástríðu og þörf. Þar í er fólgin sú viðurkenning að starf Ingólfs og Pólýfónkórsins hafi ávaxtast eins og segir í dæmisögunni og sannaðist í glæsilegum flutningi Messíasar að þessu sinni.“  Tónleikar þessir voru hljóðritaðir og gefnir út árið 1987 bæði í heild sinni (CD) og á hljómplötu með völdum köflum (sjá POL.008/9 og POL.010). Kórinn söng Messías aftur í Hallgrímskirkju í desember 1987 með kammersveit.
 
Síðustu tónleikar Pólýfónkórsins voru haldnir í nóvember 1988 í samvinnu við Sinfóníuhljómsveit Íslands. Fyrirhugað var að halda sönglistahátíð kórsins í apríl í tilefni 30 ára afmælis hans, en af því varð ekki vegna veikinda stjórnandans. Á efnisskránni í nóvember voru verk sem spanna um 400 ára tónlistarsögu en höfundar voru Monteverdi, Bach, Verdi, Bizet, Rossini og Orff. 

Einsöngvarar voru Ásdís Gísladóttir, Elísabet Eiríksdóttir, Elísabet Erlingsdóttir, Erna Guðmundsdóttir, Sigríður Ella Magnúsdóttir, Gunnar Guðbjörnsson og Kristinn Sigmundsson. Tónleikarnir fengu góðar viðtökur hjá áhorfendum jafnt sem gagnrýnendum.Þeir voru teknir upp og gefnir út af Pólýfónfélaginu árið 2008 (sjá POL.015/16). 

Með þessum tónleikum lauk löngum og farsælum ferli Pólýfónkórsins. 

Í tilefni 30 ára afmælis kórsins skrifuðu nokkrir tónlistarmenn og gagnrýnendur greinar um vegferð kórsins og áhrif hans á íslenskt tónlistarlíf. Jón Ásgeirsson segir: 

 
Egill Friðleifsson segir í grein í Morgunblaðinu;

Útgefið efni frá tímabilinu 1980 – 1988

Kórskóli Pólýfónkórsins 
Í tengslum við starfsemi kórins var Kórskóli Pólýfónkórsins starfræktur frá 11. janúar 1971 og allt til ársins 1988. Markmið hans var að kenna áhugasömu fólki raddbeitingu, söng, heyrnarþjálfun, tónheyrn, taktæfingar og nótnalestur. Um var að ræða 10 vikna námskeið og var nemendum skipt upp í byrjenda- og framhaldshóp. Nemendur voru í kringum 100 talsins flest árin. Meðal kennara skólans voru Ruth L. Magnúsdóttir, Einar Sturluson, Lena Rist, Herdís Oddsdóttir, Sigurður Björnsson, Margrét Pálmadóttir, Elísabet Erlingsdóttir, Már Magnússon, Helga Gunnarsdóttir, Garðar Cortes, Jón Karl Einarsson, Kristján Jóhannsson, Friðrik Guðni Þorleifsson og Ingólfur Guðbrandsson. Efnilegir nemendur áttu þess kost að sækju um inngöngu í kórinn og stundum tóku þeir þátt í flutningi kórsins, til dæmis á tónleikum í Kristskirkju í maí 1971. Gunnar Björnsson segir í umfjöllum um tónleikana:

Formenn Pólýfónkórsins 
Fyrsti formaður Pólýfónkórsins var Stefán Þengill Jónsson, múrari og söngkennari. Rúnar Einarsson, rafvirki, tók við hlutverki formanns 1961 og gegndi því í sextán ár. Friðrik Eiríksson, matreiðslumeistari, tók við keflinu 1977 og var formaður kórsins allt til ársins 1985. Kristján Már Sigurjónsson, verkfræðingur, var formaður síðustu starfsár kórsins.

Pólýfónfélagið 
Pólýfónfélagið var stofnað í maí 2006. Formaður var kosinn Ólöf Magnúsdóttir, en aðrir í stjórn voru Halldór Vilhelmsson, Hákon Sigurgrímsson, Guðmundur Guðbrandsson, Hekla Pálsdóttir og Kolfinna Sigurvinsdóttir. Við fráfall Halldórs Vilhelmssonar árið 2009 tók Áslaug Ólafsdóttir sæti hans í stjórn. 

Félagið var stofnað með það að markmiði að varðveita margvísleg gögn, nótur og útgefið efni Pólýfónkórsins ásamt því að tryggja varðveislu á tónböndum í safni Ríkisútvarpsins með upptökum af söng kórsins. Félagið hefur þegar gefið út 9 geisladiska með söng kórsins frá 2007 og haft með höndum kynningu þeirra og dreifingu. Félagið hefur einnig styrkt tengsl milli fyrrum kórfélaga með samkomum, kynningum og utanlandsferðum.

Útgefnar hljómplötur og geisladiskar 
Gefnar voru út sex hljómplötur með flutningi kórsins á árunum 1973-1986. Pólýfónfélagið hefur síðan staðið að útgáfu á upptökum sem gerðar voru með kórnum. Alls hafa komið út 15 útgáfur með flutningi Pólýfónkórsins: 
 
 YSVL 1-526 - Pólýfónkórinn, án undirleiks, Svíþjóð 1973 - 1973
 P.001 - Pólýfónkórinn og kammersveit – Gloria og Magnificat, tónleikar 1977 – 1977
 P.002-4 - Pólýfónkórinn og kammersveit – Messías, tónleikar 1977 – 1978
 P.005-8 - Pólýfónkórinn, Hamrahlíðarkórinn, Kór Öldutúnsskóla og 2 kammersveitir – Mattheusarpassía, tónleikar 1982 – 1983
 POL.008/9 - Pólýfónkórinn og Sinfóníuhljómsveit Íslands – Messías, tónleikar 1986 (CD) – 1987
 POL.010 - Pólýfónkórinn og Sinfóníuhljómsveit Íslands – Messías, tónleikar 1986 (valdir kaflar, 33 sn.) – 1987
 POL.011/12 - Pólýfónkórinn og Sinfóníuhljómsveit Íslands – Messa í H-moll, tónleikar 1985 – 2007
 POL.013 - Pólýfónkórinn  og kammersveit - Tónleikar á Spáni í tengslum við heimsmeistaramótið í knattspyrnu 1982 – 2007
 POL.014 - Pólýfónkórinn, Sine Musica Nulla Vita! (endurútgáfa á CD af fyrstu  hljómplötu kórsins) – 2008
 POL.015/16 - Pólýfónkórinn og Sinfóníuhljómsveit Íslands – Efni af tónleikum 1984 og 1988 – 2008
 POL.017 - Pólýfónkórinn og Kórskólinn – Jólalög og kirkjuleg verk, sungin 1961-1972 – 2010
 POL.018 - Pólýfónkórinn – Madrigalar og erlend sönglög frá ýmsum Evrópulöndum, upptökur frá 1961-1971 – 2011
 POL.019/20 - Pólýfónkórinn og kammersveit – Jólaóratóría, flutt 1972 og 1978 - 2012
 POL.021 - Pólýfónkórinn - Forðum tíð einn brjótur brands... - Íslensk þjóðlög og sönglög, upptökur af tónleikum 1961-1977 - 2013
 POL.022 - Pólýfónkórinn - Sönglög og Mótettur - Upptökur frá 1961-1973 - 2016

Prentað efni 
Á 30 ára afmælisári kórsins, árið 1987 var gefin út bókin Í ljósi líðandi stundar. Pólýfónkórinn 1957-1987. Kórinn gaf bókina út og söfnun efnis og umsjón útgáfu var í höndum Guðmundar Guðbrandssonar og Sigrúnar Hlínar Sigurðardóttur. Í bókinni er starf kórsins í 30 ár rakið í máli og myndum, umsagnir og kveðjur birtar og blaðaumfjöllun um einstaka tónleika, verkefnaskrá kórsins á tímabilinu og listi yfir söngvara, aðstoðarfólk og kórfélaga. Í bókinni eru myndir og frásagnir af ferðum kórsins út fyrir landsteinana og hugleiðingar kórfélaga og stjórnanda sem líta yfir farinn veg.

Metnaður var lagður í að gera söngskrár vel úr garði, ekki síst þegar um var að ræða stærri tónleika. Oft voru þýðingar á textum í lengri verkum svo að áhorfendur gætu fylgst með söguþræði. Einnig fylgdi með kynning á höfundi og annar viðeigandi fróðleikur. Hljómplötuútgáfunum fylgir einnig fróðleikur um verk og flytjendur.

Verkefnaskrá Pólýfónkórsins 1957 – 1988 

Skráin er ekki tæmandi.

Hljómleikastaðir 1957 – 1988 
Yfirlit yfir þá staði sem hljómleikar voru haldnir ásamt ártali. Hér eru taldar uppfærslur en ekki tiltekið hve oft hver uppfærsla var flutt.

Einsöngvarar 
Einsöngvarar með Pólýfónkórnum frá 1957 – 1988 voru: 

 Ann Collins
 Ann Marie Connors
 Anna M. Kaldalóns
 Anne Wilkens
 Ásdís Gísladóttir
 Ásta Thorstensen
 Bernadette Mancha di Nizza
 Carlo de Bortoli
 Claudia Clarich
 David Wilson-Johnson
 Denia Mazzola
 Elisabeth Stokes
 Elín Sigurvinsdóttir
 Elísabet Erlingsdóttir
 Elísabet F. Eiríksdóttir
 Erna Guðmundsdóttir
 Friðbjörn G. Jónsson
 Glynn Davenport
 Graham Titus
 Guðfinna D. Ólafsdóttir
 Guðmundur Jónsson
 Guðrún Tómasdóttir
 Gunnar Guðbjörnsson 
 Halldór Vilhelmsson
 Hannah Francis
 Hilke Helling
 Hjálmar Kjartansson
 Ian Caddy
 Ian Partridge
 Inga Bachman
 Ingimar Sigurðsson
 Jacquelyne Fugelle
 Janet Price
 Jón Þorsteinsson
 Kathleen Livingstone
 Katrín Sigurðardóttir
 Keith Lewis
 Kristinn Sigmundsson
 Kristinn Þ. Hallson
 Magnús Torfason
 Malcolm King
 Margrét Bóasdóttir
 Maureen Brathwaite
 Michael Goldthorpe
 Michael Rippon
 Nancy Argenta
 Neil Jenkins
 Neil Mackie
 Paolo Barbacini
 Peter Coleman-Wright
 Peter Cristoph-Runge
 Renzo Casellato
 Ruth L. Magnússon
 Sandra Wilkes
 Signý Sæmundsdóttir
 Sigríður Ella Magnúsdóttir
 Sigríður Elliðadóttir
 Sigrún Gestsdóttir
 Sigurður Björnsson
 Simon Waughan
 Una Elefsen
 William Mackie

Undirleikarar og aðstoðarfólk við raddþjálfun og æfingar 
Undirleikarar og aðstoðarfólk við raddþjálfun og æfingar voru þessir á árunum 1957 – 1987.

 Agnes Löve
 Ásta Thorstensen
 Carlo Bino
 Einar Sturluson
 Elísabet Erlingsdóttir
 Eugenia Ratti
 Gústaf Jóhannesson
 Hörður Áskelsson
 Lára Rafnsdóttir
 Margrét Pálmadóttir
 Mauro Trombetta
 Ruth L. Magnússon
 Snorri S. Birgisson
 Una Elefsen

Tilvísanir

Heimildaskrá og ítarefni 
 Guðmundur Guðbrandsson og Sigrún Hlín Sigurðardóttir (1987). Í ljósi líðandi stundar. Pólýfónkórinn 1957-1987. Reykjavík: Pólýfónkórinn. 
 Ingólfur Guðbrandsson og Sveinn Guðjónsson (1989). Lífspegill. Reykjavík: Vaka-Helgafell.
 Hákon Sigurgrímsson (2010). Svo þú ert þessi Hákon! Reykjavík: Ormstunga.

Íslensk tónlist
Íslenskir kórar"
80,Hver er talinn hafa verið faðir íslenskrar leikritunar?,Sigurður Pétursson.,,"Hrólfur eða Slaður og trúgirni er leikrit eftir Sigurð Pétursson, sem kallaður hefur verið faðir íslenskrar leikritunar. Verk Sigurðar, Hrólfur og Narfi, voru fyrstu íslensku leikritin sem víst er að voru flutt fyrir áhorfendur en þau voru bæði sett upp á Herranótt af skólapiltum í Hólavallarskóla. 

Hrólfur er gamanleikrit undir áhrifum frá verkum Ludvigs Holberg. Það var fyrst sýnt 1796  og skrifaði Sigurður verkið fyrir þá og leikstýrði þeim sjálfur. Leikritið var fyrst prentað 1819 á vegum Rasmus Rask og kallaðist þá Auðunn lögréttumaður en yfirleitt er það kallað Hrólfur.

Leikritið hefst á því að landshornaflakkari og oflátungur að nafni Hrólfur kemur á heimili Auðuns lögréttumanns, sem er trúgjarn einfeldningur sem gleypir við öllu sem Hrólfur segir honum og kaupir af honum glingur fyrir hátt verð. Auðuni líst svo vel á Hrólf að hann vill gifta honum Önnu dóttur sína, en hún er ekki sátt við það, enda ástfangin af fátækum bóndasyni.

Heimildir 
 

Íslensk leikrit"
288,Hver var fyrsti Íslendingurinn sem er vitað um að hafi smíðað orgel?,Arngrímur Brandsson.,,"Arngrímur Brandsson (d. 13. október 1361) var prestur í Odda á Rangárvöllum frá því fyrir 1334. Árið 1350 varð hann ábóti í Þingeyraklaustri eftir lát Stefáns Gunnlaugssonar. Hann var fræðimaður, skáld og tónlistarmaður og smíðaði fyrsta orgel sem heimildir eru um á Íslandi.

Arngrímur var sunnlenskur og kann að hafa verið sonur Brands skógs Eyjólfssonar í Skógum undir Eyjafjöllum. Hann var í þjónustu Jóns Halldórssonar Skálholtsbiskups og fór á vegum hans sendiför til Noregs vegna Möðruvallamála árið 1329. Samkvæmt því sem segir í Lárentíusar sögu biskups sinnti hann þó ekki því erindi sem hann var settur til, heldur gekk hann „daglega til eins organmeistara, er var í Þrándheimi, ok lét hann svo kenna sér að gera organum, en aldri flutti hann fyrir erkibiskupi um Möðruvallamál.“ Arngrímur kom svo til landsins með organum sem hann hafði smíðað sjálfur og er það fyrsta orgelið sem sögur fara af á Íslandi.

Líklega hefur Arngrímur notað tækifærið og fengið veitingu erkibiskups fyrir Oddastað og þar var hann prestur í nokkur ár en hverfur þá úr sögunni um tíma, nema hann hafi gegnið í klaustur og sé sá Arngrímur kanúki í Þykkvabæ sem barði á Þorláki ábóta ásamt Eysteini Ásgrímssyni og Magnúsi kanúka, en fyrir það voru þeir Eysteinn og Arngrímur settir í járn haustið 1341.

Hvort sem Arngrímur var í Þykkvabæjarklaustri eða ekki var hann nokkru síðar kominn norður til Þingeyra og varð þar ábóti 1350. Ormur Ásláksson biskup vígði hann á Lárentíusarmessu, 10. ágúst 1351. Ormur biskup var óvinsæll og átti í deilum við Norðlendinga en virðist hafa haft dálæti á Arngrími og þegar Ormur fór úr landi haustið 1354 gerði hann Arngrím að staðgengli sínum eða officialis. Prestar neituðu þó að hlýða honum „því hann var borinn ljótum málum,“ segir í Lögmannsannál 1356 en ekki greinir þó nánar frá ljótu málunum. Var hann settur bæði úr officialis-embætti og ábótadæmi og hafði hann þá fyrirhugað að ganga í prédikaraklaustur í Björgvin. Áður en af því varð settu þó Eysteinn Ásgrímsson og Eyjólfur Brandsson, sem hér voru sem erindrekar erkibiskups, Arngrím þó aftur í ábótastöðuna árið 1357 og gegndi hann henni til dauðadags, 13. október 1361. Eftirmaður hans var Gunnsteinn nokkur.

Arngrímur var fræðimaður og rithöfundur og skrifaði meðal annars sögu Guðmundar Arasonar biskups og orti um hann drápu. Hann var sagður söngmaður góður og vegna kunnáttu hans í organsmíði er líklegt að hann hafi átt hljóðfæri til að nota við messur á Þingeyrum.

Heimildir

Tenglar 
 Guðmundar drápa byskups. Bragi - óðfræðivefur, skoðað 4. júní 2011.

Íslenskir ábótar og príorar
Íslenskir prestar í kaþólskum sið
Íslenskir rithöfundar
Íslenskir tónlistarmenn
Þingeyraklaustur

Íslendingar á 14. öld"
1355,Hvaða tvö tímabil á 14. öld var Pétur Halldórsson lögmaður norðan og vestan lands?,1335-1345 og 1351-1360.,,"Pétur Halldórsson var íslenskur lögmaður á 14. öld og bjó á Víðimýri í Skagafirði. Ætt hans er óþekkt.

Ekki er alveg víst hvenær Pétur varð fyrst lögmaður en það hefur líklega verið 1335. Hann var lögmaður norðan og vestan í 10 ár, til 1345, en þá tók Grímur Þorsteinsson við. Pétur varð svo aftur lögmaður eftir lát Gríms 1351 og gegndi embættinu til 1360. Kona hans var Ingibjörg Svarthöfðadóttir og sonur þeirra Ólafur Pétursson hirðstjóri.

Heimildir 
 Safn til sögu Íslands. 2. bindi, Kaupmannahöfn 1886.

Lögmenn á Íslandi"
1419,Hvenær var hnefaleikafélagið Ármann stofnað?,Árið 1926. r sem það var eitt af fyrstu félögunum til að stunda hnefaleika á landinu og hélt fyrsta opinbera hnefaleikamótið á Íslandi þann 22. apríl 1928.,,"Hnefaleikar eða box er íþrótt þar sem tveir einstaklingar eigast við með hnefunum einum saman og reyna að koma sem flestum löglegum höggum á hvorn annan. Ólympískir hnefaleikar fara fram á upphækkuðum palli, sem er girtur köðlum. Keppt er í þremur lotum í áhugamannaboxi en allt að 15 lotum í atvinnumannaboxi. Stig eru gefin fyrir hvert hreint högg og dómarar dæma yfirleitt þann sem skorar flest stig sigurinn. Undantekningar eru að unnt er að sigra með rothöggi, þ.e.a.s. andstæðingur er sleginn niður og stendur ekki upp innan 10 sekúndna, tæknilegu rothöggi, andstæðingur getur ekki haldið áfram vegna meiðsla eða þreytu og er þá dæmdur úr leik eða ef andstæðingur greiðir leikmanni högg neðan beltis og er þá umsvifalust dæmdur úr leik. 

Mesta aðsókn á bardaga er 136 þúsund áhorfendur.

Hnefaleikar á Íslandi 
Árið 1916 kom til Íslands danskur maður, Wilhelm Jackobson hraðritari. Hann kunni hnefaleika og tók að veita mönnum tilsögn í hnefaleikum í leikfimisal Landakotsspítala. Sú kennsla stóð aðeins yfir í einn vetur, en nokkrir nemendur hans héldu áfram æfingum næsta ár undir stjórn Eiríks Bechs. Þetta var fyrsti vísir hnefaleika á Íslandi. 

Íþróttafélagið Ármann var stórveldi á sviði hnefaleika á meðan þeir voru stundaðir hér á fyrri hluta 20. aldar. Iðkun hnefaleika hjá félaginu hófst árið 1926. Það ár fluttist hingað til lands Færeyingurinn Peter Wigelund og settist hér að. Hann lærði ungur skipasmíðar í Danmörku en æfði þá jafnframt hnefaleika og náði svo langt að komast í danska landsliðið. Wigelund gerðist þjálfari hjá Ármanni og hélt hnefaleikasýningu í Iðnó árið 1926, þar sem fram komu auk hans Sveinn G. Sveinsson, Ólafur Pálsson og Lárus Jónsson. Fyrsta opinbera hnefaleikamótið var svo haldið hér á landi þann 22. apríl 1928 í Gamla bíó, og var það haldið á vegum Ármanns. Hringdómari var sjálfur Jóhannes á Borg, en utanhringsdómari Eiríkur Bech og Reidar Sörensen. Keppt var í fluguvigt, fjaðurvigt, veltivigt og millivigt (en þá nefndust þyngdarflokkarnir: Hvatþyngd (107-115 pund), veltiþyngd (115-122 pund), meðalþyngd (122-133 pund) og garpsþyngd (133-145 pund)). 

Árið 1933 tók Íþróttasamband Íslands hnefaleika á stefnuskrá sína og voru þá hnefaleikareglurnar þýddar, staðfærðar og gefnar út. Fyrsta Íslandsmeistaramótið var haldið í júní 1936 á upphækkuðum palli á Melavelli við afar frumstæð skilyrði. Frægt hnefaleikamót fór fram við Hálogaland 1. júní 1945. Þá áttust við Hrafn Jónsson, Ármanni og Thors R. Thors, ÍR og kepptu í þungavigt. Bardaginn stóð aðeins í eina mínútu og sextán sekúndur. Á þeim tíma sló Hrafn andstæðing sinn fjórum sinnum í gólfið. 

Hnefaleikar voru bannaðir á Íslandi árið 1956. Um bannið var mikið deilt á sínum tíma.

Hnefaleikafélög á Íslandi 
Hnefaleikafélag Reykjaness var stofnað árið 2001.

Hnefaleikafélagið ÆSIR var stofnað árið 2007 og er með aðstöðu sína í Hnefaleikastöðinni að Viðarhöfða 2, 110 Reykjavík. 

Hnefaleikafélag Akraness var stofnað þann 28.febrúar árið 2008 og er með aðstöðu sína í kjallara íþróttahússins við Vesturgötu, 300 Akranesi.

Orðalisti

Tilvísanir

Tenglar 

 Hnefaleikafélagið ÆSIR 
 Hnefaleikafélag Reykjavíkur"
1071,"Hver flutti fjórtán íslensk sönglög á hljómplötunni „Sönglög“, sem var gefin út árið 1964?",Magnús Jónsson.,,"Sönglög er 33-snúninga LP-hljómplata gefin út af SG - hljómplötum árið 1964. Á henni flytur Magnús Jónsson fjórtán íslensk sönglög við undirleik Ólafs Vignis Albertssonar.

Lagalisti
 Sáuð þið hana systur mína - Lag - texti: Páll Ísólfsson — Jónas Hallgrímsson
 Vögguljóð - Lag - texti: Sigurður Þóðarson — Benedikt Þ. Gröndal
 Augun bláu - Lag - texti: Sigurður Einarsson — Steingrímur Thorsteinsson 
 Kvöldsöngur - Lag - texti: Markús Einarsson — NN
 Á Sprengisandi - Lag - texti: Sigvaldi Kaldalóns — Grímur Thomsen
 Ég bið að heilsa - Lag - texti: Ingi T. Lárusson — Jónas Hallgrímsson 
 Bikarinn - Lag - texti: Eyþór Stefánsson — Jóhann Sigurjónsson
 Í dag er ég ríkur - Lag - texti: Sigfús Halldórsson — Sigurður Sigurðsson 
 Sofðu unga ástin mín - Lag - texti: Björgvin Guðmundsson — Jóhann Sigurjónsson
 Fuglinn í fjörunni - Lag - texti: Jón Þórarinsson — Íslenzk þjóðvísa
 Í fjarlægð - Lag - texti: Karl 0. Runólfsson — NN
 Þú ert - Lag - texti: Þórarinn Guðmundsson — Jakob Jóh. Smári
 Kirkjukvoll - Lag - texti: Árni Thorsteinsson — Guðm. Guðmundsson
 Sprettur - Lag - texti: Sveinbjörn Sveinbjörnsson — Hannes Hafstein

Textabrot af bakhlið plötuumslags 

SG-hljómplötur
Hljómplötur gefnar út árið 1964"
731,Hvaða ár var Þríhnúkahellir kannaður ítarlega og kortlagður?,Árið 1991.,,"Þríhnúkagígur er gígur sem liggur í norðaustasta Þríhnúknum, rúma 4 km vestur af skíðasvæðinu í Bláfjöllum. Niður frá gígopinu gengur gríðarmikill gíghellir, Þríhnúkahellir. Er hann talin eitt stærsta og merkasta náttúrufyrirbæri sinnar tegundar á jörðinni.

Gígopið er þverhnípt og um 4 sinnum 4 metra stórt. Fyrst var sigið niður í gíghellinn 1974 og 1991 var hann svo kannaður ítarlega og kortlagður. Þríhnúkahellir er flöskulaga ketill sem er um 150 þúsund rúmmetrar að stærð. Botninn er á stærð við fótboltavöll og er 120 metra undir yfirborði jarðar og þaðan liggja svo gígrásir niður á um 200 metra dýpi. 

Í ljósi þess hvað hann þykir sérstakur hafa verið settar fram hugmyndir um hvernig megi bæta aðgengi að honum, sem fæli m.a. í sér að bora göng inn í hann miðjan og byggja útsýnispall inni í honum.

Tilvísanir

Tenglar 
 Verkefnavefur VSÓ Ráðgjafar um Þríhnúkagíg
 Náttúrufræðistofa Kópavogs
 Grein hjá Ferlir, myndir og fyrirhugað aðgengi

Eldstöðvakerfi á Íslandi
Bláfjöll"
90,"Hvaða mælieiningu, sem var notuð í landbúnaði áður fyrr, mynda tveir baggar?",Hestburður.,,"Baggi  er mælieining þyngdar en áður fyrr var heyi rakað saman í sátur og þær bundnar í bagga sem hver um sig var 40 til 50 kíló og voru baggarnir fluttir á hestum í heim í hlöðu, einn baggi á hvorri hlið. Tveir baggar voru þannig mælieining sem kölluð var  hestburður. 
Þyngdareiningar
Mælieiningar"
590,Á hvaða öld gerist Víglundar saga?,10. öld.,,"Víglundar saga er ein af Íslendingasögunum. Víglundar saga er skáldsaga, ein hin fyrsta í sinni grein á Íslandi. Hún fjallar um ástir og raunir Víglundar og Ketilríðar. Hún gerist á 10. öld, en er að líkindum rituð á síðara hluta 14. aldar. Sagan er varðveitt í tveimur skinnhandritum frá 15. öld.

Tenglar 
 Víglundar saga
 Stutt endursögn Víglundar sögu  Kennsluvefir Hörpu Hreinsdóttur, 2010

Íslendingasögur"
174,Hvaða sýsla var sigurvegari í spurningakeppninni í útvarpi sem haldin var í Ríkisútvarpinu veturinn 1965-1966?,Mýra- og Borgarfjarðarsýsla.,,"Sýslurnar svara var spurningakeppni í útvarpi, sem haldin var í Ríkisútvarpinu veturinn 1965-1966. Henni lauk með sigri Mýra- og Borgarfjarðarsýslu.

Keppnisfyrirkomulag var með þeim hætti að þriggja manna lið frá velflestum sýslum landsins kepptu með útsláttarfyrirkomulagi á sunnudagskvöldum. Voru sömu fimmtán spurningarnar lagðar fyrir hvort lið og sigraði það sem gat svarað fleiri spurningum rétt. Umsjónarmenn keppninnar voru Birgir Ísleifur Gunnarsson og Guðni Þórðarson, en árið áður höfðu þeir stýrt álíka þætti, Kaupstaðirnir keppa.

Viðureignir

1.umferð:
 Norður-Múlasýsla sigraði Suður-Múlasýslu
 Dalasýsla sigraði Strandasýslu
 Húnvetningar sigruðu Skagfirðinga
 Borgfirðingar sigruðu Snæfells- og Hnappadalssýslu
 Árnesingar sigruðu Gullbringu- og Kjósarsýslu
 Þingeyingar sigruðu Eyfirðinga
 Skaftfellingar sigruðu Rangæinga
 ...?

Fjórðungsúrslit:
 Borgfirðingar sigruðu lið Austur- og Vestur-Húnavatnssýslu
 Barðstrendingar sigruðu Dalasýslu
 Árnesingar sigruðu lið Austur- og Vestur-Skaftafellssýslu
 Þingeyingar sigruðu Norður-Múlasýslu

Undanúrslit:
 Þingeyingar sigruðu Árnesinga
 Borgfirðingar sigruðu lið Vestur- og Austur-Barðastrandarsýslu

Úrslit:
 Mýra- og Borgarfjarðasýsla sigraði lið Norður- og Suður-Þingeyjarsýslu
 Sigurliðið skipuðu: Magnús Sigurðsson, Sr. Einar Guðnason og Sigurður Ásgeirsson
 Lið Þingeyinga skipuðu: Þóroddur Jónasson, Þráinn Þórarinsson og Guðmundur Gunnarsson

Útvarp
Spurningaþættir"
1767,Hvaða lið vann Íslandsmótið í knattspyrnu árið 1968?,KR.,,"Árið 1968 var Íslandsmótið í knattspyrnu haldið í 57. skipti. KR vann sinn 20. titil. Það var mál manna að þetta væri bara enn einn titill KR. Engum hefði dottið það í hug að liðið ynni titilinn næst árið 1999. Sex lið tóku þátt; KR, Fram, ÍBA, ÍBV, Valur og Keflavík. Þetta ár var deildin stækkuð um eitt lið, ekkert lið féll úr deildinni og eitt lið kom upp úr 2. deild.

Lokastaða deildarinnar 

 Útskýringar: L = Leikir spilaðir, U = Leikir sigraðir, J = Leikir sem lauk með jafntefli, T = Tapaðir leikir, Sk = Mörk skorðuð, Fe = Mörk fengin á sig, Mm = Markamunur

Töfluyfirlit 

|}

Markahæstu menn 

Skoruð voru 100 mörk, eða 3,333 mörk að meðaltali í leik.

Félagabreytingar

Félagabreytingar í upphafi tímabils

Upp í Úrvalsdeild karla 
  ÍBV

Niður í 2. deild karla 
  ÍA

Félagabreytingar í lok tímabils

Upp í Úrvalsdeild karla 
  ÍA

Niður í 2. deild karla 
 Ekkert lið vegna fjölgunar í 7. lið næsta tímabil

Úrslit deildarbikarsins 
Frá 1960 til 1972 var úrslitaleikurinn leikinn á Melavellinum, sem var malarvöllur.
  ÍBV 2 - 1 KR-b 
 Markaskorarar: Sigmar Pálmason, Valur Andersen - Jóhann Reynisson

Heimild 
 http://www.rsssf.com/tablesi/ijshist.html
 http://www.rsssf.com/tablesi/ijstops.html

Úrvalsdeildir karla í knattspyrnu á Íslandi"
429,Á hvaða árum kom fyrsta íslenska þýðingin á Skyttunum þremur út?,1923-1928.,,"Skytturnar þrjár (franska: Les trois mousquetaires) er söguleg skáldsaga eftir Alexandre Dumas (í samstarfi við Auguste Maquet). Sagan var fyrst gefin út sem framhaldssaga í dagblaðinu Le Siècle frá mars til júlí árið 1844. Í ágúst sama ár hóf Greifinn af Monte Cristo göngu sína í Journal des Débats.

Sagan fjallar um fjórar skyttur í þjónustu Loðvíks 13. og gerist árin 1625 til 1628. Hún byggist meðal annars á sögulegu skáldsögunni Mémoires de Monsieur d'Artagnan eftir Gatien de Courtilz de Sandras sem aftur byggist á ævi skyttunnar Charles de Batz-Castelmore d'Artagnan (1611-1673).

Dumas og Maquet fylgdu sögunni eftir með Vingt ans aprés (1845) og Le Vicomte de Bragelonne ou Dix ans plus tard (1847-1850). Saman eru þessar þrjár sögur kallaðar „D'Artagnan-bækurnar“. Sagan um „manninn með járngrímuna“ er hluti af síðustu skáldsögunni. Samanlagt ná sögurnar því yfir ríkisár Loðvíks 13. og fyrstu ríkisár Loðvíks 14. frá 1625 til 1673.

Þýðingar
Þrjár enskar þýðingar af bókinni komu út árið 1847. Í þýðingu William Barrow sem enn er gefin út reglulega var öllum vísunum í kynferðislegt athæfi, til dæmis milli D'Artagnan og Milady, sleppt. 

Bókin kom fyrst út á íslensku í þýðingu Björns G. Blöndal í fjórum bindum á Siglufirði 1923 til 1928 með titlinum Skytturnar, eða þrír fóstbræður. Árið 1963 kom sagan út í nýrri þýðingu Andrésar Kristjánssonar í þremur bindum í ritröð Iðunnar, Sígildar sögur Iðunnar, undir titlinum Skytturnar. Framhaldssögurnar hafa ekki komið út á íslensku

Kvikmyndir, leikhús og sjónvarp
Sagan um skytturnar þrjár hefur verið kvikmynduð yfir 20 sinnum, fyrst árið 1904. Auk þess hafa nokkrar teiknimyndir verið gerðar upp úr sögunni. Sagan var efni sjónvarpsþátta sem BBC framleiddi frá 1954 til 1966 og nýlega nýrrar sjónvarpsþáttaraðar frá BBC árið 2014. Framhaldssögurnar hafa notið minni hylli með þeirri undantekningu að sagan um „manninn með járngrímuna“ hefur verið kvikmynduð nokkrum sinnum.

Árið 1928 var sagan gerð að söngleik sem naut mikilla vinsælda á Broadway. Söngleikurinn var aftur settur upp árið 1984. Árið 2003 var hollenskur söngleikur upp úr sögunni settur upp.

Tenglar
 Les trois mousquetaires á Project Gutenberg
 Skytturnar (útg. 1928) á Rafbókavefnum
Bókaárið 1844
Sögulegar skáldsögur
Franskar skáldsögur
Alexandre Dumas"
78,Hvaða atvinnuvegi tengist tímaritið Ægir?,Sjávarútvegi.,,"Ægir er íslenskt tímarit um fiskveiðar og sjávarútvegsmál sem hefur verið gefið út óslitið frá 1905. Fullt heiti tímaritsins var upphaflega Ægir. Mánaðarrit um fiskiveiðar og farmennsku. Ægir var lengst af gefinn út af Fiskifélagi Íslands í Reykjavík en núverandi útgefandi er Athygli og kemur blaðið nú út á Akureyri.

Tenglar
 Ægir á Tímarit.is
 Ægir á Ritform.is

Íslensk tímarit"
2,Hvaða laug er kennd við Gretti Ásmundarson?,Grettislaug.,,"Grettislaug er heit laug rétt við sjóinn í landi Reykja á Reykjaströnd, kennd við Gretti Ásmundarson, en sagt er að hann hafi eftir Drangeyjarsund sitt „bakast þar lengi um nóttina, því honum var kalt orðið eftir sundið nokkuð svo“.

Allt fram á 20. öld voru laugarnar tvær, önnur hlaðin upp og notuð til þvotta og kallaðist Reykjalaug en hin lítill pollur sem nefndur var Grettislaug. Haustið 1934 gerði mikið óveður á Skagafirði og eyðilögðust laugarnar þá báðar í brimi, því sjávarkamburinn færðist ofar. Heita vatnið kom þá upp sjávarmegin við hann.

Árið 1992 var laugin svo endurgerð að undirlagi Jóns Eiríkssonar Drangeyjarjarls, bónda á Fagranesi, hlaðin upp og varnargarður gerður fyrir framan hana. Síðan hefur hún kallast Grettislaug. Laugin er um 4,5 s 3,75 m og um 80 cm djúp. Vatnið er um 42°C heitt.

Heimildir 
 Hjalti Pálsson (ritstj.): Byggðasaga Skagafjarðar I. bindi. Skefilsstaðahreppur - Skarðshreppur. Sögufélag Skagfirðinga, 1999. ISBN 978-9979-861-18-8
 

Laugar á Íslandi
Reykjaströnd
Skagafjarðarsýsla"
1790,Hvenær opnaði húsmæðraskóli á Staðarfelli á Fellsströnd?,Árið 1927.,,"Staðarfell er bær og kirkjustaður á Fellsströnd í Dalasýslu, áður höfðingjasetur og stórbýli um langan aldur en frá 1927 var þar húsmæðraskóli og frá 1980 starfsemi á vegum SÁÁ.

Bærinn stendur á fremur mjórri undirlendisræmu undir samnefndu fjalli, sem er bratt og klettótt. Staðarfell er mikil hlunnindajörð og þar bjuggu jafnan höfðingjar. Þorvaldur Ósvífursson, fyrsti maður Hallgerðar langbrókar, bjó þar, eða á Meðalfellsströnd undir Felli, eins og segir í Njálu. Þórður Gilsson, faðir Hvamm-Sturlu, bjó á Staðarfelli á 12. öld. Á fyrri hluta 19. aldar bjó þar fræðimaðurinn Bogi Benediktsson, sem skrifaði mikið um ættfræði og fleira og er þekktastur fyrir ritið Sýslumannaævir. Sýslumenn Dalamanna sátu oft á Staðarfelli og Hannes Hafstein bjó þar til dæmis í eitt ár 1886-1887.

Á fyrstu áratugum 20. aldar bjuggu hjónin Soffía Gestsdóttir og Magnús Friðriksson á Staðarfelli. Einkasonur þeirra drukknaði ásamt fleirum af bát sem hvolfdi fyrir landi jarðarinnar 1920 og í minningu hans gáfu foreldrarnir jörðina til stofnunar húsmæðraskóla. Skólinn hóf starfsemi 1927 og starfaði til 1976. Árið 1980 var svo endurhæfingarstöð á vegum SÁÁ komið á fót í húsnæðinu og hefur hún verið rekin þar síðan.

Staðarfellskirkja var vígð árið 1891 og er friðuð.

Íslenskir sveitabæir
Síður sem þurfa hnit
Dalabyggð"
1837,Hvenær var fyrsta erkibiskupsdæmið stofnað sem náði yfir Ísland?,Árið 1153.,,"Erkibiskup (úr grísku orðunum αρχή, arkhe, „uppspretta“, „uppruni“ eða „vald“, og επισκοπος, episkopos, „eftirlitsmaður“, „formaður“) er embættistitill í kaþólsku kirkjunni, biskupakirkjunni og nokkrum mótmælendakirkjum.

Kaþólska kirkjan 
Í rómversk-kaþólsku kirkjunni er erkibiskup fremstur biskupa í umdæmi sínu, Provincia ecclesiastica, en undirmaður kardínála og páfa. 

Erkibiskupsembættið var stofnað á fyrsta kirkjuþinginu í Nicaea árið 325. Ástæðan var að sóknir voru orðnar margar og ýmis biskupsdæmi orðin mjög stór. Voru erkibiskuparnir upphaflega biskupar í höfuðborgum héraða í Rómaveldi. Erkibiskupinn er primus inter pares (fremstur meðal jafninga) og hefur ekki lögsögu né formlegt vald yfir hinum biskupunum. Á miðöldum höfðu erkibiskuparnir þó í raun mikil völd. Í rétttrúnaðarkirkjunum er samsvarandi titill metrópólít.

Biskupakirkjan 
Yfir hverri sjálfstæðri kirkju í Heimssambandi biskupakirkna er erkibiskup og í mörgum þeirra stærri fleiri en einn. Hlutverk þeirra og valdsvið er öllu meira en í kaþólskum sið. Erkibiskupinn í Kantaraborg (Canterbury) í Englandi er æðsti yfirmaður biskupakirkjunnar á heimsvísu.

Lútherskar kirkjur 
Við siðaskiptin var embætti erkibiskups lagt niður í flestöllum mótmælendasöfnuðum. Sænska þjóðkirkjan hélt þó áfram að nefna æðsta yfirmann kirkjunnar erkibiskup og þegar sjálfstæð evangelísk-lúthersk kirkja var stofnuð í Finnlandi 1809 var yfirmaður hennar einnig nefndur erkibiskup. Sama gildir um evangelísk-lúthersku kirkjurnar í Eistlandi og Lettlandi. Í öllum þessum kirkjum er erkibiskup talsmaður og leiðtogi inn á við og út á við og vígir meðal annars nýja biskupa.

Norðurlönd fyrir siðaskipti 
Fyrsta erkibiskupsdæmið á Norðurlöndum var stofnað 1104 í Lundi (sem þá var í Danmörku) og náði það yfir öll Norðurlönd. Árið 1153 var stofnað erkibiskupsdæmi i Niðarósi sem náði yfir Noreg, Ísland, Grænland, Færeyjar, Mön, Hjaltland og Orkneyjar. Árið 1164 var stofnað erkibiskupsdæmi í Uppsölum sem náði yfir þáverandi Svíþjóð (sem náði þá að mestu yfir núverandi Finnland en ekki Skán). Fyrir 1104 tilheyrðu Norðurlönd erkibiskupsdæminu í Hamborg-Bremen.

Heimild 
Aðalheimild:
Enzyklopädie der Religionen, Verlag GmbH, Karlsfeld beim München, 2005

Kristni
Kaþólska kirkjan
Mótmælendatrú
Lútherstrú"
39,Hver er virkasta eldstöð Íslands?,Grímsvötn.,,"Varla öskufall nema í fáa daga

Magnús Tumi Guðmundsson, prófessor í jarðeðlisfræði við Háskóla Íslands, hefur skoðað eldgosið, hversu mikið það er og hvernig það hagar sér. „Gosið hefur verið nokkuð stöðugt og kannski rokkandi svolítið til í dag. Það rénaði frá því sem mest var í nótt en hefur verið stöðugt og mökkurinn náð í tíu, ellefu og skaust upp í fimmtán kílómetra hæð. Þetta hefur verið töluvert öflugt gos, við getum sagt að það hafi rénað en er enn öflugra en Eyjafjallagos var nokkurn tíma.“

Farið var í eftirlitsflug að svæðinu síðdegis í dag en flugvélin komst ekki að gosstöðvunum.

Óvíst er hveru mikil gosefni hafa borist upp á yfirborðið frá því gosið hófst. Hins vegar gefur hæð gosmökksins og aðrar vísbendingar til kynna að þegar gosið náði hámarki í nótt hafi tíu til tuttugu þúsund tonn af efnum spýst upp úr gígnum á sekúndu hverri, segir Magnús Tumi. „Til samanburðar flytur Þjórsá, vatnsmesta á landsins, 400 tonn af vatni á sekúndu.“ Nú má gera ráð fyrir að eitt til tvo þúsund tonn komi úr gígnum á hverri sekúndu, sem er meira en þegar mest var í Eyjafjallajökli.

Magnús Tumi segir reynsluna af Grímsvatnagosum þá að þau séu öflugust fyrstu dagana. „Það gætir ekki mikils öskugoss eftir það. Þau vara þó nokkuð lengi og geta varað upp í nokkra mánuði.“ Hann telur þó ólíkegt að það verði mikið öskufall í byggð eftir fjórða til fimmta dag gossins.

Gosið hófst í Grímsvötnum á sjöunda tímanum í gærkvöldi. Gosið er basaltgos, og er talið það mesta sem orðið hefur í Grímsvötnum í hundrað ár. Á miðnætti náði gosmökkurinn tuttugu kílómetra hæð og er sá hæsti frá því Hekla gaus árið 1947. Hann hefur síðan lækkað í 10-15 kílómetra. Gosórói hefur minnkaði frá upphafi goss og á milli klukkan 9 og 11 í morgun var hann lægstur. Síðan jókst hann aðeins um hádegið og hefur verið stöðugur síðan. Grímsvötn eru langvirkasta eldstöð landsins. Síðast gaus þar árið 2004 og þar áður 1998."
251,Hvenær var Akstursíþróttafélag Hafnarfjarðar stofnað?,Árið 2002.,,"Akstursíþróttafélag Hafnarfjarðar eða AÍH var stofna árið 2002 utan um þrjár gerðir af mótorsporti en það var Motocross, Rallycross og Go kart og varð félagið deildarskipt. Seinna kom Road Race og Drift inn sem deildir. Í dag eru starfandi fimm deildir í félaginu og iðka sport sitt á brautum AÍH í Kapelluhrauni í Hafnarfirði.

 Deildir AÍH:
 Driftdeild AÍH
 Go kartdeild AÍH
 Motocrossdeild AÍH
 Rallycrossdeild AÍH
 Road Racedeild AÍH

Brautir AÍH eru: 
Malbikuð braut 850m byggð 1996 Drift Go kart Mótorhjól

Malbikuð og malarbraut 800m byggð 1991

Rallycross Motorcross braut 1000m byggð 2013

Motocross fyrir börn og unglinga

Road Race/Götuhjóladeild/RR AÍH 
Þann 14. mars 2007 var samþykkt á aðalfundi Akstursíþróttafélags Hafnarfjarðar (AÍH) tillaga fjórtán einstaklinga um að stofna götuhjóladeild innan félagsins. 

Með stofnun deildarinnar var stigið stórt skref til framfara fyrir þá sem stunda akstursíþróttir á götumótorhjólum. Þar með gefst þeim sem hafa áhuga á að leggja stund á “Road Race” á Íslandi tækifæri á að ganga í deild í fullgildu íþróttafélagi sem hefur eingöngu götumótorhjólaakstur á stefnuskránni og að taka þátt í að byggja upp aðstöðu fyrir sportið í nágrenni höfuðborgarsvæðisins.

Driftdeild/RCA 
RCA er deild innan Akstursíþróttafélags Hafnarfjarðar. Félagið stendur fyrir rallycross keppnum á svæði félagsins við Krýsuvíkurveg. Rallycross er keppni á bílum á hringlaga braut blandaðri af möl og malbiki, brautin er um 1000m

Íslensk íþróttafélög"
1488,Af hvaða bæjarnafni var ættarnafnið Briem búið til?,Brjánslækur.,,"Brjánslækur (áður einnig Brjámslækur) er fornt höfuðból og kirkjustaður við mynni Vatnsfjarðar. Þar er ferjustaður, Breiðafjarðarferjan Baldur siglir yfir Breiðafjörð frá Stykkishólmi til Brjánslækjar. Innanvert við Brjánslæk eru friðlýstar tóftir, Flókatóftir en munnmæli herma að þar hafi Hrafna-Flóki búið.

Af bæjarnafninu Brjánslækur gerðu menn sér ættarnafnið Briem. Ættfaðir Briemara var síra Guðbrandur Sigurðsson (1735-1779). Líklegast þykir að nafnið sé afbökun af -Brandslækur enda kemur lækurinn úr surtarbrandsgili og bærinn ennfremur einfaldlega nefndur svo í pappírshandritum Sturlungu.

Vesturbyggð
Hafnir á Íslandi
Íslenskir sveitabæir"
1786,Eftir hvern er bókin Blindramminn á bak við söguna?,Gunnar Harðarson.,,"Gunnar Ágúst Harðarson (f. 1954) er íslenskur heimspekingur og prófessor í heimspeki við Háskóla Íslands.

Helstu rit

Bækur 
 Blindramminn á bak við söguna (2009).
 Staðháttatal - örnefnalýsingar (2009).
 Húsgangar - götumyndir (2000).
 Dagbjartur (2000).
 Smásmíðar: Tilraunir um bóklist og myndmenntir (1998).
 Littérature et spiritualité en Scandinavie médiévale: La traduction norroise du De arrha animae de Hugues de Saint-Victor. Étude historique et édition critique (1995). 
 Þrjár þýðingar lærðar frá miðöldum. Elucidarius, Um kostu og löstu, Um festarfé sálarinnar (1989).

Greinar 
 „Listin á tímum tækninnar. Halldór Laxness og Walter Benjamin um þróun myndlistar“, Hugur. Tímarit um heimspeki 18 (2006) [kom út 2007]: 60-70.
 „Latin philosophy in 17th century Iceland“, í A History of Nordic Neo-Latin Literature hjá Minna Skafte Jensen (ritstj.) (Óðinsvéum, 1995): 302-308.
 „Óðs manns æði? Um afstöðu Platóns til skáldskapar“, Tilraunir handa Þorsteini (Reykjavík: Heimspekistofnun Háskóla Íslands, 1994): 41-50.
 „Latneska málfræðihefðin á miðöldum“, Íslenskt mál og almenn málfræði 15 (1993): 141-157.
 „Birtan og stormurinn: Um náttúruskynjun í dróttkvæðum“, Skáldskaparmál 1 (1990): 203-210.
 „Njóla og íslensk heimspeki“, Skírnir 164 (1990): 76-87.
 „Heimspeki og fornmenntir á Íslandi á 17. öld. Um fræðistörf Brynjólfs biskups Sveinssonar“, Hugur 1 (1988): 89-100.
 „Verkefni íslenskrar heimspekisögu“, Skírnir (1985): 45-70.

Þýðingar 
 Gottfried Wilhelm Leibniz, Orðræða um frumspeki (Reykjavík: Hið íslenzka bókmenntafélag, 2004).
 Elias Canetti, Heyrnarvotturinn: Fimmtíu manngerðir (Reykjavík: Bjartur, 1994).
 Étienne Gilson, Að skilja heimspeki Descartes: Inngangur að Orðræðu um aðferð (Reykjavík: Háskólaútgáfan, 1994).
 Michel Foucault, „Skipan orðræðunnar“, Spor í bókmenntafræði 20. aldar (Reykjavík, 1991): 191-226.
 Claude Lévi-Strauss, „Formgerð goðsagna“, Spor í bókmenntafræði 20. aldar (Reykjavík, 1991): 53-80.

Tengill 
Vefsíða Gunnars Harðarsonar

Íslenskir heimspekingar"
1515,Hvaða ár var hljómplatan „Dansað á þorranum“ eftir Braga Hlíðberg gefin út?,Árið 1976.,,"Bragi Hlíðberg - Dansað á þorranum  er 33 snúninga LP hljómplata gefin út af SG - hljómplötum árið 1976. Á henni leikur Bragi Hlíðberg gömlu dansana. 

Þetta er önnur hljómplata Braga Hlíðberg og hér leikur hann eingöngu gömlu dansana. Hann sýnir einnig á sér alveg nýja hlið, því öll lögin á plötunni hefur hann samið sjálfur. Magnús Ingimarsson útsetti allan undirleik og stjórnaði hljóðritun á honum og hafði umsjón með allri hljóðritun. Með Braga leika þeir Guðmundur R. Einarsson á trommur, Jón Sigurðsson á bassa og Þórður Árnason á gítar. Hljóðritun fór fram hjá Tóntækni hf. Tæknimaöur: Sigurður Árnason. Hljóðblöndun: Sigurður Árnason og Magnús Ingimarsson.

Lagalisti
Dansað á þorranum  - polki
Skafrenningur - Marsúrki
Pilsaþytur - Vínarkruss 
Hlöðuball - Vals
Litli smalinn - Týrólapolki
Í Húsafellsskógi - Vals 
Spunakonan - Polki
Yfir stokka og steina - Ræll
Vorgleði - Vals
Tvö í tunglskyni - Tangó
Jónsmessunótt - Vals
Bláfjallapolki  - Polki

SG-hljómplötur
Hljómplötur gefnar út árið 1976"
530,Hvar bjó landsnámsmaðurinn Ingimundur gamli Þorsteinsson?,Í Vatnsdal í Húnaþingi.,,"Ingimundur gamli Þorsteinsson var landnámsmaður í Vatnsdal í Húnaþingi og bjó á Hofi. Frá honum og afkomendum hans segir í Vatnsdæla sögu.

Í Landnámu segir frá því að Þorsteinn faðir Ingimundar, sonur Ketils raums hersis í Raumsdal í Noregi og Mjallar dóttur Áns bogsveigis hafi að áeggjan föður sín vegið Jökul son Ingimundar jarls af Gautlandi en áður en Jökull dó gaf hann Þorsteini líf og gekk hann síðan að eiga Þórdísi systur Jökuls. Ingimundur sonur þeirra ólst upp hjá Þóri í Hefni. Voru synir hans, Grímur og Hrómundur, fóstbræður Ingimundar og er sagt að Heiður völva hafi spáð fyrir þeim að þeir ættu allir eftir að búa í ófundnu landi vestur í hafi.

Seinna varð Ingimundur mikill víkingur og herjaði jafnan á Bretlandseyjum ásamt Sæmundi suðureyska vini sínum. Einhverju sinni þegar þeir sneru heim til Noregs var Haraldur hárfagri í þann veginn að leggja til orrustu við óvini sína í Hafursfirði og gekk Ingimundur í lið með konungi en Sæmundur ekki. Eftir sigurinn í Hafursfjarðarorrustu gifti konungur Ingimundi Vigdísi dóttur Þóris jarls þegjanda. Nokkru síðar fór Ingimundur til Íslands með ráði konungs því hann festi hvergi yndi og nam þá Vatnsdal allan „upp frá Helgavatni og Urðarvatni fyrir austan“ og bjó á Hofi. Hann er sagður hafa fundið birnu með tvo húna á Húnavatni og fært dýrin Haraldi konungi og hafi það verið í fyrsta sinn sem menn í Noregi sáu hvítabirni. Að launum hafi hann fengið skip með viðarfarmi og siglt á heimleiðinni fyrstur manna fyrir Skaga.

Sæmundur suðureyski fór einnig til Íslands og nam land í Sæmundarhlíð í Skagafirði. Hrolleifur Arnaldsson eða Arnhallsson, bróðursonur Sæmundar, kom til hans ásamt Ljót móður sinni kom til Sæmundar sem vísaði honum til landa í Hrolleifsdal og þar nam Hrolleifur land. Hann lenti í deilum við Una í Unadal, vó son hans og var gerður héraðssekur. Sæmundur sendi þau mæðgin þá til Ingimundar gamla, sem tók við honum og fékk honum búsetu í Oddsás gegnt Hofi. Hann lenti þó fljótt í deilum við syni Ingimundar og kom til bardaga. Ingimundur, sem þá var orðinn gamall og blindur, lét fara með sig til þeirra til að stilla til friðar en Hrolleifur skaut spjóti í gegnum hann. Ingimundur leyndi sárinu og lét smalasvein teyma hestinn undir sér heim og sat dauður í öndvegi þegar synir hans komu heim.

Ingimundarsynir eltu Hrolleif uppi, náðu honum og drápu. Þorsteinn sonur Ingimundar bjó á Hofi eftir föður sinn, Jökull bjó á Jökulstöðum, Þórir fékk goðorðið og bjó á Undirfelli, Högni fékk skipið Stíganda, Smiður bjó á Smiðsstöðum.

Heimildir 
 

Landnámsmenn á Íslandi
Austur-Húnavatnssýsla"
294,Hverjir teiknuðu Breiðholtskirkju?,"Guðmundur Kr. Kristinsson, Ferdinand Alfreðsson og Hörður Björnsson.",,"Breiðholtskirkja er ein af þremur kirkjum í Breiðholti, hinar tvær eru Seljakirkja og Fella- og Hólakirkja. Breiðholtssöfnuður var stofnaður þann 14. janúar 1972 en bygging kirkjunnar hófst árið 1978 þegar sr. Lárus Halldórsson, þáverandi sóknarprestur og fyrsti prestur safnaðarins, tók fyrstu skóflustungu að kirkjunni.

Kirkjan er byggð eftir teikningu Guðmundar Kr. Kristinssonar og Ferdinands Alfreðssonar arkitekta og Harðar Björnssonar byggingarverkfræðinga. Steypuvinnu við kirkjuna lauk árið 1980 en kirkjan var vígð 13. mars 1988.

Núverandi sóknarprestur er sr. Gísli Jónasson en hann var kosinn sóknarprestur árið 1986 þegar sr. Lárus Halldórsson lét af störfum.

Heimildir 
 Breiðholtskirkja, Breiðholtssókn 

Kirkjur í Reykjavík
Breiðholt
Síður sem þurfa hnit"
864,Hvaða hljómsveit frá Keflavík gaf út LP hljómplötu árið 1975 sem innihélt þeirra bestu lög frá árunum 1965 til 1968?,Hljómar.,,"Hljómar - Hljómar 1965-68  er 33 snúninga LP hljómplata gefin út af SG - hljómplötum árið 1975.  Á henni flytja Hljómar frá Keflavík öll sín bestu lög.

Lagalisti
Heyrðu mig góða - Texti: Ólafur Gaukur
Ástarsæla - Texti: Þorsteinn Eggertsson
Syngdu - Texti: Ólafur Gaukur 
Sandgerður - Texti: Þorsteinn Eggertsson
Þú varst mín - Texti: Jóhanna G. Erlingsson
Saga dæmda mannsins - Texti: Þorsteinn Eggertsson 
Bláu augun þín - Texti: Ólafur Gaukur
Þú og ég - Texti: Ólafur Gaukur
Ég elska alla - Texti: Þorsteinn Eggertsson 
Kvöld eftir kvöld - Texti: Þorsteinn Eggertsson
Lífsgleði - Texti: Þorsteinn Eggertsson
Er hann birtist -  Texti: Þorsteinn Eggertsson
Fyrsti kossinn -  Texti: Ólafur Gaukur

Texti - Ég elska alla 
			
Ég elska alla, og engan þó	
Léttlynda lalla, á landi og sjó.	
			
Ég segi má ég?
Ef karlmenni ertu.

Á ég? 
En kjarkleysi vil ég ei.

Þá kem ég! 
En nærgætinn vertu	

þig tem ég! 
Þetta nauð í þér skil ég ei.

Hvað er það besta í heimi hér?
Það er hver sönn algleymisást.

Ég elska alla, um ár og síð	
veit ég þó varla, hvað veldur því.	

Ég segi má ég?
Ef karlmenni ertu.

Á ég? 
En kjarkleysi vil ég ei.

Þá kem ég! 
En nærgætinn vertu.	

þig tem ég! 
Þetta nauð í þér skil ég ei.

Hvað er það besta í heimi hér?
Það er hver sönn algleymisást.

Ég elska alla, um ár og síð	
veit ég þó varla, hvað veldur því.	

Veit ég þó varla, hvað veldur því.

Textabrot af bakhlið plötuumslags 
 

SG-hljómplötur
Hljómplötur gefnar út árið 1975"
1809,Hvenær var íslenska hljómsveitin Í svörtum fötum stofnuð?,Árið 1998.,,"Í svörtum fötum var íslensk hljómsveit stofnuð árið 1998. Árið 2019 hætti hljómsveitin þegar að aðalsöngvarinn, Jón Sóep Snæbjörnsson hætti. Þá stofnuðu hinir meðlimirnir nýja hljómsveit sem að heitir Nýju fötin keisarans.

Meðlimir
 Jón Jósep Snæbjörnsson (Jónsi) - söngur
 Áki Sveinsson - bassi
 Hrafnkell Pálmarsson - gítar
 Einar Örn Jónsson - hljómborð
 Páll Sveinsson - trommur

Útgefið efni

Breiðskífur
 Í svörtum fötum (2002)
 Tengsl (2003)
 Meðan ég sef (2004)
 Orð (2006)

Smáskífur
 Jólin eru að koma (2001)

Tenglar
   - Opinber heimasíða 

Íslenskar hljómsveitir"
940,Hver var fyrsti formaður Musica Nova á Íslandi?,Jón Nordal.,,"Jón Nordal (fæddur 6. mars 1926) er íslenskt tónskáld og píanóleikari. 

Jón er sonur hjónanna Ólafar og Sigurðar Nordals. Hann stundaði nám í Tónlistarskólanum í Reykjavík, m.a. undir handleiðslu Árna Kristjánssonar píanóleikara og Jóns Þórarinssonar tónskálds, sem áður var nemdandi og aðstoðarmaður Paul Hindemiths; útskrifaðist sem píanóleikari árið 1948 og ári síðar í tónsmíðum. Þaðan lá leiðin til Zurich, þar sem hann stundaði nám á árunum milli 1949 og 1951 hjá þeim Willy Burkhard í tónsmíðum og Walter Frey í píanóleik. Hann dvaldi í útlöndum til ársins 1957, í Kaupmannahöfn, París og Róm og sótti sumarnámskeið í nútímatónlist í Darmstadt þar sem hann hitti maðal annars helstut framúrstenfmenn síns tíma, svo sem Stockhausen, Nono, Maderna og Ligeti og varð auk. þess fyirr miklum áhrifum frá tónlist Antons Weberns. Þegar hann var kominn heim hóf hann störf hjá sínum gamla skóla sem kennari og varð skólastjóri árið 1959. Jón Nordal var einn af stofnendum Musica Nova og fyrsti formaður þess.
 
Jón vakti fyrst athygli á sér sem tónskáld með fiðluverkinu „Systurnar í Garðshorni“, sem flutt var á listamannaþinginu 1945. Síðan með hljómsveitarverkinu „Concerto grosso“ (1950). Ennfremur með konsert fyrir píanó og hljómsveit, sem flutt var í fyrsta sinn í Þjóðleikhúsinu 10. desember 1957, og lék þá höfundurinn sjálfur píanóhlutverkið með Sinfóníuhljómsveit Íslands, sem Wilhelm Schleuning, ríkishljómsveitarstjóri í Dresden stjórnaði sem gestur. Píanókonsertinn er frábrugðinn píanókonsertum í klassískum stíl að því leyti, að mjög er dregið úr forustuhlutverki einleikshljóðfærisins. Konsertinn er í einum þætti og er veigamikið tónverk. Af öðrum tónsmíðum eftir hann, sem Sinfóníuhljómsveit Íslands hefur flutt, er „Sinfonietta seriosa“ (Bjarkamál), ennfremur konsert fyrir píanó og hljómsveit í einum kafla (Brotaspil) og Adagio fyrir flautur, hörpu og strengjasveit. Karlakórlög eftir Jón, sem „Fóstbræður“ hafa sungið, hafa vakið verðskuldaða athygli. Í stuttu máli, þá hefur Jón samið hljómsveitarverk, kammermúsíkverk, einleiksverk fyrir píanó, fiðlu, karlakórlög og einsöngslög. Sem tónskáld er hann sjálfstæður og sérkennilegur, er í snertingu við þær hræringar sem eru í nútímanum og hefur fullkomið vald á tónsmíðatækni. Jón Nordal er eitt eftirtektarverðasta tónskáldið af hinni yngri kynslóð.

Jón hefur komið opinberlega fram með Sinfóníuhljómsveit Íslands í verkum eftir sjálfan sig og önnur tónskáld.

Heimildir 
 
 Einnig efni úr; Jón Nordal, Portrait. Geisladiskur gefinn út af ITM

Íslensk tónskáld"
1781,Hvaða lið vann Íslandsmótið í knattspyrnu árið 1974?,ÍA.,,"Árið 1974 var Íslandsmótið í knattspyrnu haldið í 63. skipti. ÍA vann sinn 8. titil. Átta lið tóku þátt; KR, Fram, ÍBA, ÍBV, Valur, Keflavík, ÍA og Víkingur.

Loka staða deildarinnar 

 Útskýringar: L = Leikir spilaðir, U = Leikir sigraðir, J = Leikir sem lauk með jafntefli, T = Tapaðir leikir, Sk = Mörk skorðuð, Fe = Mörk fengin á sig, Mm = Markamunur 

Þar sem Víkingur og ÍBA voru jöfn að stigum eftir 14 umferðir spiluðu þau leik um það hvort liðið héldi sæti sínu í deildinni.

 Víkingur 3 - 1  ÍBA

Töfluyfirlit 

|}

Markahæstu menn 

Skoruð voru 151 mörk, eða 2,696 mörk að meðaltali í leik.

Félagabreytingar

Félagabreytingar í upphafi tímabils

Upp í Úrvalsdeild karla 
  Víkingur

Niður í 2. deild karla 
  Breiðablik

Félagabreytingar í lok tímabils

Upp í Úrvalsdeild karla 
  FH

Niður í 2. deild karla 
  ÍBA

Úrslit deildarbikarsins 
 Valur 4 - 1 ÍA

Heimild 
 http://www.rsssf.com/tablesi/ijshist.html
 http://www.rsssf.com/tablesi/ijstops.html

Úrvalsdeildir karla í knattspyrnu á Íslandi"
567,Hver var fyrsti biskupinn á Hólum?,Jón Ögmundsson.,,"Breiðabólstaður eða Breiðabólsstaður er bær og kirkjustaður í Fljótshlíð. Þar hefur lengi verið prestssetur og hafa ýmsir merkisprestar þjónað þar; raunar er sagt að enginn prestur hafi sótt burt frá Breiðabólstað nema til þess að verða biskup.

Ormur Jónsson Breiðbælingur, sonur Jóns Loftssonar, bjó á Breiðabólstað og eftir lát hans fluttist dóttir hans, Hallveig, þangað ásamt manni sínum Birni Þorvaldssyni, sem var af ætt Haukdæla, hálfbróðir Gissurar Þorvaldssonar. Hann lenti í erjum við Oddaverja, sem fóru að honum og felldu hann í bardaga þar 17. júní 1221.

Jón Ögmundsson, sem varð fyrsti biskup á Hólum, var prestssonur frá Breiðabólstað og var sjálfur prestur þar áður en hann tók við biskupsdæminu. Ögmundur Pálsson var líka prestur þar áður en hann varð biskup. Af öðrum prestum má nefna Presta-Högna Sigurðsson (1693-1770), sem eignaðist með konu sinni, Guðríði Pálsdóttur, átta syni sem allir urðu prestar, svo og níu dætur. Sagan segir að á Jónsmessu 1760 hafi synirnir allir mætt á Breiðabólstað í fullum prestaskrúða, en séra Högni sjálfur sá níundi, og eins hafi þeir allir níu mætt á Alþingi sama ár.

Á 19. öld var Tómas Sæmundsson, einn Fjölnismanna, prestur á Breiðabólstað og er minnisvarði um hann í kirkjugarðinum þar sem Fjölnismenn létu setja yfir hann. Á síðari hluta aldarinnar var þjóðsagnasafnarinn Skúli Gíslason prestur á Breiðabólstað. Núverandi prestur er séra Önundur S. Björnsson.

Kirkja hefur verið á Breiðabólstað síðan á 11. öld og þar hefur jafnan verið prestssetur. Núverandi kirkja var vígð 1912 og er krosskirkja teiknuð af Rögnvaldi Ólafssyni arkitekt. Í henni eru margir merkir gripir.

Ítarefni 
 Oddgeir Guðjónsson: ""Fljótshlíð"", Sunnlenskar byggðir IV, Búnaðarsamband Suðurlands 1982.
 Vigfús Guðmundsson: Breiðabólstaður í Fljótshlíð, Reykjavík 1969.

Fljótshlíð
Kirkjustaðir í Rangárvallasýslu
Íslenskir sveitabæir"
1718,Úr hvaða sýslu var fé tekið í fyrstu fjárskiptum á Íslandi?,Norður-Þingeyjarsýslu.,,"Heggstaðanes eða Bálkastaðanes kallast nesið milli Hrútafjarðar og Miðfjarðar. Er það framhald af Hrútafjarðarhálsi með áþekku landslagi en láglendara. Þar er mýrlent með melholtum á milli. Hæst er nesið utanvert, milli bæjanna Heggstaða (að austanverðu) og Bálkastaða (að vestanverðu), 184 metrar yfir sjávarmáli. Kallast landið þar Heggstaðaheiði.

Sauðfjárrækt er mikil á nesinu; er það grösugt og mikil sauðalönd. Þar fóru fyrstu fjárskipti á Íslandi fram árið 1937 og var fé tekið á ný úr Norður-Þingeyjarsýslu. Þá er þar æðardúntekja - mest á Heggstöðum en einnig á Bálkastöðum og Bessastöðum. Yfir Heggstaðanesháls liggur malarvegur fær öllum fólksbílum en hann var mikið betrumbættur haustið 2006. Var þetta aðalvegurinn á nesinu lengst af þar sem fólk á nesinu hafði lítið að sækja fram í Hrútafjörð. Heggstaðanes tilheyrði Ytri-Torfustaðahreppi fram til ársins 1998 en er síðan hluti af Húnaþingi vestra. Kirkjusókn er að Melstað. Fjórir bæir eru á nesinu: Bessastaðir og Bálkastaðir að vestanverðu og Útibleiksstaðir og Heggstaðir að austanverðu. Útibleiksstaðir eru í eyði.

Frá botni Miðfjarðar út á Heggstaðanestá eru 13,6 kílómetrar beina sjóleið en frá botni Hrútafjarðar eru 34,7 kílómetrar beina sjóleið, þar af 20,3 kílómetrar frá Heggstaðanestá að Reykjarifi í Hrútafirði.

Á Heggstaðanesi er fjölskrúðugt fuglalíf og finnst mörgum skemmtilegt að ganga fyrir nesið frá Heggstöðum til Bálkastaða, eða öfugt. Þar má sjá fugla eins og hrafn, æðarfugl, fýl og kríu, að ógleymdum haferni ásamt ýmsum smáfuglum.

Bæir
 Heggsstaðir
 Bálkastaðir
 Bessastaðir
 Útibleiksstaðir (fóru í eyði 1972 eftir að nýbyggt íbúðarhúsið brann)
 Sandar
 Mýrar
 Barð

Húnaþing vestra
Nes á Íslandi"
1681,Hvenær voru Múlagöng tekin í notkun?,Í desember 1990.,,"Ólafsfjarðargöng eða Múlagöng eru 3,4 km einbreið veggöng gegn um Ólafsfjarðarmúla sem voru tekin í notkun í desember 1990 og vígð 1. mars 1991. Þau leystu af hólmi Múlaveginn, ótryggan veg fyrir Múlann og tengja saman Dalvík og Ólafsfjörð yst á Tröllaskaga. Skömmu fyrir opnun Ólafsfjarðarganga samþykkti Alþingi að ráðast í gerð jarðganga sem myndu tengja Siglufjörð og Ólafsfjörð. Framkvæmdir við Héðinsfjarðargöng hófust árið 2006. 

Rétt suður af göngunum er fossinn Mígandi.

Múlagöng eru þau 4. í röðinni af göngum á Íslandi eftir aðeins göngum um Oddsskarð, strákagöngunum svonefndu og litlu göngunum um Arnardalshamar.

Íslensk jarðgöng
Dalvíkurbyggð"
1744,Helminginn af hvaða goðorði átti Ari Þorgilsson sterki á 12. öld?,Þórsnesingagoðorð.,,"Ari sterki Þorgilsson (d. 18. júní 1188) var íslenskur goðorðsmaður á 12. öld. Hann bjó á Stað á Ölduhrygg á Snæfellsnesi og var sonur Þorgils prests á stað, sonar Ara fróða. Ari átti hálft Þórsnesingagoðorð. Hann var kvæntur Kolfinnu, dóttur Gissurar Hallssonar, og átti með henni eina dóttur, en eftir lát Hvamm-Sturlu 1183 tók hann saman við Guðnýju Böðvarsdóttur ekkju hans og gerðust með þeim kærleikar miklir, eins og segir í Sturlungu. Þau Guðný fóru síðar til Noregs en áður gekk Þórður sonur Guðnýjar að eiga Helgu dóttur Ara og fékk forræði yfir búi hans og goðorði. Ari dó í Noregi; hann var að bera langskipsrá með öðrum mönnum en þeir hlupu undan af því að þeir vissu að hann var sterkari en aðrir menn en hann sligaðist undan ránni og beið bana. Guðný kom aftur heim eftir lát hans og bjó lengi í Hvammi."
1710,Hvað er fjallalamb?,Lamb sem gengur móðurlaust á fjalli.,,"Lamb er afkvæmi sauðkindar. Lambakjöt er algengt hráefni í matargerð.

Orð tengd lömbum 
 fjallalamb (einnig nefnt graslamb eða fráfærna- eða fráfærulamb) er lamb sem gengur móðurlaust á fjalli; þau lömb sem eru látin eftir hjá móður sinni nefnast dilkar
 gimbrarlamb er kvenkyns lamb, en getur líka merkt lamb undan vetrargamalli á. 
 hagalamb (eða hagfæringur) er móðurlaust lamb sem gengur í heimahögum.
 heimalningur (heimagangur eða innlamb) er móðurlaust lamb sem er alið heima á bæ. 
 hundapísl er stundum haft um mjög smávaxið lamb (en einnig börn eða annað ungviði).
 karilamb (stundum einnig kjúklingur) er nýfætt lamb.  
 lambadrottning er haft um gimbur sem fæðist fyrst lamba tiltekið vor á bænum.
 lambakóngur er hrútlamb sem fæðist fyrst lamba tiltekið vor á bænum.
 lambhrútskettlingur er agnarsmár lambhrútur.  
 lambhrútur er karlkyns lamb. 
 lambköttur er smávaxið lamb. 
 megða er lítið lamb.
  meltingur er lamb sem hefur drepist í móðurkviði.
 ótyrmi er lamb sem dafnar illa. 
 réttalamb er fyrsta lamb sem slátrað er að hausti. 
 undanflæmingur er lamb sem hefur flæmst undan móður sinni.
 öræfaköttur (eða öræfakettlingur) er smávaxið lamb sem gengur (lengst) inni á afrétti.

Sauðfé
Afkvæmi dýra"
194,Eftir hverjum heitir Einarsgarður í Reykjavík?,Eftir Einari Helgasyni.,,"Einarsgarður er  lítill almenningsgarður í Reykjavík. Hann  liggur fyrir ofan Gömlu-Hringbraut og fyrir neðan mót Laufásvegar og Barónsstígs, til móts við hús  gamla Kennaraskólans. Þar var gróðrarstöð milli 1899 og 1931. Hann varð almenningsgarður árið 1943. Garðurinn heitir eftir Einari Helgasyni garðyrkjufræðingi.

Tengill
Einarsgarður - Reykjavík.is

Heimild 
 Einarsgarður 

Skrúðgarðar í Reykjavík
stofnað 1943"
1590,Hvaða tónlistarmaður gaf út hljómplötuna „Föðurbæn sjómannsins“ árið 1967?,Ragnar Bjarnason.,,"Ragnar Bjarnason - Föðurbæn sjómannsins er 45-snúninga hljómplata gefin út af SG - hljómplötum árið 1967. Á henni flytur Ragnar Bjarnason og hljómsveit hans fjögur lög eftir Þórunni Franz.

Lagalisti 
 Mamma - Texti: Ólafur Gaukur
 Ég sakna þín - Texti: Valgerður Ólafsdóttir
 Föðurbæn sjómannsins - Texti: Árelíus Níelsson
 Ísland - Texti: Árelíus Níelsson

SG-hljómplötur
Hljómplötur gefnar út árið 1967"
1338,"Hvaðan var Gunnólfur gamli Þorbjarnarson, landnámsmaður við Eyjafjörð, upphaflega?",Sogni í Noregi.,,"Gunnólfur Þorbjarnarson hinn gamli var landnámsmaður við Eyjafjörð. Hann var frá Sogni í Noregi, sonur Þorbjarnar þjóta.

Í Landnámabók segir að Gunnólfur hafi farið til Íslands eftir að hafa vegið Végeir, föður Vébjarnar Sygnakappa, og numið Ólafsfjörð austanverðan upp til Reykjaár og út til Vomúla (líklega Ólafsfjarðarmúla) og búið á Gunnólfsá, sem er norðan fjarðarins. 

Kona hans var Gró Þorvarðsdóttir frá Urðum.

Tenglar 
 

Landnámsmenn á Íslandi
Ólafsfjörður"
1580,Hvenær voru kaupstaðarréttindi veitt Kópavogi?,Í maí 1955.,,"Saga Kópavogs sem bæjarfélags er ekki löng, ekki er öld síðan að í Kópavogi mátti aðeins finna örfá býli og nokkra sumarbústaði.

Elstu merki um mannaferðir eru frá 9. öld við Kópavogsþing, bærinn Kópavogur reis þar skammt frá. Fram að fyrri hluta 20. aldar var aðeins að finna nokkra bóndabæi í því landi sem nú tilheyrir Kópavogi, uppbygging Kópavogs hófst ekki fyrr en í kreppunni miklu upp úr 1930.

Fram á 20. öld 

Elstu merki um búsetu í landi Kópavogs eru í botni Kópavogs, norðan við ósa Kópavogslækjar, en þar fannst jarðhýsi sem talið er að geti verið frá 9. öld. Önnur forn bæjarstæði í landi Kópavogs eru Digranes, Hvammur (síðar Hvammskot og Fífuhvammur) og Vatnsendi. Fyrsta ritaða heimild um búsetu á Vatnsenda er frá 1234 og nafnið Kópavogur kemur fyrst fram í heimildum árið 1523. Á Þingsnesi við Elliðavatn er stórt rústasvæði, 6000-7000 m² að stærð, sem hefur vakið mikla athygli fornleifafræðinga. Jafnvel er talið að um sé að ræða hið forna Kjalarnesþing, en elstu rústir á svæðinu eru frá 10. öld. Kópavogsþing var staðsett á Þinghól í botni vogsins, en Bessastaðir voru mikilvægur staður á 17. öld og því þörf fyrir þingstað í nágrenninu. Íslendingar vildu þingstað utan lands Bessastaða og því varð Kópavogur fyrir valinu. Af heimildum virðist það hafa verið frekar stórt þing og á 16. öld voru uppi hugmyndir um að flytja Alþingi þangað, þó að til þess hafi aldrei komið. Erfðahyllingin árið 1662, oft kölluð Kópavogsfundurinn, fór fram á Kópavogsþingi. Fundurinn var haldinn til þess að fá Íslendinga til að samþykkja erfðaeinveldi Danakonungs. Þetta hafði það í för með sér að allt ríkisvald komst í hans hendur. Í sjálfstæðisbaráttu Íslendinga var erfðahyllingin notuð sem dæmi um yfirgang Dana á Íslendingum í gegnum tíðina.

Danski fræðimaðurinn Kristian P.E. Kålund segir svo frá jörðinni Kópavogi í ferðalýsingu sem var gefin út árin 1877-82: „Bærinn er á leiðum og ömurlegum stað; umhverfis hann eru lág grýtt hæðardrög eða dökkleitar þýfðar mýrar.“ Árið 1870 bjuggu 46 í Kópavogi. Ekki eru til miklar heimildir um mannlíf í landi Kópavogsbæjar á síðustu öldum en þar var búið á nokkrum bæjum fram á 20. öld. Jarðirnar í Kópavogi voru leigujarðir og því voru ör skipti ábúenda. Því hefur verið haldið fram að þetta sé ástæðan fyrir að ekki er rótgróin saga í Kópavogi eða stórar ættir þaðan.

Frumbýlisárin 
Í landi Kópavogs var við upphaf 20. aldar að finna nokkur býli, Kópavogur og Digranes voru ríkisjarðir sem voru í útleigu til bænda, einnig var búskapur á Vatnsenda og í Fífuhvammi. Á kreppuárunum upp úr 1930 tók ríkisstjórnin Kópavogs- og Digranesjarðirnar úr leigu og skipti niður í smærri einingar, nýbýli og leigulönd. Samkvæmt lögum nr. 25/1936 gátu þeir sem höfðu nóg efni og ekki áttu þegar býli sótt um nýbýli og hafið þar búskap að veittu samþykki nýbýlastjóra.

1935 var lagður vegur til austurs frá Hafnarfjarðarvegi til að þjónusta komandi nýbýli. Lýður Jónsson vegaverkstjóri gaf veginum svo nafnið Nýbýlavegur sem stendur enn. Efnið í veginn var flutt með hestvögnum og verkfærin voru hamrar, sleggjur, handborar og dínamít. Ofan Nýbýlavegar voru smábýli sem voru ætluð til garðræktar, þó mátti byggja á þeim sumarbústaði. Flestir þeirra urðu þó að ársíbúðum enda húsnæðisskortur í Reykjavík. Fyrsta þéttbýlið í Kópavogi myndaðist því meðfram Nýbýlaveginum.

Nýbýlajarðirnar voru í mýrlendi í Fossvogsdal. Þær þurfti að ræsa fram og þurrka og var það gert í atvinnubótavinnu árin 1935-36. Sækja þurfti verslun, þjónustu og menntun til Reykjavíkur. Skólabörn tóku Hafnarfjarðarstrætó til Reykjavíkur þar sem flest fóru í Austurbæjarskóla. Árið 1950 hafði 10 nýbýlalöndum og 146 smábýlalöndum verið úthlutað úr landi Digraness og 198 smábýlum úr landi Kópavogs.

Heimsstyrjöldin síðari 
Vorið 1940 kom breski herinn til Íslands og vinna við vegalagningu og annað lagðist að mestu af þar sem atvinnubótavinnu þurfti ekki lengur með. Bretar settu upp nokkur herskálahverfi og auk þess nokkrir kampa á útjöðrum Kópavogi. Þau helstu voru:
Bournemouth Camp í landi Sæbóls
Skeleton Hill þar sem nú er Hamraborg, nefnt sökum beinagrinda sem fundust þar, hugsanlega þeir sem líflátnir voru á þingum í Kópavogi eða kumlateigur.
Hilton Camp í landi Fífuhvamms.

Vegir 
Kópavogslandið var nú á gráu svæði. Reykvíkingar vildu ekki leggja meira fé til vegagerðar enda landið í eigu Seltjarnarneshrepps, hreppsnefnd þar sagðist hins vegar ekki geta ráðið við vegagerð í Kópavogi.

Alls höfðu þá verið lagðir 7,76 km af vegum:
Nýbýlavegur 2,7 km
Álfhólsvegur 1,5 km
Hlíðarvegur 1,5 km
Kársnesvegur 1,7 km
Urðarbraut 0,36 km

Að auki hafði Fífuhvammsvegur verið til staðar 3 km að lengd en í eigu Seltjarnarneshrepps. 

Framfarafélagið Kópavogur var stofnað 19. maí 1945 af mönnum úr mörgum stjórnmálaflokkum. Félagið skilaði inn skýrslu og tillögu til ríkisins um hvernig best væri að verja fjárveitingu Alþingis til vegalagningar, og mælti með lagningu Kópavogsbrautar enda þar 60 lönd og 20 hús.

Kópavogshreppur 

1946 voru haldnar hreppsnefndarkosningar í Seltjarnarneshreppi og komust Kópavogsbúar í meirihluta. Þeir þrýstu mjög á að fá margfalt hærri fjárveitingar til vegagerðar en náðu ekki fram nema hluta þess. Sökum mikillar fólksfjölgunar í Kópavogi og því að Seltjarnarneshreppur var nú í tveimur aðskildum hlutum eftir að Skerjafjörður var færður undir Reykjavíkurbæ, óskuðu Seltirningar eftir því að aðskilja Seltjarnarneshrepp þannig að Kópavogsbúar mynduðu eigin hrepp. Sú skipting var samþykkt og 1. janúar 1948 tók hún gildi þegar Kópavogur og þau landsvæði sem féllu í hans hlut mynduðu Kópavogshrepp. Mikil húsnæðisekkla var í Reykjavík og bjuggu þúsundir manna í herskálum og íbúðum sem taldar voru ófullnægjandi. Nóg landrými var í Kópavogi og íbúafjöldi hríðjókst á hverju ári. 1948 voru 1163 fullorðnir skráðir í Kópavogi en 1950 voru þeir orðnir 1647 og 1955 var fjöldinn orðinn 3783.

Á árunum 1949-1954 var unnið að heildarsýn í skipulagsmálum bæjarins. Framfarafélagið Kópavogur var stofnað árið 1945 og hafði á stefnuskrá sinni endurbætur í ýmsum málum, svo sem menningu, menntun, samgöngum, síma- og póstsamskiptum, vatnsveitu og jarðrækt. Rafmagn var komið í sum hús í Kópavogi árið 1940 en var komið í flest hús árið 1945. Fyrsta skólahald í Kópavogi var veturinn 1945-1946 í húsi á Hlíðarvegi. Kennsla hófst síðan í Kópavogsskóla árið 1949; í skólanum voru 232 nemendur árið 1951 en árið 1957 voru þeir orðnir 580. Árið 1946 var fyrst lögð vatnsveita í Kópavogi og árið 1948 var fyrsta holræsið lagt frá Kópavogsskóla niður í Kópavogslæk. Kópavogshöfn var byggð árið 1952-1953 og árið 1952 var póstafgreiðsla opnuð í bænum. Ungmennafélagið Breiðablik var stofnað árið 1950. Tvær litlar matvöruverslanir opnuðu í Kópavogi árið 1945 en Kaupfélag Kópavogs hóf rekstur árið 1952.

Kaupstaður 
Fyrst var kosið í bæjarstjórn í október 1955 eftir að kaupstaðarréttindi tóku gildi í maí það ár. Líkt og í öllum þremur hreppsnefndarkosningunum hélt meirihluti Framfarafélagsins við stjórnvölinn eftir það undir forystu Finnboga Rúts Valdimarssonar og það var ekki fyrr en 1962 að breyting varð á þegar Framsóknarflokkurinn gekk í lið með þeim til að mynda meirihluta og svo síðar Sjálfstæðisflokkurinn. Til að byrja með fundaði bæjarstjórn í Kópavogsskóla og síðar í Félagsheimili Kópavogs. Fyrsta stóra ágreiningsmál bæjarstjórnar var tillaga um að sameina Reykjavík og Kópavog en sú tillaga hlaut ekki hljómgrunn.

Í bæjarstjórnartíð sinni lagði Finnbogi mikla áherslu á að opinberar byggingar í bænum stæðu efst á Digraneshálsi, en það er ólíkt því sem var með flesta bæi landsins á þessum tíma. Víðast hvar í rótgrónari byggðarlögum voru opinberar stofnanir oftast niður við sjó eða í dalverpum, í lægi undan vindi og veðrum. Þetta viðhorf Finnboga hafði mikil áhrif á mótun bæjarmyndarinnar. Árið 1957 keypti Kópavogsbær land Digraness og Kópavogs og gat þá skipulagt það til lengri tíma. Á áratugunum á eftir var hröð uppbygging í innviðum svo sem menntun og heilbrigðis- og félagsþjónustu. Á sama tíma varð mikill vöxtur í ýmiss konar iðnaði og þjónustu í bænum. Í lok 9. áratugarins voru aðalatvinnugreinar í Kópavogi húsgagnaiðnaður, matvælaiðnaður, bifreiðaumboð og almenn verslun.

Kópavogskirkja var teiknuð árið 1957 af Herði Bjarnasyni, þáverandi húsameistara ríkisins, og vígð árið 1962. Lestrarfélag Kópavogs var stofnað árið 1953, en Jón úr Vör var mesti hvatamaðurinn að baki því. Lestrarfélagið myndaði grunn að Bókasafni Kópavogs. Tónlistarskóli Kópavogs var stofnaður árið 1963 og Skólahljómsveit Kópavogs árið 1966. Kópavogsvöllur var tilbúinn árið 1975 og íþróttahúsið Digranes árið 1983. Ný og stór heilsugæslustöð hóf starfsemi árið 1981 og hafði þá verið mörg ár í byggingu. Kópavogshöfn var stækkuð á árunum 1989-1992. Náttúrufræðistofa Kópavogs var stofnuð árið 1983, en Gerðarsafn var opnað árið 1994 og hefur nú yfir 3000 verk í vörslu. Árið 1999 var Tónlistarskóli Kópavogs fluttur í nýtt menningarhús við hlið Gerðarsafns en í húsinu var einnig Salurinn sem var þá fullkomnasti tónlistarsalur landsins. Árið 2002 voru náttúrufræðistofan og bókasafnið flutt í annan áfanga menningarhússins.

Árið 1958 var lokið við fyrsta skipulagsuppdrátt Kópavogs. Á næstu áratugum voru talsverðar deilur um skipulagsmál í bænum, einkum vegna hraðrar umskiptingar úr sveit í þéttbýli en einnig vegna landadeilna við Reykjavík. Miðbær Kópavogs var hannaður í áföngum á 8. áratugnum og framkvæmdum við Hamraborg var að mestu lokið árið 1984. Frá 1990 hefur íbúafjöldi Kópavogs tvöfaldast og stórt verslunar- og þjónustuhverfi risið í Kópavogsdal. Austan Reykjanesbrautar hefur verið mikil uppbygging og þar risið íbúðahverfi kennd við Lindir, Salir, Kórar, Þing og Hvörf. Smáratorg var opnað árið 1997, verslunarmiðstöðin Smáralind árið 2001 og hinn 20 hæða turn á Smáratorgi 3 árið 2008.

Tengt efni
Saga Íslands
Saga Reykjavíkur

Tilvísanir

Heimildir 
 
 
 

Kópavogur
Saga Kópavogs"
1102,Á hvaða kirkjustað er Byggðasafn Skagfirðinga staðsett?,Glaumbæ.,,"Langholt er byggðarlag í Skagafirði vestan Héraðsvatna og jafnframt langt holt eða ás sem liggur frá Reykjarhóli við Varmahlíð og norður undir Reynistað. Suðurhluti Langholts tilheyrði áður Seyluhreppi en norðurhlutinn Staðarhreppi en nú er hvorttveggja hluti af Sveitarfélaginu Skagafirði. Þjóðvegurinn frá Varmahlíð til Sauðárkróks liggur um Langholtið.

Allmargir bæir eru á Langholti og standa þeir allir austan í holtinu, sem er gróðursælt og þéttbýlt. Sunnarlega á holtinu er Seyla (Stóra-Seyla), sem Seyluhreppur dró nafn af, og skammt þar fyrir utan Ytra-Skörðugil, þar sem fræðaþulurinn Gísli Konráðsson bjó lengi. Á miðju holtinu er kirkjustaðurinn Glaumbær, þar sem nú er Byggðasafn Skagfirðinga. Langholtinu lýkur við Staðará (Sæmundará), sunnan við Reynistað.

Heimildir 
 Hjalti Pálsson (ritstj.): Byggðasaga Skagafjarðar II. bindi. Staðarhreppur - Seyluhreppur. Sögufélag Skagfirðinga, 2001. ISBN 978-9979-861-10-2

Skagafjörður
Íslenskar sveitir"
68,Hvað er á vefnum Ísmús?,Íslenskur músík- og menningararfur.,,"Vefur um íslenskan tónlistararf 

Ísmus.is, vefur um íslenskan músík, og menningararf var formlega opnaður í dag. Með honum fær almenningur aðgang að ýmsum menningargersemum og fróðleik sem ekki hefur verið aðgengilegur áður.

Varla gat Jón Pálsson, bankagjaldkeri á Stokkseyri, ímyndað sér að upptökur hans sem varðveittar voru á vaxhólkum yrðu rúmum hundrað árum seinna aðgengilegar á veraldarvefnum. Þessar upptökur eru meðal þess sem finna má í gagnagrunni Ísmús. Þetta er vefur um íslenskan músík- og menningararf sem Tónlistarsafn Íslands og Stofnun Árna Magnússonar í íslenskum fræðum, hafa umsjón með.

Á vefnum eru til að mynda nótur úr skinnhandritum og ljósmyndir og upptökur héðan og þaðan. Ísmús veitir að auki aðgang að sístækkandi þjóðfræðisafni Árnasofnunar en meðal þess sem þar er að finna eru upptökur sem safnað var á síðari hluta síðustu aldar í samstarfi við Ríkisútvarpið. Hallfreður Örn Eiríksson, þjóðháttafræðingur, fór þá um landið og spjallaði við fólk."
605,Hvenær var Áshildarmýrarsamþykktin gerð?,Árið 1496.,,"Áshildarmýrarsamþykkt (eða Árnesingaskrá (yngri)) var samþykkt gerð árið 1496 sem sneri að því að grípa til nauðsynlegra ráðstafana til verndar réttindum sem Íslendingar höfðu tryggt sér með Gamla sáttmála og bindast jafnframt samtökum um að hrinda af sér hvers konar yfirgangi og órétti af hendi erlendra og innlendra umboðsmanna konungsvaldsins. Árnesingar komu saman að Áshildarmýri á Skeiðum, og var tilefnið yfirgangur Lénharðs fógeta og fleiri valdamanna í héraðinu.

Tenglar 
 Áshildarmýrarsamþykkt 500 ára; grein í Lesbók Morgunblaðsins 1996
 Áshildarmýrarsamþykkt; grein í Lesbók Morgunblaðsins 1948
 Áshildarmýrarsamþykkt; grein í Þjóðviljanum 1944

Saga Íslands
Skeiða- og Gnúpverjahreppur
1496"
1037,Hver var kosinn lögmaður norðan og sunnan lands árið 1606 í kjölfar lögmannskosninga á Alþingi?,Jón Sigurðsson.,,"Jón Sigurðsson (um 1565 – 26. maí 1635) var íslenskur lögmaður á 16. og 17. öld. Hann bjó á Reynistað í Skagafirði.

Jón var af Svalbarðsætt, sonur Sigurðar Jónssonar sýslumanns og klausturhaldara á Reynistað og konu hans Guðnýjar Jónsdóttur frá Stóru-Ökrum, sem var sonardóttir Gríms Jónssonar lögmanns. Hann var fyrst sýslumaður í Þingeyjarsýslu og eftir að faðir hans dó 1602 fékk hann Skagafjarðarsýslu. Vorið 1606 dó fððurbróðir hans, Jón lögmaður Jónsson, og var lögmannskosning á Alþingi um sumarið, raunar fyrir bæði lögmannsumdæmin því Þórður Guðmundsson var orðinn gamall og sagði af sér. Var Jón kosinn lögmaður norðan og sunnan  en auk hans voru í kjöri þeir Ari í Ögri, Jón Magnússon eldri í Haga og Björn Benediktsson á Munkaþverá og var varpað hlutkesti milli þeirra, sem Jón vann.

Árið 1607 kom út konungsbréf þar sem lagt var fyrir lögmenn að flýta málum og láta Alþingi standa svo lengi að hægt væri að afgreiða mál, en ekki aðeins 1-2 daga eins og virðist hafa tíðkast á seinni hluta lögmannstíðar þeirra Þórðar og Jóns. Tveimur árum seinna kom annað konungsbréf þar sem landsmönnum var bannað að ausa skömmum yfir lögmenn þegar þeir væru að fara um og gegna skyldustörfum sínum.

Jón var settur af árið 1618 vegna misferlis í starfi og tengdist það kvennamálum hans. Um leið missti hann sýsluvöld. Árið 1622 fékk hann þó uppreisn hjá konungi og fékk jafnframt Húnavatnssýslu. 

Hann var sagður gáfumaður og vel að sér í lögum en enginn sérstakur fjáraflamaður. Hann þótti mjög kvensamur, „oft við konur kenndur“, segir Jón Sigurðsson. Hann er sagður hafa eignast að minnsta kosti fjögur börn framhjá konu sinni, sem var Þorbjörg Magnúsdóttir frá Eiðum, Vigfússonar sýslumanns. Þau áttu fimm börn saman og er mikil ætt frá þeim komin.

Heimildir 
 Safn til sögu Íslands. 2. bindi, Kaupmannahöfn 1886.

Lögmenn á Íslandi
Svalbarðsætt
Sýslumenn"
207,Hver var forystumaður íslenskra glímukappa á Sumarólympíuleikunum 1912?,Sigurjón Pétursson.,,"Sumarólympíuleikarnir 1912 voru haldnir í Stokkhólmi í Svíþjóð 5. maí til 22. júlí.

Aðdragandi 

Ákvörðunin um Stokkhólmsleikana var tekin árið 1909. Berlín lýsti áhuga á að halda leikana en að lokum náðist samkomulag milli Svía og Þjóðverja um að þeir síðarnefndu biðu í fjögur ár. Stokkhólmur varð því eina umsóknarborgin.

Stjórnendur Alþjóðaólympíunefndarinnar voru ósáttir við framkvæmd leikanna í Lundúnum sem sumir töldu að hefðu fallið í skuggann af ýmsum ótengdum uppákomum og sýningarhaldi. Markmiðið með Stokkhólmsleikunum var því að færa Ólympíuleikana aftur til upphaflegu hugsjónarinnar sem einföld íþróttakeppni.

Reistur var nýr Ólympíuleikvangur sem tók um 12 þúsund áhorfendur. Er það einhver minnsti aðalleikvangur í sögu leikana.

Keppnisgreinar 

Keppt var í 102 greinum. Fjöldi keppna í einstökum íþróttaflokkum er gefinn upp í sviga.

    Frjálsar íþróttir (30)

    Kappróður (4)

     Hjólreiðar (2)

    Reiðmennska (5)

    Skylmingar (5)

    Knattspyrna (1)

    Fimleikar (4)

    Reiptog (1)

    Fangbrögð (5)

    Nútímafimmtarþraut (1)

    Sund (9)

    Dýfingar (4)

    Sundknattleikur (1)

    Tennis (8)

    Skotfimi (18)

    Siglingar (4)

Þáttakendur

Einstakir afreksmenn 

   Bandaríkjamaðurinn Jim Thorpe (réttu nafni Jacobus Fransiscus Thorpe) sigraði í fimmþraut og tugþraut, sem keppt var í í fyrsta sinn. Thorpe, sem var hálfur indíáni, þótti geysifjölhæfur íþróttamaður og keppti m.a. í hafnarbolta, körfuknattleik og ruðningi á löngum ferli. Hann var eftirlæti áhorfenda meðan á Ólympíuleikunum stóð, en að þeim loknum var hann sviptur verðlaunum fyrir brot á áhugamannareglum. Alþjóðaólympíunefndin sneri þeirri ákvörðun við mörgum áratugum síðar.

Matt McGrath frá New York sigraði auðveldlega í sleggjukasti. Hið stysta af sex köstum hans var lengra en lengstu köst næstu manna. Ólympíumet hans á leikunum var ekki slegið fyrr en í Berlín 1936.

Finninn Hannes Kolehmainen vann til þriggja verðlauna í hlaupakeppninni: í 5.000 metra hlaupi, 10.000 metra hlaupi og víðavangshlaupi. Hann varð þar með fyrstur í röð finnskra hlaupagarpa sem einokuðu nánast langhlaupin á næstu árum.

Suður-Afríkubúinn Kenneth McArthur varð hlutskarpastur í Maraþonhlaupinu. Það varpaði skugga á hlaupið að portúgalskur keppandi lést í miðri keppni að völdum hjartaáfalls. Var það fyrsti íþróttamaðurinn til að deyja á Ólympíuleikum.

Konur tóku í fyrsta sinn þátt í sundkeppni leikanna. Fanny Durack sem keppti undir merkjum Ástralasíu sigraði í einstaklingskeppninni. Hún var öflugasta sundkona heims á seinni hluta annars áratugarins og handhafi flestra heimsmeta.

Keppt var nútímafimmtarþraut í fyrsta skipti, en greinin var hugarfóstur Pierre de Coubertin leiðtoga Ólympíuhreyfingarinnar. Svíar höfðu mikla yfirburði og röðuðu sér í átta af tíu efstu sætunum. Um miðjan hóp keppenda lenti Bandaríkjamaðurinn George S. Patton, sem síðar varð einn kunnasti herstjórnandi tuttugustu aldar.

Þátttaka Íslendinga á leikunum 

Þegar leið að Ólympíuleikunum í Stokkhólmi, vaknaði áhugi íslenskra glímumanna að endurtaka leikinn frá Lundúnaleikunum fjórum árum fyrr. Sigurjón Pétursson, kenndur við Álafoss var helstur forystumaður íslenskra glímukappa. Íþróttasamband Íslands var stofnað í ársbyrjun 1912, ekki hvað síst til að geta sótt um þátttökurétt á leikunum.

Sendir voru sjö glímumenn til keppni, en glíma var formlega viðurkennt sem önnur af tveimur sýningargreinum leikanna, en þetta var í fyrsta sinn sem boðið var upp á formlegar sýningargreinar. Keppt var um sérstakan verðlaunagrip og stóðu vonir til að glíma yrði fastur liður á dagskrá leikanna í framtíðinni. Formaður og gjaldkeri hópsins var Hallgrímur Benediktsson

Auk þess að keppa í íslenskri glímu tók Sigurjón Pétursson þátt í grísk-rómverskri glímu. Áttundi Íslendingurinn í hópnum, Jón Halldórsson, tók þátt í 200 metra hlaupi en komst ekki áfram úr sínum riðli.

Verðlaunaskipting eftir löndum"
1206,"Í hvaða dal bjó Hrafn Brandsson eldri, sem var lögmaður norðan og vestan frá 1479 til dauðadags?",Reykjadal.,,"Hrafn Brandsson (eða Rafn Brandsson) eldri (um 1432 – 1483) var íslenskur höfðingi á 15. öld, lögmaður norðan og vestan frá 1479 til dauðadags. Hann bjó á Skriðu (Rauðuskriðu) í Reykjadal.
 
Hrafn var sonur Brands ríka Halldórssonar bónda á Barði í Fljótum og konu hans Rögnu, dóttur Hrafns Guðmundssonar lögmanns í Rauðuskriðu. Hrafn átti í illvígum deilum við Ólaf Rögnvaldsson biskup um margs konar mál. Hann dróst inn í svonefnd Hvassafellsmál, þegar Bjarni Ólason bóndi á Hvassafelli var sakaður um sifjaspell með Randíði, barnungri dóttur sinni. Randíður flúði á náðir Hrafns sem var náfrændi hennar. Ólafur biskup bannfærði hann fyrir að skýla henni. Hrafn var enn í banni þegar hann dó. Það þóttu ægileg örlög að deyja í banni, svo að ættingjar gáfu yfirleitt kirkjunni stórfé til sáluhjálpar hinum látna.

Kona Hrafns var Margrét, dóttir Eyjólfs Arnfinnssonar (um 1395 — 1475) riddara á Urðum í Svarfaðardal og víðar, og konu hans Snælaugar Guðnadóttur frá Hóli í Bolungarvík. Dóttir þeirra var Solveig Hrafnsdóttir abbadís á Reynistað en sonur þeirra var Brandur Hrafnsson, lengi prestur á Hofi í Vopnafirði en síðast príor í Skriðuklaustri. Synir hans voru Snjólfur bóndi í Ási í Fellum, Árni bóndi á Bustarfelli í Vopnafirði og ættfaðir Bustarfellsættar, og Hrafn Brandsson yngri, lögmaður.

Heimildir 
 Safn til sögu Íslands. 2. bindi, Kaupmannahöfn 1886.
 Einar Bjarnason Íslenskir Ættstuðlar I - III, Reykjavík 1969 - 1972.

Lögmenn á Íslandi

Íslendingar á 15. öld"
1104,Í hvaða hrauni er hellirinn Víðgelmir?,Hallmundarhrauni.,,"Víðgelmir er einn af lengstu (1.585 m) hellum landsins og rúmtaksmestu (148.000 m³) hraunhellum heims. Hann er í Hallmundarhrauni, u.þ.b. 2 km suðaustur af Fljótstungu í Hvítársíðu. Þak hellisins hefur hrunið á allstórum kafla, nærri norðurenda hans, og er það eini inngangurinn. Hellirinn er víður fremst en þrengist á köflum þegar innar dregur. Þar var, í október árið 1991 sett upp járnhlið af félagsmönnum í Hellarannsóknafélagi Íslands til að vernda þær dropasteinsmyndanir sem ekki hafa þegar verið eyðilagðar. Mannvistarleifar sem fundust í hellinum eru varðveittar í Þjóðminjasafninu og eru að líkindum frá víkingaöld. Hellirinn er á köflum afar erfiður yfirferðar og tæpast ráðlegt að fara um hann nema með leiðsögumanni. Leiðsögn og aðgangur að innri hluta hellisins er fáanleg frá Fljótstungu.

Hellirinn var lokaður af ís frá árinu 1918 til ársins 1930 en hann lokaðist aftur um veturinn 1972-1973.  Í apríl 1990 fór hópur á vegum Hellarannsóknafélags Íslands með tól og tæki og freistaði þess að opna hellinn.  Ekki tókst það að þessu sinni en árið eftir tóku nokkrir heimamenn af bæjum í Hvítársíðu og Hálsasveit sig saman, undir forystu Kristleifs Þorsteinssonar bónda í Húsafelli og kláruðu verkið.

Tilvísanir

Tenglar 
 The Virtual Lava Tube Fróðlegur kennsluvefur um hraunhella.
 Vidgelmir images Myndasafn frá júlí 2007.
 Heimasíða Hellarannsóknafélags Íslands.
  Björn Hróarsson, etal.: Lava caves in the Hallmundarhraun lava flow, West Iceland. Proceedings of the 6th International Symposium on Volcanospeleology. (1991) (á ensku)

Heimildir 
 Sigurður Sveinn Jónsson og Björn Hróarsson, 1991, ""Opnun Víðgelmis"", Surtur, ársrit Hellarannsóknafélags Íslands.

Hellar á Íslandi
Hvítársíða"
378,"Hvaða útsaumsaðferð, sem notuð var í kirkjuklæði á miðöldum á Íslandi, er nefnd í íslenskum miðaldaheimildum og er tengd við hnýtt eða ísaumað net?",Sprang eða sprangsaumur.,,"Sprang eða sprangsaumur er forn útsaumsaðferð. Sprang virðist hafa verið notað um verk unnin með ísaumuðu neti sem og með úrrakssaum. Sprang var ýmist unnið í net sem var hnýtt og kallaðist þá riðsprang eða í grunn sem saumað var í grunn sem svo efnisþræðir voru dregnir úr.

Orðið sprang kemur í íslenskum miðaldaheimildum oftast fyrir í sambandi við kirkjuklæði og kemur orðið sprangdúkur frá 1394 og í sögu frá svipuðum tíma er talað um sprang í þessari setningu: ""þa skal bera til synis þat klokazta smaþing, sem huers hiakona hefir sprangat""
Á 17. öld hefur sprang verið notað um saum í hnýtt net en allt bendir til þess að með tímanum hafi merking orðsins orðið víðtækari og það átt við hvers konar opinn saum, bæði ísaumað net og útdregna og útklippta grunna.

Ekki eru til íslenskar heimildir um þá fléttunartækni sem nefnd er sprang á Norðurlandamálum og felst í að ríða net og sauma þannig að það sé teygjanlegt. Slík net hafa verið notuð allt frá bronsöld sem hárnet.

Heimildir 
 Tíminn, 39. Tölublað (17.02.1966), Blaðsíða 9

Útsaumur"
7,Hvaða ár var Lystigarðurinn á Akureyri stofnaður?,1912.,,"Lystigarður Akureyrar er skrúðgarður sem stofnaður var árið 1912 að frumkvæði danskrar konu að nafni Anna Katharine Schiöth, og síðan stjórnað af tengdadóttur hennar, Margrethe Schiöth. 

1954 til 1970 var Jón Rögnvaldsson, frumkvöðull í garðyrkju og skógrækt, forstöðumaður garðsins.

Árið 1972 voru í grasagarði Lystigarðsins samtals um 2511 tegundir og afbrigði, þar af 442 íslenskar tegundir og slæðingar.

Svipmyndir

Tenglar 
 Heimasíða
 „Lystigarðurinn 50 ára“; grein í Degi 1962

Akureyri
Skrúðgarðar á Akureyri"
1,Hvaða fyrirtæki sameinaðist Office 1 í kjölfar efnahagshrunsins árið 2008?,A4.,,"Penninn til sölu 

Arion banki hefur lokið endurskipulagningu á Pennanum og hann er nú til sölu. Forsvarsmenn bankans vilja litlar upplýsingar veita um stöðu fyrirtækisins að svo stöddu.

Kaupþing tók Pennann yfir í mars 2009. Eigandi fyrirtækisins var þá Kristinn Vilbergsson ásamt hópi fjárfesta. Skiptum á þrotabúinu lauk í fyrra sumar og þá varð ljóst að rétt tæpir 7,5 milljarðar króna fóru í súginn. Rétt fyrir hrun var ráðist í umfangsmiklar fjárfestingar á Írlandi og í Eystrasaltsríkjunum sem enduðu með ósköpum.

Arion banki ákvað að kaupa Pennann út úr þrotabúinu. Talið var að með því væri hagsmunum bankans best borgið, auk þess var horft til þeirra starfa sem ella hefðu tapast og að gera þyrfti upp við birgjana, sem að öðrum kosti færu margir á hausinn.

Endurskipulagning Pennans hefur tekið tíma og sumum hefur þótt nóg um. Keppinautar hafa sakað fyrirtækið um að stunda undirboð á markaði og sagt að erfitt væri að standa í rekstri í samkeppni við banka. Þá hefur þeim ekki þótt það forsvaranlegt að ríkisbanki setji fé í skuldum hlaðið fyrirtæki.

Forsvarsmenn Arion banka vísuðu þessari gagnrýni á bug. Og sögðu einmitt nauðsynlegt að setja pening inn í reksturinn til að tryggja rekstrargrundvöll svo að hægt yrði að selja Pennann á endanum.

Lengi hefur verið stefnt að endurskipulagningu lyki í byrjun þessa árs, þegar ársreikningur fyrirtækisins lægi fyrir. Það gerir hann hins vegar ekki og Haraldur Guðni Eiðsson, á samskiptasviði Arion banka, segir bankann ekki ætla að gefa skuldastöðu fyrirtækisins upp opinberlega að svo stöddu. En Penninn er tilbúinn fyrir sölu. Verslanir Pennans eru Eymundsson, Penninn, Griffill og Islandia. Hjá fyrirtækinu starfa um 300 manns og er velta félagsins um 5 milljarðar króna.

Húsgagnasalar lýstu yfir mikilli óánægju með að bankinn hefði sett um 200 milljónir inn í rekstur félagsins sem þeir sögðu að hefði tapað ríflega milljarði á tveimur árum. Árið 2009 lánaði bankinn Pennanum hálfan milljarða. Forsvarsmenn bankans hafa sagt þetta nauðsynlegt því að öðrum kosti hefði Penninn ekki lifað.

Miklar sviptingar hafa verið á ritfangamarkaði frá hruni. Um áramótin runnu fyrirtækin Office 1 og A4 saman í eitt. Office One var í eigu félags sem við skulum kalla gamla Egilsson. Það félag varð gjaldþrota síðasta vor og samkvæmt upplýsingum frá Landsbankanum töpuðust kröfur upp á fleiri hundruð milljónir króna. Egill Þór Sigurðsson, eigandi félagsins, stofnaði nýtt félag á nýrri kennitölu og heitir það enn Egilsson. Með eigin fé og láni frá Landsbankanum keypti hann Office 1 á ný úr þrotabúinu. Hann bauð best. Og nú hefur Egilsson sem sagt eignast samkeppnisaðilan A4 með aðstoð Landsbankans og fjárfesta. Svo er að bíða og sjá hvernig fyrirtækjunum vegni eftir alla þessa snúninga en fyrir liggur að margir milljarðar hafa tapast á rekstri þeirra fram til þessa."
1337,Á hvaða árum starfaði íslenska hljómsveitin Pelican?,1973-1975.,,"Pelican var íslensk hljómsveit sem starfaði á tímabilinu 1973-75 og síðan aftur tveimur áratugum seinna, þá með Guðmund Jónsson úr Sálinni innanborðs. Stíll sveitarinnar einkenndist meðal annars af framsæknu rokki.

Meðlimir 
 Pétur Kristjánsson: Söngur
 Björgvin Gíslason: Gítar og Hljómborð
 Ásgeir Óskarsson: Trommur & slagverk
 Gunnar Hermannsson: Bassi
 Jón Ólafsson: Bassi
 Ómar Óskarsson: Gítar
 Hlöðver Smári Haraldsson: Hljómborð
 Herbert Guðmundsson: Söngur

Meðlimir 1993 
 Pétur Kristjánsson: Söngur
 Björgvin Gíslason; Gítar
 Ásgeir Óskarsson: Trommur & slagverk
 Jón Ólafsson: Bassi
 Guðmundur Jónsson: Gítar

Hljómplötur 
 Uppteknir 1974
 Litla flugan 1975
 Pelican 1993

Tenglar 

 Glatkistan

Íslenskar hljómsveitir"
473,Hvaða ár var rakarafrumvarpið samþykkt?,1928.,,"Rakarafrumvarpið var frumvarp um afgreiðslutíma rakarastofa og annarra vinnustofa sem voru í viðskiptum við almenning. Það var lagt fyrir Alþingi árið 1924 og samþykkt árið 1928. Þetta frumvarp varð mikið hitamál á Íslandi, og mikið um það skrifað í blöðunum. Frumvarpið var fellt á Alþingi fjögur þing í röð, en náði loks loks samþykkt árið 1928. 

Halldór Laxness skrifaði um deilurnar um rakarafrumvarpið í Brekkukotsannál og notaði það sem dæmi um hve Íslendingar eyddu miklu púðri í tittlingaskít meðan aðalatriðin yrðu útundan. Hann segir hæðnislega frá rakarafrumvarpinu í bókinni:

Átti að þolast bæjarfélaginu að rakarastofum væri lokið upp á morgnana klukkan sex eða sjö og síðan haldið áfram að raka fólk þángað til um miðnætti?

Eftirlitsmaðurinn, persóna í Brekkukotsannál, lætur í ljós skoðanir sínar á frumvarpinu. Hann segir þar:

 

Halldór Laxness minntist síðar á rakarafrumvarpið í grein um hundahald sem hann skrifaði í Morgunblaðið árið 1970. Þar sagði hann:

Mig minnir að deilan hafi staðið um það, klukkan hvað ætti að loka rakarastofum á kvöldin. Ýmsir smápólitíkarar og kleyfhugar lögðu þetta mál fyrir sig sem sérfræðigrein, eða kannski maður ætti að segja rórill. Á einum æsingafundi um málið í Barnaskólaportinu, þar sem líka voru krakkar, heyrði ég og sá þektan borgara æpa undir einni ræðunni: Hér skal blóð mæta blóði. (Mig minnir ég hafi einhversstaðar komið deilunni um Rakarafrumvarpið á framfæri í róman, en ef ég man rétt gerði ég fundinn þó akademiskari en þessir fundir voru í raun og veru).

Tilvísanir

Tenglar 
 Atvinnufrelsi - vinnuvernd - siðmenning; grein í Morgunblaðinu 1990
 

Hárgreiðsla
Lög
Frumvörp
Þjóðfélagsleg hitamál á Íslandi"
1890,Hvað fólst í vopnadómi Magnúsar prúða árið 1581?,Allir bændur urðu skyldugir til að eiga vopn til að geta varið landið.,,"Vopnadómur Magnúsar prúða, sýslumanns var dómur sem hann lét ganga 12. október 1581 á héraðsþingi í Tungu (í Patreksfirði í núverandi Barðastrandarsýslu) um það að allir bændur ættu að vera skyldir til að eiga vopn til að geta varið landið. Í vopnadómi er minnst á að sýslumenn hafi látið safna vopnum og brjóta fimm árum áður, en engar aðrar heimildir finnast um slíkt vopnabrot sem ýmsir hafa dregið í efa að hafi átt sér stað. Árið 1579 rændu sjóræningjar Eggerti Hannessyni, tengdaföður Magnúsar, á Bæ á Rauðasandi. Skýrsla Eggerts til konungs um ránið leiddi til þess að árið eftir sendi konungur vopn í hverja sýslu landsins: átta spjót og sex byssur. Þetta leiddi þó ekki til aukins vopnaburðar meðal Íslendinga nema hugsanlega tímabundið á Vestfjörðum. Talið er að vopnaeign hafi verið að mestu aflögð annars staðar á landinu um aldamótin 1600. Vopnaburður og vopnaeign Vestfirðinga kom síðar við sögu í Spánverjavígunum 1615, en fyrir þeim stóð Ari Magnússon sýslumaður í Ögri, sonur Magnúsar prúða.

Vopnadómur er til prentaður í Alþingisbókum Íslands, I. bindi.

Saga Íslands"
883,Hvaða ár var fyrsta manneskjan grafin í Hólavallagarði?,Árið 1838.,,"Hólavallagarður (oft kallaður Hólavallakirkjugarður og stundum einnig Suðurgötu(kirkju)garður) er stór kirkjugarður í Vesturbæ Reykjavíkur.

Staðarlýsing
Hólavallagarður er stærsti íslenski kirkjugarðurinn frá 19. öld. Hann tók við af kirkjugarði Víkurkirkju sem var þar sem nú er torg, oft nefnt fógetagarðurinn, á horni Aðalstrætis og Kirkjustrætis. Fyrst til að hljóta legstað í garðinum var Guðrún Oddsdóttir en hún var grafin árið 1838 og er því nefnd vökukona garðsins. Frá 1838 til 1951 var líkhús í garðinum en þá var byggt nýtt líkhús í Fossvogskirkjugarði.

Að garðinum liggja Suðurgata í austri, Hringbraut í suðri, Ljósvallagata í vestri og Hólatorg og Kirkjugarðsstígur í norðri. Elsti hluti garðsins er sá sem er næstur miðbænum, norðausturhornið. Nærri garðinum miðjum er klukknaport. Þegar búið var að úthluta nánast öllum gröfum í garðinum árið 1932 tók Fossvogskirkjugarður við sem aðalkirkjugarður borgarinnar. Enn er þó stundum grafið í honum, einkum í gamla fjölskyldugrafreiti sem hafa verið fráteknir lengi Kirkjugarðar Reykjavíkurprófastsdæma sjá um garðinn. Hann þjónar einnig sem grenndarskógur fyrir Melaskóla.

Legsteinar og krossar í garðinum eru eins fjölbreyttir og við má búast eftir tæpra tveggja alda notkun. Sumir steinarnir eru mjög stórir og veglegir og bera menningarsögu Íslendinga vitni. Gróðurfar í garðinum er einnig fjölbreytt; þar er að finna á annað hundrað tegunda af jurtum og trjám, sem sýna m.a. hvað fólki hefur þótt við hæfi að gróðursetja á leiði fyrr á tíð. Má þar meðal annars finna mikið af greni, hlyn, björk og reyni, það elsta síðan á millistríðsárunum. Fágætari tegundir garðsins eru m.a. evrópulerki (borgartré Reykjavíkur 2011), álmur, gráelri og askur.

Samkvæmt deiliskipulagi Reykjavíkurborgar frá 2003 fellur garðurinn undir hverfisvernd. Hún telst ekki vera formleg friðlýsing, en skoðast sem viljayfirlýsing borgaryfirvalda um að varðveita garðinn og að fara varlega við breytingar á honum. Fyrir utan tvær stækkanir á 19. og 20. öld, hefur garðinum lítið verið breytt. 

Um aldamótin 2000 voru megingangstígar hellulagðir og ljósker sett upp til viðbótar við nokkra ljósastaura sem þar voru fyrir. Krossar og grindverk úr járni setja svip sinn á garðinn, en hann mun vera einn fárra kirkjugarða í Evrópu þar sem slíkt var ekki tekið niður og brætt upp til hergagnaframleiðslu í stríðum 20. aldar. Múrinn sem umlykur Hólavallakirkjugarð þykir einnig merkur; hann er að hluta til hlaðinn en að hluta til steyptur. Lítið hefur verið hróflað við elsta hluta garðsins, og telst það ólíkt því sem gerist í öðrum gömlum norrænum kirkjugörðum, þar sem elstu hlutarnir eru gjarnan sléttaðir.

Listfræðingurinn Björn Th. Björnsson kallaði Hólavallagarð „stærsta og elsta minjasafn“ Reykjavíkur í bókinni Minningarmörk í Hólavallagarði og Margrét Hallgrímsdóttir þjóðminjavörður hefur tekið í sama streng. Garðurinn er heimild um list- og táknfræði, persónusögu og ættfræði og stefnur í byggingarlist, minningarmörkum, garðyrkju og handverki. Lágmyndir af hinum látnu eru á þónokkrum legsteinum, margar þeirra eftir myndhöggvarana Einar Jónsson, Albert Thorvaldsen og Ríkarð Jónsson. Guðjón Samúelsson, húsameistari ríkisins, hannaði klukknaport garðsins.

Í garðinum eru minningarreitir um franska og færeyska sjómenn sem fórust við íslandsstrendur. Venja er á 17. júní að leggja blómsveig við gröf Jóns Sigurðssonar.

Garðurinn var tilnefndur til umhverfisverðlauna Norðurlandaráðs árið 2005.

Þekkt fólk sem er grafið í Hólavallagarði
Meðal þekktra einstaklinga sem voru jarðaðir í Hólavallakirkjugarði má telja eftirfarandi:
Ásmundur Guðmundsson biskup
Benedikt Gröndal, skáld og fræðimaður
Bjarni Jónsson, Dómkirkjuprestur
Bríet Bjarnhéðinsdóttir, kvenréttindakona
Guðmundur Pétursson Thorsteinsson eða Muggur
Hannes Hafstein, skáld og ráðherra
 Indriði Einarsson, skáld og fræðimaður
Ingibjörg H. Bjarnason, fyrsta konan sem kjörin var á Alþingi og skólastýra Kvennaskólans í Reykjavík.
Jóhannes Sveinsson Kjarval, myndlistamaður
 Jón Magnússon, forsætisráðherra
 Jón Sigurðsson, forseti
 Katrín Thoroddsen, læknir og alþingismaður
 Páll Ólafsson, skáld
 Sveinbjörn Egilsson, skáld og skólastjóri
Thor Jensen, athafnamaður
Torfhildur Hólm, rithöfundur
Þorbjörg Sveinsdóttir ljósmóðir og stofnandi Hins íslenska kvenfélags.
Þorsteinn Erlingsson, skáld
 Fólk sem lést af völdum spænsku veikinnar árið 1918. Í garðinum eru a.m.k tvær fjöldagrafir.

Nokkur minningarmörk

Tengt efni 
 Gufuneskirkjugarður
 Fossvogskirkjugarður
 Víkurgarður
 Sturlukapella

Heimildir 
 Þingsályktunartillaga um varðveislu Hólavallagarðs, flutt á 133. löggjafarþingi 2006-2007. Flm.: Ásta R. Jóhannesdóttir, Sólveig Pétursdóttir, Össur Skarphéðinsson, Jón Kristjánsson, Guðmundur Hallvarðsson, Jóhanna Sigurðardóttir, Ögmundur Jónasson, Magnús Þór Hafsteinsson, Guðrún Ögmundsdóttir, Mörður Árnason, Helgi Hjörvar, Ágúst Ólafur Ágústsson og Anna Kristín Gunnarsdóttir.

Tilvísanir 

Kirkjugarðar í Reykjavík
Saga Reykjavíkur
Vesturbær Reykjavíkur"
1773,"Hvaða söngvari stofnaði eigin hljómplötuútgáfu, nefnda Faxafón?",Gústav Haukur Morthens.,,"Gústav Haukur Morthens (17. maí 1924 – 13. október 1992) var íslenskur söngvari. Hann var einn frægasti söngvari á Íslandi á seinni hluta 20. aldar. Haukur Morthens var föðurbróðir Bubba Morthens.

Æviágrip 
Haukur Morthens fæddist við Þórsgötu í Reykjavík, sonur Edvards Morthens, norsks manns og Rósu Guðbrandsdóttur ættaðri úr Landssveit. Haukur var 11 ára þegar hann kom fyrst fram með Drengjakór Reykjavíkur á söngskemmtan í Nýja bíó og söng einsöng. Svo liðu árin, Haukur þroskaðist sem og feimnin sem átti tök í honum. Í Alþýðuprentsmiðjunni þar sem hann var við nám, þá 18 ára, voru tvær stúlkur sem voru að undirbúa skemmtun fyrir Alþýðuflokkinn. Þær voru ólmar að fá þennan unga og glæsilega mann til að syngja á skemmtuninni enda höfðu fregnir borist um hæfileika hans. Haukur var tregur til enda feiminn en gat vart neitað svo fögrum meyjum og sló til.  Þar með var teningunum kastað og þegar Haukur Morthens hóf feril sinn 19 ára með hljómsveit Bjarna Böðvarssonar eignaðist þjóðin einn sinn frægasta, ástsælasta og þekktasta dægurlagasöngvara fyrr og síðar.

Tónlistarferill 
Hljómsveitarstjórar sóttust eftir að fá Hauk til að syngja með hljómsveitum sínum því hann var trygging fyrir vinsældum og fullu húsi. Árið 1962 stofnaði hann eigin hljómsveit og var ráðinn  til að skemmta í hinum nýja og glæsilega skemmtistað Klúbbnum við Borgartún. Þaðan lá leiðin vítt um lönd og næstu þrjátíu ár söng Haukur sig inn í hug og hjörtu Íslendinga sem Dana og Rússa ýmist sem gestasöngvari með erlendum hljómsveitum eða með eigin hljómsveit.

Stóru plöturnar

Haukur Morthens syngur 
Fyrsta stóra platan með Hauki kom út á vegum Fálkans 1963. Þetta var sextán laga plata með áður útgefnum lögum á 78 snúninga plötum og litlum 45 snúninga.

Hátíð í bæ 
Jólaplatan ""Hátíð í bæ"" kom út hjá Hljóðfæraverslun Sigríðar Helgadóttur fyrir jólin 1964. Þetta er fyrsta stóra (LP) jólaplata sem kemur út á íslensku. Alþýðublaðið skrifaði um plötuna 17. desember 1964.

Með beztu kveðju 

Árið 1968 var til veitingastaður við Skólavörðuholt sem hét Hábær, þar skemmti Haukur Morthens ásamt hljómsveit.

Nú er Gyða á gulum kjól 

Rétt fyrir jólin 1978 kom þriðja stóra platan frá Hauki og nefndist hún ""Nú er Gyða á gulum kjól"".

Lítið brölt 
Þegar platan ""Lítið brölt"" kom út árið 1980 skrifaði tónlistargagnrýnandi Dagblaðsins, Eyjólfur Melsted um plötuna.

Jólaboð 

Árið 1981 ræddi blaðamaður helgarpóstsins, Páll Pálsson við Hauk um nýustu plötuna sem var jólaplata unnin með drengjunum í Mezzoforte.

Þriggja diska safn 

Árið 2008 kom út þriggja diska safn með Hauki Morthens á vegum Senu. Einn af umsjónarmönnum með þeirri útgáfu var Trausti Jónsson veðurfæðingur sem sagði meðal annars þetta um Hauk og hljómplötuútgáfu í fylgibæklingi.

Faxafón 
Haukur Morthens stofnaði eigin hljómplötuútgáfu árið 1964 og nefndi ""Faxafón"". Á lífskeiði útgáfunnar komu út fimm plötur með Hauki, tvær 45 snúninga og þrjár LP plötur auk kasetta og CD.

Útgáfan 
45 snúninga
 Faxafón No 101 - Haukur Morthens - Fyrir átta árum / Gústi í Hruna  
 Faxafón No 102 - Haukur Morthens - Með blik í auga / Síldarstúlkan

LP
 Faxafón FF 103 - Haukur Morthens – Með bestu kveðju - 1968 - (Stereo)                                                                 
 Faxafón FF 104 - Haukur Morthens – Nú er Gyða á gulum kjól - 1978
 Faxafón FF 105 - Haukur Morthens - Melódíur Minningana - 1984

CD 
 Faxafón CD 001 - Haukur Morthens - Hátíð í Bæ, 20 Jóla- og Barnasöngvar - 1994

Aðrir útgefendur

Fálkinn 
78 snúninga
 JOR 209 - Haukur Morthens - Ó borg, mín borg // Hvar ertu? - 1954 
 JOR 210 - Haukur Morthens - Lítið lag // Ástin ljúfa - 1954 
 JOR 211 - Haukur Morthens - Bjössi kvennagull // Svo ung ert þú - 1954 
 JOR 212 - Haukur Morthens - Til eru fræ // Síðasti dansinn - 1954 - (YouTube - http://www.youtube.com/watch?v=bXAXYx99kzw)
 JOR 213 - Haukur Morthens - Stína Ó Stína // Heimkynni bernskunnar - 1954 
 JOR 214 - Haukur Morthens - Suður um höfin // Brúna ljósin brúnu - 1954 
 JOR 217 - Haukur Morthens - Istanbul // Too little time - 1954 
 JOR 218 - Haukur Morthens - Í kvöld // Á Jónsmiðum - 1954 
 JOR 219 - Haukur Morthens - Jólaklukkur // Hvít Jól - 1954 
 JOR 220 - Haukur Morthens - Ég er kominn heim // Abba-lá - 1954 
 JOR 224 - Haukur Morthens - Hæ mambo // Hið undursamlega ævintýri - 1955 
 JOR 225 - Haukur Morthens - Kaupakonan hans Gísla í Gröf // Ég er farmaður fæddur á landi - 1955  
 JOR 226 - Haukur Morthens - Eldur í öskunni leynist // Carmen sita - 1955 
 JOR 228 - Haukur Morthens - Vísan um Jóa // Gunnar póstur - 1955 
 JOR 229 - Haukur Morthens - Hljóðlega gegnum hljómskálagarð // Ég bíð þín, heillin - 1956 
 JOR 233 - Haukur Morthens - Nú veit ég // Sextán tonn - 1957
 JOR 236 - Haukur Morthens - Pep // Þér ég ann - 1957 - (YouTube - http://www.youtube.com/watch?v=YD-Lhi4xXHM)
 JOR 237 - Haukur Morthens - Halló...skipti...// Lagið hans Guðjóns - 1957

45 snúninga 
 GEOK 199 - Haukur Morthens - Lóa littla á brú / Lipurtá // Rock-calypso í réttunum / Stefnumót - 
 GEOK 200 - Haukur Morthens - Erla Þorsteinsdóttir - Lög eftir 12 september (innih.: Draumur fangans / Littli tónlistarmaðurinn // Heimþrá / Frostrósir - 1958 
 GEOK 219 - Haukur Morthens - 12 mílur (innih.: Í landhelginni / Heima // Landleguvals / Simbi sjómaður - 1959 - (YouTube - http://www.youtube.com/watch?v=M2_iXCGG-3M)
 DK 1465 - Haukur Morthens - Lóa litla á brú // Erla Þorsteinsdóttir - Stungið af (endurútgáfa, DK 1450) - 1958
 DK 1466 - Haukur Morthens - Frostrósir // Rock calypso í réttunum - 1958
 DK 1467 - Haukur Morthens - Stefnumót // Bláu augun - 1958
 DK 1468 - Haukur Morthens - Lipurtá // Capri Katarina - 1958 - (YouTube - http://www.youtube.com/watch?v=58AvwYoMqWo)
 DK 1472 - Haukur Morthens - Erla Þorsteinsdóttir - Þrek og tár // Erla Þorsteinsdóttir - Litli tónlistarmaðurinn  - 1958 - (YouTube - http://www.youtube.com/watch?v=tHpvHLk62qI) 
 DK 1486 - Haukur Morthens - Við fljúgum (Loftleiðavals) // Ciao, ciao, bambina - 1959 
 DK 1531 - Haukur Morthens - Lonesome sailor boy // Black angel - 1960 
 DK 1596 - Haukur Morthens - Vorið er komið // Smalastúlkan - 1962
 DK 1597 - Haukur Morthens - Í faðmi dalsins // Í hjarta mér - 1962

LP 
 MOCK 1004 - Haukur Morthens - Haukur Morthens syngur - 1963

HSH 
45 snúninga
 HSH45-1011 - Haukur Morthens - Áður oft ég hef // Hulda - 1961
 HSH45-1012 - Haukur Morthens - Blátt lítið blóm eitt er // Vinakveðja - 1962
 HSH45- - Haukur Morthens - Vorið er komið // Blátt lítið blóm eitt er - 1962
 HSH45-1017 - Haukur Morthens - Tóta litla tindilfætt // Hlíðin mín fríða - 1963
 HSH45-1018 - Haukur Morthens - Kvöldið er fagurt // Lífsgleði njóttu - 1964
 HSH45-1019 - Haukur Morthens - Amorella // Hafið bláa - 1964

LP
 LP-HSH -1022 - Haukur Morthens - Hátíð í bæ - 1964

SG-hljómplötur 
LP
 SG 073 - Haukur Morthens - 24 metsölulög í nýjum útsetningum Ólafs Gauks - 1974

Steinar 
45 snúninga.
 Plat 1508 - Haukur Morthens - Tilhugalíf // Hvert liggur leið - 1981

LP
 Steinar 038 - Haukur Morthens - Lítið brölt - 1980

CD
 TD 006 - Haukur Morthens - Gullnar glæður - 1992

Frost Music 
LP
 FVINIL 001 - Haukur Morthens - Hátíð í bæ - 2011 - Endurútgáfa

RUV 
 RUV 20208 - Haukur Morthens - Útvarpsperlur - 1966 - 1968
http://verslun.ruv.is/verslun/?p=skoda_voru&intCatId=65&vorunumer=20208

Neðanmálsgreinar

Heimild

Tenglar 
 RÚV Sjónvarp 2012 
 RÚV útvarp 1993
 Tónlist.is
 Tónlist.com
 gitargrip.is
 mbl.is
 Helgi syngur Hauk 
 Haukur í Moskvu 1957 með hljómsveit Gunnars Ormslevs ásamt Viðar Alfreðssyni trompet, Árna Elfar píanó, Sigurbirni Ingþórssyni Bjössa bassa) bassa og Guðjóni Inga á trommur
 Faxafón

Íslenskir tónlistarmenn"
456,Til hvaða tímabils má rekja uppruna íslenskra rímna?,Miðalda.,,"Rímur (et. ríma) eru alíslenskur epískur kveðskapur sem var órjúfanlegur þáttur í íslensku menningarlífi frá miðöldum (14. öld) alveg fram á miðja 20. öld. Rímur eru ortar undir sérstökum bragarháttum, sem kallast rímnahættir, og samanstendur hver ríma yfirleitt af nokkrum tugum erinda. Rímur eru vanalega nokkrar saman, og kallast þá rímnaflokkur og eru ein samhangandi frásögn en hver ríma eins og einn kafli í sögu. Yrkisefni eru oftast sögur af köppum úr fornaldarsögum, riddarasögum eða ævintýrum en síður úr efni Noregskonungasagna og Íslendingasagna.

Hver ríma er ort undir sama bragarhætti, en yfirleitt er breytt um bragarhátt á milli rímna í rímnaflokki. Hver ríma byrjar vanalega á mansöng, þar sem skáldið notar nokkrar vísur til þess að afsaka vankunnáttu sína í kveðskap eða kvarta undan ógæfu sinni. Þá er algengt að karlskáld kvarti undan óláni í kvennamálum. Eftir það kemur frásögn rímunnar í nokkrum tugum erinda, og gjarnan er síðasta erindi rímunnar haft dýrar kveðið en hinar, til dæmis með meira innrími.

Talið er að rímnaflokkar hafi frá upphafi verið skráðir beint á bók um leið og þeir voru ortir. Þó vera megi að fólk hafi getað lært rímur utan að og flutt þær eftir minni tilheyra þær almennt séð ekki munnlegri hefð, ólíkt t.d. íslenskum þjóðkvæðum sem lifðu á vörum manna um aldir áður en þau voru skrásett.

Fræðimenn áætla að u.þ.b. 1.050 rímnaflokkar séu til í varðveittum skinn- og pappírshandritum.

Saga rímnanna
Segja má að rímnahefðin hafi þróast úr nokkrum skáldskapartegundum sem þekktust bæði hér á landi og erlendis. Bragarhættina hafa þær að öllum líkindum fengið frá danskvæðum í Evrópu en stílinn hafa rímurnar hins vegar fengið úr dróttkvæðum og eddukvæðum. Dæmi um stílbrögð sem rímur hafa fengið úr dróttkvæðum og eddukvæðum má nefna kenningar og heiti sem eru eitt af megineinkennum rímnakveðskaparins. Talið er að rímnahefðin hafi fullmótast einhvern tímann á 15. öld.  

Fyrstu þekktu rímurnar eru frá síðari hluta miðalda og mun elsta ríman vera Ólafs ríma Haraldssonar, frá seinni hluta 14. aldar, sem varðveist hefur í Flateyjarbók (GKS 1005 fol.). Þá hafa um 80 rímnaflokkar varðveist sem ortir voru fyrir árið 1600. 

Mikilvægustu handrit sem varðveita rímnaflokka fyrri alda eru handrit á borð við Kollsbók (Codex Guelferbytanus 42.7 Augusteus quarto) frá 15. öld og Staðarhólsbók rímna (AM 604 4to), frá því um miðja 16. öld. 

Rímurnar færðust mjög í aukana sem bókmenntagrein er frá leið miðöldum, og íslensk skáld ortu flestar þær sem til eru á 17., 18. og 19. öld. Um miðja 19. öld, eftir að Jónas Hallgrímsson ritaði mjög harðorðan ritdóm í Fjölni, fóru þær að komast úr tísku og lentu smám saman á jaðri bókmenntanna.

Rímnahættir

Hefðbundnar rímur eru ortar undir bragarháttum sem gróflega má skipta í þrjá flokka: Ferskeytlu (í fjórum línum), braghendu (í þrem línum) og afhendingu (í tveim línum). Hver þessara flokka á sér marga undirflokka, sem byggjast á mismunandi línulengd, mismunandi endarími og mismunandi innrími.

Rímnahættir ferskeytla eru draghenda, stefjahrun, skammhenda, úrkast, dverghenda, gagaraljóð, langhenda, nýhenda, breiðhenda, stafhenda, samhenda, stikluvik og valstýfa. Undirflokkar braghendu eru valhenda, stuðlafall, vikhenda og hurðardráttur. Stúfhenda er ein tegund afhendingar.

Flutningur rímna 
Rímur eru yfirleitt kveðnar af einum kvæðamanni í senn, en þó með undantekninum. Flutningur eða framsaga hefur ávallt verið mjög mikilvægur þáttur í listformi rímna og án hans er einungis hálf sagan sögð.

Þegar flutningur fer fram heitir það jafnan að kveða og eru notaðar ákveðnar stemmur við rímurnar og þær sungnar. Við sönginn lifna rímurnar við og séu þær sungnar af góðum og þróttmiklum kvæðamönnum er von á glæsilegri skemmtun fyrir þá sem hlýða á.

Annað einkenni á rímnaflutningi kvæðamanna var að draga seiminn. Það fólst í því að kvæðamenn hægðu á flutningi sínum í enda hverrar stemmu oft með fremur skrautlegum hætti.

Efni rímna 

 Rímur úr Riddarasögum
 Rímur úr Noregskonungasögum
 Rímur úr Íslendingasögum
 Rímur um goðsögulegt efni
 Rímur úr fornaldarsögum
 Rímur úr ævintýrum
 Rímur úr almúgabókum
 Rímur um skopstælingar

Nokkrar þekktar rímur
Rímur fyrri alda:

 Andrarímur fornu
 Blávussrímur og Viktors
 Bósa rímur
 Friðþjófsrímur
 Grettisrímur
 Lokrur
 Ólafs ríma Haraldssonar
 Ólafs rímur Tryggvasonar
 Rímur af Mábil sterku
 Skáld-Helga rímur
 Skíðaríma
 Sörla rímur
 Sturlaugs rímur
 Völsungsrímur
 Þrymlur
 Þrænlur

Rímur síðari alda:
 Sigurður Breiðfjörð: Rímur af Núma kóngi Pompilssyni, betur þekktar sem Númarímur.
 Gísli Konráðsson og Hannes Bjarnason: Rímur af Andra jarli, betur þekktar sem Andrarímur.

Tenglar
 Kvæðamannafélagið Iðunn
 Bragi óðfræðivefur
 Frönsk hetjuljóð og íslenzkar rímur; grein í Lesbók Morgunblaðsins 1953

Tengt efni 

 Mansöngur
 Stemma
 Sagnakvæði
 Þulur
 Lausavísur
 Sagnadans
 Vikivaki
 Vikivakakvæði

Heimildir 
Bragfræði
Rímur
Ljóð"
622,Hvenær var Skjöldunga saga skrifuð?,Um 1180–1200.,,"Skjöldunga saga er glötuð saga, sem sagði frá niðjum Skjaldar, sonar Óðins, og fjallaði um sögu Danakonunga aftan úr grárri forneskju til Gorms gamla. Sagan var skrifuð á Íslandi um 1180–1200.

Elsta heimild um Skjöldunga sögu er í 29. kapítula Ynglinga sögu (í Heimskringlu Snorra Sturlusonar). Þar segir um orustuna á Vænis ísi: „Frá þessi orrustu er langt sagt í Skjöldunga sögu og svo frá því, er Hrólfur kraki kom til Uppsala til Aðils.“ – Einnig er Skjöldunga saga eða Skjöldungabók nefnd í bókaskrám frá 14. og 15. öld.

Bjarni Guðnason hefur manna mest rannsakað Skjöldunga sögu. Hann telur að helstu minjar um hana séu útdrættir, og kaflar sem teknir voru upp í önnur rit. Meðal þeirra eru:
 Danasaga Arngríms lærða, á latínu (Rerum Danicarum Fragmenta).
 Upphaf allra frásagna.
 Ynglinga saga. 
 Snorra-Edda.
 Sögubrot af nokkrum fornkonungum.
 Svíakonungatal Arngríms lærða, á latínu (Ad Catalogum Regum Sveciæ . . . annotanda).
 Ragnarssona þáttur.
 Ólafs saga Tryggvasonar hin mesta.

Bjarni safnaði þessum köflum saman og prentaði þá í útgáfu sinni af Danakonunga sögum, 1982. Einnig þýddi hann úr latínu ofangreinda útdrætti Arngríms lærða, sem eru frá því um 1600. Bjarni telur að Danasaga Arngríms lærða gefi besta hugmynd um eldri gerð Skjöldunga sögu. Arngrímur hafði þó ekki fyrir sér heillegan texta sögunnar, heldur afrit, sem var afbakað. Auk þess vantaði þá talsvert í söguna, m.a. frásagnir af Ívari víðfaðma, Haraldi hilditönn og Brávallabardaga. Reyndi Arngrímur að brúa það bil með Heiðreks sögu og fleiri heimildum. 

Sögubrot af nokkrum fornkonungum er talið vera endursaminn og aukinn texti Skjöldunga sögu, þ.e. brot úr yngri gerð sögunnar, sem í a.m.k. einu handriti hefur verið skeytt framan við Knýtlinga sögu. Texti sögubrotsins hefur orðið fyrir áhrifum frá riddarasögum, og gæti verið frá síðari hluta 13. aldar.

Álitamál er hvort telja beri Skjöldunga sögu meðal konungasagna, eða kalla hana fyrstu fornaldarsöguna í íslenskum bókmenntum. Raunar getur hvort tveggja staðist. Bjarni Guðnason segir: „Skjöldunga saga er merkilegt landvinningarit í íslenskum miðaldabókmenntum. Höfundur víkkar svið sagnaritunarinnar bæði um vettvang og tíma. . . . Það væri því nærtækt að álykta, að Skjöldunga saga hefði átt veigamikinn þátt í því að ryðja fornaldarsögum brautina að bókfellinu“. – Skjöldunga saga varð einnig fyrirmyndin að Ynglinga sögu Snorra Sturlusonar.

Af fornaldarsögum og Danasögu Saxa má sjá að á Íslandi gengu miklar sagnir af Skjöldungum á 12. og 13. öld. Bjarni Guðnason bendir á að Skjöldunga saga hafi m.a. verið skrifuð til þess að hafa í hávegum kyngöfgi Skjöldunga, því séu engir líklegri en Oddaverjar til að haf staðið að ritun hennar. Telur hann að söguhöfundar sé að leita í næsta nágrenni við Pál Jónsson biskup í Skálholti, ef hann hafi þá ekki sjálfur samið söguna. Það er þó ágiskun, þó að færa megi ýmis rök fyrir því.

Meðal hinna þekktustu af Skjöldungum eru Friðfróði, sem sagt er frá í Gróttasöng, og herkonungarnir Hrólfur kraki, sem sagt er frá í Bjarkamálum, Ragnar loðbrók og Haraldur hilditönn. Líklega voru Skjöldungar sögulegar persónur, en það sem sagt hefur verið frá þeim í Skjöldunga sögu voru munnmæli og þjóðsagnir.

Heimildir 
 Bjarni Guðnason (útg.): Danakonunga sögur, Rvík 1982. Íslensk fornrit XXXV.
 Bjarni Guðnason: Um Skjöldungasögu, Rvík 1963. Doktorsrit.
 Einar Ólafur Sveinsson: Sagnaritun Oddaverja, Rvík 1937. Studia Islandica I.

Tenglar 
 Danakonunga sögur; grein í Morgunblaðinu 1983

Konungasögur
Fornaldarsögur
Saga Danmerkur"
1425,Hvaða útgerðarfélag var með höfuðstöðvar á Sundbakka í Viðey á fyrstu áratugum 20. aldar?,Milljónarfélagið.,,"Milljónarfélagið var útgerðarfélag sem í raun hét P.J. Thorsteinsson & Co og var með höfuðstöðvar á Sundbakka í Viðey á árunum 1907-1914. Viðey var valinn sem aðalmiðstöð félagsins vegna þess að í Reykjavík vantaði höfn, vatnsveitu og rafmagn. 

Félagið nefndist svo vegna þess að hlutafé félagsins átti að vera miljón krónur sem samsvaraði ríkisútgjöldum stofnárið. Helstu hvatamenn að stofnun þess voru Pétur J. Thorsteinsson á Bíldudal og Thor Jensen í Reykjavík auk danskra fjármálamanna, aðallega Aage Møller og Christian Rasmussen í firmanu A.T. Møller & Rasmussen í Leith. Stofnfundur var haldinn í Kaupmannahöfn árið 1907. Eignir Péturs á Bíldudal, Patreksfirði og í Hafnarfirði runnu sem hlutafé til félagsins og námu 205 þúsundum. Félagið lét reisa tvær hafskipabryggjur í Viðey, hafnarbakka, fiskverkunarhús, sem járnbrautarteinar tengdu við bryggjurnar, og kola- og saltgeymslur. Milljónarfélagið varð aldrei það stórveldi sem að var stefnt og árið 1914 - eftir aðeins 6 ár - fór það á
hausinn og tók þá Handelsbanken í Kaupmannahöfn Stöðina (Sundbakka) upp í skuldir.

Tengt efni 
 Sundbakki

Tenglar 
 Miljónarfélagið kemur til sögunnar; greinarhluti í Lesbók Morgunblaðsins 1983

Íslensk sjávarútvegsfyrirtæki
Viðey"
1468,Hvenær var stofnaður hópur til að kenna ítalska handskrift í íslenskum barnaskólum?,Árið 1985.,,"Ítalíuskrift er skriftarstíll sem var fundinn upp af Niccolò Niccoli (1364 – 1437) á 15. öld.

Saga 
Niccolò Niccoli var fræðimaður við Medicihirðina í Flórens, hann var mjög góður skrifari og afritaði og las forn handrit, fór yfir texta og leiðrétti þá, kaflaskipti þeim og gerði efnisyfirlit. Ítalíuskrift er næstum eins og mercantesa, fljótaskrift (gotneskri skjalahönd) frá lok miðalda og hefur líklegast rætur sínar að rekja þaðan, hástafir hennar er sóttir frá Rómaveldi til forna og nokkrir stafir eru sóttir í karlungaletur. Ítalíuskrift er handskrift, einkenni hennar eru meðal annars að hún er tengiskrift, hún hallast  oft um nokkrar gráður (7-8), hún er hærri en hún er breiðari (í hlutföllum 3:4) og hún er stundum með skrautdráttum.

Kennsla ítalíuskriftar á Íslandi 
Árið 1985 stofnuðu hópur af kennurum leiddur af Hildu Torfadóttir samtök til að kenna Ítalska handskrift í íslenskum barnaskólum, hópurinn var óánægur með skriftina sem var þá kennd í skólum. Hópurinn bað Gunnlaug Briem að setja saman kennslubók. Bókin var sett saman af Gunnlaugi sem vann verkefnið launalaust. Fyrstu hefti bókarinar voru keypt af kennurunum sjálfum en Menntamálaráðuneytið studdi verkefnið að lokum. 

Ítalíuskrift var kennd með verkefnabókum, kennarar fengu leiðbeiningarbók. Það voru líka gerð tölvukennsluforrit, glærur og hljóðupptökur til að kenna ítalíuskrift. Kennslan var skipulögð þannig að nemendur lærðu smátt og smátt að beita pennanum til að getað náð vald á stöfunum. Meðal verkefna voru endurtekningar á pennastrokum, teikningar á skrípókörlum og að lokum mótun á stöfunum.

Heimildir 
 Gunnlaugur Briem, 1985, „Cursive Italic News“.
 Gunnlaugur Briem, 2003, 1. september „Sjö sýni af Ítalíuskrift“.

Prentlist"
1777,Hvaða íslenska hljómsveit gaf út sína fyrstu breiðskífu árið 1994?,XIII.,,"Salt er fyrsta breiðskífa með hljómsveitinni XIII sem kom út árið 1994. Upptökur á plötunni hófust veturinn 1993 og hún var hljóðblönduð í vöruskemmu í Hafnarfirði af Ingvari Jónssyni. Íslenska útgáfufélagið Spor gaf út plötuna á Íslandi og farið var í útrás í útgáfu plötunnar erlendis. 

Steinar Berg, stjórnandi útgáfufélagsins Spor, lenti útgáfu Salt í Evrópu undir merkjum No Bull Records. No Bull Records var nýstofnaður rokkhluti hins mikla Koch útgáfuveldis sem aðallega hefur gefið út klassíska tónlist. Hafði Steinar á orði að aldrei hefði verið jafn fyrirhafnarlítið að lenda erlendum plötusamningi og fyrir plötuna Salt. Platan seldist ágætlega og er orðin ófáanleg í dag. Litið er á Salt sem safneintak.

Lagalisti
 Zoot (6:20)
 Ghost (5:53)
 Cat (3:40)
 Thirteen (3:59)
 Hammer down (5:23)
 Home (3:10)
 Pupate (4:43)
 Slavedriver (4:45)
 Crime (5:14)
 Serpents child (1:12)
 Moon (5:24)
 Family affairs (5:35)
 Necropolis (6:52)

Íslenskar hljómplötur
Hljómplötur gefnar út árið 1994"
240,Hver var frumkvöðull þess að flytja Alaskaösp til Íslands?,Hákon Bjarnason.,,"Alaskaösp (fræðiheiti: Populus trichocarpa) er lauftré af asparættkvísl (Populus) og víðisætt (Salicaceae). Heimkynni alaskaaspar er vesturströnd Norður-Ameríku; sunnan frá Kaliforníu norður til Kenaiskaga og Kodiakeyju í Alaska. 

Alaskaöspin er með stórvöxnustu aspartegundum og nær venjulega um og yfir 30 m. Á stöðum eins og í Oregon- og Washington-fylki í Bandaríkjunum verður hún allt að 60 metra há.  Ársvöxtur getur orðið allt að 1 metri á ári, og greinar vaxa 40-60 cm. á ári. Tegundin kýs sér helst frjóan jarðveg með ferskan jarðraka. Alaskaöspin er ekki langlíf og er talið að hún verði yfirleitt ekki eldri en 100 ára. Alaskaöspin myndar einnig mikið af rótarskotum sem koma upp í nokkurra metra fjarlægð frá móðurplöntunni.

Laufblöðin eru egglaga. Börkur er ljósgrár eða gulgrár á ungum trjám en dökkgrár á eldri trjám. Af brumum alaskaaspar leggur sterkan balsamilm. Haustlitir alaskaaspar eru gulir. Öspin er afar fjölbreytileg að útliti og vaxtarlagi eftir kvæmum og klónum.

Tegundin er náskyld balsamösp og tæpast er hægt að sjá mun nema á reklum tegundanna.

Á Íslandi 
Alaskaösp var fengin til Íslands frá Alaska að frumkvæði Hákons Bjarnasonar árið 1943 eða 1944 og var fyrst reynd sem garðtré. Elstu eintökin má finna í Múlakoti í Fljótshlíð. Tegundin er meðal hæstu trjáa á Íslandi og hefur náð tæpum 26 metrum á hæð. Fram undir 1999 var hún fyrst og fremst ræktuð sem garðtré en eftir það er farið að nota hana í stórum stíl í skógrækt og skjólbeltagerð. Þó að ræktun alaskaasparinnar hafi gengið vel hér á landi virðast mjög vindasamir staðir við sjávarsíðuna og votar mýrar henta henni ákaflega illa. Hérlendis eru einkum notuð kvæmi frá Kenai skaga og Prince Williams flóa í Alaska Asparryðsveppur er sjúkdómur sem leggst á ösp og hefur verið vandamál á Suðurlandi. Einnig er komin ný skordýrategund asparglytta; sem étur blöð plantna af víðiættkvísl.

Árin 2013 og 2016 hefur alaskaösp verið valin tré ársins af Skógræktarfélagi Íslands.

Öspin hefur reynst góður smíðaviður og hafa hús og innréttingar verið gerðar úr henni.

Tengt efni
Listi yfir tré á Íslandi sem hafa náð 20 metra hæð

Heimildir 

Lauftré
Aspir
Plöntur á Íslandi"
721,Hvenær voru gúmmístígvél orðin algeng á Íslandi?,Um 1920.,,"Gúmmístígvél eru stígvél, oftast gerð úr gúmmíi eða PVC. Þau eru notuð þegar unnið er í bleytu, slabbi og óhreinindum eins og jarðvegi eða mykju, til að halda fótunum þurrum. Oftast eru þau hnéhá eða tæplega það. Hærri stígvél eru oft kölluð bússur eða klofstígvél.

Upphaflega voru stígvél yfirleitt gerð úr leðri. Á 18. öld notuðu hermenn, þó einkum yfirmenn, hnéhá leðurstígvél með tá sem mjókkaði fram í odd og hentuðu því vel þegar setið var á hestbaki. Slík stígvél, sem kennd voru við Hesse í Þýskalandi, urðu einnig vinsæl meðal óbreyttra borgara. Um aldamótinn 1800 lét Arthur Wellesley, fyrsti hertoginn af Wellington, skósmiðinn sinn breyta slíkum stígvélum þannig að þau voru þrengri en áður og náðu aðeins upp á miðjan kálfa. Nýju stígvélin voru gerð úr mjúku kálfskinni og þóttu nógu fín til að hægt var að klæðast þeim í samkvæmislífinu. Þau urðu fljótt mjög vinsæl og voru nefnd eftir hertoganum og kölluð Wellington boots eða Wellingtons á ensku.

Árið 1852 fann Charles Goodyear upp aðferð til gúmmísuðu. Hiram Hutchinson keypti af honum einkaleyfi á framleiðslu skófatnaðar með þessari nýju tækni. Hann hóf fjöldaframleiðslu á stígvélunum í Frakklandi og þau urðu brátt geysivinsæl meðal almennings, sem þurfti sannarlega á vatnsheldum skófatnaði að halda við vinnu sína á ökrum, í námum, á sjó og annars staðar og hafði áður aðallega notast við tréskó. Í Englandi voru hin nýju gúmmístígvél þó áfram kennd við Wellington hertoga þótt þau ættu fátt sameiginlegt við stígvélin sem hann hafði látið skósmiðinn sinn gera.

Vinsældir gúmmístígvélanna jukust enn í fyrri heimsstyrjöldinni, þar sem þau komu sér mjög vel í bleytuslabbinu í skotgröfunum. Þau breiddust svo út um heiminn og eru sérstaklega vinsæl í norðlægum löndum, svo sem Kanada og á Norðurlöndum. Nefna má að áður en finnska fyrirtækið Nokia ruddi sér rúms á farsímamarkaði var það einna þekktast fyrir framleiðslu á gúmmístígvélum. Nú eru stígvélin einnig úr PVC og öðrum gerviefnum en eru þó oft kölluð gúmmístígvél. Græn og svört gúmmístígvél hafa löngum verið algengust en PVC-stígvél eru oft mjög litskrúðug og mynstruð, einkum þau sem ætluð eru börnum.

Á Íslandi fóru gúmmístígvél fyrst að sjást um eða rétt eftir aldamótin 1900 og voru orðin algeng um 1920. Þau hafa einnig verið nefnd vatnsstígvél og vaðstígvél.

Skófatnaður"
1170,Hver var lögsögumaður á árunum 1063-1065?,Gunnar Þorgrímsson hinn spaki.,,"Gunnar Þorgrímsson hinn spaki (d. 1075) var íslenskur lögsögumaður á 11. öld, fyrst 1063-1065 og svo aftur 1075 eitt þing.

Sonur Gunnars, Úlfhéðinn, var lögsögumaður á 12. öld og einnig þrír sonarsynir hans, þeir Bergþór Hrafnsson, Gunnar Úlfhéðinsson og Hrafn Úlfhéðinsson. Ekki er vitað hvar þeir langfeðgar bjuggu en líkur hafa verið leiddar að því að þeir hafi verið norðlenskir, hugsanlega frá Víðimýri í Skagafirði. Afkomendur Gunnars bjuggu í Reykjadal í Þingeyjarsýslu.

Heimild 
 

11. öldin
Lögsögumenn"
109,Hvaða ár var hljómplatan „Ingibjörg Þorbergs syngur fyrir börnin“ gefin út?,1959.,,"Ingibjörg Þorbergs syngur fyrir börnin er 45-snúninga hljómplata gefin út af Íslenzkum tónum árið 1959. Á henni syngur og leikur Ingibjörg Þorbergs fjögur barnalög. Platan er hljóðrituð í mono. Upptaka: Ríkisútvarpið. Umslag: Amatörverslunin ljósmyndastofa. Pressun: AS Nera í Osló. Prentun: Alþýðuprentsmiðjan.

Lagalisti 
 Guttavísur - Lag - texti: Bellman - Stefán Jónsson
 Stjánavísur - Lag - texti: Ingibjörg Þorbergs - Stefán Jónsson 
 Aravísur - Lag - texti: Ingibjörg Þorbergs - Stefán Jónsson - 
 Börnin við tjörnina - Lag og texti: Jenni Jónsson -

Aravísur 
Í viðtali við Ingibjörgu Þorbergs kemur fram að Tage Ammendrup hafi farið þess á leit við hana að hún gerði lag við Aravísur Stefáns Jónssonar. Útkoman varð eitt vinsælasta barnalag síðustu aldar.

Heimild

Íslenzkir tónar
Hljómplötur gefnar út árið 1959"
61,Hvenær var Reykjavík Folk Festival fyrst haldin?,Árið 2010.,,"Reykjavík Folk Festival 2013

Í Konsert miðvikudagskvöldsins 16. janúar 2014 á Rás 2 var boðið upp á upptöku frá Reykjavík Folk Festival 2013.

Tónlistarhátíðin Reykjavík Folk Festival var fyrst haldin árið 2010 að frumkvæði Ólafs heitins Þórðarsonar í tilefni af 10 ára afmæli South River Band sama ár. Hátíðin hefur verið haldin árlega síðan og meðal þeirra sem tróðu upp á KEX Hostel á hátíðinni 7. - 9. maí í fyrra voru Snorri Helgason og hljómsveit, Pétur Ben og Þokkabót.

Lagalistinn:

Snorri Helgason:

1. River

2. The Morning is the Loving Hour

3. Willie o Winsbury

4. Caroline Knows

5. Autumn Skies

6. Mockingbird

7. The Butcher's Boy

8. Do Right Woman, Do Right Man

Pétur Ben:

1. Skype

2. Kings Of The Underpass

3. I'm Here

4. Danny Boy

5. If I Should Ever

6. White Tiger

7. Something Radical

8. Tomorrows Rain

Þokkabót:

1. Nú er mál/Karl sat undir kletti

2. Nýríki Nonni

3. Flugvélar

4. Framagosinn

5. Óli fígúra

6. Litlir kassar

7. Sveinbjörn Egilsson

8. Veislusöngur

9. Tómir kassar

10. Tröllaslagur

Hljóðritun: Georg Magnússon

Hljóðblöndun: Ingi Þór Ingibergsson

Umsjón: Ásgeir Eyþórsson."
125,Hvaða ár var hljómplata Karlakórs Dalvíkur gefin út?,1975.,,"Karlakór Dalvíkur er 33 snúninga LP hljómplata gefin út af Tónaútgáfunni árið 1975. 
Á henni flytur Karlakór Dalvíkur tólf kórlög. Söngstjóri: Gestur Hjörleifsson. Undirleikari: Guðmundur Jóhannsson. Upptaka í stereó: Tónaútgáfan. Pressun: Soundtek Inc. Ljósmynd: Ingólfur Lillendahl. Prentun: Valprent hf. Akureyri.

Lagalisti 
 Svarfaðardalur - Lag - Texti: Pálmar Þ. Eyjólfsson - Hugrún
 Í víking - Lag - Texti: Jón Laxdal	- Guðmundur Guðmundsson - Einsöngur: Helgi Indriðason
 Sól vermir jörðina - Lag - Texti: James L. Molly - Björn Daníelsson 
 Vorið kemur - Lag - Texti: Sigurður Sigurjónsson - Halldóra B. Björnsson - Einsöngur: Jóhann Daníelsson
 Vögguljóð - Lag - Texti: J. A Ahlström - Viktor A. Guðlaugsson 
 Yfir sveitum - Lag - Texti: W. A. Mozart - Páll Jónsson
 Sefur Sól - Lag - Texti: Sigfús Einarsson - Sigurður Sigurðsson frá Arnarholti
 Þín hvíta mynd - Lag - Texti: Sigfús Halldórsson - Tómas Guðmundsson - Einsöngur:Halla Jónasdóttir 
 Kór prestanna - Lag - Texti: W.A. Mozart - Jakob Jóhannesson Smári 
 En syngur vornóttin - Lag - Texti: Schrader - Tómas Guðmundsson - Einsöngur: Jóhann Daníelsson 
 Björt nótt - Lag - Texti: Jón Björnsson - Davíð Stefánsson 
 Góða veislu gjöra skal - Lag - Texti: Íslenzkt þjóðlag - Einsöngur: Helgi Indriðason 
 Syrpa:Mærin frá Spáni - Lag - Texti: Vincenzo Di. Chiara - Óttar Einarsson.Þá var svo ljúft - Lag - Texti: Charles K. Harris - Höfundur ókunnur.Þig elska ég eina - Lag - Texti: Þýskt þjóðlag - Óttar Einarsson.Blikandi haf - Lag - Texti: Venetian melody - Þýtt Friðjón Þórðarson
 Mansöngur - Lag - Texti: May H. Brahe - Höfundur ókunnur

Textabrot af bakhlið plötuumslags 

Tónaútgáfan
Hljómplötur gefnar út árið 1975"
455,Hvað voru dúnkarkarar?,Sjómenn og sjóræningjar frá bænum Dunkerque.,,"Dúnkarkari (eða karkari) er heiti yfir sjómenn og sjóræningja frá bænum Dunkerque sem var ýmist hluti hins Heilaga rómverska ríkis, Englands eða Frakklands á 17. og 18. öld. 

Dúnkarkar fiskuðu meðal annars við Íslandsstrendur. Jón Þórðarson Thoroddsen kvað um þá og sagði: 

Karkarar koma þá 
kuggann menn runa' uppá, 
kópslaga kes og færi, 
klúta léreft og snæri.

Tilvísanir"
1394,Hvenær var Norræna vinstri-græna bandalagið stofnað?,1. febrúar 2004.,,"Norræna vinstri-græna bandalagið var stofnað í Reykjavík 1. febrúar 2004 og er bandalag fimm vinstri-grænna flokka á Norðurlöndum. NVGB stendur fyrir fundum a.m.k. einu sinni á ári þar sem formenn og framkvæmdastjórar flokkanna skiptast á skoðunum og reynslu, hafa samstarf um alþjóðleg tengsl og fjalla um sérstök efni sem varða þróun hvers flokks fyrir sig.

  Vinstrihreyfingin - grænt framboð 
  Vinstribandalagið
  Sósíalíski vinstriflokkurinn
  Vinstriflokkurinn
  Sósíalíski þjóðarflokkurinn

Heimildir 
 Vefur bandalagsins 

Samtök stjórnmálaflokka"
1077,Við hvaða götu í Reykjavík má finna Hólavallagarð?,Suðurgötu.,,"Suðurgata er tengibraut í Reykjavík, sem liggur frá Túngötu í norðri til Skerjafjarðar í suðri, þar sem hún breytist í götuna Einarsnes. Við Suðurgötu eru Hólavallagarður og Stofnun Árna Magnússonar, auk þess sem segja má að Þjóðarbókhlaðan, Hótel Saga, Þjóðminjasafn Íslands og fleiri kennileiti standi við hana, þótt þau tilheyri öðrum götum. Hámarkshraði á Suðurgötu er 50 kílómetrar á klukkustund. Gatan er kennd við suðurátt vegna þess að hún liggur í suður frá gamla miðbænum, en áður en hún fékk þetta formlega nafn var hún kölluð ýmsum nöfnum, m.a. Kirkjugarðsstræti og var einnig nefnd Kærleiksbraut í hálfkæringi. Suðurhluti götunnar, sunnan Hringbrautar, hét upphaflega Melavegur. Við Suðurgötu 2 stóð áður Dillonshús, eitt elsta hús Reykjavíkur. Þar er nú bílastæði.

Tenglar 
 Reisulegt hús við Suðurgötu; grein í Morgunblaðinu 1994

Götur í Reykjavík"
35,Hvaða ár var Salalaug í Kópavogi tekin í notkun?,2005.,,"Laug í Kórunum áfram hálfbyggð

Ekki verður lokið við að byggja fyrirhugaða sundlaug við Kórinn í Kópavogi á næstu árum. Ný sundlaug verður þó tekin í notkun annars staðar í bænum um næstu mánaðamót í Boðaþingi.

Kópavogsbær hefur fjárfest töluvert í sundlaugamannvirkjum síðustu árin. Lengi vel var Sundlaug Kópavogs við Borgarholtsbraut eina laug bæjarins og fyrir tveimur árum lauk gagngerum endurbótum á þeirri laug. Salalaug, við Versali, var tekin í notkun árið 2005, en þar er líka líkamsræktarstöð. Þriðja sundlaugin verður svo tilbúin um næstu mánaðamót, en hún er hluti af þjónustumiðstöð fyrir aldraða við Boðaþing sem þá verður vígð formlega. Framkvæmdir á fjórðu lauginni, við Kórinn, bíða áfram.

Gunnsteinn Sigurðsson bæjarstjóri Kópavogs segir að of mikill rekstrarkostnaður sé ástæðan fyrir þessu. Núverandi sundlaugar anni vel sundkennslu í grunnskólum. Þá hafi hægt á uppbyggingu í íbúðahverfunum í nágrenninu og það dragi úr þörfinni á nýrri sundlaug. Sundlaugin er hluti af mannvirkjum sem Kópavogsbær keypti af Knattspyrnuakademíunni fyrir 1650 milljónir króna."
886,"Hvaða íslenska fyrirtæki hefur framleitt tölvuteiknaðar myndir og auglýsingar, ásamt því að framleiða sína fyrstu kvikmynd í fullri lengd, „Hetjur Valhallar - Þór“, árið 2011?",CAOZ.,,"CAOZ er íslenskt tölvuteiknimyndafyrirtæki sem fengist hefur bæði við tölvuteiknaðar myndir og auglýsingagerð. Meðal þeirra mynda sem fyrirtækið hefur framleitt eru stuttmyndirnar Litla lirfan ljóta, Anna og skapsveiflurnar. Árið 2011 kom út þeirra fyrsta mynd í fullri lengd, Hetjur Valhallar - Þór.

Kvikmyndir

Í fullri lengd 

 Hetjur Valhallar - Þór (2011) (ásamt Ulysses og Magma Films)

Í framleiðslu:
Egill: The Last Pagan (ásamt Lichthof Productions)

Stuttmyndir 

 Litla lirfan ljóta (2002) 
 Þröng sýn (2005)
 Anna og skapsveiflurnar (2007)

Tenglar

 Heimasíða 

Íslensk fyrirtæki"
589,Hvar var munkaklaustur sem Jörundur Þorsteinsson stofnaði árið 1296?,Á Möðruvöllum í Hörgárdal.,,"Jörundur Þorsteinsson var biskup á Hólum frá 1267 til dauðadags, 1313. 

Foreldrar Jörundar voru Þorsteinn Einarsson og Guðlaug Grímsdóttir. Hann lærði hjá Brandi Jónssyni ábóta í Þykkvabæjarklaustri, síðar biskupi. Taldi Brandur Jörund vera minnugastan þeirra sem hann hafði kennt. 

Jörundur var vígður biskup 1267 og var Hólabiskup í 46 ár. Hann var hagsýnn og hygginn stjórnandi, auðgaði mjög Hólastól og endurbyggði dómkirkjuna á staðnum (skömmu eftir 1280). Hann setti nunnuklaustur á Reynistað 1295 og munkaklaustur á Möðruvöllum í Hörgárdal 1296. Hann var fylgjandi hinum fornu kirkjustjórnarháttum og fylgdi ekki Árna Þorlákssyni Skálholtsbiskupi í staðamálum síðari, þ.e. í kröfum um að kirkjan fengi yfirráð yfir kirkjustöðum.

Jörundur andaðist 1. febrúar 1313, þá orðinn ellimóður mjög.

Heimildir
Páll Eggert Ólason: Íslenskar æviskrár III.

Hólabiskupar í kaþólskum sið"
30,Hvenær hafði Landhelgisgæslan síðast fengið nýtt skip áður en varðskipið Þór kom til Íslands árið 2011?,Árið 1975.,,"Þór kominn til Reykjavíkur

Varðskipinu Þór var fagnað með fallbyssuskotum er það kom til hafnar í Reykjavík í dag. Þyrlur Landhelgisgæslunnar flugu yfir skipinu og bátar frá Landsbjörgu tóku á móti því. Talsverður fjöldi fólks var á Miðbakka þegar skipið kom.

Forseti Íslands, Ólafur Ragnar Grímsson, Ögmundur Jónasson, innanríkisráðherra og Georg Lárusson, forstjóri Landhelgisgæslunnar fóru um borð í skipið þegar það hafði lagst að bryggju. Áhugasömum gefst kostur á að skoða skipið til kukkan fimm í dag og áfram um helgina.

Skipið, sem var smíðað í Chile, kom til landsins í gær - eftir þrjátíu og þriggja daga siglingu - og hafði viðdvöl í Vestmannaeyjum. Þórs hafði verið beðið lengi en Landhelgisgæslan fékk síðast nýtt skip árið 1975."
1670,Hvað er sókn í samhengi við íslensku þjóðkirkjuna?,"Sókn er grunneining stjórnskipulags, þar sem einni eða fleiri sóknum sem þjónað er af sama sóknarpresti mynda saman prestakall.",,"Sókn er grunneining stjórnskipulags kirkjunnar.

Sóknir á Íslandi

Innan íslensku þjóðkirkjunnar eru á þriðja hundrað sóknir. Ein eða fleiri sóknir sem þjónað er af sama sóknarpresti mynda saman prestakall.

Tenglar 
Listi yfir sóknir íslensku Þjóðkirkjunnar

Kristni"
642,Hvaða hraun myndar norðurbakka Þjórsár við Tröllkonuhlaup?,Sigölduhraun.,,"Sigölduhraun (TH-f) er í flokki Tungnárhrauna. Það er að öllum líkindum komið frá gígaröð sem mótar fyrir í Vatnaölduvikrinum um 1 km vestan við Vatnaöldur innri nálægt Veiðivötnum. Það er mjög hulið yngri hraunum og vikri en sést þó hér og hvar á yfirborði og víða í borholum. Það er í botni Sigöldulóns (Krókslóns) og tekur nafn sitt af því. Það sést við Rangárbotna og þar hefur Sölvahraun runnið út á það. Það er í farvegi Þjórsár við Tröllkonuhlaup og myndar norðurbakka árinnar frá ósi Bjarnalækjar og niður fyrir Þjófafoss. Þar sést að gjóskulagið H4 liggur ofan á hrauninu. Tota úr hrauninu sést austan við Rangá og nær allt niður á móts við Galtalækjarskóg.
Lengd hraunsins  miðað við upptök vestur af Vatnaöldum innri er 65 km, flatarmálið er áætlað 200 km² og rúmmálið um 3,4 km³. Aldurinn er talinn um 6200 ár.

Heimildir 
 Elsa G. Vilmundardóttir 1977: Tungnárhraun, jarðfræðiskýrsla. OS ROD 7702, 156 bls. + kort.
 Elsa G. Vilmundardóttir, Freysteinn Sigurðsson, Guðrún Larsen og Ingibjörg Kaldal 1990. Sigalda - Veiðivötn, jarðfræðikort. Orkustofnun og Landsvirkjun.

Hraun á Íslandi
Rangárþing ytra"
1261,"Hver gaf út latneska orðabók, „Nucleus latinitatis“, árið 1738?",Jón Árnason.,,"Nucleus latinitatis (latína: „kjarni góðrar latínu“) eða Kleyfsi eins og hún var oft kölluð af nemendum er latnesk orðabók með íslenskum skýringum sem gefin var út árið 1738 af Jóni Árnasyni biskupi. Orðabókin inniheldur margar heimildir um það hvernig íslenskan var á fyrri hluta 18. aldar og gefur góða yfirsýn af máli þess tíma. Unnið var svo að endurútgáfu sem gefin var út árið 1994.

Bókin inniheldur rúmlega 16 þúsund flettiorð og er hægt að finna orðalista yfir íslensk skýringarorð fyrir aftan orðabókartextann.

Tenglar
Umfjöllun á vef Stofnunar Árna Magnússonar

Bókaárið 1738
Orðabækur"
718,"Hvenær var fyrsta íslenska útgáfan af Biblíunni, sem innihélt tölusetta versaskiptingu, gefin út?",Árið 1644.,,"Biblíuvers er minnsta eining, eða grunneining, við skiptingu á texta Biblíunnar. Tölusetning biblíuversa eða ritningargreina, var fundin upp á fyrri hluta 16. aldar. Ítalskur munkur af reglu dóminíkana, Santes Pagninus (1470-1541), notaði fyrstur svipað kerfi við útgáfu Biblíu sem kom út í Lyon í Frakklandi 1527-1528, en kerfi hans náði ekki útbreiðslu. 

Robert Estienne (1503-1559), nafntogaður prentari í París, gaf út Nýja testamenti árið 1551, þar sem í fyrsta skipti var innleitt það kerfi við tölusetningu biblíuversa, sem nú er notað. Árið 1553 gaf hann út heila Biblíu með tölusettum versum, og var kerfi hans almennt tekið upp á næstu áratugum. 

Í fyrstu útgáfu Biblíunnar á íslensku, Guðbrandsbiblíu (1584), er aðeins tölusett kaflaskipting, en í næstu útgáfu, Þorláksbiblíu (1644) er einnig tölusett versaskipting, og í öllum íslenskum útgáfum Biblíunnar upp frá því. 

Mikil þægindi þykja að því að geta vísað til tölusettra ritningargreina, t.d. Lúk. 17:21, sem merkir: Lúkasarguðspjall, 17. kapítuli, 21. vers.

Nokkur ruglingur er á því hvaða skammstafanir eru notaðar, en ætti þó sjaldan að valda misskilningi, t.d. Lúk. 17:21, eða Lk 17,21.

Heimild 
Umfjöllun á ensku og þýsku Wikipediu.

Biblían"
800,Hvaða hlutverki gegndu Þvottalaugarnar í Reykjavík frá upphafi þéttbýlis og fram á 20. öld?,Þær voru notaðar til þvotta.,,"Þvottalaugarnar voru heitar laugar sem notaðar voru til þvotta af húsmæðrum og vinnukonum í Reykjavík frá því að þéttbýli myndast og allt fram á 20. öld. Þær voru staðsettar í Laugamýri sem var í landi hins forna býlis Laugarness. Afrennsli úr laugunum var í Laugalæk sem rann til sjávar á Kirkjusandi.  

Þvottalaugarnar eru nú þurrar, en mjög dró úr notkun þeirra árið 1930 er Laugaveitan var virkjuð og markaði upphaf hitaveitu í Reykjavík.  

Á útivistarsvæðinu í Laugardal er hægt að skoða ummerki frá tíma Þvottalauganna.  Þar eru fræðsluskilti um sögu lauganna og minnisvarði um framlag Thorvaldsenskvenna sem afhjúpaður var  19. nóvember 2005. Útilistaverkið Þvottakona (1958) eftir Ásmund Sveinsson myndhöggvara stendur í Laugardalnum til minningar um vinnu þvottakvenna.

Heita vatnið í Þvottalaugunum voru vissulega hlunnindi þó nýtingunni fylgdi margvíslegt erfiði. „Það var ekki fyrr en árið 1833 sem þar var reist hús svo hægt væri að þvo innandyra. Fyrir þeim framkvæmdum stóð Regner C. Ulstrup bæjar- og landfógeti og efndi til samskota í því skyni.  Honum hafði blöskrað að sjá konur standa úti við þvotta að vetrinum, myrkranna á milli – ýmist í brennandi heitri gufu eða frostköldum næðingi. En árið 1857 fauk þetta skjól í illiviðri.“

Liðu nú hartnær 30 ár þar til frekari úrbætur urðu í málefnum þvottakvenna. Thorvaldsensfélagið gekkst fyrir því að reist var myndarlegt þvottahús árið 1887 sem það afhenti bæjarfélaginu til eignar 1889. Sama ár var tilbúinn vagnfær vegur frá Reykjavík inn í Laugardal, Laugavegurinn, sem var stórkostleg samgöngubót fyrir þvottakonurnar sem áður höfðu þurft að ganga vegleysu með þvottinn á bakinu.

Notkun þvottalauganna minnkaði eftir 1909 þegar neysluvatn var leitt í hús í Reykjavík. Vegna fyrri heimstyrjaldarinnar varð svo mikill eldsneytisskortur að bæjarbúar fóru almennt að þvo í Þvottalaugunum á nýjan leik.

Neðanmálsgreinar

Heimildir 
<div class=""references-small"">
 Guðjón Friðriksson. (1994). Saga Reykjavíkur - bærinn vaknar. 1870-1940 (Síðari hluti). Reykjavík: Iðunn. 
 Páll Líndal. (1987). Reykjavík Sögustaður við Sund.  Reykjavík: Örn og Örlygur. 
 Þorleifur Óskarsson. (2002). Saga Reykjavíkur - í þúsund ár. 870-1870 (Síðari hluti). Reykjavík: Iðunn.
 Þvottlaugarnar (Fjallkonan.is)
 Þvottalaugarnar (Ferlir.is)                                

Saga Reykjavíkur"
1588,"Hvaða tónlistarmaður lék m.a. með hljómsveitunum Hljómum, Trúbrot og GCD, auk þess að reka útgáfufyrirtækið Geimstein?",Guðmundur Rúnar Júlíusson.,,"Guðmundur Rúnar Júlíusson, betur þekktur sem Rúnar Júlíusson (Rúni Júl) (fæddur 13. apríl 1945, látinn 5. desember 2008) var íslenskur tónlistarmaður. Hann var bassaleikari og lék með hljómsveitinni Hljómum, Trúbrot, GCD með tónlistarmanninum Bubba Morthens og mörgum öðrum. Þá rak hann útgáfufyrirtækið Geimstein.

Dauði 
Hann lést þann 5. desember 2008 eftir að hann hafði fengið hjartaáfall. Rúnar var að fara á svið að syngja á árlegri útgáfukynningu Geimsteins er hann hneig niður við að teygja sig í gítarinn og andaðist síðar sömu nótt.

Heimildir 
Morgunblaðið 12., 14., 15. og 17. desember 2008.

Tenglar 

 Glatkistan

Íslenskir tónlistarmenn
Íslenskir bassaleikarar"
462,Hverjir voru stofnendur íslensku hljómsveitarinnar Todmobile?,"Þorvaldur Bjarni Þorvaldsson, Andrea Gylfadóttir og Eyþór Arnalds.",,"Todmobile er íslensk popp-/rokkhljómsveit stofnuð af Þorvaldi Bjarna Þorvaldssyni, Andreu Gylfadóttur og Eyþóri Arnalds árið 1988. Fyrsta hljómplata þeirra, Betra en nokkuð annað, kom út fyrir jólin 1989 og fékk mjög góða dóma. Önnur plata sveitarinnar, Todmobile, kom út fyrir jólin 1990 og varð metsöluplata. 

1993 ákvað hljómsveitin að hætta. Þorvaldur Bjarni og Andrea stofnuðu Tweety árið eftir og Eyþór hóf samstarf við unnustu sína, Móeiði Júníusdóttur, í dúettinum Bong. 

1996 kom Todmobile aftur saman og gaf út diskinn Perlur og svín með lögum úr samnefndri kvikmynd. Eftir það hefur hljómsveitin komið saman við sérstök tækifæri þótt oft hafi langt liðið á milli. 2003 gaf hún út diskinn Sinfónía, með Sinfóníuhljómsveit Íslands og árið 2006 kom út sjötta breiðskífa þeirra, undir nafninu Ópus 6.

Hljómplötur 
 1989 — Betra en nokkuð annað
 1990 — Todmobile
 1991 — Todmobile (ensk útgáfa)
 1991 — Ópera
 1992 — Tarantulo
 1992 — 2603
 1993 — Spillt
 1996 — Perlur og svín
 2000 — Best
 2004 — Sinfónía
 2005 — Brot af því besta
 2006 — Ópus 6
 2009 — Spiladós: 1989-2009 (tvöföld safnplata í tilefni af 20 ára afmæli hljómsveitarinnar, ásamt DVD disk með 19 tónlistarmyndböndum)
 2011 — 7
 2014 — Úlfur
 2018 — Hermaur: 1988-2018

Íslenskar hljómsveitir"
21,Hverjir urðu Íslandsmeistarar í handknattleik karla keppnisárið 1971-1972?,Fram.,,"Handknattleiksárið 1971-72 var keppnistímabilið í íslenskum handknattleik sem hófst haustið 1971 og lauk vorið 1972. Framarar urðu Íslandsmeistarar í karlaflokki og Valskonur í kvennaflokki. Karlalandsliðið tryggði sér sæti á Ólympíuleikunum í München eftir forkeppni á Spáni.

Karlaflokkur

1. deild 
Framarar urðu Íslandsmeistarar í meistaraflokki karla. Keppt var í sjö liða deild með tvöfaldri umferð.

Haukar höfnuðu í neðsta sæti og áttu að færast niður um deild. Haustið 1972 var ákveðið að fjölga í 1. deild og var þá efnt til aukakeppni milli Hauka og næstefsta liðs 2. deildar.

2. deild 

Ármenningar sigruðu í 2. deild eftir úrslitaleik gegn Gróttu og tryggðu sér þar með sæti í 1. deild. Keppt var í tveimur riðlum með tvöfaldri umferð.

A riðill

B riðill

Úrslitaleikir um sigur í 2. deild
 Grótta – Ármann 14:13
 Ármann – Grótta 15:13
Oddaleikur
 Ármann – Grótta 22:13

Aukaleikir vegna fjölgunar í 2. deild
 Ákveðið var haustið 1972 að fölga liðum í 1. deild upp í átta. Grótta og Haukar, neðsta lið 1. deildar, mættust í einvígi.
 Haukar – Grótta 17:9
 Grótta – Haukar 15:29

Evrópukeppni 
FH keppti í Evrópukeppni meistaraliða og komst í 8-liða úrslit.

1. umferð
 FH - US d'Ivry (Frakklandi) 18:12
 US d'Ivry - FH 14:15

16-liða úrslit
 FH - UK51 (Finnlandi) 18:12
 FH - UK51 18:12
 Báðir leikir fóru fram á Íslandi

8-liða úrslit
 FH - Partizan Belovar (Júgóslavíu) 14:28
 Partizan Belovar - FH 27:8

Landslið 
Íslenska karlalandsliðið í handknattleik tók þátt í forkeppni Ólympíuleikanna 1972, þar sem handbolti var á dagskrá í fyrsta sinn frá því á leikunum 1936. Ísland tók þátt í 16 landa keppni sem fram fór á Spáni í marsmánuði 1972, þar sem barist var um fimm laus sæti.

Forriðill

Fjögur lið kepptu í forriðli, tvö komust áfram í milliriðil og tóku úrslitin í innbyrðisviðureigninni með sér þangað. Íslenska liðið olli miklum vonbrigðum með því að gera einungis jafntefli í fyrsta leik, en bætti fyrir það með betri frammistöðu í tveimur næstu viðureignum.

Úrslit Íslands

 Ísland - Finnland 10:10
 Ísland - Belgía 31:10
 Ísland - Noregur 14:14

Milliriðill
Fjögur lið kepptu í milliriðli. Tvö efstu sætin tryggðu sjálfkrafa farseðilinn á Ólympíuleikana en þriðja sætið gaf oddaleik um síðasta lausa sætið. Íslendingar náðu öðru sætinu, en voru einungis einu marki frá því að vinna riðilinn.

Úrslit Íslands

 Ísland - Austurríki 25:19
 Ísland - Búlgaría 19:10

Leikur um 3. sæti

Ísland sigraði Pólland í keppninni um 3. sætið, 21:19.

Kvennaflokkur

1. deild 
Valsarar urðu Íslandsmeistarar í meistaraflokki kvenna. Keppt var í sex liða deild með tvöfaldri umferð.

Njarðvík féll í 2. deild.

2. deild 
KR sigraði í 2. deild og færðist upp í 1. deild. Keppt var í fimm liða deild og leikin tvöföld umferð.

Evrópukeppni 
Ekkert íslenskt kvennalið tók þátt í Evrópukeppni þetta árið.
Handknattleikur á Íslandi"
1296,Hvers konar safn er Laufásbærinn í Þingeyjarsýslu?,Byggðasafn.,,"Laufás í Grýtubakkahreppi er kirkjustaður og prestsetur í Þingeyjarsýslu. Prestsetur hefur verið í Laufási frá fyrstu kristni. Kirkjustaðurinn kemur lítillega við sögu í Ljósvetninga sögu. Laufáskirkja var helguð Pétri postula. Á árunum 1622-1636 bjuggu séra Magnús Ólafsson og kona hans Agnes Eiríksdóttir í Laufási. Edda Magnúsar Ólafssonar (Laufás-Edda) er kennd við Laufás en ekki samin þar. Magnús lést 22. júlí 1636 og bróðursonur Agnesar var vígður til prests í Laufási árið 1637. Sá hét Jón Magnússon og var skáld.

Kirkjan sem stendur í Laufási er byggð árið 1865 af Tryggva Gunnarssyni, trésmið og athafnamanni, og Jóhanni Bessasyni á Skarði í Dalsmynni.

Í Laufási er gamall burstabær, byggður í núverandi mynd af Jóhanni Bessasyni bónda á seinni hluta 19. aldar. Laufásbærinn er nú byggðasafn og búinn húsmunum og áhöldum líkast því sem tíðkaðist í kringum aldamótin 1900. Hann var hýbýli prests þar til byggt var nýtt prestsetur árið 1936.

Frá Laufási var Þórhallur Bjarnarson biskup, sem byggði hús í Reykjavík, Laufás við Laufásveg og lét heita eftir bænum. Við það hús er svo Laufásvegur kenndur.

Sonur Péturs Þórarinssonar prests reisti íbúðarhús í Laufási en Prestsetrasjóður leigði honum jörðina án hlunninda eftir að faðir hans lést. Risu af því deilur árið 2007.

Tilvísanir

Heimildir 
 Minjasafnið á Akureyri
 Minjasafnið á Akureyri: Laufás
 Laufás í Grýtubakkahreppi
 Gert að flytja húsið frá Laufási

Íslenskir kirkjustaðir
Kirkjur á Íslandi"
51,Hverjir voru umsjónarmenn fyrsta morgunþáttarins á Rás 2?,"Páll Þorsteinsson, Jón Ólafsson, Þorgeir Ástvaldsson, Arnþrúður Karlsdóttir og Ásgeir Tómasson.",,"Umsjónarmenn fyrsta morgunþáttarins 

1983,12,1

Gleðin leynir sér ekki. Rás 2 flogin af stað. Páll Þorsteinsson, Jón Ólafsson, Þorgeir Ástvaldsson, Arnþrúður Karlsdóttir og Ásgeir Tómasson. Fyrsta lagið sem var spilað þennan eftirminnilega morgun var Ég labbaði í bæinn eftir Jóhann Helgason og Vilhjálm Vilhjálmsson. Valið á því lagi var engin tilviljun. Flott, íslenskt, vel flutt af Vilhjálmi og textinn: "" ég held við ættum stundum að hlusta aðeins betur á hugrenninga þeirra sem erfa munu land"" skemmdi hreint ekki fyrir."
878,Á hvaða heiði eru eyðibýlin Heiðarhús?,Flateyjardalsheiði.,,"Heiðarhús eru eyðibýli fyrir miðri Flateyjardalsheiði, þau fóru í eyði árið 1904. Þar er gangnamannakofi.

Í Finnboga sögu ramma er greint frá bónda þeim er Uxi hét, og bjó á Heiðarhúsum. Hans örlög urðu þau að Finnbogi drap hann, eftir deilur um beitarland.

Tengill
 Mynd af ferðamönnum við Heiðarhús

Íslensk eyðibýli
Suður-Þingeyjarsýsla"
819,Hverju voru útver nálægt?,Fiskimiðum.,,"Útræði er  þegar róið var til fiskjar út frá  útveri en útver voru verstöðvar þar sem menn fóru til með báta sína og skipshafnir á árabátaöld. Útver voru nálægt fiskimiðum þar sem gott var að sitja fyrir fiskigöngum. Þau voru oft á annesjum fjarri byggð.

Heimild 
Saga sjávarútvegs á Íslandi, I. bindi 

 fiskveiðar
 saga sjávarútvegs"
1260,Í hvaða Íslendingasögu er Finnbogi rammi aðalsöguhetjan?,Finnboga sögu ramma.,,"Finnbogi rammi er aðalsöguhetjan í Íslendingasögu þeirri sem við hann er kennd, Finnboga sögu ramma. Hann er sagður hafa fæðst á Eyri á Flateyjardal á tíundu öld og verið sonur stórbóndans Ásbjarnar dettiáss er þar bjó. Hann var borinn út, en Gestur og Syrpa, ábúendur á Tóftum á Flateyjardal, fundu hann þar sem hann lá reifaður í urð, og ólu hann upp. Var hann í fyrstu kenndur við fundarstaðinn og nefndur Urðarköttur. Nafnið Finnbogi hlaut hann eftir að hafa bjargað manni þeim úr sjávarháska er Finnbogi hét, en sá gaf upp öndina og gaf Urðarketti nafn sitt að launum fyrir björgunina.

Viðurnefnið „hinn rammi“ hlaut hann vegna líkamlegs atgervis síns. Hann var vígamaður og drap marga menn, bæði á Íslandi og í Noregi.

Neðanmálsgreinar

Heimildir 

Saga Íslands
Persónur Íslendingasagna"
1276,Hvar stóð fyrsta götuljósið í Reykjavík?,Við Lækjarbrúna.,,"Bankastræti er verslunargata í miðborg Reykjavíkur sem liggur frá Laugaveginum og Skólavörðustíg að gatnamótum við Lækjartorg.

Bankastræti heitir eftir Landsbanka Íslands sem hóf starfsemi sína í Bankastræti 3 þann 1. júlí árið 1886. Nokkrum árum áður, eða þann 2. september 1876 var kveikt á fyrsta götuljósi í Reykjavík, en það stóð hjá Lækjarbrúnni og var steinolíulugt. Lækjarbrúin var steinbrú yfir lækinn sem nú liggur undir Lækjargötu.

Í upphafi 20. aldar var Bankastræti ekki einstefnugata og þá var hægt að keyra upp götuna að Laugavegi. Ef menn óku upp Bankastræti varð að beygja inn á Ingólfsstræti eða til hægri upp Skólavörðustíginn.

Bankastræti hét áður Bakarastígur eða Bakarabrekka, kennd við Bernhöftsbakarí sem var frá 1834 í gömlu húsunum í Bankastræti 2. Nú er nafnið Bakarabrekka notað um grösuga brekku fyrir neðan Bernhöftstorfuna á horni Bankastrætis og Lækjargötu. Styttan Vatnsberinn eftir Ásmund Sveinsson er í Bakarabrekkunni. Þar er einnig stórt útitafl með taflmenn eftir Jón Gunnar Árnason myndhöggvara.

Almenningssalernið Núllið er svo nefnt vegna staðsetningar sinnar neðst í Bankastrætinu og neðan við fyrstu númeruðu lóðirnar. Það er tvískipt, karla öðrumegin við götuna en kvenna hinumegin, niðurgrafið svo einungis sést stigaopið á yfirborðinu. Salernið hefur verið lagt af en inngangarnir standa ennþá. Rýmin hafa verið notuð undir ýmsa starfsemi og Pönksafn Íslands er staðsett í austara rýminu.

Í Bankastræti eru fjölmargar verslanir sem hafa starfað þar lengi, eins og undirfataverslunin Stella (Bankastræti 3), tóbaksverslunin Björk (Bankastræti 6) og veitingastaðurinn Prikið (Bankastræti 12).

Í kvikmyndum og sjónvarpi 
Menningarnótt var endursköpuð þann 12. október 2003 þar sem Skólavörðustígur mætir Laugavegi og Bankastræti til að geta tekið upp atriði fyrir kvikmyndina Dís. Eins voru ásjónur nokkurra húsa á gatnamótum Bankastrætis og Ingólfsstrætis færð til eldra horfs fyrir kvikmynd Friðriks Þórs Friðrikssonar Bíódagar til að passa við tíðaranda myndarinnar.

Heimildir 

Miðborg Reykjavíkur
Götur í Reykjavík"
1352,Hvenær hófst markviss skógrækt í Kjarnaskógi?,Árið 1952.,,"Kjarnaskógur er skógur og útivistarsvæði í Kjarnalandi í Eyjafirði milli Kjarnalæks og Brunnár rétt sunnan við Akureyri. Landið komst í eigu Akureyrarbæjar frá 1910 og var nýtt af bæjarbúum fyrir grasnytjar og garðrækt til 1946 þegar Skógræktarfélag Eyfirðinga fékk þar aðstöðu. Markviss skógrækt hófst síðan 1952. Algengar trjátegundir í skóginum eru sitkagreni, stafafura, birki og lerki.

Fágætari tegundir má finna þar. Til að mynda var hengibjörk valið tré ársins 2009.

Skógar á Íslandi
Akureyri"
1715,Hver teiknaði Norræna húsið í Reykjavík?,Alvar Aalto.,,"Hugo Alvar Henrik Aalto (3. febrúar 1898 – 11. maí 1976) var arkitekt og húsgagnahönnuður frá Finnlandi sem teiknaði meðal annars Norræna húsið í Vatnsmýrinni í Reykjavík.

Aalto fæddist í Kuortane í Finnlandi. Foreldrar hans voru Johan Henrik Aalto og Selly (Selma) Matilda (Hackstedt). Fjölskylda hans flutti til Alajärvi en þaðan fór hann til Jyväskylä.

External links 
 Alvar Aalto's Savoy Vase (1936)

Aalto, Alvar
Handhafar stórkross Hinnar íslensku fálkaorðu
Handhafar stórriddarakross Hinnar íslensku fálkaorðu"
1798,Hver var borgarstjóri Reykjavíkur frá 1935 til 1940?,Pétur Halldórsson.,,"Pétur Halldórsson (fæddur 26. apríl 1887, dáinn 26. nóvember 1940) var borgarstjóri Reykjavíkur frá 1935 til dauðadags 1940. Pétur tók stúdentspróf frá MR árið 1907 og hóf nám í Kaupmannahafnarháskóla en hvarf frá námi eftir einn vetur. Hann keypti Bókaverslun Sigfúsar Eymundssonar árið 1909 og rak hana til æviloka.  Pétur var alþingismaður Reykvíkinga (Sjálfstæðisflokksins) árið 1932 til 1940.

Pétur átti mörg systkini, þar á meðal Gunnar Halldórsson stofnfélaga og formann Knattspyrnufélagsins Fram. Faðir þeirra var Halldór Jónsson, bæjarfulltrúi í Reykjavík.

Meðal barna Péturs var Halldór Pétursson teiknari.

Heimild 
 Pétur Halldórsson (æviágrip á Alþingisvefnum)
 Pjetur Halldórsson, borgarstjóri; andlátsfregn í Morgunblaðinu 1940 
 Pjetur Halldórsson, borgarstjóri - Ég hefi engum göfugri manni kynst; grein í Morgunblaðinu 1940
 Pjetur Halldórsson, borgarstjóri; grein í Morgunblaðinu 1940

Borgarstjórar Reykjavíkur
Fyrrum Alþingismenn

Stúdentar úr Menntaskólanum í Reykjavík
Íslendingar sem gengið hafa í Kaupmannahafnarháskóla
Þingmenn Sjálfstæðisflokksins"
59,Hvenær var hönnunarsjóður opnaður af mennta- og menningarmálaráðherra?,Í febrúar 2013.,,"Nýr Hönnunarsjóður

Í dag opnaði Illugi Gunnarsson, Mennta- og menningarmálaráðherra formlega nýjan hönnunarsjóð, sem stofnaður var í febrúar. Meginhlutverk hönnunarsjóðsins er að efla þekkingu, ásamt atvinnu- og verðmætasköpun á sviði hönnunar og arkitektúrs með fjárhagslegum stuðningi.

Sjóðurinn styrkir jafnframt kynningar- og markaðsstarf erlendis sem stuðlar að auknum útflutningi íslenskrar hönnunar. Halla Helgadóttir frá Hönnunarmiðstöð Íslands og Egill Egilsson, vöruhönnuður, voru gestir Síðdegisútvarpsins í dag og sögðu hlustendum frá þessum nýja sjóði."
1583,Hver var fyrsti Íslendingurinn sem var skipaður amtmaður yfir Íslandi?,Magnús Gíslason.,,"Magnús Gíslason (1. janúar 1704 – 3. nóvember 1766) var íslenskur lögmaður og amtmaður á 18. öld. Hann bjó á Stóra-Núpi, í Bræðratungu, á Leirá og seinast á Bessastöðum.

Foreldrar Magnúsar voru Gísli Jónsson bóndi á Reykhólum og í Mávahlíð á Snæfellsnesi, sonur Jóns Vigfússonar biskups, og Margrét dóttir Magnúsar Jónssonar lögmanns. Margrét dó í Stórubólu 1707 en Gísli drukknaði í Mávahlíðarvatni 24. febrúar 1715. Magnús fór þá að Staðarstað til séra Þórðar Jónssonar föðurbróður síns og nokkru síðar að Skálholti til Jóns Vídalín biskups, sem giftur var Sigríði föðursystur hans. Hann varð stúdent frá Skálholtsskóla og hóf nám við Kaupmannahafnarháskóla haustið 1724.

Sumarið 1728 var honum veitt embætti landskrifara en hann fór þó ekki heim fyrr en árið eftir. Gengdi hann því þar til honum var veitt lögmannsembættið sunnan og austan 1732. Árið eftir var amtmannslaust og Benedikt Þorsteinsson lögmaður norðan og vestan treysti sér ekki að ríða til þings og gegndi Magnús því öllum embættunum þremur á þingi 1733. Vorið 1736 sagði Alexander Christian Smith af sér lögmannsembætti norðan og vestan og gegndi Magnús báðum lögmannsembættunum á þingi það ár.

Pingel amtmanni var vikið úr embætti 8. maí 1752 vegna skulda og Magnús settur í hans stað. 16. maí 1757 var hann svo skipaður amtmaður yfir Íslandi, fyrstur Íslendinga, og sleppti þá lögmannsembættinu. Vorið 1764 fékk hann Ólaf Stefánsson tengdason sinn, sem þá var varalögmaður norðan og vestan, settan sér til aðstoðar. Hann dó tveimur árum síðar og tók Ólafur þá við amtmannsembættinu.

Kona Magnúsar, gift 2. júlí 1732, var Þórunn Guðmundsdóttir (8. júlí 1693 – ágúst 1766) frá Álftanesi á Mýrum, Sigurðssonar lögmanns Jónssonar. Móðir hennar var Guðrún, dóttir Eggerts Björnssonar sýslumanns á Skarði á Skarðsströnd. Einkadóttir þeirra var Sigríður, kona Ólafs Stefánssonar amtmanns.

Heimildir 
 Safn til sögu Íslands. 2. bindi, Kaupmannahöfn 1886.

Amtmenn á Íslandi
Lögmenn á Íslandi"
1219,Hvaða lög voru sett á Íslandi árið 1921 til að tryggja sjómönnum sex tíma hvíld á sólarhring?,Vökulögin.,,"Vökulögin voru íslensk lög sett voru árið 1921 sem tryggðu íslenskum sjómönnum sex tíma hvíld á sólarhring. Vökulögin er eitt fyrsta dæmið um réttindi sem áunnist hafa vegna verkalýðsbaráttu.

Tilvísanir 

Íslenskur sjávarútvegur
Íslensk lög
Verkalýðsbarátta"
261,Í hvaða íþróttum var Olga Færseth afrekskona?,Körfubolta og knattspyrnu.,,"Andrea Olga Færseth (f. 6. október 1975) er íslensk fyrrum knattspyrnu- og körfuknattleikskona. Hún hóf íþróttaferill sinn í körfubolta með Keflavík.

Í körfuboltanum varð hún Íslandsmeistari fjórum sinnum (1992, 1993, 1994 og 1995), spilaði 16 landsleiki og setti stigamet í lokaúrslitunum 1994 fyrir Keflavík, þar sem hún skoraði 111 stig í 5 leikjum.

Knattspyrnuferill hennar byrjaði með Breiðablik þar sem hún varð Íslandsmeistari tvisvar sinnum (1992 og 1994).  1995 gekk hún til liðs við Knattspyrnufélag Reykjavíkur. Með KR varð hún Íslandsmeistari fjórum sinnum í röð (1997, 1998, 1999 og 2000). Á knattspyrnuferli sínum hefur hún skorað 262 mörk í 202 leikjum og er langmarkahæsta knattspyrnukona landsins. Hún lauk ferlinum sínum með Ungmennafélaginu Selfoss þar sem hún skoraði 2 mörk í jafnmörgum leikjum.

Tilvísanir

Heimild 
 2. deild 1991 - topscorers group A RSSSF.

Íslenskir knattspyrnumenn
Íslenskir körfuknattleiksmenn
Íslenskar konur
Leikmenn Úrvalsdeildar kvenna í körfuknattleik"
208,Hvenær hófst Íslandsmót í knattspyrnu innanhúss?,Árið 2008.,,"Íslandsmót innanhúss (oft nefnt Futsal) er haldið ár hvert og spilað í nokkrum riðlum í nóvember og desember. 
Úrslitakeppni er að lokum kláruð á einni helgi í Laugardalshöll. 
Keppnin hefur verið haldin síðan 2008. Árið 2007 fór fram kynningarmót í Futsal í desember 2006 og janúar 2007, en ekki var keppt til úrslita heldur var mótið í einum riðli enda var aðeins um kynningarmót að ræða og fyrsta mótið var haldið árið eftir.

Íslandsmeistarar í Futsal karla

Íslandsmeistarar í Futsal kvenna
Íslandsmót kvenna í knattspyrnu innanhúss hefur verið haldið síðan 2009. 
Fyrstu tvö árin var aðeins um úrslitakeppni að ræða.
2011 var aðeins um deildarkeppni að ræða.
2012 var fyrsta úrslitakeppnin eftir tveggja riðla keppni.

Íslenskar knattspyrnudeildir
Íslensk knattspyrnumót"
1151,Hver var fyrsta íslenska prentsmiðjan sem sérhæfði sig í útgáfu veraldlegra rita?,Hrappseyjarprentsmiðja.,,"Hrappseyjarprentsmiðja var prentsmiðja og bókaútgáfa sem starfrækt var í Hrappsey á Breiðafirði 1773-1794 og var fyrsta íslenska prentsmiðjan sem prentaði eingöngu veraldleg rit en ekki guðsorðabækur.

Upphaf prentsmiðjunnar
Ólafur Ólafsson Olavius fékk konungsleyfi til að stofna prentsmiðju í Skálholtsbiskupsdæmi með því skilyrði að þar yrði ekki prentað guðsorð, á því átti Hólaprentsmiðja einkarétt. Ólafur hafði áður látið prenta ýmis rit í Kaupmannahöfn, meðal annars fyrstu útgáfu Njálu. Ólafur fékk lán til tækjakaupa hjá Boga Benediktssyni í Hrappsey, sem jafnframt átti hlut í verksmiðjunni og var hún reist í eynni. Ári síðar keypti Bogi hlut Ólafs og átti prentsmiðjuna lengst af einn og rak ásamt náfrænda sínum Guðmundi Ólafssyni en Magnús Ketilsson, sýslumaður Dalamanna, stýrði hins vegar útgáfunni að mestu. Í þjóðsögum Jóns Árnasonar er sagt að Bogi hafi keypt prentsmiðjuhúsið á góðu verði eftir að maður hafði hengt sig í því og sumum þótti reimt þar.  Dætur Boga áttu að hafa reynt eitt sinn að sofa þar, þegar gestanauð var mikil á Stafafelli en varð ekki svefnsamt.

Útgáfan
Frá Hrappseyjarprentsmiðju komu bækur af ýmsu tagi, svo sem Alþingisbækur Íslands, fræðslurit ýmiss konar, sum skrifuð af Magnúsi, sem var einn helsti frumkvöðull upplýsingarstefnunnar á Íslandi, Atli eftir Björn Halldórsson í Sauðlauksdal, Búnaðarbálkur Eggerts Ólafssonar, kvæðabækur og fleira. Jón Þorláksson, síðar prestur á Bægisá, vann um tíma við prentsmiðjuna og gaf út bækur sínar þar. Fyrsta íslenska tímaritið, Islandske Maanedstidender, var líka gefið út í Hrappsey á árunum 1773-1776. Var það á dönsku og gefið út sem umbun til þeirra dönsku styrktarmannanna sem hjálpuðu til við stofnun og rekstur prentsmiðjunnar. Guðmundur Ólafsson, náfrændi og uppeldisbróðir Boga úr Breiðafjarðareyjum, starfaði einnig við prentsmiðjuna en hann skrifaði upp mikið af fornum ritum til útgáfu. Afi þeirra Boga, Bjarni Bjarnason var annálaritari og lögréttumaður í Langey, átti gamalt og merkilegt handrit sem síðar komst í hendur Árna Magnússonar handritasafnara. „Auðugur, skýr og margfróður. Talaði nokkur erlend tungumál“, segir í Dalamönnum en mæður þeirra Ólafs og Boga voru systur, fæddar með árs millibili.

Endalokin
Hrappseyjarprentsmiðja var seld Landsuppfræðingarfélaginu árið 1794 og flutt suður í Leirárgarða í Borgarfirði.

Heimildir 
 
 Heimildir: Stríðshjálp 1681, 1703, ÍÆ.I.130/158, Lrm., Esp.4511, Æ.A-Hún.54, DI. I, Dalamenn, Sýsl.II.48

Íslensk bókaforlög
Prentun"
1220,"Hvaða ár var LP-hljómplatan „Við djúkboxið“, sem inniheldur dægurlög frá sjötta áratugnum flutt af ýmsum íslenskum listamönnum, gefin út?",1982.,,"Ýmsir - Við djúkboxið  er 33 snúninga LP hljómplata gefin út af SG - hljómplötum árið 1982. Á henni flytja ýmsir nokkur dægurlög frá sjötta áratugnum valin af Björgvini Halldórssyni.

Lagalisti 
 Rabbabara-Rúna - Lag - texti: B. L. Jones/W. Young - Þorsteinn Eggertsson - Söngur: Sigurður Dagbjartsson
 Farðu ekki frá mér - Lag - texti: Wayne Bickerton - Jón Sigurðsson - Söngur: Erna Gunnarsdóttir og Ólafur Þórarinsson
 Við Djúkboxið - Lag - texti: M. Harris/R. Harris - Þorsteinn Eggertsson - Söngur: Haraldur Sigurðsson
 Bara í kvöld - Lag - texti: E. Maresca/L Zerato - Þorsteinn Eggertsson - Söngur: Helga Möller
 Í nótt - Lag - texti: Wayne Bickerton - Jón Sigurðsson  - Söngur: Ólafur Þórarinsson
 Lína - Lag - texti: Dimucci/Brandt - Þorsteinn Eggertsson - Söngur: Björgvin Halldórsson
 Páll og Pála - Lag - texti: Hildebrand - Jón Sigurðsson - Söngur: Jóhann Helgason og Erna Gunnarsd
 Uns ég verð - Tuttugu og eins - Lag - texti: Doc Pomus/Mort Shuman - Þorsteinn Eggertsson - Söngur: Sigurður Dagbjartsson
 Hvað sérð þú við mig - Lag - texti: Levenson - Þorsteinn Eggertsson  - Söngur: Jóhann Helgason
 Sussu-bí - Lag - texti: Doc Pomus/Mort Shuman/Þorsteinn Eggertsson - Söngur: Haraldur Sigurðsson
 Allt upp í topp - Lag - texti: Lagahöfundur ókunnur - Þorsteinn Eggertsson - Söngur: Björgvin Halldórsson

Björgvin Halldórsson 

SG-hljómplötur
Hljómplötur gefnar út árið 1982"
1541,Hvenær voru Bændasamtök Íslands stofnuð?,Árið 1995.,,"Bændasamtök Íslands eru hagsmunasamtök bænda á Íslandi. Samtökin eru málsvari bænda og vinna að framförum og hagsæld í landbúnaði. Bændasamtökin voru stofuð árið 1995 þegar þau tóku við sameinuðum hlutverkum Búnaðarfélags Íslands og Stéttarsambands bænda. 11 búnaðaðarsambönd og 12 búgreinasambönd eiga aðild að samtökunum auk þriggja annarra félaga. Höfuðstöðvar samtakanna eru í Bændahöllinni við Hagatorg í Vesturbæ Reykjavíkur.

Búgreinasambönd

 Félag eggjaframleiðanda
 Félag ferðaþjónustubænda
 Félag hrossabænda
 Félag kjúklingabænda
 Landssamband kartöflubænda
 Landssamband kúabænda
 Landssamtök sauðfjárbænda
 Landssamtök skógareigenda
 Landssamtök vistforeldra í sveitum
 Samband garðyrkjubænda 
 Samband íslenskra loðdýrabænda
 Svínaræktarfélag Íslands
 Æðarræktarfélag Íslands

Búnaðarsambönd 

 Búnaðarsamband Kjalarnesþings

 Búnaðarsamtök Vesturlands

 Búnaðarsamband Vestfjarða

 Búnaðarsamband Húnaþings og Stranda

 Búnaðarsamband Skagfirðinga

 Búnaðarsamband Eyjafjarðar

 Búnaðarsamband Suður-Þingeyinga

 Búnaðarsamband Norður-Þingeyinga

 Búnaðarsamband Austurlands

 Búnaðarsamband Austur-Skaftafellssýslu

 Búnaðarsamband Suðurlands

Önnur félög 

 Beint frá býli
 Samtök ungra bænda
 VOR - verndun og ræktun, félag ræktanda í lífrænum búskap

Tenglar

 Bændasamtök Íslands

Íslensk bændasamtök"
1313,Hvenær tók fyrsti borgarstjóri Reykjavíkur við embætti?,7. maí árið 1908.,,"Páll Einarsson (25. maí 1868 á Hraunum í Fljótum – 17. desember 1954 í Reykjavík) var lögmaður, hæstaréttardómari og fyrsti borgarstjóri Reykjavíkur. Hann var kosinn í það embætti af bæjarstjórn Reykjavíkur þann 7. maí árið 1908 og gegndi því í sex ár eða til 1914.

Páll menntaðist í Reykjavík og seinna í Kaupmannahafnarháskóla. 

Starf borgarstjóra var auglýst í blaðinu Ingólfi. Einn annar sótti um starfið en það var Knud Zimsen, bæjarfulltrúi. Kosið var á bæjarstjórnarfundi og féllu atkvæði þannig að Knud fékk þrjú atkvæði og Páll tíu. Þess má geta að Knud tók við af Páli sem borgarstjóri.

Meðal barna Páls voru verkfræðingarnir Árni, Einar Baldvin og Ólafur.

Heimildir
 MBL.is: Aldarafmæli embættis borgarstjóra, 6.5.2008

Tenglar
 Páll borgarstjóri - skrif afkomenda Páls 
 Umfjöllun um Pál á vefsíðu Hæstaréttar Íslands 

Borgarstjórar Reykjavíkur
Íslenskir lögfræðingar
Dómarar við Hæstarétt Íslands
Íslendingar sem gengið hafa í Kaupmannahafnarháskóla"
361,Hvenær hófst ræktun rifsberja á Íslandi?,Á síðustu áratugum 19. aldar.,,"Rifsber (fræðiheiti: Ribes rubrum) eru ber af garðaberjaætt, upprunnin í Vestur-Evrópu og einkum ræktuð í norðanverðri álfunni. Talið er að farið hafi verið að rækta þau í görðum í Norður-Frakklandi og Belgíu á 17. öld.

Útlit 
Berin vaxa á runnum sem geta orðið allt að tveggja metra háir en eru þó yfirleitt 1 - 1,5 metrar. Berin eru yfirleitt rauð að lit en til er ljósbleikt afbrigði sem kallast kirtilrifs eða hvít rifsber og er stundum talið sérstök tegund. Berin sitja í klösum á greinunum, oftast 3 - 10 saman, en einnig eru til afbrigði þar sem berin eru í löngum klösum, oft 10 - 20 saman.

Nýting 
Berin eru súr-sæt og flest afbrigði er vel hægt að borða eins og þau koma fyrir þótt sum henti betur til þess en önnur. Oftast eru berin þó notuð í sultur og hlaup, saft, ávaxtagrauta og aðra ábætisrétti, kökur og bökur.

Rifsber á Íslandi 
Rifsber hafa verið ræktuð á Íslandi frá því á síðustu áratugum 19. aldar. Þau þrífast vel í görðum og runnarnir bera yfirleitt ber, allt að 6 - 8 kíló á ári. Allt frá árinu 1830 eða fyrr hefur yrkið Rauð hollensk  verið í ræktun á Íslandi. Það er mjög gamalt yrki og  er upprunnið í Hollandi og  kom fram fyrir 1729. Þetta er eitt elsta, ef ekki elsta yrkið sem þekkt er af rifsi.

Heimildir 
 
 

Garðaberjaætt
Ber
Plöntur á Íslandi"
91,Hver voru útnefnd körfuknattleiksfólk ársins á Íslandi árið 2013?,Jón Arnór Stefánsson og Helena Sverrisdóttir.,,"Körfuknattleiksfólk ársins valið

Jón Arnór Stefánsson og Helena Sverrisdóttir hafa verið útnefnd körfuknattleiksfólk ársins 2013 af Körfuknattleikssambandi Íslands. Þetta er í tíunda sinn sem Jón Arnór er valinn en hann er 31 árs. Helena, sem er 25 ára, hefur nú alls níu sinnum verið valin og það níu sinnum í röð.

Körfuknattleikskona og maður ársins 2013 voru valin af stjórn, starfsmönnum, afreksnefnd og landsliðþjálfurum (yngri landsliða og A-landsliða) KKÍ.

Helena varð meistari með liði sínu Good Angels Kosice í Slóvakíu í vor auk þess sem liðið komst í fjögurra liða úrslit Meistaradeildar Evrópu. Hún var í íslenska kvennalandsliðinu sem vann til silfurverðlauna á Smáþjóðaleikunum í Lúxemborg í sumar og var hún valin í úrvalsdeild mótsins að því loknu. Helena gekk til liðs við Aluinvent DVTK Miskolc í Ungverjalandi fyrir yfirstandandi leiktíð og spilar liðið í sameiginlegri Mið-Evrópudeild auk þess að taka þátt í Evrópukeppninni og hefur Helena staðið sig mjög vel.

Jón Arnór Stefánsson er á sínu þriðja ári með spænska liðinu CAI Zaragoza sem leikur í ACB-deildinni þarlendis og er einn af lykilmönnum liðsins. Liðið komst í átta liða úrslit deildarinnar á síðustu leiktíð en féll úr keppni eftir tap gegn Spánarmeisturum Real Madríd í undanúrslitum. Jón Arnór tók við fyrirliðabandinu hjá Zaragoza fyrir yfirstandandi tímabil og er liðið sem stendur í sjötta til sjöunda sæti spænsku úrvalsdeildarinna auk þess sem það tekur þátt í Evrópubikarkeppninni í fyrsta sinn í sögu félagsins. Þá spilaði Jón Arnór Arnór með íslenska landsliðinu sem var hársbreidd frá því að komast í umspil um laust sæti á Evrópumótinu í Úkraínu 2015.

Körfuknattleikskona ársins 2013:

1. sæti Helena Sverrisdóttir

2. sæti Pálína Gunnlaugsdóttir

3. sæti Bryndís Guðmundsdóttir

Aðrar sem fengu atkvæði eru í stafrófsröð: Hildur Björg Kjartansdóttir, Hildur Sigurðardóttir, Kristrún Sigurjónsdóttir, Petrúnella Skúladóttir og Sara Rún Hinriksdóttir.

Körfuknattleiksmaður ársins 2013:

1. sæti Jón Arnór Stefánsson

2. sæti Hlynur Bæringsson

3. sæti Hörður Axel Vilhjálmsson

Aðrir sem fengu atkvæði eru í stafrófsröð: Elvar Már Friðriksson, Haukur Helgi Pálsson, Jakob Örn Sigurðarson, Justin Shouse, Logi Gunnarsson og Ragnar Nathanaelsson."
704,"Hver skrifaði bækurnar Nóttin hefur þúsund augu, Hvíta kanínan og Ár kattarins?",Árni Þórarinsson.,,"Árni Þórarinsson (f. 1. ágúst 1950) er íslenskur blaðamaður og rithöfundur sem er þekktastur fyrir kvikmynda- og tónlistargagnrýni sína í Morgunblaðinu og á síðari árum glæpasögur sínar. Árni skrifaði handrit að einum þætti þáttaraðarinnar Pressan sem var sýnd á Stöð 2 vorið 2008.

Hann lauk stúdentsprófi frá Menntaskólanum við Hamrahlíð árið 1970 og lauk BA prófi í samanburðarbókmenntum frá University of East Anglia í Norwich á Englandi árið 1973.

Verk
 1994 - Krummi: Hrafns saga Gunnlaugssonar - Viðtalsbók um Hrafn Gunnlaugsson.
 1998 - Nóttin hefur þúsund augu - Fyrsta bókin um Einar blaðamann
 2000 - Leyndardómar Reykjavíkur 2000 - Meðhöfundur
 2000 - Hvíta kanínan - Önnur bókin um Einar blaðamann
 2001 - Blátt tungl - Þriðja bókin um Einar blaðamann
 2002 - Í upphafi var morðið - Skrifuð með Páli Kristni Pálssyni
 2005 - Tími nornarinnar - Fjórða bókin um Einar blaðamann
 2006 - Farþeginn - Skrifuð með Páli Kristni Pálssyni
 2007 - Dauði trúðsins - Fimmta bókin um Einar blaðamann. Samnefnt útvarpsleikrit eftir Hjálmar Hjálmarsson var flutt í Ríkisútvarpinu sumarið 2008
 2008 - Sjöundi sonurinn - Sjötta bókin um Einar blaðamann
2010 - Morgunengill  - Sjöunda bókin um Einar blaðamann
2012 - Ár kattarins - Áttunda bókin um Einar blaðamann
2013 - Glæpurinn: Ástarsaga
2016 - 13 dagar

Tenglar
 Um Árna Þórarinsson á Bókmenntavefnum

Tilvísanir 
Íslenskir rithöfundar

Stúdentar úr Menntaskólanum við Hamrahlíð"
31,Milli hvaða ára unnu sveitarfélög og hagsmunaaðilar á Vestfjörðum saman að skipulagi strandsvæða til að tryggja sjálfbæra nýtingu og verndun fjarðanna?,2009 og 2013.,,"Nýtingaráætlun strandsvæða í óvissu

Óljóst er hvort gerð nýtingaráætlunar fyrir strandsvæði Vestfjarða verður haldið áfram, vegna óvissu um fjármögnun verkefnisins. Því er ætlað að koma í veg fyrir að of hart sé gengið að fjörðunum með óheftri nýtingu.

Sveitarfélög á Vestfjörðum og Fjórðungssamband Vestfirðinga hafa frá árinu 2009 unnið að nýtingaráætlun fyrir strandsvæði Vestfjarða. Vinnunni svipar til skipulagsstarfa á landi, þar sem reynt er að samþætta mismunandi óskir um nýtingu svæðanna.

Aðalsteinn Óskarsson, framkvæmdastjóri Fjórðungssambands Vestfirðinga, segir það mikilvægt því gæta þurfi að burðarþoli fjarðanna. „Þeir eru lítt snortnir í dag. Fiskeldi, við vitum að það eykur álag á firðina. En ef þetta er gert með skynsömum hætti og horft til langs tíma þá á að takast að byggja upp svona atvinnugrein í sátt við samfélögin og aðrar atvinnugreinar sem eru á svæðinu.“

Sveitarfélögin á svæðinu og hagsmunaaðilar koma sér saman um hvar megi stunda veiðar, fiskeldi, kræklingarækt, ferðaþjónustu eða annars konar nýtingu. Skipulagið er ekki lögbundið, heldur meira í ætt við stefnuyfirlýsingu.

„Strangt til tekið þarf ekki að fara eftir þessu,“ segir Aðalsteinn. Það væri mjög einkennilegt ef stefna sem samfélög og hagsmunaaðilar komi sér saman um væri gjörsamlega hunsuð.

Fyrsti áfangi verkefnisins sneri að Arnarfirði en nú stendur yfir vinna við skipulag strandsvæða Ísafjarðardjúps og Jökulfjarða.

„En núna er í fjárlögum, er ekkert fjármagn til Sóknaráætlunar landshluta þannig að við erum í mikilli óvissu um það hvort við getum haldið áfram. Nema að það komi þá sérstaklega fjármagn til þess,“ segir Aðalsteinn."
1801,Hvenær var Ungmennasamband Skagafjarðar stofnað?,17. apríl 1910.,,"Ungmennasamband Skagafjarðar er samband íþróttafélaga í Skagafirði og var stofnað 17. apríl 1910.

Fyrstu stjórn sambandsins skipuðu Brynleifur Tobíasson sem var formaður, Árni J. Hafstað sem var ritari og Jón Sigurðsson sem var gjaldkeri.

Innan UMSS eru stundaðar eftirfarandi íþróttagreinar: akstursíþróttir, frjálsar íþróttir, golf, hestaíþróttir, knattspyrna, körfuknattleikur, vetraríþróttir og sund

Núverandi formaður er Jón Daníel Jónsson

Aðildarfélög 
 Bílaklúbbur Skagafjarðar
 Golfklúbbur Sauðárkróks
 Íþróttafélagið Gróska
 Hestamannafélagið Svaði
 Hestamannafélagið Stígandi
 Hestamannafélagið Léttfeti
 Ungmenna- og íþróttafélagið Smári
 Ungmennafélagið Hjalti
 Ungmennafélagið Neisti
 Ungmennafélagið Tindastóll
 Vélhjólaklúbbur Skagafjarðar

Íþróttamenn ársins 
 1967: Gestur Þorsteinsson, Höfðstrendingi , frjálsar íþróttir
 1968: Guðmundur Guðmundsson
 1972: Edda Lúðvíksdóttir, Tindastóli, frjálsar íþróttir
 1973: Sigurlína Gísladóttir, Glóðafeyki, frjálsar íþróttir
 1975: Sigurlína Gísladóttir, Glóðafeyki, frjálsar íþróttir
 1979: Jón Eiríksson, Fram, frjálsar íþróttir
 1980: Gísli Sigurðsson, Glóðafeyki, frjálsar íþróttir
 1981: María Sævarsdóttir, Tindastóli, sund
 1982: Gísli Sigurðsson, Glóðafeyki, frjálsar íþróttir
 1983. Ragna Hjartardóttir, Tindastóli, sund
 1984: Gunnar Sigurðsson, Glóðafeyki, frjálsar íþróttir
 1985: Friðrik Steinsson, Tindastóli, frjálsar íþróttir
 1986: Berglind Bjarnadóttir, Tindastóli, frjálsar íþróttir
 1987: Berglind Bjarnadóttir, Tindastóli, frjálsar íþróttir
 1988: Lilja María Snorradóttir, Tindastóli, sund
 1989: Eyjólfur Sverrisson, Tindastóli, knattspyrna
 1990: Helgi Sigurðsson, Glóðafeyki, frjálsar íþróttir
 1991: Valur Ingimundarson, Tindastóli, körfubolti
 1992: Sveinn Margeirsson, Smára, frjálsar íþróttir
 1993: Inga Dóra Magnúsdóttir, Tindastóli, knattspyrna
 1994: Jón Arnar Magnússon Tindastóli, frjálsar íþróttir
 1995: Jón Arnar Magnússon Tindastóli, frjálsar íþróttir
 1996: Jón Arnar Magnússon Tindastóli, frjálsar íþróttir
 1997: Jón Arnar Magnússon Tindastóli, frjálsar íþróttir
 1998: Jón Arnar Magnússon Tindastóli, frjálsar íþróttir
 1999: Jón Arnar Magnússon Tindastóli, frjálsar íþróttir
 2000: Jón Arnar Magnússon Tindastóli, frjálsar íþróttir
 2001: Sunna Gestsdóttir, Tindastóli, frjálsar íþróttir
 2002: Sveinn Margeirsson, Tindastóli, frjálsar íþróttir
 2003: Sunna Gestsdóttir, Tindastóli, frjálsar íþróttir
 2004: Björn Jónsson, Stíganda, hestaíþróttir
 2005: Svavar Atli Birgisson, Tindastóli, körfubolti
 2006: Þórarinn Eymundsson, Stíganda,hestaíþróttir
 2007: Þórarinn Eymundsson, Stíganda, hestaíþróttir
 2008: Bjarki Már Árnason, Tindastóli, knattspyrna
 2009: Bjarni Jónasson, Léttfeta, hestaíþróttir
 2010: Gauti Ásbjörnsson, Tindastóli, frjálsar íþróttir
 2011: Elvar Einarsson, Stíganda, hestaíþróttir
 2012: Metta Mannseth, Léttfeta, hestaíþróttir
 2013: Jóhann Björn Sigurbjörnsson, Tindastóli, frjálsar íþróttir

Tenglar 
 Vefsíða UMSS"
113,Hvernær var íslenska sjónvarpsþáttaröðin Svínasúpan sýnd?,Árin 2003-2004.,,"Svínasúpan er sjónvarpsþáttur sem sýndir voru á Stöð 2 á árunum 2003-2004. Óskar Jónasson var leikstjóri í báðum þáttaröðum og þættirnir voru framleiddir af Storm. Þáttaraðirnir voru tvær talsins. Leikarar þáttarins eru Auðunn Blöndal sjónvarpsmaður, Edda Björg Eyjólfsdóttir leikona, Guðlaug Elísabet Ólafsdóttir leikkona, Pétur Jóhann Sigfússon leikari, Sverrir Þór Sverrisson (Sveppi) sjónvarpsmaður og Sigurjón Kjartansson tónlistarmaður og útvarpsmaður. Jón Gnarr bættist svo við í annari þáttaröð.  Höfundar hrandrits voru Auðunn Blöndal, Pétur Jóhann Sigfússon, Sigurjón Kjartansson, Sverrir Þór Sverrisson og Þrándur Jensson í báðum þáttaröðum. Yfirumsjón handrits sá Sigurjón Kjartansson um. DVD diskur Svínasúpunnar fór í gullsölu og mæðrastyrksnefnd var veitt eintök af myndisknum við afhendingu gullplötunnar.

Þættirnir voru í báðum þáttaröðum átta talsins.

Tilvísanir 

Sjónvarpsþættir
Íslenskir sketsaþættir
Íslenskir grínþættir
Íslenskir gamanþættir í sjónvarpi"
560,Hver var ritstjóri fyrstu 15 binda ritraðarinnar „Early Icelandic Manuscripts in Facsimile“?,Jón Helgason.,,"Early Icelandic Manuscripts in Facsimile – (skammstafað EIM, íslenska: Forn íslensk handrit í eftirgerð) – er ritröð, sem forlagið Rosenkilde og Bagger í Kaupmannahöfn, gaf út. Frumkvæðið að útgáfunni átti Jón Helgason prófessor í Kaupmannahöfn, ásamt þeim sem sátu með honum í fyrstu ritstjórninni, en það voru prófessorarnir: Sigurður Nordal, Reykjavík, Dag Strömbäck, Uppsölum og Magnus Olsen, Osló.

Jón Helgason var ritstjóri fyrstu 15 bindanna, kona hans Agnete Loth var ritstjóri 16.–19. bindis og Peter Springborg 19. og 20. bindis (tók við því 19. úr höndum Agnete Loth).

Mjög var til útgáfunnar vandað, handritin voru ljósmynduð með bestu tækni síns tíma, og fremstu fræðimenn fengnir til að semja ítarlegar ritgerðir um handritin og sögu þeirra. Bækurnar voru bundnar í rautt skinnband. Gefin voru út 20 bindi og taldist ritröðinni þá lokið. Upphaflega var ætlunin að birta í þessari ritröð handrit í stóru broti (arkarbroti / fólíó), og voru í kynningarbæklingi tilgreind 14 handrit sem átti að ljósprenta, en af þeim birtust níu. Þegar á leið var farið að taka með handrit í minna broti (fjórblöðungsbroti / kvartó = 4to; sbr. 12., 13., 15., 16. og 19. bindi), sem ætlunin hafði verið að birta í Manuscripta Islandica, en sú ritröð var þá hætt að koma út (15. og 16. bindi voru kynnt í þeirri ritröð).

Listi yfir ritin 
 Sturlunga saga : manuscript no. 122 A fol. in the Arnamagnæan Collection. — (Króksfjarðarbók). — Jakob Benediktsson gaf út, 1958.
 Codex Skardensis : Skarðsbók. — Desmond Slay gaf út, 1960.
 The sagas of king Sverrir and king Hakon the old : manuscript no. 81A in the Arnamagnæan Collection. — Ludvig Holm-Olsen gaf út, 1961.
 Lives of saints : perg. fol. nr. 2 in the Royal library, Stockholm. — Peter Foote gaf út, 1962.
 Bergsbók : perg. fol. nr. 1 in the Royal library, Stockholm. — Gustaf Lindblad gaf út, 1963.
 Tómas saga erkibiskups : Thomasskinna. — Agnete Loth gaf út, 1964.
 Sagas of Icelandic bishops : fragments of eight manuscripts. — Stefán Karlsson gaf út, 1967.
 Hulda : Sagas of the kings of Norway 1035-1177 : manuscript no. 66 fol. in the Arnamagnæan collection. — Jonna Louis-Jensen gaf út, 1968.
 Skálholtsbók eldri ; Jónsbók ; Járnsíða ; Kristinréttr Árna biskups ; Kristinréttr inn forni : AM 351 fol. — Christian Westergård-Nielsen gaf út, 1971.
 Romances : Perg. 4:0 nr. 6 in the Royal Library, Stockholm. — Desmond Slay gaf út, 1972.
 Fornaldarsagas and late medieval romances : AM 586 4to and AM 589 a-f 4to. — Agnete Loth gaf út, 1977.
 The Sagas of Ywain and Tristan and other tales : AM 489 4to. — Foster W. Blaisdell gaf út, 1980.
 Catilina and Jugurtha by Sallust and Pharsalia by Lucan in Old Norse : Rómverjasaga : AM 595 a-b 4to. — Jakob Benediktsson gaf út, 1980.
 The Great sagas of Olaf Tryggvason and Olaf the Saint : AM 61 fol. — Ólafur Halldórsson gaf út, 1982.
 Codex Trajectinus : the Utrecht manuscript of the Prose Edda. — Anthony Faulkes gaf út, 1985.
 The Saga of Gunnlaug Serpent-tongue and three other sagas : Perg. 4:0, NR 18 in the Royal Library, Stockholm. — Heiðarvíga saga, Gunnlaugs saga ormstungu o.fl. — Bjarni Einarsson gaf út, 1986.
 The King’s mirror : AM 243 a fol. — Konungs skuggsjá — Ludvig Holm-Olsen gaf út, 1987.
 Karlamagnus saga and some religious texts : AM 180 a and b fol. — Eyvind Fjeld Halvorsen gaf út, 1989.
 A saga of St. Peter the Apostle : Perg. 4:o nr 19 in the Royal Library, Stockholm. — Peter Godfrey Foote gaf út, 1990.
 The saga of king Olaf Tryggvason : AM 62 fol. — Ólafs saga Tryggvasonar hin mesta — Ólafur Halldórsson gaf út, 1993.

Skyldar ritraðir 
Sama forlag gaf út sambærilega ritröð um fornensk handrit, Early English Manuscripts in Facsimile, og eru komin út 29 bindi (2002).

Nú er hafin útgáfa á nýrri ritröð á geisladiskum, með prentaðri ritgerð um viðkomandi handrit: Early Nordic Manuscripts in digital Facsimile, og eru komin út þrjú bindi (2012).

Með hraðri þróun stafrænnar tækni og gagnamiðlunar á veraldarvefnum, hefur opnast möguleiki á að byggja upp stafrænt handritasafn á netinu. Er líklegt að það komi að nokkru leyti í staðinn fyrir ljósprentun handrita, a.m.k. til fræðilegra nota. Hins vegar þarf þá að finna vettvang fyrir rannsóknarritgerðirnar sem fylgdu slíkum útgáfum. Áfram verður þó trúlega markaður fyrir viðhafnarútgáfur af handritum.

Tengt efni 
 Early Nordic Manuscripts in Digital Facsimile
 Manuscripta Islandica
 Corpus Codicum Islandicorum Medii Aevi
 Corpus Codicum Norvegicorum Medii Aevi 
 Early English Manuscripts in Facsimile

Tenglar 
 Stafrænt handritasafn  — Á vefsíðu Árnastofnunar.
 handrit.is — Á vefsíðu Landsbókasafns, einnig handrit úr Árnasafni.

Heimildir 
 Vefsíða Rosenkilde og Bagger.

Íslensk handrit
Íslenskar bókmenntir"
1271,Hver var árangur íslenska handknattleiksliðsins á Ólympíuleikunum í Peking árið 2008?,Það vann silfurverðlaun.,,"Guðjón Valur Sigurðsson (fæddur 8. ágúst 1979) er íslenskur fyrrum handknattleiksmaður og þjálfari þýska handknattleiksliðsins Gummersbach. 

Guðjón Valur hóf feril sinn ungur og byrjaði með Gróttu á Seltjarnarnesi árið 1995 . Hann var kominn upp í meistaraflokk Gróttu ungur að árum og var valinn í landsliðið í fyrsta skipti þegar Grótta var í annarri deild en þjálfari liðsins var Ólafur B. Lárusson. 

Guðjón vildi reyna fyrir sér á nýjum stað og kaus að flytjast á Akureyri. Þar lék hann með KA í allnokkur ár en hélt seinna til Þýskalands og spilaði þar með Essen. Hjá Essen varð Guðjón Valur Evrópumeistari en félagið fór seinna í gjaldþrot og fór Guðjón Valur því í annað félag, Gummersbach. Þar lék hann undir stjórn Alfreðs Gíslasonar fyrrum landsliðsþjálfara Íslendinga. Guðjón var valinn handboltamaður ársins árið 2006 í Þýskalandi og var markahæsti leikmaður þýsku bundesligunnar. Árið 2008 skrifaði hann undir samning við Rhein-Neckar-Löwen í þýsku deildinni og árið 2011 fór hann til AG Köbenhavn. Árið 2012 skrifaði Guðjón undir samning við þýska liðinu THW Kiel. 2014 skrifaði síðan Guðjón undir samning við spænska liðinu FC Barcelona. Síðast lék hann PSG í frönsku deildinni. 

Guðjón lagði skóna á hilluna vorið 2020.  Guðjón var skömmu síðar ráðinn þjálfari Gummersbach.

Íslenska landsliðið
Í ágúst 2008 lék Guðjón Valur með íslenska landsliðinu á handknattleiksmóti karla á Ólympíuleikunum í Peking í Kína og vann til silfurverðlauna. Guðjón Valur var næstmarkahæsti leikmaður íslenska landsliðsins með 43 mörk og var valinn í sjö manna úrvalslið Ólympíuleikanna.
Guðjón Valur vann síðan sín önnur verðlaun með landsliðinu á stórmóti þegar íslenska landsliðið vann bronsverðlaun á Evrópumeistaramótinu í Austurríki 2010.
Hann lék einnig með íslenska landsliðinu á heimsmeistaramótinu í handknattleik karla í Svíþjóð 2011 og var næstmarkahæstur íslenskra leikmanna með 47 mörk og 68% skotnýtingu.
Guðjón Valur er markahæsti handboltamaður landsliða með 1875 mörk. Hann sló metið árið 2018 í landsleik við Þýskaland. Fyrsta landsliðsmark sitt skoraði hann árið 1999.

Heimildir 

Íslenskir handknattleiksmenn"
1272,Hvaða lið varð Íslandsmeistari í knattspyrnu karla árið 2008?,FH.,,"Árið 2008 var Íslandsmótið í knattspyrnu haldið í 97. skipti. Í fyrsta skipti var leikið í 12 liða deild og tók Fjölnir þátt í Landsbankadeild í fyrsta skipti í sögu félagsins. Á árinu urðu Knattspyrnufélagið Fram sem og Knattspyrnufélagið Víkingur 100 ára, en Víkingar leika í 1. deild. FH-ingar urðu Íslandsmeistarar eftir æsispennandi lokabaráttu, en þeir voru í 2. sæti að lokinni 21 umferð, en Keflvíkingar þurftu að sætta sig við 2. sætið, eftir að hafa verið lengi vel með forystu í deildinni.

Spáin

Spá þjálfara, fyriliða og forráðamanna allra liða í Landsbankadeild karla 2008 var gefin út 7. maí. Þar var Val spáð efsta sætinu en Fjölni og Grindavík falli.

Loka staðan í deildinni

Töfluyfirlit 

|}

Leikjaniðurröðun

1. umferð:

2. umferð

3. umferð

4. umferð

5. umferð

6. umferð

7. umferð

8. umferð

9. umferð

10. umferð

11. umferð

12. umferð

13. umferð

14. umferð

15. umferð

16. umferð

17. umferð:

18. umferð:

19. umferð:

20. umferð:

21. umferð:

22. umferð:

Markahæstu menn

Ath: Talan inni í sviganum eru mörk skoruð úr vítum, en hin talan eru heildarmörk, þar sem vítaspyrnur eru taldar með

Félagabreytingar

Félagabreytingar í upphafi tímabils

Upp í Landsbankadeild karla
  Þróttur
  Fjölnir
  Grindavík

Niður í 1. deild karla
  Víkingur

Félagabreytingar í lok tímabils

Upp í Pepsideild karla
  ÍBV
  Stjarnan

Niður í 1. deild karla
  HK
  ÍA

Heimildaskrá

Úrvalsdeildir karla í knattspyrnu á Íslandi"
1216,Við hvaða veru í norrænni goðafræði er Surtshellir kenndur?,Surt.,,"Surtshellir er einn lengsti og þekktasti hraunhellir á Íslandi, um 1.970 metrar á lengd (Kalmanshellir er lengri). Surtshellir er í Hallmundarhrauni, á um 40 m dýpi í um 14 km frá Húsafelli og 60 km frá Borgarnesi. Hæð til lofts í aðalhelli er 8-10 m og 2-4 m í vesturenda hans. Innsti hluti hellisins hefur verið kallaður Íshellir því í honum myndast ísstrýtur. Íshellir er í senn greiðfærasti og fegursti hluti hellisins, en hellisgólf hallar nokkuð. Þá er seinfarið um hellinn því í botni hans er víða stórgrýtt urð, sem fallið hefur úr þakinu. Á hellisþaki eru fimm op sem komast má um inn í hellinn. Opin hafa ýmist myndast við hrun eða sem útrásir fyrir hraunleðju. Þrír afhellar eru út frá fremsta hluta Surtshellis, Beinahellir, Hringhellir og Vígishellir hvar innan eru mannvirki, grjóthleðsla og fleiri hleðslur. Skammt frá Surtshelli er hellirinn Víðgelmir. Surtshellir og Víðgelmir eru vinsælir áfangastaðir ferðamanna.

Sögur og sagnir 
Surtshellir er kenndur við jötuninn Surt úr norrænni goðafræði. Í Landnámu og Harðarsögu segir frá vígamönnum sem eiga að hafa haft fylgsni sitt í hellinum. Þaðan er talið að Hellismannasaga sem Jón Árnason reit í þjóðsögusafn sitt hafi komið.

Nálægir staðir 
 Hraunfossar ,  Víðgelmir ,  Langjökull ,  Barnafoss .

Heimildir

Tenglar
 „Tveir hellar í Hallmundarhrauni“; grein í Skírni 1910
 Húsafell.is - Surtshellir 
 NAT.is - Surtshellir 
  Björn Hróarsson, etal.: Lava caves in the Hallmundarhraun lava flow, West Iceland. Proceedings of the 6th International Symposium on Volcanospeleology. (1991) (á ensku) 

Hellar á Íslandi
Hvítársíða"
1840,"Hvar er Dritvík, forn verstöð sem var ein af stærstu verstöðvum Íslands á 17., 18. og 19. öld?",Snæfellsnesi.,,"Dritvík var forn verstöð á Snæfellsnesi. Talið er að útræði þaðan hafi byrjað um miðja 16. öld og haldist í þrjár aldir. Talið er að allt að 600 til 700 manns hafi stundað sjósókn í Dritvík þegar mest var. Dritvík er umlukin hraunum á þrjá vegu. Mjög stutt var að róa á fengsæl fiskimið úr Dritvík og víkin var skjólgóð.

Nafnaskýringu á örnefninu Dritvík er að finna í Bárðar sögu Snæfellsáss: 
Bárður Dumbsson lagði sínu skipi inn í lón það sunnan gengur í nesið og þeir kölluðu Djúpalón. Þar gekk Bárður á land og hans menn og er þeir komu í gjárskúta einn stóran þá blótuðu þeir til heilla sér. Það heitir nú Tröllakirkja. Síðan settur þeir upp skip sitt í vík einni. Þar á lóninu höfðu þeir gengið á borð að álfreka  og þann sama vallgang  rak upp í þessari vík og því heitir það Dritvík.

Dritvík er í landi Hólahóla. Landleiðin þangað var löngum torsótt og þurfti að fara yfir úfið hraun. Af Djúpalónssandi er hægt að komast í víkina meðfram sjó en annars þarf að fara yfir úfið og illfært hraun. 

Helgafellsklaustur eignaðist Hólahóla árið 1364 þegar Halldóra Þorvaldsdóttir gaf klaustrinu upp í próventu sína þrjár jarðir. Dritvík kemur fyrst fyrir í rituðum heimildum árið 1530 í skjali þar sem segir að skreiðarafgjöld Helgafellsklausturs eigi að afhenda þar. 

Bátar lentu annað hvort á Mölinni eða Pollinum sem myndaðist milli Bárðarskips og Dritvíkurkletts. 

Á 17., 18. og framan af 19. öld var Dritvík ein stærsta verstöð á Íslandi. Í 18. aldar heimild segir að til forna hafi gengið þar 70 - 80 skip en á 18. öld voru bátar í víkinni oft 40 - 50. Á 19. öld fór að draga úr sjósókn úr Dritvík og útræði þaðan lauk árið 1861. Bátar sem réru úr Dritvík voru flestir áttæringar og minni skip en sexæringar munu ekki hafa gengið þaðan. Fátt er nú í Dritvík sem sýnir að þar hafi 500-600 vermenn hafist við á hverjum vetri. Engar búðarleifar eru þar því menn höfðust við í tjöldum sem voru þannig að tóttir voru hlaðnar og tjaldað yfir. Í vertíðarlok voru tjöldin tekin niður. Örfáar þurrabúðir voru í Dritvík en flestir dvöldu þar aðeins meðan þeir réru til fiskjar.

Jón Helgason orti um Dritvík:

Nú er í Dritvík daufleg vist,
drungalegt nesið kalda;
sjást ekki lengur seglin hvít
sjóndeildarhringinn tjalda,
Tröllakirkjunnar tíðasöng
 tóna þau Hlér og Alda.
 Fullsterk mun þungt að færa á stall,
 fáir sem honum valda.

Tilvísanir 

Snæfellsbær
Víkur á Íslandi"
1192,Undanfari hvers konar skóla var Gagnfræðaskólinn við Lindargötu?,Fjölbrautaskóla.,,"Gagnfræðaskólinn við Lindargötu eða Lindargötuskólinn var framhaldsskóli í Reykjavík við Lindargötu í Reykjavík eftir að Gagnfræðaskóli Reykjavíkur flutti þaðan 1949. Lindargötuskólinn var undanfari fjölbrautaskóla en árið 1969 var stofnað til framhaldsnáms við Gagnfræðaskólann við Lindargötu fyrir nemendur sem ekki uppfylltu inntökuskilyrði menntaskólanna. Á þessum tíma þurftu nemendur að ljúka landsprófi miðskóla til að komast inn í menntaskóla.

Í Lindargötuskólanum var boðið upp á tveggja ára framhaldsdeildir (5. og 6. bekk)  að loknu gagnfræðaprófi í fjórum deildum,  það er verslunarnám, hjúkrunarbraut, eðlisfræðibraut og uppeldisbraut. Haustið 1977 fluttust heilbrigðis- og uppeldissvið Lindargötuskólans í Ármúlaskóla og runnu saman við skóla sem síðar varð Fjölbrautaskólinn við Ármúla. 

Áður en hann kom til var þar starfandi Franski spítalinn í Reykjavík. Lindargötuskólinn varð síðan að Tónmenntaskóla Reykjavíkur. 

Hafsteinn Þór Stefánsson var skólastjóri við Gagnfræðaskólann við Lindargötu frá 1972 til 1977.

Tengt efni 
 Gagnfræðaskóli Reykjavíkur (Ingimarsskólinn)

Aflagðir skólar á Íslandi
Miðborg Reykjavíkur"
1408,Hvenær urðu Skaftáreldar?,Árið 1783.,,"Litla ísöld er hugtak sem notað er um langvarandi kuldatímabil, þó ekki sé um eiginlega ísöld að ræða. Oftast er átt við tímabilið 1450-1900, en einnig er talað um að kuldatímabil hafi byrjað um 1100 og staðið fram á 17. öld. Upp úr því hafi farið hlýnandi fram til um 1900 og hlýnunin aukist hratt upp frá því og er þá talað um heimshlýnun.

Þær heimildir sem hægt er að styðjast við til að rannsaka þetta kuldatímabil eru einkum skrifaðar heimildir frá þessum tímum, en einnig rannsóknir á borkjörnum frá jöklum eins og Grænlandsjökli.

Ef skoðaðar eru ritheimildir kemur í ljós að áhrif þessara hitabreytinga hafa verið nokkrar á líf fólksins og ýmsar hamfarir áttu sér stað í Evrópu sem leiddu til dauða fólks. Hér eru nokkur dæmi:

 1595: Gietroz-jökullinn í Sviss stíflar ána Dranse og um 70 manns láta lífið.
 1600-1610: Chamonix-jökullinn í Frakklandi eyðir 3 þorpum. 
 1670-1680: Mikil mannfækkun hjá íbúum í námunda við jökla í austurhluta Alpanna, á meðan fólki fjölgaði víða annarsstaðar í álfunni.
 1695-1709: Jöklar á Íslandi eyða mörgum bæjum og sveitum.
 1710-1735: Jöklar í Noregi stækka um 100 metra á ári á þessu 25 ára tímabili.
 1748-1750: Jöklar í Noregi ná sínu hámarki á Litlu ísöld. 

Þáttur Íslands í þeim hörmungum sem dundu yfir Evrópu á þessum tímum er nokkur. Árið 1783 hófust Skaftáreldar hér á landi sem munu vera með mestu eldsumbrotum á sögulegum tímum. Byrjun þeirra er sennilega best lýst með orðum Jóns Steingrímssonar, eldklerks:

Þessar hörmungar hafa haft mikil áhrif á afkomu Íslendinga á þessum tímum, en einnig fundu Evrópubúar fyrir þessum hamförum. Benjamin Franklin skrifaði um um bláleita móðu sem liðast yfir Evrópu og Norður-Ameríku þannig að sólar naut ekki eins lengi við og venjulega.  Þetta hefur haft mikil áhrif á hitafar og landbúnað eins og gefur að skilja.

Einkenni þessa kalda tímabils hefur einkum birst í því að landbúnaður hefur orðið erfiðari og sumstaðar í Evrópu styttist ræktunartíminn um tvo mánuði miðað við hvernig að honum er staðið í dag. Þetta hefur haft keðjuverkandi áhrif á ýmsa þætti samfélagsins, s.s. heilsu, fjárhag, stéttabaráttu og menningarlíf, svo eitthvað sé nefnt. Það er því ljóst að um er að ræða kuldaskeið sem fólk hefur fundið fyrir mjög áþreifanlega eins og hér á Íslandi þar sem smávægilegar hitabreytingar geta haft nokkur áhrif á hinn viðkvæma landbúnað sem menn stunduðu hér á fyrri öldum.

Ástæður Litlu ísaldar 
En hversvegna kólnaði svona á jörðinni á þessum stutta kafla í mannkynsögunni? Nokkrar skýringar hafa verið settar fram:
 Breytingar á virkni sólar.
 Breytingar á efnasamsetningu lofthjúpsins.
 Breytingar á armengun.
 Breytingar á landnotkun.
 Eldgos.
 Breytingar á brautarþáttum jarðar.
 Tilviljunarkenndur, innri breytileiki hringrásar lofthjúps og sjávar.

Breytingar á virkni sólar 
Rannsóknir hafa bent til þess að breytingar á virkni sólar hafi verið nokkrar á undanförnum öldum, sem kann að hafa áhrif á veðurfar.  Samkvæmt rannsóknum J. Lean mun sólstuðullinn svokallaði hafa sveiflast um 3 Wm-2 á síðustu 400 árum.

Breytingar á efnasamsetningu lofthjúpsins 
Þessi þáttur er einkum bundin við áhrif mannsins og taldar hafa orsakað þær breytingar sem orðið hafa á veðurfarinu á 20. öld. Einhverjar breytingar urðu á magni koltvísýrings fyrir iðnbyltingu, en hversu miklar þær breytingar voru er ekki vitað. Munu þær breytingar hafa verið að einhverju leyti af mannavöldum, m.a. vegna breytinga á gróðurlendi.

Breytingar á armengun 
Slíkar breytingar urðu mestar á síðustu 2-3 hundruð árum og tengjast aukinni iðnvæðingu og umsvifum mannsins. En slík mengun er ekki talin hafa haft áhrif þegar litið er lengra aftur í tímann.

Breytingar á landnotkun 
Mikil skógeyðing í Kína og Evrópu á 18. öld, og í N-Ameríku og víðar á 19. öld er talin hafa haft einhver áhrif á þessar breytingar. Kemur þar til endurskinshlutfall jarðarinnar við sögu, því endurkasthlutfall akra er oft meira en endurkasthlutfall skóglendis, sem gat þýtt að meðalhiti lækkaði sérstaklega á veturna þegar akrarnir voru snævi þaktir.

Eldgos 
Stór eldgos geta haft mikil áhrif á veðurfarið og þegar stór eldgos eru tíð er talið að hitafar sé lægra en þegar þau eru fátíðari.

Breytingar á brautarþáttum jarðar 
Breytingar á möndulhalla, sólnándarreki og hringviki eru af sumum fræðimönnum taldar hafa haft einhver áhrif á kólnun eftir aldamótin 1100.

Tilviljanakenndur, innri breytileiki hringrásar lofthjúps og sjávar 
Gerðar hafa verið tilraunir á að láta líkön lofthjúps og hafs ganga á sínum eigin breytileikum, en ljóst er að það eitt og sér skýrir ekki hitabreytingar, heldur er það líklegra að allir hinir ofangreindu þætti eigi sinn þátt í að stuðla að þessum breytingum í afar flóknu ferli.

Áhrif Litlu ísaldar á íslenskt veðurfar og samfélag 
Þar sem aðallega er byggt á skriflegum heimildum þegar litið er til baka á hitafar fyrri alda getur verið erfitt að segja nákvæmlega fyrir um ýmis atriði varðandi hitasveiflur og hversu nákvæmar þær voru í samanburði við þá tækni sem við búum yfir í dag til að mæla veðurfar. En með því að skoða skriflegar heimildir er hægt að sjá hvernig þankagangur þjóðarinnar var, hvernig lýstu menn tíðarfarinu hverju sinni og hvað var það sem stóð upp úr að þeirra mati. Eftirfarandi vísa er eftir Bjarna skálda og eru úr Aldasöng hans frá því um 1600:

Nú dregur fjúk og frost
úr fénaði öllum kost,
oft koma ísar og snjóar,
óár til lands og sjóar,
sumarið, sem menn kalla,
sjást nú fuglar valla.

Vísa þessi segir lesendum mikið um hvernig tíðarandinn var á þessum tímum og hvernig svartsýni hefur gripið menn og þeir virðast muna eftir betri árum áður fyrr. Sumarið er ekki svipur hjá sjón og farfuglar láta varla sjá sig.

Eins og áður hefur komið fram er talað um að umrædd kólnun hafi byrjað í kringum árið 1100 og um 1200 hafi kuldaskeiðið byrjað að kólna verulega. Fyrir þann tíma virðist loftslag hafa verið nokkuð skaplegra en síðar var. Það virðist hafa verið nokkuð algengt hér á Íslandi að menn ræktuðu ýmsar korntegundir og sést það m.a. á ýmsum heimildum og á örnefnum sem tengjast akurlendi víða um land. Jöklar virðast hafa verið minni en þeir eru í dag, t.d. hét Vatnajökull lengi vel Klofajökull sem bendir til þess að hann hafi verið klofinn og í raun tveir jöklar. Athyglisvert er að þjóðveldisöld líkur um svipað leyti og kólnunin er talin hefjast af alvöru og mikill ófriður geisar í landinu í kringum aldamótin 1200 og sú óöld sem gjarnan er kennd við Sturlungaöld gæti að einhverju leyti tengst kólnandi veðurfari og um leið versnandi efnahag.

Í Annálum má oft sjá vísbendingar um veðurfar hverju sinni, t.d. hvernig harðindavetur gengu yfir landið eins og fram kemur í Skarðsannál þar sem sjá má að 17. öld hefur verið býsna hörð og sjá má hvernig sú ótíð hefur leikið þjóðina grátt. Þar bera einstök tímabil afar lýsandi heiti, nöfn á borð við Eymdarár (1604), Jarðbannsvetur eða Svellavetur (1625), Áfreðavetur eða Svelli (1627) og Jökulvetur'' (1630). 

Þannig má sjá að heimildir landsmanna sýna að þeir hafa fundið fyrir breytingum á veðráttunni og því ljóst að þetta reikula tímabil sem við nefnum Litla Ísöld hefur snert við Íslendingum og hert lífsróður þeirra til muna.

Tilvísanir

Heimildir og tenglar 
 
 
 
 
 
 http://www2.sunysuffolk.edu/mandias/lia/little_ice_age.html 
 http://wayback.vefsafn.is/wayback/20041023041810/www.islandia.is/hamfarir/jardfraedilegt/eldgos/skaftareldar.html
 http://www.vedur.is/loftslag/breytingar/landnam/

Loftslag
Jöklafræði"
1277,Á hvaða árstíma átti ullarvinnsla á Íslandi sér stað áður fyrr?,Um vetur.,,"Ull eru hár sumra spendýra og myndar feld til að halda að þeim hita. Ull er einnig hugtak sem er haft um unna vöru en það er ull af sauðfé en einnig geitum, lamadýrum og angórukanínum.

Vinnsla ullar á Íslandi 
Ull er unnin þannig að kindur eru fyrst rúnar, og ullin síðan þvegin og þurrkuð. Því næst er hún kembd og spunnin. Gæði ullarinnar fer eftir lengd og fínleika þráðanna. Lengd þráðanna er frá 40-150 mm og fínleiki frá 15-30 mm. 

Vegna sérstakrar hárgerðar íslensku ullarinnar er auðvelt að útbúa úr henni fjölbreyttan fatnað, allt frá undirfatnaði til þykkra hlífðarfata en hún er  hlý og veitir skjól í alls kyns veðrum og gegndi margþættu hlutverki í búskap.

Ull var unnin að vetri til en fólk hófst ekki handa við vinnslu ullar fyrr en eftir sláturtíð. Í upphafi úrvinnslunnar var tog aðskilið frá þelinu en það kallaðist að taka ofan af ullinni. Því næst tæjaði fólk þelið, það er greiddi því í sundur, áður en það var sett í ullarkamba þar sem það var kembt svo vel að hvergi sást hnökri í kembunni. Úr kembunni var svo spunninn þráður, fyrst með snældu en síðar með rokk. Þráðurinn var ýmist notaður einspinna,tvinnaður eða þrinnaður. Ef þráðurinn átti að vera tvinnaður voru tvær fullar snældur settar í snældustól og þrjár snældur ef þráðurinn átti að vera þrinnaður. Þræðinum var síðan undið upp í hnykla eða á hesputré (viðartré).

Togið sem tekið var ofan af ullinni var vel nýtt. Togið var spunnið ýmist á rokk eða halasnældu í mismunandi grófan þráð eftir notkun en togþráðurinn var venjulega þrinnaður. Togþráðurinn var til dæmis notaður til að verpa skinnskó, í snjósokka eða ytri sokka (togsokka) og einnig voru búin til úr honum hrognkelsanet. 

Togið á íslensku ullinni hefur fjölbreytilegt notagildi en það líkist mest hör eða líni. Til þess að hreinsa togið voru notaðir svokallaðir togkambar en í þeim var unnið það vandaðasta fyrir vefnað og útsaum. Sem dæmi má nefna fléttusaum (íslenska krosssauminn). Fyrr á öldum var allur klæðnaður heimilisfólks handsaumaður en togþráðurinn var notaður til þess að sauma hann. Þar má nefna skúfinn við skotthúfuna (sem er hluti af upphlut). Notagildi togsins var  fjölbreytt  og var það einnig notað í grófar rúmábreiður, segl á báta, í tjöld og vaðmál. 

Íslenska ullin hentar  vel í  listrænan vefnað, prjón og útsaum  en allur vefnaður á Íslandi fram til loka 19. aldar byggðist eingöngu á ullinni.

Peysufatavaðmálið var það vaðmál sem mest var vandað til. Vandasamt verk var að spinna í dúksvunturnar og að vinna peysufatasjöl. Ýmiss konar annar fatnaður var unninn úr íslensku vaðmáli, svo sem skrautföt, treflar og prjónapeysur fyrir karlmenn.

Ullarþvottur á Íslandi 
Fram yfir síðari heimsstyrjöld var mikill hluti íslenskrar ullar þveginn heima á bæjum. Við ullarverkun þurfti að safna keytu til ullarþvottar. Öllu þvagi sem til féll var safnað því lítið var fáanlegt af þvottaefnum en keytan þótti bæði betra þvottaefni og svo var hún ódýr.

Þegar búið var að rýja féð voru mestu óhreinindin barin úr – kallað að berja ullina Ullin var vanalega þvegin við á eða læk á þurrum sumardegi. Tvenns konar aðferðum var beitt við ullarþvott. Önnur aðferðin var sú að ullin var þvæld sem fólst í því að vatn var hitað í stórum potti og keytu blandað við, 1/3 keyta og 2/3 vatn. Ullinni var síðan bætt út í pottinn og hún var þvæld fram og aftur í nokkra stund. Lögurinn í pottinum mátti ekki ofhitna, 40-45°C, vegna þess að þá bráðnaði sauðfitan of mikið úr ullinni og yrði verri til tóskapur. Næst var ullin sett á smágrind sem lögð var yfir pottinn. Þetta var gerst til þess að lögurinn sem rann úr ullinni tapaðist ekki heldur rynni beint aftur niður í pottinn. Ullin var því næst þvegin í sjó eða rennandi vatni og borin út á tún. Þegar þurrkur kom var ullin breidd til þerris.

Önnur aðferð kallast var tunnu- eða stampaþvottur sem var algengari sérstaklega ef um mikla ull var að ræða. Lögurinn var látinn í stamp eða tunnu og ullin sett í löginn. Ullin var troðin niður með berum fótum eins þétt og hægt var. Sá sem tróð ullina þvældi hana í leiðinni með fótunum. Þegar öll ullin var komin í tunnuna var lokað fyrir hana svo hitinn héldist og látin standa svo í eina til tvær klukkustundir. Að því búnu var ullin tekin úr tunnunni og þvegin í sjó eða rennandi vatni. Ekki mátti taka nema lítið úr tunnunni í einu því þegar ullin kom í kalt vatn vildu óhreinindin festast í henni og hún varð stöm. Þegar búið var að þvo ullina var hún borin út á tún og þurrkuð.

Þegar ullin var orðin þurr var hún flokkuð. Fyrst valin sú ull sem var mjög hvít og með mikið þel en úr henni átti að vinna nærföt. Síðan var öll mislit ull tekin frá en úr henni átti að vinna betri sokkaplögg og vettlinga, rendur í sokka, herðasjöl og hluti til skrauts. Ull sem var gul eða togmikil var notuð í grófari fatnað svo sem ytri föt þar sem efnið var ofið í vefstól. Flókar og úrgangsull var notuð til ýmissa þarfa svo sem í reipi og gjarðir.

Þegar ullin var þvegin fóru allir í sín verstu föt því ullarþvottur þótti óþrifaleg vinna. Í sveitum var ullarþvottur aðallega í verkahring kvenna en umtalsverð vinna var við ullarþvott. Með flutningum fólks úr sveit í bæ á fyrri hluta 20. aldar dró úr ullarþvotti heima fyrir. Ullarþvottavélum var komið upp í klæðaverksmiðjunum Iðunni, Gefjun og Álafossi en oft þurfti að þvo aftur heimaþvegna ull þegar hún kom til vinnslu í ullarverksmiðjunum.

Eiginleiki ullar 
Eðliseiginleikar ullar gera hana togþolna og þjála. Þurr hiti feyskir ull. Hún harðnar við 100°C og við 130°C gulnar hún og molnar, kosturinn við hana er að hún brennur ekki.

Áhrif raka og hita á ull eru sérstök. Raki og hiti gera ull þjála, sé þrýstingi beitt má móta hana. Hún geymist lengi óskemmd ef hitastig er eðlilegt og rakastig minna en 65%.

Verði ull fyrir núningi þegar hún er blaut þófnar hún, því heitari sem hún er þeim mun meira þófnar hún. Ullin hleypur ekki en getur þæfst í vélþvotti og við hátt ph gildi. Hún er einnig frekar viðkvæm fyrir sól og brotnar fljótt niður í sólarljósi. Ullin þolir ekki þurrkara.

Ullin hefur frá náttúrunnar hendi afar góða einangrunareiginleika og stafar það af því að þræðirnir eru liðaðir og loftrými er því mikið í þeim sem er mikilvægt fyrir vinnslu hennar og notkun. Liðirnir eru mestir í fínustu ullargerðum eins og loðbandi sem er bylgjað með mikilli fyllingu en minni í grófari ull líkt og kambgarni sem er slétt með lítilli fyllingu. Bylgjurnar auðvelda spuna á loðbandi en bandið verður fjaðurmagnaðra og ullarvörurnar léttari og hlýrri. Þessir eiginleikar ullar ásamt þjáll hennar valda því að fötin þola mikið hnjask án þess að á þeim sjáist. Ullarflíkur geta varið fólk gegn kulda jafnt sem hita. Til dæmis ver ull fólk á hásléttum Argentínu og Ástralíu gegn hita dagsins og kulda næturinnar.

Ullarhár sauðfjár 
Ullarhár sauðfjár er í fjórum lögum. Yst er þunn vatnsverjandi himna sem hlífir hárinu. Á himnunni eru lítil göt, hárið getur þannig tekið við raka eða losað sig við hann. Vegna þessa eigileika ullarinnar er ull þægilegt hráefni í klæðnað. Undir himnunni er hreisturslag sem er flögumyndað, þessar flögur eru ein aðalskýringin á þófeiginleikum ullar. Þriðja lagið er hárkjarni sem er meginhluti hársins eða meira en 90% þess og er myndað af löngum snældulaga frumum og skýrir sú frumumyndun togþjálni ullar. Fjórða lagið má finna í grófum hárum en í þeim er oft mergur eða laus fylling af opnum, glúfum frumum. Þessi mergur rýir gæði ullar til iðnaðar. Ullarfita frá fitukirtlum smyr hárin og ver þau, mismikið eftir tegundum, en er nauðsynleg til þess að hægt sé að kemba hana.

Íslensk ull 

Munur er á ull eftir kyni og aldri fjár. Ullin er grófust á gömlum hrútum en lambsull fíngerðust. Munur getur einnig verðið á ull eftir því hvar ullin vex á sauðkindinni. 

Íslensku ullinni hefur verið skipt í fjóra flokka eftir eðli og eiginleikum. Ullarhárin skiptast í þelhár, toghár, hvítar illhærur og rauðgular illhærur.

Þelhárin eru fínustu og stystu hár reyfisins og finnast í reyfinu innanverðu og mynda þar svokallaðan þelfót. Fín ull er betur fallin til iðnaðar en gróf ull. Í íslensku ullinni er um 88% af öllum hárum í reyfinu þelhár en vegna þess hve stutt þau eru og fín vega þau ekki nema um 50% af þunga reyfsins. Sumir fjárstofnar erlendis hafa nánast ekkert þel og til eru aðrir sem eru allt að því toglausir. Að fínleika jafnast íslensku þelhárin við merinóull en munur er á gildleika og lengd.

Þelhárin í íslensku ullinni eru frábrugðin öðrum vegna þess að þau eru óreglulega liðuð. Til dæmis verður þelþráður úr íslenskri ull fyrirferðameiri en þráður úr jafn mörgum hárum af merinólull því hárin falla ekki þétt hvert að öðru í þræði. Þelhárið heldur einnig meira lofti og einangrar betur en þráður úr merinóull.

Íslensk lopapeysa 

Ekki er langt síðan að íslenska lopapeysan kom fram á sjónarsviðið. Handprjónaðar lopapeysur urðu afskaplega vinsælar á seinni heimsstyrjaldarárunum en þá voru svokallaðir hringprjónar notaðir. Munstur á þessum lopapeysum byggðust aðallega á hefðbundnu norsku munstri en það er tvíbanda með beinum axlabekkjum. Lopapeysan með hringlaga axlabekkjunum er sköpunarverk íslenskra prjónakvenna á síðari hluta sjötta áratugar 20. aldar. Íslenska lopapeysan hefur orðið mjög vinsæl á meðal bæði þjóðarinnar og ferðamanna en vegna hennar opnuðust erlendir markaðir fyrir íslenskar vélprjónaðar vörur. Hönnun á prjónavörum hefur orðið sérstök atvinnugrein alveg síðan að prjónaiðnaður varð að útflutningsiðnaði og í dag eru nokkrir hönnuðir sem vinna við prjónaframleiðslu. Til að byrja með var íslenska lopapeysan eingöngu í íslensku sauðalitunum en með tímanum hafa litir og munstur þróast og alls konar útfærslur og snið hafa mótast hjá hinum ýmsu hönnuðum. Í þrjá áratugi hafa íslenskar lopapeysur verið prjónaðar af fjölda kvenna og eiga flestir Íslendingar slíkar peysur. Erlendir ferðamenn eru að sama skapi áfjáðir í að kaupa þær. Mest er prjónað af lopapeysum en einnig er vinsælt að prjóna sjöl, hyrnur, húfur, sokka og vettlinga. Íslenska lopapeysan átti stærstan þátt í því að opna markað fyrir íslenskar ullarvörur úti í hinum stóra heimi.

Útflutningur 
Mestan hluta Íslandssögunnar hefur ull verið ein helsta útflutningsvara Íslendinga. Á 17. öld var unnin ull aðalútflutningsvara Íslendinga. Smá saman dró úr útflutningi á unninni ull og á 19. öld var rúmlega helmingur af ull Íslendinga flutt óunnin út. Langt fram eftir 20. öldinni fór ullarframleiðsla fram á heimilum landsmanna en færðist að mestu leyti, í lok seinni heimsstyrjaldarinnar, í hendur ullarverksmiðja.

Fólk prjónaði eða óf ýmsar flíkur og þæfði síðan flíkurnar til þess að þær entust betur. Framan af notaði fólk snældu við ullarframleiðslu en með tilkomu rokksins jókst framleiðslan enn frekar. Ullarframleiðsla tók stakkaskiptum með tilkomu fyrstu ullarvinnsluvélarinnar árið 1884. Landsmenn hættu hinsvegar ekki að prjóna og er prjónaskapur enn þann dag í dag tómstundaiðja hjá mörgum Íslendingum. Helstu vörurnar sem eru framleiddar á Íslandi og fluttar út eru prjónaðar lopapeysur.

Ull á alþjóðlegum markaði 
Ull var fyrsta varan sem verslað var með á alþjóðlegum markaði og er enn þann dag í mjög mikilvægur þáttur í landbúnaði margra landa. Alþjóðleg ullarframleiðsla er um 1,3 milljón tonn á ári. Rúmlega helmingur allrar alþjóðlegrar framleiðslu fer í fataiðnað. Í Ástralíu fer mesta ullarframleiðslan fram. Nýja Sjáland kemur á eftir Ástralíu en þeir framleiða mest af öllum í heiminum af kynblendinni ull. Kína er þriðji stærsti framleiðandi ullarinnar. 

Ull er seld á mismunandi hátt. Flestir fjárbændur hafa ekki nægilega mikið af ull til þess að geta selt hana beint til verslana eða vöruhúsa. Vöruhúsin vilja flokka ullina eftir gæðum og tegundum en til þess að það sé hægt þarf að hafa mikið magn af ull. Það eru fáir sem geta framleitt svo mikið af ull þannig að margir bændur í Bandaríkjunum sameina ullina sína til þess að geta markaðssett hana. Í þessari sameiginlegu ullarsölu er nægilegt magn af ull til að flokka hana eftir gæðum og tegundum. Í sumum vöruhúsum er ullin seld á uppboðum fyrir ákveðna kaupendur. 

Bein viðskipti með ull er þegar seljandinn selur ullina beint til endanlega kaupandans en ekki til ullarvöruhúsa eða annarra framleiðenda. Algengustu beinu viðskiptin eru þegar ull er seld beint til vefara og annars handverksfólks. Handverksfólk sem býr til föt eða aðra hluti úr ullinni vill hafa ullina sem hreinasta og lausa við alla mengun. Bændur verða að huga að þessum kröfum neytenda þegar þeir vinna með ullina.

Tilvísanir

Heimildir 
 
 Halldóra Bjarnadóttir. (1966). Vefnaður á íslenzkum heimilum á 19. öld og fyrri hluta 20. aldar. Reykjavík: Bókaútgáfa Menningarsjóðs. (bls. 61- 63, 67- 70).
 Jóhannes Jónsson. (1982). „Þjóðhættir á Ströndum“. Strandapósturinn, 16 (bls. 12-14).
 Magnús Guðmundsson. (1988). Ull verður Gull, ullariðnaður Íslendinga á síðari hluta 19. aldar og á 20. öld. Reykjavík: Hið íslenska bókmenntafélag. (bls. 96- 98).

Tenglar 

 „Gamli og nýi tíminn á Álafossi“; grein í Vísi 1963
 „Gildi íslenskrar ullar“; grein í Lesbók Morgunblaðsins 1949
 Íslenska sauðkindin og saga sauðfjárræktar á Íslandi
 „Ullin — vanrækt vinnsluefni“; grein í Frjálsri verslun 1946
 „Verður ull okkar gull?“; grein í Morgunblaðinu 1984
 „Wool Marketing“; grein eftir Susan Schoenian"
1543,Hversu margir fórust þegar Sjöstjarnan KE 8 fórst rétt fyrir utan suðurströnd Íslands þann 11. febrúar árið 1973?,10 manns.,,"Sjöstjarnan KE 8 var 100 tonna eikarbátur frá Keflavík sem fórst að því er talið er rétt fyrir utan suðurströnd Íslands þann 11. febrúar árið 1973. Með bátnum fórust 10 manns og þar af voru 5 Íslendingar. Báturinn hafði verið að koma úr viðgerð í Færeyjum og þegar hann var staddur um 100 sjómílur aust-suðaustur af Dyrhólaey, tilkynnti skipstjóri bátsins, Engilbert Kolbeinsson, að leki væri komin að bátnum. Afar vont veður var á svæðinu og skip voru tafarlaust send á svæðið til hjálpar. Síðustu skilaboð frá Engilbert voru að allir úr áhöfninni væru komnir um borð í gúmmíbáta og hann væri einn eftir í skipinu og einungis tímaspursmál hvenær báturinn sykki. Ein umfangsmesta leit Íslandssögunnar á sjó fór fram næstu 10 daga en hvorki fannst tangur né tetur af bátnum fyrr en á síðasta degi leitar að leifar af gúmmíbjörgunarbáti fundust og var lík eins skipverjans bundið þar við.

Áhöfn Sjöstjörnunnar KE 8
 Engilbert Kolbeinsson, skipstjóri (34 ára).
 Gréta Þórarinsdóttir, matsveinn (27 ára).
 Þór Kjartansson, stýrimaður (26 ára).
 Guðmundur J. Magnússon, fyrsti vélstjóri (41 árs).
 Alexander Gjöveraa, háseti (38 ára).
 John Fritz, 2. vélstjóri (47 ára).
 Arnfinn Jóensen, háseti (17 ára).
 Niels Jul Haraldsen, háseti (46 ára).
 Hans Marius Ness, háseti (16 ára).
 Holberg Bernhardsen, háseti (28 ára).

Heimildir
 Ísland í aldanna rás 1900-2000 eftir Illuga Jökulsson, Reykjavík 2003. 

Skip
Sjóslys"
1233,Hver var algengasta dánarorsök Reykvíkinga í upphafi 20. aldar?,Berklar.,,"Berklar (áður kallaðir tæring) er lífshættulegur sjúkdómur sem smitast á milli manna í gegnum andrúmsloftið. Þeir hafa valdið fjölda dauðsfalla um allan heim. Algengasti orsakavaldurinn eru bakteríur af tegundinni Mycobacterium tuberculosis. Fyrir hálfri öld síðan komu fram fyrstu lyfin við sjúkdómnum en áður en lyfin komu til sögunnar notaðist fólk við aðrar aðferðir til að lækna berklana. Berklafaraldurinn stóð í hámarki á Íslandi um 1900 en þá var hann farinn að minnka í öðrum nágrannalöndum. 

Til eru tvær tegundir af berklasýklum sem verka á menn og eru álíka skæðir. Það eru hinn venjulegi berklasýkill (M. tuberculosis) og svo önnur tegund (M. bovis) sem einkum leggst á nautgripi en menn geta einnig smitast af (og stundum líka af fuglaberklum (M. avium)). Auk þeirra eru til undirtegundir, sem eru á ýmsan hátt afbrigðilegir, bæði í ræktun og hegðun í tilraunadýrum. Geta sumir þeirra valdið sýkingu hjá mönnum og dýrum en sýkingin er yfirleitt vægari og eru þessir sýklar því engan veginn eins skæðir fyrir menn. Þessar afbrigðulegu undirtegundir hafa færst í aukana á síðari árum og er sú kenning til að sumir þeirra að minnsta kosti hafi komið fram eftir að lyf fundust við berklaveiki.

Almennt um berkla 
Berklar er lífshættulegur smitsjúkdómur sem smitast á milli manna um öndunarfæri. Meinvaldurinn er baktería sem kemst inn í líkamann við öndun, hún berst svo með blóðrás úr öndunarfærunum um líkamann. Berklasýkilinn hreiðrar svo um sig í nýrum, beinum eða miðtaugakerfi. Algengast er að þeir valdi sjúkdómi í lungunum, þar eru vaxtarskilyrðin góð, aðallega í lungnatoppnum.

Berklar smitast aðallega með hósta, þá dreifast berklasýklarnir um loftið og því erfitt að forðast smit. Ef berklasjúklingur hóstar á markaðstorgi getur heilbrigður einstaklingur samt smitast þó liðið hafa þrjár klukkustundir á milli. Berklarnir eru samt ekki mjög smitandi til dæmis miðað við flensur, smithættan er meiri eftir því sem samskipti við sjúklinginn eru nánari.

Heilbrigt líferni, hreinlæti og hreysti er mjög mikilvægt fyrir einstaklinga að búa yfir til að verjast bakteríunni. Þeir verða sjaldan varir við nokkuð þó þeir hafi andað að sér berklabakteríunni. Auk þess smitar þetta fólk ekki út frá sér en til þess að geta smitað aðra þarf maður að vera orðinn sjúkur af berklum. Í kringum 1800 bjó fólk þröngt, í lélegum húsum og við óþrifnað sem varð til þess að berklaveikin breiddist hratt út.

Lækningar við berklum 
Áður en lyfin komu til sögunnar var öðrum aðferðum beitt til að reyna að sigrast á sjúkdómnum. Ein aðferðin, blásning, virkaði þannig að lofti var blásið inn í brjósthol sjúklings til þess að fá lungað til að falla saman. Þeir sjúklingar sem þessi aðferð var notuð á, voru með berklaígerð og berklaholur á lunga. Þessi aðferð var árangursrík og jukust batahorfur sjúklinga um mun. Brennsla er önnur aðferð sem var notuð. Samvextirnir voru brenndir með rafmagnsbrennslu. Þegar engin önnur aðferð virkaði og ekki var hægt að nota blásningu, sem var yfirleitt fyrsti kostur, var höggning notuð, oftast vegna þess að sjúklingar höfðu þá fengið brjósthimnubólgu. Þá voru efstu rifbeinin fjarðlægð úr sjúklingnum, stundum sex til átta rifbein, og féll þá brjóstkassinn. Tilgangurinn með höggningu var sá sami og hinna aðferðanna, þ.e. að berklaholan lokaðist.

Algengustu lyfin við berklum eru isoniazid og rifampin. Þegar stofnar af berklabakteríunni eru ónæmir fyrir þessum lyfjum, kallast þeir fjölónæmir. Ef um slíkt smit er að ræða, kostar það að minnsta kosti 100 sinnum meira að lækna það heldur en ef hægt væri að nota hefðbundin lyf. Venjuleg meðferð tekur um sex mánuði og kostar um 2000 kr. en það kostar meira en milljón að lækna einstakling sem er smitaður af fjölónæmri berklabakteríu og tekur það um tvö ár. Engin lyf voru til við meðhöndlun berkla, fyrr en fyrir um það bil hálfri öld síðan. Þetta ástand, að lyf vanti, er að verða til á ný með tilkomu fjölónæmra berklabaktería. Þessir stofnar hafa myndast þegar sjúklingar með berkla hafa byrjað að taka venjuleg lyf en ekki klárað lyfjakúrinn. Þá fer af stað baktería sem er ónæm fyrir viðkomandi lyfi.

Þýski læknirinn Robert Koch uppgötvaði berklasýkilinn fyrstur manna árið 1882. Hann sýndi fram á að hinar ýmsu myndir berkla eins og afmyndanir beina, húð-, kirtla- og lungnaberklar, var allt af völdum sama sýkilsins. Selman A. Waksman prófessor uppgötvaði fyrsta lyfið við berklum sem hann kallaði „streptómycín“. Hann hafði mikinn áhuga á að rannsaka sveppi og jarðvegsræktanir. Hann hafði fylgst með mismunandi örverum í jarðveginum, og með rannsóknum sínum komst hann að því hve sjaldan hann fann sjúkdómsframkallandi örverur í jarðveginum. Hann hugsaði að þær þrifust ekki þar vegna annara örvera í jarðveginum sem tortímdu þeim. Þetta leiddi til þess að fólk fór að éta jarðveg í trú um það að það væri gott berklalyf.

Lækningatilraunir voru gerðar með streptómycín en það var ung dóttir samverkamanns Waksmans, Eva. Hún var með heilahimnabólgu sem stafaði af berklasýkli. Læknar töldu að sjúkdómurinn væri ekki læknanlegur svo þeir prófuðu að gefa Evu nýja lyfið sem var enn á tilraunastigi. Henni var gefin innstunga af streptómycíni í mænugöng daglega í fjóra mánuði. Þeir tóku strax eftir breytingum á henni og leit hún út fyrir að vera á batavegi, svo smám saman hurfu einkenni sjúkdómsins þar til að lokum var greinilegt að fyrsta tilfelli af heilahimnabólgu í sögunni hafði verið læknað með fúkalyfi.

Þetta leiddi til þess að Waksman uppgötvaði sitt fyrsta fúkalyf, sem hann kallaði actínomycín, árið 1940. Lyfið var eitrað svo hægt væri að nota það gegn sjúkdómnum í mönnum en hann taldi að síðar gæti hann fundið upp fúkalyf sem yrði minna eitrað. Árið 1952 vann Waksman svo Nóbelsverðlaunin fyrir afrek sín.

Berklar á Íslandi 
Berklar hafa að öllum líkindum komið til Íslands á landnámsöld en það eru sannfærandi vísbendingar um að það varð landlæg á mismunandi svæðum fljótlega eftir landnámstímann og um miðjan aldur. Á meðan berklar jukust hér á landi í upphafi 20. aldar, voru þeir farnir að minnka annars staðar.

Dánarhlutfall berklasjúklinga á Íslandi var eitt það hæsta í Evrópu. Berklar voru algengasta dánarorsök Reykvíkinga á árunum 1911 – 1925, þeir ollu um fimmtungi allra dauðsfalla á landsvísu. Guðmundur Björnsson, þáverandi héraðslæknir í Reykjavík, átti frumkvæðið að baráttu gegn berklaveiki með því að þýða og gefa út danskan bækling „Um berklasótt“ árið 1898. Þetta var í fyrsta sinn sem leitast var við að fræða almenning á Íslandi um útbreiðsluhætti berkla og varnir gegn sjúkdóminum. Áður hafði almenningur verið með öllu ókunnugt um smithættu og leiðir sjúkdómsins og heilu fjölskyldurnar sýktust og létust.

Guðmundur safnaði saman liði til að reisa fullkomið heilsuhæli fyrir berklasjúklinga á Íslandi. 13. nóvember 1906 var stofnfundur svokallaðs Heilsuhælisfélags og innan tveggja ára frá félagsstofnun hófst frekari undirbúningur verkefnisins og var ákveðið að byggja hælið á Vífilsstöðum. Sumarið 1909 var hafist handa og ákváðu menn að hugsa stórt, hælið átti að verða stærsta sjúkrastofnun Íslands. Það tók aðeins 18 mánuði að byggja húsið og 5. september 1910 tók hælið til starfa með rúm fyrir 80 sjúklinga. Húsið var fullbúið öllum tækjum og húsgögnum. Síðar var svo hælið stækkað og sjúkrarúmum fjölgað, þegar mest var voru um 200 sjúklingar á hælinu.

Fyrstu árin eftir að hælið var stofnað þekktust engin lyf við berklum. Meðferð sjúklingana voru þá útiloft, kjarngóð fæða og hvíld með hæfilegri hreyfingu. Berklasjúk börn fengu ekki að ganga í skóla með heilbrigðum börnum vegna smithættu, þá var rekin sérstök barnadeild við Hælið sem og skóli. Árið 1952 kom öflugasta lyfið í baráttunni, Isonazid. Með réttri blöndu lyfjanna var fyrst hægt að lækna alla berkla.

Þegar árangursríkar lyfjameðferðir og bættur aðbúnaður og húsakynni almennings kom til, leiddi það smám saman til þess að ekki var lengur þörf á berklasjúkrahúsi. Þá var Heilsuhælinu fundið nýtt hlutverk og fékk nýtt nafn — Vífilsstaðaspítali. Í dag er Ísland í hópi landa með lægstu tíðni berklasmits.

Tengt efni 
 Vífilsstaðir

Tilvísanir

Heimildir 
 [Án höf.]. 2001. „Baráttan við berklana“. Morgunblaðið, 25. mars. Sótt 17. janúar 2011 af http://www.mbl.is/mm/gagnasafn/grein.html?grein_id=596718
 Jóhanna K. Jóhannesdóttir. 2002. „Ný von vaknaði með starfseminni“. Morgunblaðið, 16. nóvember. Sótt 17. janúar 2011 af http://mbl.is/mm/gagnasafn/grein.html?grein_id=571708&searchid=4bc98-4e87-4244a
 Sigurjón Jónsson læknir. Sóttarfar og sjúkdómar á Íslandi 1400-1800. Reykjavík: Hið Íslenska bókmenntafélag, 1944.
 Vilhjálmur Skúlason. Undir merki lífsins. Skuggsjá, 1979.
 Þuríður Árnadóttir. „Hvað eru berklar?“. Vísindavefurinn 10.10.2002. http://visindavefur.is/?id=2773. (Skoðað 13.4.2011).

Tenglar 
 
 
 
 „Þegar berklasýkillinn fannst“; grein í Lesbók Morgunblaðsins 1932
 „Um berklavarnir“; grein í Morgunblaðinu 1931
 „Berklar greindust að meðaltali 27 sinnum á ári hverju“; grein í Morgunblaðinu 1989
 „Varið ykkur á berklunum“; grein í Morgunblaðinu 1991
 „Erfitt að ráða við lyfjaþolna berkla“; grein í Morgunblaðinu 1998
 „Berklar greindust að meðaltali 27 sinnum á ári hverju“; grein í Morgunblaðinu 1989
 „Dánartalan af völdum berkla komin niður fyrir 2 af 10 þúsund“; grein í Morgunblaðinu 1951
 „Berklar og sullaveiki greinast enn í mönnum hér á landi“; grein í Morgunblaðinu 1989
 „Ný tegund berklaveiki veldur skelk“; grein í Morgunblaðinu 1991
 „Hættulegustu óvininir: Berklar og krabbamein“; frétt í Morgunblaðinu 1939
 „Sykursýki og berklar“; smáfrétt í Morgunblaðinu 1924
 Berklafaraldurinn á Hólum 1959 (Læknablaðið 2005)
 Fjölónæmir berklar á Íslandi (Læknablaðið 2009)

Öndunarfærasjúkdómar"
995,Hver var faðir Auðar djúpúðgu Ketilsdóttur?,Ketill flatnefur Bjarnarson.,,"Ketill flatnefur Bjarnarson var hersir í Noregi á 9. öld. Faðir hans var Björn buna Grímsson, sonur Veðrar-Gríms hersis úr Sogni og er sagt í Landnámabók að frá Birni sé komið nær allt stórmenni á Íslandi. Kona Björns hét Vélaug og áttu þau tvo syni auk Ketils: Hrapp og Helga.

Kona Ketils var Yngvildur Ketilsdóttir og áttu þau synina Björn austræna og Helga bjólu og dæturnar Auði djúpúðgu og Þórunni hyrnu en einnig átti Ketill dótturina Jórunni manvitsbrekku. Haraldur hárfagri sendi að sögn Ketil til Suðureyja til að vinna þær aftur af Skotum og Írum, sem höfðu náð völdum í eyjunum á ný eftir að Haraldur hvarf heim til Noregs eftir frækilega herför. Ketill setti Björn son sinn yfir ríki sitt í Noregi og fór síðan og lagði undir sig allar Suðureyjar. Hann gerðist sjálfur höfðingi yfir eyjunum en galt Haraldi konungi enga skatta. Því reiddist konungur, tók undir sig eignir Ketils í Noregi og rak Björn son hans á brott. 

Björn hélt þá til Suðureyja og síðan til Íslands, nam land á Snæfellsnesi og bjó í Bjarnarhöfn. Hann var eina barn Ketils sem ekki tók kristni. Helgi bjóla nam land á Kjalarnesi og bjó á Hofi. Þórunn hyrna giftist Helga magra Eyvindarsyni landnámsmanni í Eyjafirði og Auður hélt til Íslands eftir að Þorsteinn sonur hennar féll og faðir hennar andaðist og nam land í Dölum. Sonur Jórunnar, Ketill fíflski, hélt einnig til Íslands, nam land á Síðu og bjó í Kirkjubæ.

Saga Íslands"
1450,"Hvaða prentsmiðja í Viðey starfrækti útgáfu á Klausturpóstinum, Sunnupóstinum og Fjölni á árunum 1819 til 1840?",Viðeyjarprent.,,"Viðeyjarprent var prentsmiðja sem starfrækt var í Viðey. Þar var Klausturpósturinn prentaður 1819 - 1827, Sunnanpósturinn 1835 - 1836 og 5. árgangur af Fjölni 1839 - 1840. Klausturpósturinn og Sunnanpósturinn voru mánaðarrit en Fjölnir var ársrit.

Viðey
Bókaútgáfur á Íslandi
Prentsmiðjur á Íslandi"
1823,Formaður hvaða stjórnmálaflokks var Sveinn Ólafsson á árunum 1920 til 1922?,Framsóknarflokksins.,,"Sveinn Ólafsson (11. febrúar 1863 – 20. júlí 1949) var alþingismaður fyrir Suður-Múlasýslu frá 1916 til 1933. Þá var hann einn af stofnendum Framsóknarflokksins og var formaður flokksins á árunum 1920 til 1922. 

Sveinn fæddist í Firði í Mjóafirði. Hann stundaði nám í lýðháskólanum í Vanheim og Aulestad í Noregi á árunum 1881 – 1882 og tók gagnfræðipróf frá Möðruvöllum 1884. Hann stundaði framhaldsnám í Københavns Seminarium frá 1885 til 1886.

Tenglar 
 Æviágrip á heimasíðu Alþingis

Fyrrum_Alþingismenn
Formenn Framsóknarflokksins

Þingmenn Framsóknarflokksins"
778,Af hverjum á heitið Hróarstunga að vera dregið?,Hróari Tungugoða.,,"Hróar Tungugoði var íslenskur kappi á söguöld og á Hróarstunga að draga nafn af honum. Talið er að til hafi verið Íslendingasaga um hann sem kölluð hefur verið Hróars saga Tungugoða en ekkert hefur varðveist af henni og fátt er vitað um efni hennar. Hróar er nefndur í Landnámu, Njáls sögu og Fljótsdælu, en þeim ber ekki alltaf saman.

Hróar er sagður hafa verið sonur Þórunnar dóttur Leiðólfs kappa og Una Garðarssonar Svavarssonar og segir frá því í Landnámu að Uni hafi barnað Þórunni þegar hann var gestur föður hennar eftir að hann hafði verið hrakinn úr landnámi sínu. Hann hafi ekki viljað kvænast henni og tvisvar reynt að strjúka en þegar hann strauk í seinna skiptið hafi Leiðólfur orðið svo reiður að hann drap hann og förunauta hans.

Hróar tók allan arf eftir Leiðólf. Kona hans var Arngunnur Hámundardóttir, systir Gunnars á Hlíðarenda, og voru börn þeirra Ormhildur og Hámundur halti, sem bjó á Hámundarstöðum í Vopnafirði og er sagður hafa verið hinn mesti vígamaður; synir hans, Hróar og Vébrandur, eru nefndir í Njálu. Í Landnámu segir aftur á móti að Vébrandur hafi heitið sonur Hróars og ambáttar. Einnig segir þar að hann hafi tekið Þórunni brún Þorgilsdóttur úr Hvammi í Mýrdal frillutaki og hafi sonur þeirra heitið Þorfinnur.

Í Landnámu er þessi frásögn, sem talin er komin úr hinni glötuðu Hróars sögu: „Tjörvi hinn háðsami og Gunnar voru (systur)synir Hróars. Tjörvi bað Ástríðar manvitsbrekku Móðólfsdóttur, en bræður hennar, Ketill og Hrólfur, synjuðu honum konunnar, en þeir gáfu hana Þóri Ketilssyni. Þá dró Tjörvi líkneski þeirra á kamarsvegg, og hvert kveld, er þeir Hróar gengu til kamars, þá hrækti hann í andlit líkneski Þóris, en kyssti hennar líkneski, áður Hróar skóf af. Eftir það skar Tjörvi þau á knífsskefti sínu og kvað þetta:

 Vér höfum þar sem Þóri, 
 þat vas sett við glettu, 
 auðar unga brúði 
 áðr á vegg of fáða. 
 Nú hefk, rastkarns, ristna 
 réðk mart við Syn bjarta, 
 hauka, skofts, á hefti 
 Hlín ölbækis mínu. 

Hér af gerðust víg þeirra Hróars og systursona hans.“

Árið 2016 fannst sverð frá víkingaöld í fornu kumli á Ytri-Ásum. Þar sem kumlið var staðsett þar sem goðorð Hróars var á 10. öld var því velt upp að sverðið kunni að hafa tilheyrt honum eða syni hans, Hámundi.

Heimildir 
 
 
Tilvísanir

Tenglar 
 Var ekki Hróar Tungugoði Skaftfellingur?; grein í NT 1984

Persónur Íslendingasagna"
98,Hvenær var byrjað að kalla 1. deild kvenna í knattspyrnu Úrvalsdeild kvenna?,Árið 1980.,,"Árið 1980 var Úrvalsdeild kvenna í knattspyrnu haldin undir nafninu 1. deild.

Staðan í deildinni

Stigatafla

 Útskýringar: L = Leikir spilaðir, U = Leikir sigraðir, J = Leikir sem lauk með jafntefli, T = Tapaðir leikir, Sk = Mörk skorðuð, Fe = Mörk fengin á sig, Mm = Markamunur

Töfluyfirlit 
Heimaliðið er vinstra megin

Heimild 
 Úrslit - staða KSÍ

Úrvalsdeildir kvenna í knattspyrnu á Íslandi"
463,Á hvaða árum kom blaðið Þjóðólfur út?,1848-1920.,,"Gæti einnig átt við nafnið Þjóðólf.
Þjóðólfur var íslenskt hálfsmánaðarblað sem var stofnað árið 1848 og var gefið út til ársins 1920. Blaðinu var ritstýrt af Matthíasi Jochumssyni á tímabili. Þjóðólfur var landsfréttablað. Gefið út í Reykjavík.

Tenglar
 Fyrsta tölublað Þjóðólfs, á vefnum timarit.is

Íslensk dagblöð"
1115,Hver var formaður Búnaðarfélags Íslands frá 1987 til 1991?,Hjörtur Eldjárn Þórarinsson.,,"Hjörtur Friðrik Eldjárn Þórarinsson, bóndi á  Tjörn í Svarfaðardal (f. á Tjörn 24. febrúar 1920, d. 1. apríl 1996). Foreldrar:  Þórarinn Kristjánsson Eldjárn hreppstjóri og bóndi og Sigrún Sigurhjartardóttir húsfreyja á Tjörn. Stúdent frá MA 1940. BSc-próf í búvísindum frá Edinborgarháskóla 1944. Ráðunautur hjá Búnaðarfélagi Íslands og Sambandi nautgriparæktarfélaga  Eyjafjarðar 1945-1950. Bóndi á Tjörn frá 1950. Kvæntist  17. maí 1948: Sigríði Hafstað (f. 19. janúar 1927) dóttur hjónanna Árna Hafstað og Ingibjargar Sigurðardóttur frá Vík  í Skagafirði. 

Börn þeirra: Árni (1949), Þórarinn (1950), Ingibjörg (1952), Sigrún (1952), Steinunn (1954), Kristján Eldjárn (1956) og Hjörleifur (1960).

Félagsmál 
Oddviti Svarfaðardalshrepps 1954-1962. 
Varaþingmaður Norðurlandskjördæmis eystra 1963-67 og sat um skeið á Alþingi fyrir Framsóknarflokkinn.
Í stjórn Kaupfélags Eyfirðinga frá 1966 og stjórnarformaður þess 1972-1987.
Í stjórn Búnaðarfélags Íslands 1971 og formaður þess 1987-1991.
Í Náttúruverndarráði 1972-1979.

Rit 
 Svarfaðardalur. Árbók FÍ 1973
 Byggð í Tröllagreipum. Árbók FÍ 1990 bls. 63-92
 Sparisjóður Svarfdæla, 100 ára starf 1884-1984
 Saga Kaupfélags Eyfirðinga 1886-1986.
 Saga Sýslunefndar Eyjafjarðarsýslu 1874-1989
 Einn af stofnendum og útgefendum héraðsfréttablaðsins Norðurslóðar sem hóf göngu sína 1977

Heimildir 
 

Íslenskir bændur
Íslenskir búfræðingar"
911,Hver ritaði Íslendingabók?,Ari fróði Þorgilsson.,,"Árið 1130 (MCXXX í rómverskum tölum)

Á Íslandi 

 Ari fróði Þorgilsson ritaði Íslendingabók um þetta leyti.

Fædd

Dáin
 Hafliði Másson, íslenskur goðorðsmaður og höfðingi.

Erlendis 
 14. febrúar - Innósentíus 2. (Gregorio Ppareschi) varð páfi.
 14. febrúar - Anacletus II (Pietro Petri Leonis) varð mótpáfi.
 25. desember - Anacletus II mótpáfi krýndi Roger 2. konung Sikileyjar.
 Norski innanlandsófriðurinn hófst þegar Magnús blindi og Haraldur gilli urðu samkonungar í Noregi.

Fædd
 Karl Sörkvisson, Svíakonungur (d. 1167).
 Baldvin 3., konungur Jerúsalem (d. 1162).

Dáin
 13. febrúar - Honóríus II páfi.
 26. mars - Sigurður Jórsalafari, Noregskonungur (f. um 1090).
 Margrét friðkolla, Danadrottning, kona Níelsar konungs.

1130
1121-1130"
836,Hvaða rót var talin að varni bruna?,Burnirót.,,"Burnirót (eða burn (kvk) ), einnig nefnd blóðrót (fræðiheiti: Rhodiola rosea) er fjölær jurt af helluhnoðraætt sem vex á köldum stöðum, svo sem á norðurslóðum og í fjalllendi í Evrópu, Asíu og Norður-Ameríku. Hún vex einna helst í þurrum sendnum jarðvegi, allt frá láglendi og upp í 2.280 metra hæð. Burnirót er fremur algeng um mest allt Ísland og eru kjöraðstæður helst í klettum og á öðrum stöðum þar sem sauðfé nær illa til. En vegna þess hve sauðfé er sólgið í hana hefur hún horfið af stórum svæðum.

Á þökum gömlu íslensku torfbæjanna óx burnirót milli bursta út úr veggstálinu milli burstanna og myndaði þar þétta brúska sem urðu gullrauðir þegar leið á sumarið. Vallhumall óx á vegglaginu. Það er gömul trú að burnirót varni bruna.

Latneska heiti burnirótar er samkvæmt tvínafnakerfi Carl von Linné, Rhodiola rosea sem er vísun til rósarilms stöngulsins. Þegar um fæðubótarefni er að ræða er rótin þekktust undir nafninu Arctic Root á Íslandi. Erlendis er einnig mikið notað nafnið Rose Root eða Golden Root.

Lýsing 

Burnirótin er rótarmikill þykkblöðungur. Hún er einkynja, það er hver einstaklingur hefur aðeins karlblóm eða aðeins kvenblóm.  Karlblómin eru gul á lit en kvenblómin rauðleit. Blómin liggja mörg þétt saman í greinóttum skúf eða hálfsveip á endum hliðarstöngla sem vaxa upp af gildum jarðstöngli. Krónublöðin eru tungulaga, 3–5 millimetrar á lengd en bikarblöðin nokkru styttri. Karlblómin hafa átta fræfla og fjórar vanþroska frævur. Kvenblómin hafa fjórar til fimm þroskalegar gulrauðar frævur, sem verða að 7–10 millimetra löngu hýðisaldini. Stöngullinn er 2–6 millimetra gildur og þétt settur laufblöðum. Blöðin eru venjulega ydd og oft ofurlítið tennt í endann, 2–4 sentimetrar á lengd og 1–1,5 sentimeter á breidd. Bæði stöngull og blöð eru hárlaus.

Lækningarmáttur 
Hún á sér langa sögu sem lækningajurt og hafa rót og stilkur plöntunnar verið notuð í þeim tilgangi. Hún hefur til dæmis mjög lengi verið notuð í hefðbundnum kínverskum lækningum þar sem hún er kölluð hóng jǐng tiān (紅景天). Áhrif hennar eiga að stuðla að almennri vellíðan og jafnvægi í líkamanum. Rannsóknir hafa samt ekki getað sannað þessa virkni hennar en hafa þó sýnt fram á ýmsa læknandi eiginleika svo sem það að hún virðist verka vel gegn stressi, þunglyndi, mígreni og einbeitingarskorti og bæta árangur í íþróttum en virkni hennar virðist svipa til ginsengs. Að öðru leiti er burnirótin almennt talin örugg til inntöku en ekki skal neyta hennar lengur en í 2 vikur í senn og gæta skal þess að halda sig við ráðlagða dagsskammta.

Ritaðar heimildir 
Skráð saga burnirótar nær langt aftur eða til ársins 77 e.kr. þegar gríski læknirinn Dioscorides skráði læknisfræðilegt notagildi plöntunnar sem hann nefndi rodia riza í lyfjaskránni De materia medica. Carl von Linnaeus endurnefndi plöntuna latneska heitinu Rhodiola rosea í bók sinni, Materia medica sem kom út árið 1749.

Árið 1755 var plantan skráð í fyrstu sænsku lyfjaskrána. Árið 1985, rúmum 200 árum seinna, var burnirót viðurkennd sem náttúrulyf í Svíþjóð og því lýst yfir að hún virkaði við þreytu sem örvandi efni. Í margar aldir hefur plantan verið notuð við hefðbundnar lækningar í Rússlandi, Skandinavíu og öðrum löndum. Linnaeus sagði burnirót hafa herpandi eiginleika og vera notaða við kviðslitum, útferð frá leggöngum, móðursýki og höfuðverk.

Fyrr á öldum var holdsveiku fólki ráðlagt að nota þessa jurt sér til lækninga. Þá var því trúað að te af jurtinni yki hárvöxt ef það væri borið í hársvörð kvölds og morgna þannig að hann yrði rakur. 

Plantan var notuð í mismunandi tilgangi eftir heimshluta og menningu. Víkingar notuðu m.a. plöntuna til þess að auka líkamlegan styrk og þol á meðan að kínverskir keisarar sendu menn til Síberíu á eftir „gullnu rótinni“ til notkunar við lækningar. Fólk frá Mið-Asíu áleit að te úr burnirót væri mjög áhrifaríkt við kvefi og flensueinkennum. Mongólskir læknar notuðu plöntuna við berklum og krabbameini.

Ábendingar og notkun 
Þau plöntulíffæri sem eru notuð til lækninga eru rótin og stilkurinn og hefst söfnun hennar seinni hluta sumars og haust.

Alþýðunotkun 
Sem íslensk lækningajurt hefur burnirót helst verið notuð vegna barkandi eiginleika sinna, við bólgu og særindum í meltingarvegi. Einnig var hún notuð við niðurgangi, blóðsótt, bólgu í húð og særindum og útferð úr leggöngum. Síberíubúar hafa notað burnirót til þess að auka líkamlegt þol, vinnugetu og langlífi, við háfjallaveiki og til að meðhöndla þreytu, við þunglyndi, blóðleysi, getuleysi meðal karlmanna, iðrasjúkdómum, taugasjúkdómum, kvefi, flensu, berklaveiki, krabbameini, kviðsliti, móðursýki, útferð úr leggöngum kvenna, tíðateppu, geðklofa, getuleysi, höfuðverk, skyrbjúg, gyllinæð og bólgum.

Burnirót er einnig notuð til inntöku sem „adaptógen“ til þess að hjálpa líkamanum að aðlagast og vinna við mikið álag. Hún hefur verið notuð við meðhöndlun krabbameins, sykursýki, svínaflensu, öldrun, lifrarskemmdum og til að bæta heyrn og ónæmiskerfi.

Hefðbundin notkun 
Lyfjastofnun Evrópu hefur samþykkt eina ábendingu út frá hefðbundinni notkun á burnirót. Hana á að nota til þess að létta tímabundið á álagseinkennum svo sem þreytu og þróttleysi. Engar aðrar ábendingar byggðar á vísindalegum grunni eru skráðar hjá evrópsku lyfjastofnuninni.

Innihaldsefni 
Það er ekki til nákvæm efnainnihaldslýsing fyrir burnirót en talið er að mikilvægustu efnin sem hafa adaptógeníska virkni séu týrósól og salídrósíð (rhodiolosíð) og fenýlprópanóíðar glýkósíð (rósín, rósavín og rósarín). Burnirót inniheldur meira en 30 efnasambönd og má skipta gróflega í 5 flokka:

 Flavónóíðar: herbasetín, gossypetín, kaempferól og glýkósíðar þeirra eins og ródíónín, ródíónídín, ródíólgín, ródíólgidín, ródalín, ródalídín, ródíósín og kaempferól-7-O-alfa-L-ramnópýranósíð.

 Fenýlprópanóíðar: rósín, rósavín, sakkalísíð 1, vimalín, sinnamýl-O-beta-glúkópyranósíð, 4-metoxý-sinnamýl-O-beta-glúkópýranósíð og sinnamýl alkóhól. 

 Fenýletanóíðar: hýdroxýfenýletýl tyrósól og salídrósíð, sem er glýkósílerað týrósól.

 Rokgjarnar olíur: Þurrkaðir jarðstönglar innihalda 0,05% ilmolíur með 25,40% mónóterpen-vetniskolum (e. hydrocarbons), 23,61% mónóterpen-alkóhól, 37,54% bein-keðju (e. straight chain) alífatísk alkóhól. Efnasambönd sem finnast í miklu magni eru n-dekanól, geraníól og 1,4-p-mentadíen-7-ól. Geraníól ilmar líkt og rósir og er mikið notað í ilmefnaiðnað. Eitt af niðurbrotsefnum þess er rósirídín.

 Önnur efnasambönd: Picein, bensýl-O-beta-D-glúkópyranósíð, steról, tannín, gallínsýra og esterar hennar.

Salídrósíð er til staðar í öðrum plöntutegundum í meira magni en finnst í burnirót, en það þarf samlegðaráhrif með fenýlprópanóíð-glýkósíðum (rósavíni, rósíni og rósaríni) til að ná fram virkni. Samkvæmt sovéskri lyfjaskrá frá árinu 1989 þarf staðlaður úrdráttur af burnirót að innihalda minnst 3% rósavín og 0,8–1% salídrósíð. Þetta er sama hlutfall og fyrirfinnst í burnirót í náttúrunni eða 3:1.

Verkun 
Burnirót hefur verið kennd við ýmiskonar verkun. Sagt hefur verið að hún eigi að gagnast við streitu, þreytu, þunglyndi, svefnvandamálum, truflun á innkirtlastarfsemi, einbeitingaskorti og athyglisbresti. Einnig á hún að hafa hjartaverndandi áhrif, jákvæð áhrif á námsgetu og minni, auk þess sem hún er sögð stuðla að langlífi. Við úrdrátt burnirótarinnar hafa fundist kraftmiklir adaptógenar. Rannsóknir hafa leitt í ljós að þeir verndi dýr og menn gegn geðrænum kvillum, líkamlegu álagi og kvefi. Adaptógenísk áhrif hennar eiga að stuðla að jafnvægi í líkamanum og hjálpa líkamanum að aðlaga sig að erfiðum aðstæðum sem gerir honum kleift að áorka meiru.

In vitro-rannsóknir 
Þar sem tilgátur eru uppi um margvíslega verkunarmáta innihaldsefna burnirótar hafa ýmsar rannsóknir verið gerðar á tilraunastofum til að fá betri hugmynd um líkleg áhrif þeirra í mannslíkamanum. Rannsóknir á úrdráttum úr burnirót hafa sýnt verndandi áhrif gegn hvarfgjörnum oxunarefnum. Bæði úrdráttur úr burnirót og salídrósíð einangrað úr burnirót sýndu krabbameinshemjandi áhrif á frumur í rækt.

Einnig hefur verið sýnt fram á að vatns- og etanólúrdrættir úr burnirót hindri angíótensín-1-converting ensím og alfa-glúkósídasa sem gefur tilefni til að rannsaka frekar áhrif úrdráttanna á háþrýsting og insúlínóháða sykursýki (sykursýki af gerð 2).

Þó að in vitro-tilraunir hafi sýnt fram á margvíslegan verkunarmáta burnirótar þýðir það ekki að þau hafi endilega sömu áhrif í mannslíkamanum.

In vivo-rannsóknir (dýratilraunir) 
Rannsóknir í dýramódelum hafa sýnt fram á andoxunarvirkni innihaldsefna í burnirót og einnig að úrdráttur úr burnirót geti lækkað blóðsykur hjá sykursjúkum og örvað ónæmiskerfið. 

Úrdráttur úr burnirót sem var staðlaður þannig að hann innihélt 3% rósavín og 1% salídrósíð sýndi jákvæð áhrif á þunglyndi og kvíða og hafði örvandi áhrif í dýramódelum. Einnig bentu dýrarannsóknir til þess að úrdráttur úr burnirót geti aukið námsgetu og bætt minni.

Klínískar rannsóknir (tilraunir á mönnum) 
Ýmsar klínískar rannsóknir hafa verið gerðar til að skoða mismunandi virkni burnirótar. 

Fasa III klínísk rannsókn, slembiröðuð og tvíblind, þar sem staðlaður úrdráttur (SHR-5) á burnirót var borinn saman við lyfleysu og stóð yfir í 6 vikur, sýndi að inntaka á úrdrættinum bætti markvisst líðan einstaklinga með vægt og meðalalvarlegt þunglyndi. 89 þátttakendum var slembiraðað í 3 hópa þar sem tveir fengu staðlaða úrdráttinn SHR-5 (annar 340 mg/dag en hinn 680 mg/dag) og einn hópur fékk lyfleysu. Báðir íhlutunarhóparnir sýndu marktæk jákvæð áhrif á þunglyndi, svefnleysi og tilfinningalegan óstöðugleika.

Yfirlitsgrein (e. systematic review) þar sem 13 klínískar rannsóknir voru metnar sýndi óljósar niðurstöður um hvort burnirót geti gagnast sjúklingum með kransæðasjúkdóma. Ósamræmi var á milli skammtastærða og hvernig burnirótin var meðhöndluð áður en hún var gefin sjúklingum. Það hefði þurft að staðla úrdrætti til að fá betri niðurstöður. Einnig var misræmi á milli hvernig rannsóknirnar voru framkvæmdar og því erfitt að bera þær saman. Þótt einhverjar af rannsóknunum sem voru metnar bendi til þess að inntaka á burnirót geti verið gagnleg sjúklingum með kransæðasjúkdóma, bæði samhliða venjulegri meðferð eða ein og sér, þarf að gera betri rannsóknir til að staðfesta virknina.

Burnirót er markaðssett á Íslandi sem efni til að auka úthald og einbeitingu og þannig árangur í íþróttum og námi. Samantekt hefur verið gerð á klínískum rannsóknum þar sem þessi áhrif eru könnuð. 11 klínískar rannsóknir voru skoðaðar og niðurstaðan er sú að ekki séu til nægilega góðar vísindalegar sannanir fyrir þessarri verkun.

Um flestar klínískar rannsóknir sem gerðar hafa verið á burnirót er sömu sögu að segja: Það er mikil hætta á bjaga eða það vantar upplýsingar til að meta gæði rannsóknanna. Þær hafa flestar fáa þátttakendur og því er styrkur þeirra lítill. Einnig gerir misræmi milli úrdátta, preparata, skammtastærða og meðferðartíma erfitt að meta virkni. 

Því er ekki hægt að segja að burnirót virki á ákveðin einkenni og kvilla heldur þarf að gera frekari rannsóknir til að staðfesta virknina. Þetta er ástæðan fyrir því að ekki eru neinar skráðar ábendingar byggðar á vísindalegum grunni heldur eru einungis skráðar ábendingar vegna hefðbundinnar notkunnar.

Skammtastærð 
Hver skammtur skal vera um 144–200 mg af þurrkuðum úrdrætti stöngulsins og rótarinnar í einum skammti, einu sinni á dag. Börn og unglingar undir 18 ára skulu ekki nota burnirót þar sem ekki hafa fengist nægilega góðar upplýsingar um áhrif þess á þau. Meðferðarlengd skal ekki vara lengur en í 2 vikur samfleytt. Ef einkenni vara lengur, skal hafa samband við lækni.

Annars konar skammtastærðir: 
Urtaveig (tinktúra; 1:5 25% vínandi): 1-3 ml teknir inn þrisvar á dag. 

Seyði (1:10): 25–50 ml teknir inn þrisvar á dag.

Burnirót frásogast allra best þegar hún er tekin á tóman maga, minnst 30 mínútum fyrir morgunmat og hádegismat. Eins og á við um allar náttúruvörur, skulu sjúklingar tilkynna lækni sínum þegar þeir taka inn burnirót eða aðrar náttúruvörur. Burnirót ætti ekki að nota í meira en 10 vikur í senn þar sem ekki hefur verið sýnt fram á öryggi langtímanotkunar.

Aukaverkanir 
Ekki hafa komið í ljós neinar alvarlegar aukaverkanir sem tengjast notkun á burnirót. Það eru örfáar aukaverkanir sem hafa komið fram en rótin er almennt talin örugg til notkunar og vel þolanleg. Taugaspenna og óróleiki geta fylgt notkun hjá einstaklingum sem hafa tilhneigingu til að vera kvíðnir og áhyggjufullir. Burnirót getur haft áhrif á svefn og valdið líflegum draumum. Hægt er að komast hjá þessum aukaverkunum með því að taka inn burnirót á morgnanna eða fyrri part dags. Burnirót tekin inn um munn getur valdið svima og munnþurrki.

Skortur er á klínískum rannsóknum sem staðfesta aukaverkanir en eins og áður segir er burnirót talin vera mjög örugg til notkunar.

Milliverkanir  
Milliverkanir milli innihaldsefna burnirótar og annarra lyfja eru ekki mikið rannsakaðar. Í mónógrafíu frá Lyfjastofnun Evrópu hafa ekki verið skráðar neinar milliverkanir við lyf, náttúrulyf, jurtalyf eða mat.

In vitro-rannsóknir gefa ástæðu til að skoða hugsanlegar milliverkanir við ákveðin lyf. In vitro-rannsókn sýndi að innihaldsefni hennar hindra CYP3A4-ensímið og p-glýkóprótín. Þetta bendir til þess að burnirót geti milliverkað við lyf sem eru hvarfefni fyrir þessi tvö ensím og þar með hækkað þéttni þeirra lyfja í blóði og aukið líkur á aukaverkunum.

Eins og fyrr hefur komið fram er burnirót stundum notuð við þunglyndi, en in vitro-rannsókn á verkun burnirótarúrdráttar á MAO-viðtaka gæti skýrt það, þ.e. vera má að burnirót verki á sömu viðtaka og þunglyndislyfin sem verka á MAO-viðtaka.

Líkt og kemur fram í verkunarkafla þá eru in vitro-rannsóknir sem benda til þess að innihaldsefni burnirótarinnar geti milliverkað við lyf sem hvarfast við p-glýkóprótín og CYP3A4. Því gæti burnirót hugsanlega aukið líkur á aukaverkunum af þeim lyfjum. Því ættu einstaklingar sem eru á annarri lyfjameðferð að ráðfæra sig við lækni áður en þeir hefja inntöku á burnirót.

Frábendingar 
Þeir sem eru með ofnæmi fyrir innihaldsefnum burnirótar skulu að sjálfsögðu ekki nota hana. Þar sem burnirót hefur geðdeyfðaráhrif skulu einstaklingar með geðhvarfasýki, sem eru líklegir til þess að verða manískir (e. manic) við inntöku þunglyndislyfja eða örvandi efna, ekki taka hana inn. Plantan virðist ekki milliverka við önnur lyf, en samt sem áður gæti hún aukið áhrif annarra örvandi efna.

Tilvísanir 	

Helluhnoðraætt
Lækningajurtir
Plöntur á Íslandi"
764,Hver var fyrsta íslenska konan til að ljúka doktorsprófi?,Björg Þorláksdóttir Blöndal.,,"Doktorsritgerð er ítarleg lokaritgerð eða safn nokkurra ritgerða, sem samdar eru af doktorsnema undir handleiðslu prófessors og lagðar fram til doktorsprófs. Doktorsnemi ver loks ritgerð sína í svokallaðri doktorsvörn og hlýtur doktorsnafnbót að lokinni árangursríkri doktorsvörn.

Saga doktorsritgerðarinnar á Íslandi 
Björg Þorláksdóttir Blöndal varð þann 17. júní 1926 fyrst íslenskra kvenna til að ljúka doktorsprófi er hún varði doktorsritgerð sína við Sorbonne-háskóla í París. Þann 16. janúar árið 1960 varði kona (Selma Jónsdóttir listfræðingur) doktorsritgerð sína í fyrsta skiptið á Íslandi við Háskóla Íslands.

Dæmi um doktorsritgerðir 
 Kristján Eldjárn lauk doktorsprófi árið 1957 og nefnist ritgerð hans Kuml og haugfé í heiðnum sið á Íslandi. Varði hann ritgerð sína þann 19. janúar hið sama ár.
 Frá árunum 1908 til 1910 vann Guðmundur Finnbogason að doktorsritgerð sinni með einum eða öðrum hætti, en ritgerðin hét „Den sympatiske forstaaelse“ eða Samúðarskilningurinn. 

Menntun"
1862,Hvaða Íslendingur var útnefndur konunglegur hirðsöngvari í Danmörku árið 1949?,Stefán Íslandi.,,"Stefán Íslandi eða Stefano Islandi (Stefán Guðmundsson) (6. október 1907 – 1. janúar  1994) var íslenskur söngvari. Hann lærði söng á Ítalíu, en starfaði lengst af í Danmörku og var útnefndur konunglegur hirðsöngvari þar árið 1949.

Ævi 
Foreldrar Stefáns bjuggu á Sauðárkróki. Faðir hans drukknaði í Gönguskarðsá þegar Stefán var tíu ára en þá fór hann í fóstur til hjónanna í Syðra-Vallholti í Skagafirði. Stefán þótti snemma mjög efnilegur tenórsöngvari. Fyrstu tónleika sína hélt hann á Siglufirði 17 ára að aldri. Haustið 1926 hélt hann til Reykjavíkur og starfaði þar fyrst í Málaranum en hóf síðar nám í rakaraiðn. Hann söng jafnframt í Karlakór Reykjavíkur og stundaði söngnám hjá Sigurði Birkis. Hann hélt tónleika og söng við ýmis tækifæri, meðal annars á kvikmyndasýningum, og vakti mikla athygli fyrir sönghæfileika sína. Úr varð að Richard Thors, forstjóri útgerðarfélagsins Kveldúlfs, styrkti hann til náms á Ítalíu.

Stefán hóf söngnám í Mílanó á Ítalíu árið 1930 og lærði lengst af hjá barítónsöngvaranum Ernesto Caronna. Árið 1933 söng Stefán fyrst á sviði á Ítalíu og tók skömmu síðar upp listamannsnafnið Stefano Islandi. Hann söng á Ítalíu um tíma en var síðan á faraldsfæti um skeið, söng bæði heima á Íslandi og á Norðurlöndum og tók upp fyrstu tvær hljómplötur sínar.

Árið 1938 söng hann svo hlutverk Pinkertons í óperunni Madame Butterfly við Konunglega leikhúsið í Kaupmannahöfn við þvílíkar vinsældir að hann settist að í Danmörku, fékk fastráðningu við leikhúsið 1940 og varð það aðalstarfsvettvangur hans allt þar til hann fluttist heim til Íslands. Hann naut mikilla vinsælda í Danmörku og söng fjölda þekktra óperuhlutverka. Hann var útnefndur konunglegur hirðsöngvari 1949. Hann var einnig söngkennari við óperuna og prófdómari við Konunglega tónlistarskólann um skeið.

Stefán flutti til Íslands árið 1966 og sneri sér að söngkennslu. Á Kaupmannahafnarárunum kom hann oft heim og hélt tónleika eða söng sem gestur, söng meðal annars Rigoletto í fyrstu íslensku óperuuppfærslunni í Þjóðleikhúsinu 1951.

Indriði G. Þorsteinsson skráði ævisögu Stefáns, Áfram veginn.

Tilvísanir

Tenglar 

 Umfjöllun um Stefán Íslandi á Glatkistunni

Íslenskir leikarar
Íslenskir óperusöngvarar"
532,Hver yrkti ljóðið „Áfangar“?,Jón Helgason.,,"Áfangar er ljóð eftir Jón Helgason, ellefu erindi, og birtist fyrst í annarri útgáfu ljóðabókarinnar Úr landsuðri árið 1948. Í hverju erindi lýsir höfundur einum stað á landinu í kjarnmiklu ljóðmáli: Kili, Þúfubjargi, Dritvík, Helgafelli, Látrabjargi, Hornströndum, Ólafsfjarðarmúla, Köldukvísl, Herðubreiðarlindum, Lakagígum og Lómagnúpi. 

Halldór Laxness taldi að Jón hefði með „Áföngum“ komist næst því á 20. öld að yrkja kvæði, sem megi skipta á milligjafarlaust og Gunnarshólma Jónasar Hallgrímssonar. 

Ljóðið hefst á orðunum:
Liðið er hátt á aðra öld;
enn mun þó reimt á Kili,

Íslensk ljóð"
101,Hvaða efni fannst í fallbyssukúlum í flaki skipsins El Grillo á botni Seyðisfjarðar?,Pikriksýra.,,"Pikriksýra er lífræn sýra sem hefur verið notuð sem sprengiefni. Hún var notuð í fallbyssukúlur í fyrri og seinni heimstyrjöldinni. Pikriksýra er notuð á rannsóknarstofum og til sótthreinsunar. Af öryggisástæðum er mælt með því að pikriksýra sé geymd í fljótandi formi og rannsóknarstofur geyma þessa sýru í flöskum undir vatnslagi. Ekki má geyma pikriksýru í málmílátum. Ef pikriksýra hefur þornað upp er oft leitað til sprengjueyðingaraðila. Í herskipum sem hafa sokkið er oft pikriksýra og þannig aðstæður að hún hefur komist í snertingu við málm. Það gerir að verkum að mikil sprengihætta getur skapast. Pikriksýra fannst í fallbyssukúlum í flaki El Grillo á botni Seyðisfjarðar.

Pikriksýra er fyrst nefnd í riti eftir Johann Rudolph Glauber frá árinu 1742. Árið 1873 sýndi Hermann Sprengel fram á að pikriksýru mætti nota sem sprengiefni og árið 1894 var þróuð í Rússlandi aðferð til að búa til sprengikúlur. Skömmu seinna var pikriksýra orðin aðalsprengjuefni hervelda heimsins. Hins vegar kom í ljós að mjög hættulegt var að nota pikriksýru og það kom sérstaklega fram í Sprengingunni miklu í Halifax 6. desember 1917 þegar skip hlaðið sprengiefni, þar með talið miklu af pikriksýru, sprakk í loft upp.

Sprengiefni
Lífrænar sýrur"
1546,Hvaða ár var hljómplatan „Sigríður E. Magnúsdóttir - Fjórtán sönglög eftir fjórtán tónskáld“ gefin út?,1974.,,"Sigríður E. Magnúsdóttir - Fjórtán sönglög eftir fjórtán tónskáld  er 33 snúninga LP hljómplata gefin út af SG - hljómplötum árið 1974. Fór hljóðritunin fram í stereo í Austurbæjarbiói og var unnin af Pétri Steingrímssyni. Undirleik sér Ólafur Vignir Albertsson um af sinni alkunnu smekkvísí.

Lagalisti
Draumalandið - Lag - texti: Sigfús Einarsson - Guðmundur Magnússon
Blómálfar - Lag - texti: Sveinbjörn Sveinbjörnsson - Gísli Jónsson
Nótt - Lag - texti: Árni Thorsteinsson - Magnús Gíslason 
Vorvindur - Lag - texti: Sigvaldi Kaldalóns - Ragnar Ásgeirsson
Kvöldsöngur - Lag - texti: Markús Kristjánsson - Ókunnur
Mánaskin - Lag - texti: Eyþór Stefánsson - Helgi Konráðsson
Kveðja - Lag - texti: Þórarinn Guðmundsson - Bjarni Þorsteinsson
Ég heyri ykkur kvaka - Lag - texti: Páll Ísólfsson - Davíð Stefánsson
Vögguvísa - Lag - texti: Jón Leifs - Jóhann Jónsson
Farandsveinninn - Lag - texti: Karl Ó. Runólfsson - Halldóra B. Björnsson þýddi
Mun það senn? - Lag - texti: Victor Urbancic - Björn Franzson þýddi
Smaladrengurinn -  Lag - texti: Skúli Halldórsson - Steingrímur Thorsteinsson
Það vex eitt blóm fyrir vestan -  Lag - texti: Guðmundur Árnason - Steinn Steinarr
Unglingurinn í skóginum -  Lag - texti: Jórunn Viðar - Halldór Laxness

SG-hljómplötur
Hljómplötur gefnar út árið 1974"
1607,Hver fór utan til að taka biskupsvígslu á Íslandi árið 1177?,Þorlákur helgi Þórhallsson.,,"Árið 1177 (MCLXXVII í rómverskum tölum)

Á Íslandi 

 Þorlákur helgi Þórhallsson fór utan til að taka biskupsvígslu.
Fædd

Dáin
 Hreinn Styrmisson ábóti.

Erlendis 
 13. janúar - Leópold 5. varð hertogi af Austurríki.
 Mars - Feneyjasamningurinn: Friðrik Barbarossa viðurkenndi Alexander 3. sem páfa.
 Áskell erkibiskup sagði af sér embætti erkibiskups Norðurlanda og Absalon tók við.
 janúar - Magnús Erlingsson vann sigur á Eysteini meylu í orrustunni á Ré.
 Sverrir Sigurðsson varð leiðtogi birkibeina og var hylltur konungur Noregs á Eyraþingi.
 Jóhanna, dóttir Hinriks 2. Englandskonungs og Elinóru af Akvitaníu, giftist Vilhjálmi 2. Sikileyjarkonungi.

Fædd
 Baldvin 5., konungur af Jerúsalem (d. 1186).

Dáin
 13. janúar - Hinrik 2., hertogi af Austurríki (f. 1107).
 Eysteinn meyla Eysteinsson, norskur birkibeinakonungur.

1177
1171-1180"
840,Hvaða björgunarsveitir sameinuðust til að mynda Björgunarsveitina Húna?,Flugbjörgunarsveit Vestur-Húnavatnssýslu og Björgunarsveitin Káraborg á Hvammstanga.,,"Björgunarsveitin Húnar er íslensk björgunarsveit á Hvammstanga. Hún var stofnuð 27. febrúar 2007 með sameiningu Flugbjörgunarsveitar Vestur-Húnavatnssýslu og Björgunarsveitarinnar Káraborgar á Hvammstanga. Starfssemi björgunarsveitarinnar miðast við að geta leyst þau verkefni við leit og björgun sem til hennar er leitað með jafnt á sjó sem landi. Björgunarsveitin starfar innan Slysavarnafélagssins Landsbjargar. Starfssvæði sveitarinnar nær yfir Húnaþing vestra, Bæjarhrepp og Strandabyggð inn í Bitrubotn.

Á Hvammstanga eru höfuðstöðavar björgunarsveitarinnar í björgunarstöðinni Húnabúð, einnig á björgunarsveitin aðra björgunarstöð að Reykjaborg á Laugarbakka í Miðfirði. Á Borðeyri við Hrútafjörð er líka staðsett ein af björgunarbifreiðum sveitarinnar.

Öll starfsemi björgunarsveitarinnar er unnin í sjálboðavinnu hvort við á um leit, björgun, æfingar eða fjáröflun til starfseminnar. Einnig er mikið samstarf við Slysavarnadeildina Káraborg og Rauðakrossdeildina á Hvammstanga.

Unglingadeildin Skjöldur 

Innan björgunarsveitarinnar starfar líka líka Unglingadeildin Skjöldur og er starfsemin miðuð við að börn í 9. bekk og eldri, það er að segja þar til þau geta gengið til liðs við björgunarsveitina á átjánda ári. Deildin var stofnuð 2008 en starfsemi hennar byggist á að gera félagana undirbúna fyrir störf í björgunarsveit er þau ná átján ára aldri.

Starfsemin er mjög samofin starfssemi björgunarsveitinni og vinna unglingarnir saman með björgunarsveitinni að hinum ýmsu málum m.a. fjáröflun, æfingum o.fl.

Myndir úr starfi Unglingadeildarinnar

Tenglar 
 Björgunarsveitin Húnar 

Íslenskar björgunarsveitir
Stofnað 2007"
1245,Úr hvaða sögu er orðtakið „að launa einhverjum lambið gráa“?,Heiðarvíga sögu.,,"Heiðarvíga saga er ein Íslendingasagnanna og er talin vera ein hin elsta þeirra. Þar segir frá afkomendum Egils Skallagrímssonar og langvarandi deilum og átökum Borgfirðinga og Húnvetninga, sem náðu hámarki í bardaga á heiðinni Tvídægru, en af honum dregur sagan nafn. Hún hefur stundum verið kölluð Víga-Styrs saga og Heiðarvíga.

Sagan er illa varðveitt. Á 17. öld virðist hún aðeins hafa verið til í einu skinnhandriti og barst það til Svíþjóðar 1683. Fyrri hluta sögunnar fékk Árni Magnússon prófessor svo lánaðan, en 12 blaðsíður urðu eftir í Svíþjóð. Fyrri hlutinn brann svo í brunanum í Kaupmannahöfn árið 1728. Jón Ólafsson úr Grunnavík, aðstoðarmaður Árna Magnússonar, hafði skrifað söguna upp á pappír nokkrum mánuðum fyrir brunann. Pappírshandritið brann einnig en Jón skrifaði svo fyrri hluta sögunnar upp eftir minni. Þess vegna hefst sagan nú á setningunni „Atli stóð í dyrum úti og var hann veginn af manni nokkrum“, en Jón mundi ekki hver Atli þessi var eða hvernig hann tengdist efni sögunnar að öðru leyti. Eitt blað hafði þó vantað í skinnhandritið þegar sagan var seld til Svíþjóðar, og var það talið að fullu glatað en kom í leitirnar í handritasafni Landsbókasafnsins um miðja 20. öld. Var það komið norðan úr Öxnadal.

Í sögunni kemur fyrir setningin „þar launaði ég þér lambið gráa“, sem unglingurinn Gestur Þórhallason sagði þegar hann drap Víga-Styr, sem hafði vegið Þórhalla föður Gests og boðið honum grátt hrútlamb í föðurbætur. Er þaðan komið orðtakið „að launa einhverjum lambið gráa“.

Sjá einnig 
 Listi yfir fleygar íslenskar setningar

Tenglar 
 Heiðarvíga saga; af Snerpu.is
 Heiðarvígasögubrot; af baekur.is
 Skóbótarblað úr Heiðarvígasögu; grein í Speglinum 1951

Íslendingasögur"
1857,Hvað kallast bikarkeppni karla í knattspyrnu sem fer fram milli aðildarfélaga KSÍ?,Mjólkurbikar karla.,,"Bikarkeppni karla í knattspyrnu (Mjólkurbikar karla)er keppni á Íslandi sem fer fram milli aðildarfélaga KSÍ. Leikið er samkvæmt útsláttarfyrirkomulagi þannig að sigurvegari leiks heldur áfram keppni en taplið er úr leik. Viðureignir eru valdar af handahófi. Í bikarkeppninni er leikið til þrautar. Sé jafnt eftir venjulegan leiktíma skal framlengt og sé enn jafnt skal fara fram vítaspyrnukeppni. 

Aðalstyrktaraðili er Mjólkursamsalan. Mótið tók aftur upp nafnið Mjólkurbikarinn frá og með árinu 2018 en bikarkeppnin bar einnig sama nafn á árunum frá 1986-1996. Á upphafsárum keppninnar frá 1960 til 1972 var úrslitaleikurinn leikinn á Melavellinum, sem var malarvöllur. En frá árinu 1973 hefur úrslitaleikurinn verið leikinn á Laugardalsvelli.

Undankeppni hefst að venju í aprílmánuði en í henni leika öll félög að frátöldum þeim sem taka þátt í Úrvalsdeild karla. 

Svæðakeppni skal viðhöfð í undankeppninni og hún uppsett þannig að 20 lið komist áfram í aðalkeppnina, 32-liða úrslitin, ásamt 12 liðum Úrvalsdeildarinnar.

Úrslitaleikur Mjólkurbikars karla 2022, á milli FH og Víkings fór fram á Laugardalsvelli þann 1. október 2022. 

 Víkingar eru Mjólkurbikarmeistarar árið 2023.

Sigurvegarar 

{| class=""wikitable sortable"" style=""font-size:82%;""
!style=""background:silver;"" |Ár
!style=""background:silver;"" |Sigurvegari
!style=""background:silver;"" |Úrslit
!style=""background:silver;"" |2. sæti
|<<>>
!style=""background:silver;"" |Undanúrslit
!style=""background:silver;"" |Undanúrslit
!style=""background:silver;"" |Fjöldiliða
|-
|1960 || || 2-0|| 
|| || 2-1  ÍBÍ|| 2-0 ||
|-
|1961 ||  ||4-3|| 
|| || 2-1 || 2-1 ||
|-
|1962 ||  ||3-0|| 
|| || 3-0 || 2-1 ||
|-
|1963 || ||4-1|| 
|| || 3-2 || 6-1 ||
|-
|1964 ||  ||4-0|| 
|| || 2-1 -b|| 2-0 ||
|-
|1965 ||  ||5-3|| 
|| || 3-2 || 1-1, 2-0 ||
|-
|1966 ||  ||1-0|| 
|| || 3-0 || 5-0 ||
|-
|1967 || || 3-0|| 
|| || 3-3, 1-0 || 1-0 ||
|-
|1968 ||  ||2-1|| -b
|| || 2-1 ||-b ||
|-
|1969 ||  ||1-1, 3-2 (frl.) ||
|| || 3-1 || 4-1 ||
|-
|1970 ||  ||2-1|| 
|| || 2-1 || 2-1 ||
|-
|1971 ||  ||1-0|| 
|| || 2-0 || 1-0 ||
|-
|1972 || ||2-0|| 
|| || 4-0 || 0-0, 0-2 ||
|-
|1973 ||  ||2-1|| 
|| || 4-0 || 0-3 ||
|-
|1974 || ||4-1|| 
|| || 2-2, 2-1 || 0-2 ||
|-
|1975 ||  ||1-0|| 
|| || 2-1 || 1-0 ||
|-
|1976 || ||3-0|| 
|| || 0-0, 3-0 || 2-3 ||
|-
|1977 || ||2-1 ||
|| || 0-3 || 4-0 ||
|-
|1978 || ||1-0|| 
|| || 0-1 || 0-1 ||
|-
|1979 ||  ||1-0|| 
|| || 2-2, 0-2 || 2-1 ||
|-
|1980 ||  ||2-1|| 
|| || 0-1 || 2-3 ||
|-
|1981 ||  ||3-2|| 
|| || 0-1 || 1-0 ||
|-
|1982 || ||2-1|| 
|| || 1-2 || 2-1 ||
|-
|1983 ||  ||2-1 (frl.)|| 
|| || 4-2 || 2-2, 1-4 ||
|-
|1984 ||  ||2-1|| 
|| || 2-0 || 3-1 ||
|-
|1985 || ||3-1|| 
|| || 3-0 || 2-0 ||
|-
|1986 ||  ||2-1|| 
|| || 3-1 || 2-0 ||
|-
|1987 || ||5-0 ||
|| || 3-1 || 1-0 ||
|-
|1988 ||  ||1-0|| 
|| || 0-1 ||Leiftur 0-1 ||
|-
|1989 ||  ||3-1|| 
|| || 3-4 || 2-3 ||
|-
|1990 ||  ||1-1, 0-0 (end.)(5-4 vít.)|| 
|| || 2-0 || 2-4 ||
|-
|1991 ||  || 1-1, 1-0 (end.)|| 
|| || 0-0 (3-4 Vít.) || 1-3 ||
|-
|1992 || ||5-2 (frl.) || 
|| || 2-4 || 2-0 ||
|-
|1993 || ||2-1|| 
|| || 0-1 || 1-2 ||
|-
|1994 ||  || 2-0 ||
|| || 3-0 || 3-3 (2-4 vít.) ||
|-
|1995 ||  ||2-1|| 
|| || 0-1 || 0-0 (5-4 Vít.)  ||
|-
|1996 || || 2-1|| 
|| || 0-3  || 1-0 ||
|-
|1997 ||   ||1-1, 0-0 (end.)(5-4 vít.)|| 
|| || 1-0 Leiftur|| 3-0 ||
|-
|1998 ||  ||2-0||Leiftur
|| || 2-0  || 0-2 Leiftur ||
|-
|1999 ||   ||3-1|| 
|| || 3-0 || 3-0 ||
|-
|2000 ||  ||2-1|| 
|| || 1-1 (5-3 Vít.) || 2-1 ||
|-
|2001 ||  ||2-2 (5-4 vít.)|| 
|| || 0-2 || 0-3 ||
|-
|2002 ||  ||3-1|| 
|| || 2-3 || 1-2 ||
|-
|2003 ||  ||1-0 ||
|| || 1-4 || 3-2 ||
|-
|2004 ||  ||3-0|| 
|| || 0-1 || 0-1 ||
|-
|2005 || ||1-0 || 
|| || 2-0 || 2-2 (7-6 Vít.) ||
|-
|2006 || ||2-0 || 
|| || 0-4 || 0-1 ||
|-
|2007 || ||2-1 (frl.)|| 
|| || 3-1 || 1-2 ||
|-
|2008 || ||1-0  || 
|| || 1-1 (1-4 Vít.)  || 3-4 ||
|-
|2009 || ||2-2 (5-4 vít.) || 
|| ||  3-2  ||  1-0 ||
|-
|2010 || ||4-0|| 
|| || 3-1 || 4-0 ||
|-
|2011 || ||2-0||
|| || 1-4 || 2-0 ||
|-
|2012 || ||2-1||
|| || 0-1 || 3-0 ||
|-
|2013 ||  ||3-3 (7-6 vít.)|| 
|| || 2-1 || 2-1 || 61
|-
|2014 ||  ||2-1|| 
|| || 2-5 || 0-0 (4-2 Vít.) ||
|-
|2015 ||  ||2-0|| 
|| || 1-1 (4-5 Vít.) || 4-1 ||
|-
|2016 ||  ||2-0|| 
|| || 1-2 || 1-0 ||
|-
|2017 ||  ||1-0|| 
|| || 1-2 || 1-0 ||
|-
|2018 ||  ||0-0 (4-1 vít.) || 
|| || 2-0 || 2-2 (6-4 Vít.) ||
|-
|2019 ||  ||1-0|| 
|| || 3-1 ||  3-1 ||
|-
|2020 || ''Keppni hætt v. Covid-19 || ||
|| |||| ||
|-
|2021 ||   || 3-0||
|| || 3-0 Vestri||  2-0 ||
|-
|2022 ||   || 3-2 ||
|| || 0-3 ||  2-1 ||
|-
|2023 ||   || 3-1 ||
|| || 4-1 ||  2-2 (3-1 Vít.) ||
|}

Styrktaraðilar

 Nafn bikarkeppninnar 

 Verðlaunafé bikarkeppninnar 
Upplýsingar úr ársskýrslu KSÍ

 Úrslitaleikir bikakeppninnar 

 Sigrar í úrslitaleikjum 

Sjá lista yfir titla í íslenskum íþróttum

 Besti árangur annarra liða 2. sæti  4 sinnum (1992, 2001, 2004, 2023) ++
  2 sinnum (2007, 2008)
  1 sinni (2011)
  1 sinni (1994)
  1 sinni (1987)
  Leiftur 1 sinni (1998) +
  B-lið 1 sinni (1968) +Undanúrslit  6 sinnum (1966, 1978, 1979, 1981, 1984, 2012)
  3 sinnum (1960 sem ÍBÍ, 2011 sem BÍ/Bolungarvík, 2021)
  2 sinnum (2010, 2018)
  2 sinnum (1969, 2016)
  1 sinni (2017)
  1 sinni (2004)
  1 sinni (1974)8-liða úrslit  3 sinnum (1972, 2007, 2008)
  2 sinnum (1978, 1980) +
  1 sinni (2022)
 Kórdrengir 1 sinni (2022) +
  1 sinni (2021)
  1 sinni (2019)
  1 sinni (2013)
  1 sinni (1999)
  1 sinni (1997)
  1 sinni (1988)
  1 sinni (1982)
  1 sinni (1978)
 Hörður Ísafirði 1 sinni (1970)
  1 sinni (1980) +
  Týr Ve. 1 sinni (1962) +16-liða úrslit'''
  6 sinnum (2003, 2004, 2012, 2015, 2020, 2022)
  5 sinnum (2006, 2007, 2009, 2010, 2015) +
  3 sinnum (2008, 2011, 2014)
  3 sinnum (1993, 2009, 2012) +
  2 sinnum (2014, 2015)
  2 sinnum (1982, 1989) +
  2 sinnum (1984, 1986) +
 Dalvík/Reynir 1 sinni (2022)
  1 sinni (2021)
  1 sinni (2018)
  1 sinni (2013)
 Knattspyrnufélag Breiðholts 1 sinni (2012)
 Knattspyrnufélagið Valur/Austri 1 sinni (1999) +
 Valur Reyðarfirði 1 sinni (1992) +
  1 sinni (1970, 12-liða úrslit) +
 Íþróttafélag Kópavogs 1 sinni (1991) +
 Ungmennafélag Hveragerðis og Ölfuss 1 sinni (1986) +
 Knattspyrnufélagið Árvakur 1 sinni (1985) +
 Ungmennafélagið Víkverji 1 sinni (1983) +
 Ungmennafélagið Árroðinn 1 sinni (1981) +
 Reynir Árskógsströnd 1 sinni (1977) +
  1 sinni (1975) +

+ Keppir ekki lengur undir eigin merkjum.
++ Mun að lágmarki ná 2. sæti en gæti enn orðið meistari.

Flest mörk í úrslitaleikjum

Áhorfendur á úrslitaleikjum 
Fjöldi áhorfenda á úrslitaleikjum og dagsetningar þeirra frá aldamótum

Tengt efni 
Úrvalsdeild karla í knattspyrnu
Mjólkursamsalan
Knattspyrnusamband Íslands
Bikarkeppni kvenna í knattspyrnu

Heimildir 
 

Íslenskar knattspyrnudeildir
 
Íslensk knattspyrnumót"
1795,Hvenær var Jarðabók Árna Magnússonar og Páls Vídalíns gerð?,1702-1714.,,"Jarðabók Árna Magnússonar og Páls Vídalíns er skrá yfir ásigkomulag jarða og hag landsmanna á Íslandi sem gerð var árin 1702-1714. 

Friðrik 4. Danakonungur gaf út erindisbréf vorið 1702 til handa Árna Magnússyni og Páli Vídalín. Erindisbréfið var í 30 greinum og var þeim falið að gera úttekt á öllum bújörðum landsins en jafnframt að hafa eftirlit með öllum opinberum eigum og kanna hvort of miklar kvaðir væru lagðar á bændur. Skyldu þeir meðal annars skrá dýrleika (verðmat) jarðanna, landskuld, kúgildatölu og kvaðir á hverri jörð, auk hlunninda sem þeim fylgdu, og skrá nákvæmlega fjölda búpenings á hverri jörð. Einnig áttu þeir að sjá til þess að gert yrði manntal á öllu landinu og ýmis fleiri verkefni voru þeim falin.

Þeir Árni og Páll hófu störf þegar sumarið 1702, ferðuðust um landið og hófu skráninguna í Dalasýslu. Upphaflega stóð til að láta hvern bónda fyrir sig skrá upplýsingar um jörð sína en það gekk ekki upp, enda margir illa eða ekki skrifandi, og varð úr að bændum og jarðeigendum var stefnt saman á ákveðna staði þar sem Árni og Páll spurðu þá spjörunum úr. Verkið tók mörg ár, enda ekki hægt að vinna það nema á sumrin og ýmislegt varð til að tefja, svo sem Stórabóla 1707, og lauk því ekki fyrr en á árunum 1712-1714. Manntalið var aftur á móti tekið árið 1703.

Jarðalýsingarnar voru svo fluttar til Kaupmannahafnar og varðveittar þar, nema hvað lýsingar jarða úr Múla- og Skaftafellssýslum brunnu í eldinum í Kaupmannahöfn 1728. Jarðabókin var svo gefin út á árunum 1913-1943 og er ómetanleg og raunar einstök heimild um jarðir og búskap um allt land. Hið íslenska fræðafélag í Kaupmannahöfn gaf Jarðabókina út. 

18. öldin
Íslenskar bókmenntir
Saga Íslands"
1891,Við hvaða fjörð er helmingur allra fjara á Íslandi?,Breiðafjörð.,,"Fjara getur líka átt við flóð og fjöru.

Fjara er nefnd sú landræma sem er á mörkum meginlands eða eyja og sjávar eða stöðuvatns. Þar sem sjávarfalla gætir er þetta svæði breiðara en ella. Til dæmis gætir sjávarfalla varla eða mjög lítið í stöðuvötnum en mikið mun meira á sjávarströndum, þó óverulega í innhöfum eins og til dæmis Eystrasalti og Miðjarðarhafi. 

Yfirleitt er fjara skilgreind sem sú landræma sem sjór fellur af og er á milli meðalstórstraumsflóðs og meðalstórstraumsfjöru. Sjávarföll eru mjög mismikil, mest geta þau orðið 16 metra munur á flóði og fjöru í Fundyflóa á austurströnd Kanada, því eru fjörur mjög mismunandi að umfangi, einnig er lífríki og gerð þeirra mjög mismunandi. Margir líffræðingar vilja líka skilgreina fjöru frekar út frá vistkerfi hennar og segja að hún nái frá efstu klettadoppum, en ofan þeirra teljist land, og niður að þarabelti, en þar byrji grunnsævi. Sú skilgreining er talsverð einföldun og á fyrst og fremst við um kletta- og klapparfjörur.

Fjörur á Íslandi
Fjörur á Íslandi eru misstórar vegna þess að sjávarfalla gætir mismikið í kringum landið. Mestur munur flóðs og fjöru er við Breiðafjörð og getur þar orðið 5 metrar. Við Faxaflóa er algengur fjögurra metra munur á stórstreymi en á Norður- og Austurlandi sjaldnast meiri en einn og hálfur metri. Lögun landsins ræður miklu um hve fjörur eru víðáttumiklar að viðbættum sjáfarföllum, en talið í ferkílómetrum er um helmingur allra fjara á Íslandi við Breiðarfjörð, fjórðungur við Faxaflóann en aðeins um 10% samanlagt við norður- og austurströndina.

Fjörugerðir
Fjörur eru margvíslegar að gerð. Sumstaðar ganga klettar í sjó út, aðrar sorfnar af brimi úthafsöldunar, enn aðrar fullar af grjóthnullungum, möl eða sandi eða eru lygnar leirur við árósa. Lífríki hinna ýmsu fjörugerða er misjafnt og hefur skjól þar mikið að segja. Í sumum gerðum fjara er nánast ekkert fjörulíf, eins og í sandfjörum fyrir opnu hafi, en mjög mikið í skjólgóðum hnullunga- og þangfjörum. 

Skipta má fjörum í margar gerði og hafa Íslenskum fjörum meðal annars verið skipt í eftirfarandi flokka: Þangfjörur, hrúðurkallafjörur, hnullungafjörur, skjóllitlar sandfjörur, kræklingaleirur, sandmaðksleirur, sjávarfitjar og árósar og sjáfarlón.

Sjá einnig 
 Sjávarföll

Tilvísanir

Heimildir

Tenglar 
 Stjörnufræðivefurinn: Sjávarföll

Landafræði
Landafræðihugtök"
1316,"Við hvaða götu í Reykjavík má finna Isaachsenshús, Jóska húsið, Nýhöfn, Randversku húsin og Svendsenshús?",Hafnarstræti.,,"Hafnarstræti er gata í miðbæ Reykjavíkur sem teygir sig frá Aðalstræti að Lækjargötu.

Hús við Hafnarstræti 
 Isaachsenshús
 Jóska húsið (Hafnarstræti 16)
 Nýhöfn (Hafnarsræti 18)
 Randverskuhúsin (á horni Hafnarstrætis og Veltusunds) 
 Svendsenshús (Hafnarstræti 8)

Söguleg hús við Hafnarstræti
Verslunin Edinborg

Tenglar 
 Nýhöfn (Hafnarstræti 18); grein í Lesbók Morgunblaðsins 1962
 Fálkahúsið og fálkaverslun konungs; 1. grein í Lesbók Morgunblaðsins 1967
 Fálkahúsið og fálkaverslun konungs; 2. grein í Lesbók Morgunblaðsins 1967
 Fálkahúsið; grein í NT 1984

Götur í Reykjavík
Miðborg Reykjavíkur"
882,Hver var fyrsta manneskjan sem var grafin í Hólavallagarði?,Guðrún Oddsdóttir.,,"Hólavallagarður (oft kallaður Hólavallakirkjugarður og stundum einnig Suðurgötu(kirkju)garður) er stór kirkjugarður í Vesturbæ Reykjavíkur.

Staðarlýsing
Hólavallagarður er stærsti íslenski kirkjugarðurinn frá 19. öld. Hann tók við af kirkjugarði Víkurkirkju sem var þar sem nú er torg, oft nefnt fógetagarðurinn, á horni Aðalstrætis og Kirkjustrætis. Fyrst til að hljóta legstað í garðinum var Guðrún Oddsdóttir en hún var grafin árið 1838 og er því nefnd vökukona garðsins. Frá 1838 til 1951 var líkhús í garðinum en þá var byggt nýtt líkhús í Fossvogskirkjugarði.

Að garðinum liggja Suðurgata í austri, Hringbraut í suðri, Ljósvallagata í vestri og Hólatorg og Kirkjugarðsstígur í norðri. Elsti hluti garðsins er sá sem er næstur miðbænum, norðausturhornið. Nærri garðinum miðjum er klukknaport. Þegar búið var að úthluta nánast öllum gröfum í garðinum árið 1932 tók Fossvogskirkjugarður við sem aðalkirkjugarður borgarinnar. Enn er þó stundum grafið í honum, einkum í gamla fjölskyldugrafreiti sem hafa verið fráteknir lengi Kirkjugarðar Reykjavíkurprófastsdæma sjá um garðinn. Hann þjónar einnig sem grenndarskógur fyrir Melaskóla.

Legsteinar og krossar í garðinum eru eins fjölbreyttir og við má búast eftir tæpra tveggja alda notkun. Sumir steinarnir eru mjög stórir og veglegir og bera menningarsögu Íslendinga vitni. Gróðurfar í garðinum er einnig fjölbreytt; þar er að finna á annað hundrað tegunda af jurtum og trjám, sem sýna m.a. hvað fólki hefur þótt við hæfi að gróðursetja á leiði fyrr á tíð. Má þar meðal annars finna mikið af greni, hlyn, björk og reyni, það elsta síðan á millistríðsárunum. Fágætari tegundir garðsins eru m.a. evrópulerki (borgartré Reykjavíkur 2011), álmur, gráelri og askur.

Samkvæmt deiliskipulagi Reykjavíkurborgar frá 2003 fellur garðurinn undir hverfisvernd. Hún telst ekki vera formleg friðlýsing, en skoðast sem viljayfirlýsing borgaryfirvalda um að varðveita garðinn og að fara varlega við breytingar á honum. Fyrir utan tvær stækkanir á 19. og 20. öld, hefur garðinum lítið verið breytt. 

Um aldamótin 2000 voru megingangstígar hellulagðir og ljósker sett upp til viðbótar við nokkra ljósastaura sem þar voru fyrir. Krossar og grindverk úr járni setja svip sinn á garðinn, en hann mun vera einn fárra kirkjugarða í Evrópu þar sem slíkt var ekki tekið niður og brætt upp til hergagnaframleiðslu í stríðum 20. aldar. Múrinn sem umlykur Hólavallakirkjugarð þykir einnig merkur; hann er að hluta til hlaðinn en að hluta til steyptur. Lítið hefur verið hróflað við elsta hluta garðsins, og telst það ólíkt því sem gerist í öðrum gömlum norrænum kirkjugörðum, þar sem elstu hlutarnir eru gjarnan sléttaðir.

Listfræðingurinn Björn Th. Björnsson kallaði Hólavallagarð „stærsta og elsta minjasafn“ Reykjavíkur í bókinni Minningarmörk í Hólavallagarði og Margrét Hallgrímsdóttir þjóðminjavörður hefur tekið í sama streng. Garðurinn er heimild um list- og táknfræði, persónusögu og ættfræði og stefnur í byggingarlist, minningarmörkum, garðyrkju og handverki. Lágmyndir af hinum látnu eru á þónokkrum legsteinum, margar þeirra eftir myndhöggvarana Einar Jónsson, Albert Thorvaldsen og Ríkarð Jónsson. Guðjón Samúelsson, húsameistari ríkisins, hannaði klukknaport garðsins.

Í garðinum eru minningarreitir um franska og færeyska sjómenn sem fórust við íslandsstrendur. Venja er á 17. júní að leggja blómsveig við gröf Jóns Sigurðssonar.

Garðurinn var tilnefndur til umhverfisverðlauna Norðurlandaráðs árið 2005.

Þekkt fólk sem er grafið í Hólavallagarði
Meðal þekktra einstaklinga sem voru jarðaðir í Hólavallakirkjugarði má telja eftirfarandi:
Ásmundur Guðmundsson biskup
Benedikt Gröndal, skáld og fræðimaður
Bjarni Jónsson, Dómkirkjuprestur
Bríet Bjarnhéðinsdóttir, kvenréttindakona
Guðmundur Pétursson Thorsteinsson eða Muggur
Hannes Hafstein, skáld og ráðherra
 Indriði Einarsson, skáld og fræðimaður
Ingibjörg H. Bjarnason, fyrsta konan sem kjörin var á Alþingi og skólastýra Kvennaskólans í Reykjavík.
Jóhannes Sveinsson Kjarval, myndlistamaður
 Jón Magnússon, forsætisráðherra
 Jón Sigurðsson, forseti
 Katrín Thoroddsen, læknir og alþingismaður
 Páll Ólafsson, skáld
 Sveinbjörn Egilsson, skáld og skólastjóri
Thor Jensen, athafnamaður
Torfhildur Hólm, rithöfundur
Þorbjörg Sveinsdóttir ljósmóðir og stofnandi Hins íslenska kvenfélags.
Þorsteinn Erlingsson, skáld
 Fólk sem lést af völdum spænsku veikinnar árið 1918. Í garðinum eru a.m.k tvær fjöldagrafir.

Nokkur minningarmörk

Tengt efni 
 Gufuneskirkjugarður
 Fossvogskirkjugarður
 Víkurgarður
 Sturlukapella

Heimildir 
 Þingsályktunartillaga um varðveislu Hólavallagarðs, flutt á 133. löggjafarþingi 2006-2007. Flm.: Ásta R. Jóhannesdóttir, Sólveig Pétursdóttir, Össur Skarphéðinsson, Jón Kristjánsson, Guðmundur Hallvarðsson, Jóhanna Sigurðardóttir, Ögmundur Jónasson, Magnús Þór Hafsteinsson, Guðrún Ögmundsdóttir, Mörður Árnason, Helgi Hjörvar, Ágúst Ólafur Ágústsson og Anna Kristín Gunnarsdóttir.

Tilvísanir 

Kirkjugarðar í Reykjavík
Saga Reykjavíkur
Vesturbær Reykjavíkur"
25,Hvenær hefur hlutkesti áhrif á niðurstöður sveitarstjórnarkosninga á Íslandi?,Þegar tveir eða fleiri frambjóðendur fá jafnmörg atkvæði.,,"Hreppsnefnd Seyluhrepps var lýðræðislegur vettvangur kjörinna fulltrúa íbúa Seyluhreppi. Hreppsnefnd bar ábyrgð því að framfylgja þeim málefnum sem ríkið fól sveitarstjórnum.

1994 
Úrslit úr hreppsnefndarrkosningunum 28. maí 1994.

Eftirfarandi fulltrúar skipuðu sveitarstjórn:

1990 
Úrslit úr hreppsnefndarrkosningunum 26. maí 1990.

Eftirfarandi fulltrúar skipuðu sveitarstjórn:

1986 
Úrslit úr hreppsnefndarrkosningunum 14. júní 1986.

Eftirfarandi fulltrúar skipuðu sveitarstjórn:

Sigfús og Erna Geirsdóttir urðu jöfn með 46 atkvæði og réð hlutkesti því að Sigfús var kjörinn aðalfulltrúi.

1982 
Úrslit úr hreppsnefndarrkosningunum 26. júní 1982.

Eftirfarandi fulltrúar skipuðu sveitarstjórn:

1978 
Úrslit úr hreppsnefndarrkosningunum 25. júní 1978.

Eftirfarandi fulltrúar skipuðu sveitarstjórn:

Guðmann og Páll Dagbjartsson urðu jafnir með 53 atkvæði og réð hlutkesti því að Guðmann var kjörinn aðalfulltrúi.

1974 
Úrslit úr hreppsnefndarrkosningunum 30. júní 1974.

Eftirfarandi fulltrúar skipuðu sveitarstjórn:

1970 
Úrslit úr hreppsnefndarrkosningunum 28. júní 1970.

Eftirfarandi fulltrúar skipuðu sveitarstjórn:

1966 
Úrslit úr hreppsnefndarrkosningunum 26. júní 1966.

Eftirfarandi fulltrúar skipuðu sveitarstjórn:

1962 
Úrslit úr hreppsnefndarrkosningunum 24. júní 1962.

Eftirfarandi fulltrúar skipuðu sveitarstjórn:

1958 
Úrslit úr hreppsnefndarrkosningunum 29. júní 1958.

Eftirfarandi fulltrúar skipuðu sveitarstjórn:

1954 
Úrslit úr hreppsnefndarrkosningunum 27. júní 1954.

Eftirfarandi fulltrúar skipuðu sveitarstjórn:

1950 
Úrslit úr hreppsnefndarrkosningunum 25. júní 1950.

Eftirfarandi fulltrúar skipuðu sveitarstjórn:

1946 
Úrslit úr hreppsnefndarrkosningunum 7. júlí 1946.

Eftirfarandi fulltrúar skipuðu sveitarstjórn:

1942 
Úrslit úr hreppsnefndarrkosningunum 12. júlí 1942.

Eftirfarandi fulltrúar skipuðu sveitarstjórn:

Áralisti

Heimildir

Seyluhreppur H"
1349,Hvenær voru fyrstu kartöflurnar ræktaðar á Íslandi?,Árið 1758 af Friedrich Wilhelm Hastfer á Bessastöðum.,,"Ár kartöflunnar var árið 2008 samkvæmt yfirlýsingu Sameinuðu þjóðanna frá 22. desember 2005, en sama ár var líka Ár hreinlætis. Ár kartöflunnar var haldið til að vekja athygli á mikilvægi kartaflna í mataræði og mataröryggi, en þær eru ein mikilvægasta og ástsælasta fæða fólks um allan heim.

Á ári kartöflunnar voru nákvæmlega 250 ár liðin frá því Friedrich Wilhelm Hastfer ræktaði fyrstu kartöflurnar á Íslandi, á Bessastöðum sumarið 1758.

Ár Sameinuðu þjóðanna"
1339,Hvenær voru íslensk lög skráð niður í fyrsta sinn?,Á árunum 1117-1118.,,"Bergþór Hrafnsson var íslenskur lögsögumaður á 12. öld. Í lögsögumannstíð hans voru íslensk lög skráð niður í fyrsta sinn.

Bergþór var sonarsonur lögsögumannsins Gunnars Þorgrímssonar spaka og bróðursonur Úlfhéðins Gunnarssonar lögsögumanns. Hann tók við lögsögumannsembættinu af Úlfhéðni 1117 og gegndi því til 1122 en hefur líklega látist það ár. Eftir því sem segir í Kristni sögu var hann á Breiðabólstað hjá Hafliða Mássyni veturinn 1117-1118 og unnu þeir þar ásamt fleirum að ritun og endurbótum íslenskra laga. Þau voru svo lesin upp í lögréttu á Alþingi 1118 og samþykkt.

Heimild 
 

12. öldin
Lögsögumenn"
257,Hversu margir bæir voru í byggð í Laxárdal í Austur-Húnavatnssýslu árið 2014?,Tveir.,,"Laxárdalur er dalur í Austur-Húnavatnssýslu sem oft er kallaður Laxárdalur fremri til aðgreiningar frá Laxárdal í Skagafjarðarsýslu, sem er handan við fjallgarðinn milli Skagafjarðar og Húnavatnssýslu og er stundum kallaður Laxárdalur ytri.

Laxárdalur liggur samsíða Langadal, frá Refasveit og næstum fram að Bólstaðarhlíð og Vatnsskarði. Þar var áður allmikil byggð, um tuttugu bæir, en nú er aðeins einn eftir í byggð. Dalurinn er grösugur og nokkuð búsældarlegur en mjög snjóþungur. 

Norður eftir dalnum rennur Laxá í Laxárdal, sem kallast Laxá í Refasveit eftir að hún kemur fram úr dalnum og sameinast Norðurá. Vatnaskil eru nokkuð sunnan við miðjan dal, á móts við Litla-Vatnsskarð og rennur Auðólfsstaðaá þaðan til suðurs og síðan til vesturs um Auðólfsstaðaskarð í Blöndu.

Bæir

í byggð: 
 Mánaskál (komin aftur í byggð 2014.)
 Skrapatunga (Komin aftur þegar Benedikt og Guðrún keyptu býlið 2001).

í eyði: 
 Balaskarð
 Gautsdalur (fór í eyði 2014)
 Úlfagil
 Mýrakot
 Núpur
 Illugastaðir
 Refsstaðir
 Núpsöxl
 Kirkjuskarð
 Sneis
 Tungubakki
 Eyrarland
 Vesturá
 Grundarkot
 Kárahlíð
 Hvammur
 Litla-Vatnsskarð
 Mörk
 Mjóidalur
 Skyttudalur
 Þverárdalur
 Selhagi

Austur-Húnavatnssýsla
Dalir á Íslandi"
618,Hversu margir frisbígolfvellir voru á Íslandi árið 2019?,53.,,"Frisbígolf eða folf er íþrótt sem fer fram á svipaðan hátt og venjulegt golf, en í stað golfkylfa og golfbolta nota leikmenn svifdiska (frisbídiska). Þessi íþrótt varð til á áttunda áratug 20. aldar og á það sameiginlegt með venjulegu golfi að reynt er að ljúka hverri braut í sem fæstum köstum.

Frisbídisknum er kastað frá teigsvæði í átt að skotmarki. Markið getur verið mismunandi en oftast er um að ræða sérsmíðaðar körfur sem grípa diskinn. Leikmenn taka hvert kast frá þeim stað þar sem síðasti diskur lenti. Lendingarstaðurinn er merktur með sérstöku merki (litlum diski eða öðrum golfdiski) og ekki má stíga fram fyrir merkið þegar kastað er að nýju. Hæðir, hólar, tré og fleira sem finna má út um allan völlinn eru leikmönnum áskorun og hindrun í tilraunum þeirra við að koma disknum í körfuna. Loks endar „púttið“ í körfunni og þeirri holu er þá lokið.

Leikhlutar

Diskar 

Golfdiskar eru að jafnaði minni og þyngri en hefðbundnir svifdiskar sem ætlunin er að grípa. Diskarnir eru venjulega milli 150 og 180 grömm að þyngd og 8-9 tommur (20-23cm) í þvermál. Þeir skiptast í drævera, púttera og miðlungsdiska. Dræverar eru þyngstir og drífa lengst, miðlungsdiskar eru nákvæmari en dræverar en drífa styttra og pútterar eru léttastir og nákvæmastir en jafnframt hægastir. Diskarnir eru líka ólíkir hvað varðar form, grip, sveigjanleika og endingu.

Mörk 
Upphaflega voru mörkin í frisbígolfi svert járnrör yfir öðru járnröri sem glumdi í þegar diskurinn lenti á þeim. Árið 1975 hannaði Ed Headrick körfuna sem er algengasta markið í dag. Hún er með keðjum og körfu fyrir neðan til að grípa diskinn. Flötin er allt svæðið innan 10 metra frá marki. Þar er bannað að stökkva til að fylgja eftir skoti.

Teigar 
Teigar eru afmörkuð svæði, yfirleitt 6x8fet (2x2,5m) að stærð, sem marka upphaf hverrar brautar. Þeir þurfa að gefa stöðugt undirlag fyrir fyrsta kastið. Teigar eru gerðir úr þjappaðri mold eða möl, timbri, steypu eða gúmmímottum.

Á Íslandi
Íþróttin hefur notið sívaxandi vinsælda á Íslandi. Árið 2019 voru 53 vellir á landinu sem þýddi flesta velli miðað við höfðatölu.

Íslenska frisbígolfsamband er íþróttasamband sem skipuleggur velli og mót.

Tenglar 

 Íslenska frisbígolfsambandið
 Professional Disc Golf Association

Tilvísanir

Frisbígolf
Frisbííþróttir"
1619,Hvaða ár var Skarðsbók Jónsbókar skrifuð?,1363.,,"Skarðsbók er nafn á tveimur fornum íslenskum skinnhandritum.

Skarðsbók Jónsbókar er lögbókarhandrit, sem hefur að geyma Jónsbók og nokkrar réttarbætur. Í handritinu kemur fram að það var skrifað 1363. Talið er að handritið hafi verið skrifað í Helgafellsklaustri, og að verkbeiðandinn hafi verið Ormur Snorrason lögmaður á Skarði á Skarðsströnd. Handritið er í Árnasafni, og hefur safnnúmerið AM 350 fol.

Skarðsbók postulasagna var lengi í eigu kirkjunnar á Skarði á Skarðsströnd, en hvarf þaðan um 1820. Handritið kom síðar fram á Englandi og var þar í einkaeign. Það var selt á uppboði 30. nóvember 1965 og var keypt til landsins af íslensku bönkunum og gefið íslensku þjóðinni. Var það fyrsta handritið sem afhent var Stofnun Árna Magnússonar á Íslandi til varðveislu, og hlaut safnmerkið SÁM 1 fol.

Tenglar 
 Skarðsbók Jónsbókar, AM 350 fol. Skinnhandrit. 1363
 Skarðsbók postulasagna, SÁM 1 fol.

Fornrit
Lög
1363"
300,"Hvers konar tónlist spiluðu íslensku hljómsveitirnar Náttúra, Pelican og Paradís?",Rokktónlist.,,"Björgvin Gíslason  (f. 4. september 1951) í Reykjavík er íslenskur tónlistarmaður.

Æviágrip 
Björgvin er sjálflærður að mestu og spilar á allskonar hjóðfæri þó aðallega gítar. Á unglingsárum var hann í hljómsveitum eins og Flamingo, Falcon, Zoo og Opus 4.

Tónlistarferill 
Árið 1967 gekk hann til liðs við hljómsveitina Pops með þeim Pétri Kristjánssyni, Birgi Hrafnssyni og Ólafi Sigurðssyni. Pops varð þokkalega vinsæl og komu út á einni lítilli plötu sem undirleikarar hjá Flosa Ólafssyni.

Náttúra 
Það var svo árið 1969 sem hljómsveitin Náttúra var stofnuð af þeim; Sigurði Árnasyni bassaleikara, Jónasi R. Jónssyni söngvara og þverflautuleikara, Rafni Haraldssyni trommuleikara og Björgvini Gíslasyni sóló gítarleikara. Hljómsveitin varð strax óhemju vinsæl á skemmtistöðum enda með réttu blönduna af rokki og róli sem féll vel í æskuna. Þessi útgáfa af hljómsveitinni lifði á annað ár en þá urðu breytingar sem enduðu í alls fjórum útgáfum af Náttúru og 1972 kom stóra platan „Magic Key“ út. Kjölfestan í þessari fjórskiptu hljómsveit voru alla tíð þeir Björgvin og Sigurður bassaleikari en þau sem komu og fóru þessi fjögur ár voru; Sigurður Rúnar Jónsson hljómborðs og fiðluleikari, Pétur Kristjánsson söngvari, Áskell Másson slagverksleikari, Jóhann G. Jóhannsson söngvari og gítarleikari, Shady Owens söngkona, Ólafur Garðarsson trommuleikari, og Karl Sighvatsson hljómborðsleikari.

Pelican 
Vorið 1973 byrjaði nýtt rokkband Péturs Kristjánssonar, Pelican með (auk Péturs); Ásgeiri Óskarssyni, Ómari Óskarssyni, Jóni Ólafssyni og Björgvini. Hljómsveitin varð fljótt eitt heitasta band landsins og Pétur poppari tryllti ungdóminn. Til að fylgja eftir frægðinni var farið í spilamennsku til Ameríku og platan „Uppteknir“ tekin upp. Platan sú jók enn vinsældir heima fyrir svo aftur var haldið í víking og önnur stór plata „Lítil fluga“ var hraðsoðin í U.S.A. Flug hennar varð endasleppt og hljómsveitin leið undir lok.

Paradís 
Hljómsveitin Paradís var stofnuð á rústum Pelican árið 1976 af Pétri W. Kristjánssyni ásamt Björgvini, Ásgeiri Óskarssyni, Gunnari Hermannssyni, Nikulási Róbertssyni og Pétri Hjaltested. Þessi hljómsveit varð strax geysivinsæl meðal táninga. Þegar stóra plata Paradísar kom út 1976, skrifaði blaðamaður Dagblaðsins Ásgeir Tómasson þetta um plötuna.

Öræfarokk og blús 
Fyrsta sóló plata Björgvins, Öræfarokk kom út hjá SG hljómplötum árið 1977. Platan fékk góða dóma hjá gagnrýnendum en seldist ekki sem skyldi. Hljómplötugagnrýnandi Þjóðviljans, Jens Guðmundsson, skrifaði um plötuna í ágúst 1977.

Glettur 
Önnur sóló plata Björgvins, Glettur kom út hjá Steinar útgáfunni 1981.

Örugglega 
Þriðja sóló plata Björgvins, Örugglega kom út hjá Steinar útgáfunni 1983. Hljómplötugagnrýnandi DV TT skrifaði gagnrýni um plötuna í apríl 1983.

SLETTUR 
Tvöfalda albúmið; SLETTUR er sjötta og sjöunda sólóplata Björgvins og kom út 2015.

Björgvin hér og Björgvin þar 
Hljómsveitin Paradís og síðar hljómsveitin Póker breyttust í kúlutyggjóbönd sem áttu að meika það í Ameríku en Björgvin hætti og fór að spila blús með blúsgoðsögninni Clarence ""Gatemouth"" Brown fram til ársins 1981.

Síðan þá má telja dvöl í ýmsum hljómsveitum svo sem; Íslensk kjötsúpa, Das Kapital, Deild eitt, Frakkar, Friðryk, Þrír á palli, Aukinn þrýstingur, Mannakorn, Leikhúsband í Síldin kemur, síldin fer, Band með Megasi, Gömlu brýnin, KK Band, Hljómsveit Stefáns P., Blái fiðringurinn, Strákarnir og dúettinn VIÐ.

Afmælistónleikar 
Björgvin Gíslason varð sextugur þann 4. september 2011. Að því tilefni hélt hann hátíðartónleika í Austurbæ -(jarbíó) sama dag. Tónlistarspekúlant Fréttablaðsins Trausti Júlíusson var á staðnum og sagði meðal annars þetta um tónleikana.

Útgefið efni

SG-hljómplötur 
Breiðskífur
 SG 105 - Björgvin Gíslason - Öræfarokk (1977)

Steinar 
Breiðskífur
 Steinar 051 -  Björgvin Gíslason - Glettur (LP, 1981) 
 Steinar 065 -  Björgvin Gíslason - Örugglega (LP, 1983)
CD
 Steinar 13146932 -  Pelican - Pelican (CD, 1993)

ÁÁ Records 
Breiðskífur
 ÁÁ 018 -  Pelican - Uppteknir (LP, 1974) 
 ÁÁ 037 -  Íslensk kjötsúpa - Íslensk kjötsúpa (LP, 1979)

45 snúninga
 ÁÁ 017 -  Pelican - Jenny darling // My glasses (7”, 1974)
 ÁÁ 019 -  Pelican - Time // Instrumental love song (7”, 1974)

Eigin útgáfa 
 BGHLP 002-003 - Björgvin Gíslason - SLETTUR (2LP) 2015

Aðrar útgáfur 
Breiðskífur
 NTR 008 - Náttúra – Magic Key 1972
 PEL 002 - Pelican – Lítil fluga 1975
 PAR 002 - Paradís - Paradís 1976
 SAF 001 - 1984 - Frakkar 1984

45 snúninga
 Paradís PAR 001 - Paradís - Superman // Just Half Of You (1975)
 Pelican 01 - Silly Piccadilly // Lady Rose (1975)

CD
Punkturinn - Björgvin Gíslason - 2003 (Sóló)

NET
bio - Björgvin Gíslason - 2001 (Sóló) - Kom út í 50 tölusettum eintökum fyrir fjölskylduna (var ókeypis á netinu).

Tilvísanir

Tenglar 
http://bjorgvingislason.com/BG/Tonleikar.html - Ferilssíða
Clarence ""Gatemouth"" Brown
http://www.keli.is/bjoggi/ - Netplatan Bio 2001
https://www.facebook.com/SLETTUR/?ref=bookmarks - SLETTUR á Facebook

Íslenskir tónlistarmenn"
1075,Hvað er þorrablót?,Miðsvetrarhátíð í fornum stíl.,,"Þorramatur er hefðbundinn íslenskur matur sem hefð er fyrir að bera fram á þorra, sérstaklega á svokölluðum þorrablótum, sem eru miðsvetrarhátíð í fornum stíl. Mörg veitingahús í Reykjavík og annars staðar bjóða þá þorramat, sem oftast eru kjöt- eða fiskafurðir, verkaðar með hefðbundnum aðferðum og bornar fram niðursneiddar í trogum. 

Upphaf þorramatar má rekja til miðsvetrarmóta hinna ýmsu átthagafélaga á fyrri hluta 20. aldar (svo sem Breiðfirðingamót og Árnesingamót). Á þessum mótum upp úr 1950 voru oft auglýst „hlaðborð“, „íslenzkur matur“ eða „íslenzkur matur að fornum sið“ og voru þar bornir fram nokkrir réttir vel þekktir í íslenskum sveitum en voru orðnir sjaldséðir á borðum íbúa þéttbýlisstaða á 6. áratugnum. Orðið „þorramatur“ kom hins vegar hvergi fyrir fyrr en árið 1958 þegar veitingastaðurinn Naustið við Vesturgötu í Reykjavík fór að bjóða upp á sérstakan „þorramatseðil“ sem var hefðbundinn sveitamatur borinn fram í trogum sem smíðuð voru eftir fyrirmyndum á Þjóðminjasafninu. Yfirlýstur tilgangur með þorramatnum var, að sögn veitingamannsins á Naustinu, að bjóða fólki upp á að smakka íslenskan mat án þess að þurfa að vera félagi í átthagafélagi.

Þorramaturinn var upphaflega hópmatseðill eða hlaðborð en árið eftir lét Naustið smíða minni trog sem hentuðu undir mat fyrir tvo. Fljótlega varð vinsælt að bera slíkan mat fram á öðrum veitingastöðum í bænum enda margir kunnugir þessum mat frá fyrri tíð og sum átthagafélögin tóku upp orðin „þorramatur“ og „þorrablót“ þegar þau auglýstu mótin sín. Þorrann ber líka upp á tíma sem var venjulega fremur dauður í veitingahúsageiranum. Upp úr 1970 var farið að nota orðið „þorrabakki“ þegar rætt var um þorramatinn sem stakan rétt.

Á síðari árum hefur færst í vöxt að á þorrabakkanum séu líka matvæli sem eiga sér langa sögu en eru ekki óalgeng, svo sem harðfiskur, hangikjöt og saltkjöt. Margir veitingastaðir bjóða upp á val milli hefðbundinna súrsaðra og ósúrra þorrabakka. Þorramaturinn hefur þannig þróast með árunum til að taka mið af breytingum á matarsmekk.

Dæmi um þorramat 
 Blóðmör
 Bringukollar
 Flatkaka
 Hangikjöt
 Harðfiskur
 Lundabaggar
 Kæstur hákarl
 Laufabrauð
 Lifrarpylsa
 Magáll
 Pottbrauð
 Rengi
 Rófustappa
 Rúgbrauð
 Selshreifar 
 Súr sundmagi
 Súrsaðir hrútspungar
 Sviðakjammar
 Sviðalappir
 Sviðasulta
 Svínasulta

Tilvísanir

Íslensk matargerð"
423,Hvaða tónverk voru flutt af Pólýfónkórnum og kammersveit í Háskólabíói árið 1977?,Gloria og Magnificat.,,"Pólýfónkórinn og kammersveit – Gloria og Magnificat er hljómplata með Pólýfónkórnum, einsöngvurum og kammersveit sem gefin var út af Pólýfónkórnum 1977. Stjórnandi var Ingólfur Guðbrandsson. 

Um er að ræða fyrstu útgáfu með söng kórsins sem hann gaf út sjálfur. Upptakan var gerð af Ríkisútvarpinu á tónleikum kórsins og kammersveitar í Háskólabíói í apríl 1977. Kórfélagar voru 142 og hljómsveitina skipuðu 50 hljóðfæraleikarar. Einsöngvarar voru Ann-Marie Connors, Elísabet Erlingsdóttir, Sigríður Ella Magnúsdóttir, Keith Lewis og Hjálmar Kjartansson. Hljóðvinnslu á frumupptöku Ríkisútvarpsins annaðist Tryggvi Tryggvason í London.

Lagalisti
Hlið 1: Gloria – Höfundur: Antonio Vivaldi (1678-1741) - 

Hlið 2: Magnificat - Höfundur: Johann Sebastian Bach (1685-1750) -

Pólýfónkórinn og kammersveit í Háskólabíói 1977

Í umsögn um tónleika kórsins segir Egill Friðleifsson; „Gloria Vivaldis er í tólf þáttum fyrir kór einsöngvara og hljómsveit.  Verkið, sem ekki hefur verið flutt hérlendis áður, er hlaðið mikilli spennu og krafti, eins og svo mörg önnur verk þessa þróttmikla Ítala. Í upphafskaflanum „Gloria in exelsis Deo“ komu þegar fram helstu og bestu kostir kórsins, fegurð og samræmi í tærum hljómunum, mýkt og sveigjanleiki við mótun hendinga og hnitmiðuð framsetning. Má segja að þessi lýsing eigi við um frammistöðu kórsins á tónleikunum í heild. Einsöngvararnir gerðu hlutverkum sfnum góð skil. Enska sópransöngkonan Ann-Marie Connors hefur fallega rödd og söng músíkalskt, en Elísabet Erlingsdóttir gaf henni í engu eftir, t.d. í dúettþættinum „Laudamus te”. Sigríður E. Magnúsdóttir söng af þokka, einkum var túlkun hennar á aríunni „Esurientes implevit bonis” í verki Bachs eftirminnileg. 
Magnificat Bachs er einnig í tólf þáttum. Það hefur áður hljómað í ágætum flutningi Fílharmóníukórsins fyrir rúmum áratug. Var mikill fengur að því að fá á ný notið þessa stórbrotna verks í svo vönduðum flutningi sem hér. Söngur kórsins í sjöunda kaflanum „Fecit potentiam in brachio suo” var stórkostlegur. Rödd Hjálmars Kjartanssonar barst vel í aríunni „Quia fecit mihi” og nýsjálenski söngvarinn Keíth Lewis býr yfir flestum þeim kostum er prýða má góðan tenór. Meðferð hans á áttunda þætti „Deposuit potentes de sede” var mjög góð.”

Um höfundana 
Ingólfur Guðbrandsson skrifar um Vivaldi, höfund Gloriu aftan á plötuumslagið; „Tónskáldið og fiðlusnillingurinn Antonio Vivaldi var sonur fiðluleikara við Markúsarkirkjuna í Feneyjum Hann var settur til mennta og tók prestsvígslu, og meðal almennings var hann kallaður „il prete rosso"", „rauði presturinn"". Hann lagði þó brátt niður prestskapinn og sneri sér eingöngu að tónlistinni. Frá 1704 starfaði hann við Conservatorio della Pietá í Feneyjum, frægum tónlistarskóla fyrir ungar stúlkur, þar sem hann varð fyrst konsertmeistari og síðan stjórnandi skólans. Hann var afkastamikið tónskáld og samdi fjölda tónverka fyrir einleikshljóðfæri og hljómsveitir, frægastir eru fiðlukonsertar hans og conserti grossi, en á árunum 1713-39 samdi hann og stjórnaði 39 óperum víðs vegar á Ítalíu. Vivaldi var einn mesti fiðlusnillingur síns tíma og eftirsóttur einleikari, enda sífellt á ferðalögum. Tónsmíðar hans höfðu mikil áhrif á J.S. Bach, sem umsamdi 20 þeirra fyrir önnur hljóðfæri. Vivaldi samdi nokkur verk fyrir kór, einsöngvara og hljómsveit, og er Gloria í D-dúr, sem hér er flutt, eitt hið kunnasta þótt ekki hafi það heyrzt hér áður, fremur en önnur kórverk hans. Það er talið vera samið um 1715 og er í 12 þáttum fyrir ferradda kór, einsöngvara, strokhljómsveit, óbó og trompet. Yfir tónsmíð þessari ríkir einstök heiðríkja. Frá upphafi til enda hljómar hér fagnandi lofgjörð um mikilleik Guðs. Sá innri þróttur og þrotlaus spenna, sem einkennir mörg hljómsveitarverk Vivaldis, birtist hér upphafin i margslungnu formi og litadýrð og miklar nafn skaparans í krafti tilbeiðslu og trúarvissu.“

 Ingólfur skrifar einnig um Bach, höfund Magnificat: „Jóhann Sebastian Bach, kantorinn, orgelsnillingurinn og tónskáldið frá Leipzig, sem nefndur hefur verið „fimmti guðspjallamaðurinn"", þarf naumast að kynna fyrir áheyrendum Pólýfónkórsins, þar eð kórinn hefur áður flutt öll stærstu verk hans, Jólaoratoríuna. Jóhannesarpassíuna, Mattheusarpassíuna og H-moll messuna og sum þessara verka margsinnis á ferli kórsins. Pólýfónkórinn flytur nú Magnificat Bach í fyrsta sinn. H-moll messan, Magnificat og 5 útgáfur af Sanctus eru einu verk Bachs við latneskan texta. Talið er, að hann hafi samið Magnificat til flutnings í Leipzig á jólum 1723. Sú gerð verksins var í Es-dúr og í tilefni jólanna var 4 aukaþáttum skotið inn á milli þátta verksins. Bach umsamdi verkið í D-dúr árið 1732 og gerði á því ýmsar breytingar, og í þeirri gerð er það nú flutt. Magnificat var þáttur í guðsþjónustunni á stórhátíðum kirkjuársins, á jólum, páskum og hvítasunnu. Þar eð messan var löng, var tíminn fyrir flutning Magnificats takmarkaður. Er það talið orsök þess að Bach sneið verkinu svo þröngan stakk, það er aðeins um 600 taktar að lengd, og ekkert er endurtekið, hvergi da capo. Þrátt fyrir það býr það yfir ódauðlegri fegurð og snilld og er skyldast H-moll messunni að búnaði og gerð, samið fyrir 5 radda kór og sömu hljóðfæraskipan og H-moll messan. Eins og í henni og Mattheusarpassíunni fer hér saman formsnilld og andagift, sem skipa þessum verkum á svið upphafinnar tjáningar, alþjóðleg og óháð tímanum. Hinn fagnandi inngangur verksins, fullur af trúartrausti, er rifjaður upp í lokin: „Sicut erat in principio"", svo sem var i öndverðu, er enn og verður ávallt um aldir alda. Amen.“

Tilvísanir

 
Íslensk tónlist
Hljómplötur gefnar út árið 1977"
1831,Eftir hvern er ljóðabókin „Það blæðir úr morgunsárinu“?,Jónas Svafár eða Jónas Svavar Einarsson.,,"Jónas E. Svafár (Jónas Svavar Einarsson)  (f. 8. september 1925 í Reykjavík, d. 27. apríl 2004 á Stokkseyri), var skáld og myndlistarmaður. Hann er almennt talinn  eitt af atómskáldunum. Hann var óreglumaður og lifði oft slarksömu lífi, bjó t.d. í tjaldi í Vatnsmýrinni í tvö sumur þar sem hann lifði á rúgbrauði og lýsi. Hann tók sér nafnið Svafár sjálfur eftir að hafa dottið í braggagrunn og vaknað skáld. Aðrir segja að hann hafi sofið í ár, og því hafi hann tekið upp nafnið, en það er alþýðuskýring. Hann myndskreytti gjarnan bækur sínar sjálfur.

Ljóðabækur
 Það blæðir úr morgunsárinu 1952
 Geislavirk tungl 1957
 Klettabelti fjallkonunnar 1968
 Stækkunargler undir smásjá 1978
 Sjöstjarnan í meyjarmerkinu 1986

Heimildir
Kiljan, Ríkissjónvarpið, 3. október 2007

Tilvísanir

Tenglar 
 Hugsjónir í gaddavíra; grein í Lesbók Morgunblaðsins 1998
 Helgarviðtalið; Þjóðviljinn 12.nóvember 1978
 Jónas Svafár atómskáld;grein í Tímanum Sunnudagsblaði 1967

Íslensk skáld"
204,Hvernig tónlist spilar hljómsveitin Skálmöld?,Melódískt þungarokk.,,"Þjóðlagaþungarokk er eitt af mörgum formum þungarokks sem á upptök sín í byrjun tíunda áratugarins en þungarokk hafði vaxið í vinsældum sérstaklega á níunda áratugnum. Breska þungarokkshljómsveitin Skyclad er almennt tengd við upphaf þjóðlagaþungarokks en notkun þeirra á hljóðfærum sem einkenna þjóðlagatónlist þótti nýstárleg og ruddi veginn fyrir ótalmargar hljómsveitir sem fylgdu þar á eftir. Þar sem þjóðlagatónlist er ólík eftir því hvaða menningu hún er sprottin úr, má segja að þjóðlagamálmur hafi skipast í nokkra undirflokka: Með þeim helstu eru sjóræningjaþungarokk, víkingaþungarokk, austurlandaþungarokk, heiðingjaþungarokk og keltaþungarokk.

Einkenni 
 
Þjóðlagaþungarokk styðst utan hefðbundinna rokkhljóðfæra, rafmagnsgítar, trommur og bassi við hljóðfæri sem eru rótgróin í menningu ýmsa þjóða t.d fiðlur, allskonar flautur og sekkjapípur. Söngurinn er oftar en ekki mjög melódískur og líðandi. Hinsvegar við sameiningu þungarokksins hófu hljómsveitir að innlima rafmagnsgítar, trommur og bassa inn í tónlist sína ásamt kraftmiklum söng Þegar á að bera saman þjóðlagamálm við þungarokk, þá felst aðalmunurinn í krafti tónlistarinnar. 

Hugmyndafræði þjóðlagaþungarokks einkennist stundum af karlmennsku og þjóðernishyggju. Af og til má sjá áhrif frá þjóðernishyggju-sósíalistum renna inn í tónlistarstefnuna gegnum svartmálmshljómsveitir sem aðhyllast slíka hugmyndafræði. Sumar hljómsveitir hafa neyðst til þess að afneita kynþáttamismunun opinberlega. Heiðin tákn hafa þá valdið misskilningi meðal fólks.

Upphaf 
Árið 1990 hófst þjóðlagaþungarokk með bresku hljómsveitinni Skyclad. Þeir innlimuðu þjóðlagasöng og þjóðleg hljóðfæri inn í þungarokk. Fyrsta plata þeirra The Wayward Sons of Mother Earth kom út árið 1991 og fékk hún einstaklega góðar móttökur frá bæði aðdáendum og fjölmiðlum. Það kom mörgum á óvart þegar Skyclad gaf út fyrstu plötuna sína því þeir ákváðu að nota rafmagnaða fiðlu sem enginn hefði vogað sér að gera áður. 

Í dag eru margar hljómsveitir sem spila þjóðlagþungarokk og eru tónleikahátíðir á borð við Heathen Fest, Noctis Valkyres og Notably Paganfest Metal Festival haldnar árlega. Vinsældir geirans eru mestar á meginlandi Evrópu.

Undirflokkar 
Þjóðlagatónlist er í eðli sínu fjölbreytt enda hefur hún náin tengsl við menningu og sögu hverrar þjóðar fyrir sig. Ýmis hljóðfæri eru nærrum því eingöngu bundin við ákveðna menningarheima. Þar af leiðandi hefur myndast þörf til þess að skipta þjóðlagaþungarokki í undirflokka til þess að gera betur grein fyrir ólíkum einkennum stefnunnar.

Keltamálmur 
Keltneskt þungarokk á rætur sínar að rekja til þeirra landa sem búa að einhverju leyti yfir keltnenskri menningu t.d. Bretlandeyjar, Frakkland, Spánn, Sviss og Þýskaland, en á síðustu árum hefur þessi tónlistastefna breiðst út á heimsvísu.

Keltaþungarokk er að mörgu leyti líkur vikingþungarokki þar sem tónlistin einkennist af háværu gítarspili og goðafræði, en þar sem að þetta er keltnenskur málmur (einnig kallað írskur málmur) einkennist hann af keltneskri goðafræði.

Keltneskt þungarokk hófst með írsku sveitinni Cruachan. Markmið þeirra var að blanda saman írskri tónlistararfleið, keltneskri sögu og goðafræði Tolkiens við svart- og dauðamálm. Þeir gáfu sjálfir út fyrstu plötu sína, Tuatha Na Gael, árið 1995.

Víkingamálmur 
Víkingaþungarokk, eitt annað afsprengi þjóðlagamálms, kom til sögunnar þegar ýmsar hljómsveitir hófu að blanda þjóðlaga hljófærum við hefðbunda þungarokkið.

Í ársbyrjun 1990 ruddi sænska hljómsveitin Bathory brautina fyrir víkingamálm þegar þeir ákváðu að bæta inn flautum, hreinum söng ásamt þungarokks söng við tónlistina sína. Hljómsveitin Bathory er af mörgum talin besta sænska svartmálmshljómsveitin. Fyrstu plöturnar þeirra einkenndust af svartamálmi en hinsvegar þegar þeir gáfu út plötuna Hammerheart (1990) þá varð tónlistin töluvert melódískari en hún áður hafði verið. Sú plata er talin vera upphafið af víkingaþungarokki en textarnir í plötunni lýsa því hvernig skandínavískir menn voru neyddir til þess að taka við kristni á miðöldum.

Víkingaþungarokk sækir innblástur sinn til norrænnar heiðni og goðafræðis og er sú tónlist oftast kraftmiklar ballöður frá liðnum tímum. Aðrar hljómsveitir hafa tekið upp á að spila þungarokk með víkingalegu ívafi t.d Amon Amarth sem spila þungarokk með víkingaþema. 
Víkingaþungarokk er hávært, ófyrirsjáanlegt og oft með sorgmæddum melódíum hljómborðs. Líkt og þjóðlagaþungarokk þá nýtir víkingaþungarokk sér órafmögnuð hljóðfæri og önnur óvenjuleg sem bætast við hefðbundin hljóðfæri. 

Dæmi um íslenska hljómsveit sem fellur í þennan undirflokk er Skálmöld. Hljómsveitin spilar melódískt þungarokk og sækir innblástur í norræna goðafræði. Verkin þeirra eru mjög vönduð og fela í sé hefðbundna bragfræði. 
Bassaleikari hljómsveitarinnar Snæbjörn Ragnarsson semur textana en hann nýtir íslenska bragfræði.
Árið 2012 kom út fyrsta platan þeirra, Baldur, en lögin segja frá sögu víkings sem missir allt sem honum er kært. Umfjöllunarefni sveitarinnar er í þjóðlegum stíl og leiksviðið er Ísland til forna, norrænar goðsagnaverur og víkingar.

Sjóræningjamálmur 
Sjóræningjamálmur er vanalegast undir áhrifum þjóðlaga en sjóræningjamálmur getur líka verið í formi pönks-, þrass, dauða- eða kraftmálms.

Eins og fyrri undirstefnur þjóðlagaþungarokks sem byggja tónlistina sína á goðum þá leggur sjóræningjaþungarokk lítið sem ekkert upp úr því. Sjóræningjaþungarokk fær ímynd sína frá fantasíusjóræningjum sem fyrirfinnast í kvikmyndum, bókmenntum og þjóðsögum.
Sjóræningjaþungarokk er hins vegar ekki nýtt af nálinni heldur teygir hann sig aftur í tímann, til þýsku powermetal-hljómsveitarinnar Running Wild sem gaf út plötuna sína Under Jolly Roger árið 1987.

Hljómsveitin Alestorm, sem áður hét Battleheart, er með þeim þekktari hljómsveitum sem spilaa sjóræningjaþungarokk.

Heiðingja– og austurlandaþungarokk 
Heiðingjaþungarokk vísar til tónlistar sem áherslan er lögð á trú. Heiðingjaþungarokk er náskyldur víkingamálmi og epískum svartmálmi Hljómsveitir sem falla undir slíka skilgreiningu hafa oftast bæði þjóðernislegan og svartmálmarhljóm sem einkennist af valhoppandi takti og hráslagalegum tóni. Þó svo að ekki sé hægt að segja að heiðingjaþungarokk búi yfir einhverjum sérstökum hljóm, þá má segja að notkun hljóðfæra sem algeng eru í þjóðlögum séu tíð. Órafmagnaðir gítarar eru sérstaklega áberandi. 
Folkearth er vel þekkt hljómsveit á sviði trúarmálms er hljómsveitin sækir innblástur til norrænnar trúar. Hljómsveitin blandar saman þungarokki og melódískum hljómi þjóðlaga hljóðfæra. Hljómsveitin Orphaned Land er einnig þekkt fyrir að spila þungarokk með miðausturlenskum áhrifum. Þeir hófu að blanda saman arabískri og gyðingatónlist við þjóðlagaþungarokk sem þeir seinna meir gerðu að undirgrein þjóðlagaþungarokks og nefndu það austurlandaþungarokk (e. oriental metal).

Listi yfir þjóðlagaþungarokkssveitir og þungarokkshljómsveitir með þjóðlagaáhrif
Agalloch (BNA)
Alestorm (Skot.)
Alien Weaponry (Nýja Sj.)
Amorphis (Fin.)
Arkona (Rús.)
Bloodywood (Ind.)
Cruachan (Írl.)
Eluveitie (Svi.)
Ensiferum (Fin.)
Enslaved (Nor.)
Falconer (Sví.)
Falkenbach (Þýs.)
Finntroll (Fin.)
In Extremo (Þýs.)
Korpiklaani (Fin.)
Lumsk (Nor.)
Mägo de Oz (Spá.)
Metsatöll (Eist.)
Moonsorrow (Fin.)
Myrath (Tún.)
Orphaned Land (Ísr.)
Skálmöld (Ísl.)
Skyclad (Eng.)
Subway to Sally (Þýs.)
Suidakra (Þýs.)
The Hu (Mon.)
Týr (Fær)
Ulver (Nor.)
Vintersorg (Sví.)
Waylander (Írl.)
Wintersun (Fin.)

Neðanmálsgreinar 

Þungarokk"
1113,Hvaða hátíð var haldin í Saltvík á Kjalarnesi um hvítasunnuhelgina 1971?,Saltvíkurhátíðin.,,"Saltvík '71 eða Saltvíkurhátíðin var útihátíð sem haldin var um hvítasunnuhelgina 28.-31. maí árið 1971 í Saltvík á Kjalarnesi. Jörðin var þá rekin sem útivistarvettvangur fyrir börn á vegum Æskulýðsráðs Reykjavíkur. Ákveðið var að halda hátíðina til að reyna að stemma stigu við óskipulegum samkomum ungs fólks úti á landi yfir þessa helgi þar sem þótti bera á miklum drykkjuskap. 

Þetta tókst þó illa því talsverð ölvun varð á hátíðarsvæðinu, sérstaklega um kvöldið þegar skemmtistöðum lokaði í Reykjavík og straumur leigubíla flutti eldra fólk á hátíðarsvæðið. Talið er að þegar mest var hafi um tíu þúsund manns verið á svæðinu. Seldir aðgöngumiðar voru um átta þúsund. Rigning setti líka mark sitt á hátíðina. Löggæsla var höfð í lágmarki og ekki leitað á fólki við hliðið, en einhverjir gengu um svæðið og helltu niður áfengi fyrir unglingum. Hjálparsveit skáta sá um fyrstu hjálp. Talsverð umræða spannst um hátíðina eftir helgina og var Æskulýðsráð gagnrýnt af mörgum fyrir að standa að henni.

Hljómsveitir og tónlistarfólk sem komu fram á hátíðinni voru Arkimedes, Dýpt og Tiktúra, Ævintýri, Tilvera, Jeremias, Akropolis, Júmbó, Torrek, Trix, Mánar og Ingvi Steinn söngvari, Trúbrot, Náttúra, Ríó Tríó, Þrjú á palli, Kristín og Helgi, Árni Johnsen, Lítið eitt og Bill og Gerry, Roof Tops, Haukur og Plantan.

Tenglar 

 Glatkistan

Útihátíðir á Íslandi
Íslenskar tónlistarhátíðir
1971"
843,Hvenær var Vesturamt sameinað aftur við Suðuramt?,Árið 1872.,,"Vesturamt var íslenskt amt sem varð til árið 1787 þegar Suður- og Vesturamt var klofið niður í Suðuramt og Vesturamt. Ömtin tvö voru síðan sameinuð á ný árið 1872 með tilkomu embættis landshöfðingja.

Amtmenn í Vesturamti 

 Ólafur Stefánsson (1787-1793)
 Joachim Chr. Vibe (1793-1802)
 Ludwig Erichsen (1802-1804)
 Frederik Christopher Trampe (1804-1806)
 Stefán Stephensen (1806-1821)
 Bjarni Thorsteinsson (1821-1849)
 Páll Melsteð (1849-1861)
 Bogi Thorarensen (1861-1865)
 Bergur Thorberg (1865-1872)

Heimildir 
 Íslenska alfræðiorðabókin, 1. bindi, ritstjórar Dóra Hafsteinsdóttir og Sigríður Harðardóttir, Bókaútgáfan Örn og Örlygur, án útgst., 1990.

Íslensk stjórnmál"
1148,"Hvers konar keppni er Morgron, sem grunnskólanemendur geta tekið þátt í?",Ræðukeppni.,,"Morgron 2010 er annað skiptið sem ræðukeppni grunnskólanna, Morgron, er haldin eins og hún er nú. Þátttökuskólar voru níu talsins en tveir þeirra drógu þátttöku sína til baka. Ingunnarskóli, Laugalækjarskóli og Réttarholtsskóli kepptu allir í fyrsta sinn í Morgron í keppninni 2010.

Keppnin

Fyrsta umferð
Réttarholtsskóli - Árbæjarskóli
Árbæjarskóli skráði sig úr keppni og gaf þar með viðureignina. Réttarholtsskóli heldur því áfram í aðra umferð.

Önnur umferð
Í annarri umferð eða 8-liða úrslitum Morgron 2010 keppa eftirfarandi lið:
Valhúsaskóli - Ingunnarskóli
Laugalækjarskóli - Hagaskóli
Lindaskóli - Varmárskóli
Seljaskóli - Réttarholtsskóli

Valhúsaskóli - Ingunnarskóli
Fyrsta keppni Morgron 2010, keppni Valhúsaskóla og Ingunnarskóla, fór fram í Valhúsaskóla þann 29. janúar. Umræðuefnið var: Að því gefnu að til sé tæki sem spáð getur fyrir um glæpi í framtíðinni, eigum við að nota það til þess að handtaka glæpamennina áður en glæpurinn er framinn? og Ingunnarskóli mælti með en Valhúsaskóli á móti. Dómarar voru Jóhannes Bjarki Urbancic Tómasson, Egill Ásbjarnarson og oddadómarinn Ingvar Örn Ákason. Allir dómarar voru sammála um sigurliðið og ræðumann kvöldsins en keppninni lauk með 165 stiga mun af 2889 heildarstigum.

Umræðuefni: Að því gefnu að til sé tæki sem spáð getur fyrir um glæpi í framtíðinni, eigum við að nota það til þess að handtaka glæpamennina áður en glæpurinn er framinn?
Ræðumaður kvöldsins: Árni Beinteinn Árnason
Sigurlið Valhúsaskóla (1.527 stig)
Liðsstjóri: Sólveig Matthildur
Frummælandi: Árni Beinteinn Árnason
Meðmælandi: Sólveig Ásta
Stuðningsmaður: Sölvi Rögnvaldsson
Taplið Ingunnarskóla (1.362 stig)
Liðsstjóri: Jakob Steinn
Frummælandi: Kristófer Leó
Meðmælandi: Sigurbjörn Bernharð
Stuðningsmaður: Arnar Freyr

Seljaskóli - Réttarholtsskóli
Önnur keppni Morgron 2010, keppni Seljaskóla og Ingunnarskóla, fór fram í Seljaskóla þann 16. febrúar. Seljaskóli höfðu titilinn að verja því þeir eru núverandi meistarar. Umræðuefnið var: Bandaríkin og Seljaskóli mælti með en Réttarholtsskóli á móti. Dómarar voru þeir sömu og í viðureign Valhúsaskóla og Inngunnarskóla eða Jóhannes Bjarki Urbancic Tómasson, Egill Ásbjarnarson og oddadómari þá Ingvar Örn Ákason. Allir dómarar voru sammála um sigurliðið og ræðumann kvöldsins en keppninni lauk með 333 stiga mun af 2833 heildarstigum.

Umræðuefni: Bandaríkin
Ræðumaður kvöldsins: Guðmar B. (Seljaskóla)
Sigurlið Seljaskóla  (1.583 stig)
Liðsstjóri: Pétur
Frummælandi: Agnar Brynjarsson
Meðmælandi: Guðmar Elíasson
Stuðningsmaður: Bryndís Elín Halldórsdóttir
Taplið Réttarholtsskóla (1.250 stig)
Liðsstjóri: Markús
Frummælandi: Aron
Meðmælandi: Ólafur Kári
Stuðningsmaður: Kormákur

Hagaskóli - Laugalækjarskóli
Þriðja keppni Morgron 2010, keppni Hagaskóla og Laugalækjarskóla, fór fram í Laugalækjarskóla þann 4. mars. Keppnin var jafnframt fyrsta Morgronkeppni Laugalækjarskóla. Umræðuefnið var: „Hver er sinnar gæfu smiður“ og Laugalækjarskóli mælti með en Hagaskóli á móti. Dómarar voru Thelma Lind Steingrímsdóttir, Árni Grétar Finnsson og oddadómari var Brynjar Guðnason. Allir dómarar voru sammála um sigurliðið og frekar sammála um ræðumann kvöldsins en keppninni lauk með 425 stiga mun af 2523 heildarstigum.

Umræðuefni: Hver er sinnar gæfu smiður
Fundarstjóri: Arnar Sveinn Harðarson
Ræðumaður kvöldsins: Birna Ketilsdóttir (Hagaskóla)
Sigurlið Hagaskóla  (1.474 stig)
Liðsstjóri: Sólveig Lára Gautadóttir
Frummælandi: Ásdís Kristjánsdóttir
Meðmælandi: Aldís Mjöll Geirsdóttir
Stuðningsmaður: Birna Ketilsdóttir
Taplið Laugalækjarskóla (1.049 stig)
Liðsstjóri: Ragnar
Frummælandi: Vigdís
Meðmælandi: Sara
Stuðningsmaður: Þorsteinn

Lindaskóli - Varmárskóli
Varmárskóli sagði sig úr keppni og gaf þar með viðureignina fyrirfram. Lindaskóli keppir því ekki fyrr en í undanúrslitum.

Undanúrslit

Hagaskóli - Valhúsaskóli
Fjórða keppni Morgron 2010 og jafnframt fyrri undanúrslitakeppnin, keppni Hagaskóla og Valhúsaskóla, fór fram í Hagaskóla þann 23. mars. Hagaskóli vann sér leið í úrslitin með sigri sínum á Laugalækjarskóla á útivelli en Valhýsingar höfðu betur gegn Inngunnarskóla í sinni 8-liða úrslita viðureign. Þetta var í annað skiptið sem Hagaskóli og Valhúsaskóli mætast í ræðukeppni árið 2010 en hið fyrra var á svokölluðum Hagó-Való degi þar sem Valhúsaskóli bar sigur úr bítum. Umræðuefnið var: „Heimur versnandi fer“ og Valhúsaskóli mælti með en Hagaskóli á móti. Dómarar keppninnar voru Kristján Lindberg, oddadómari, Jakob Ómarsson og Nanna B. Tryggvadóttir. Ekki allir dómararnir voru sammála um sigurliðið en tveir dómarar dæmdu Hagaskóla sigur auk þess sem Hagaskóli hlaut fleiri stig. Dómararnir voru frekar sammála um ræðumann kvöldsins og lauk leikum með stiga 132 stiga sigri Hagaskóla af 2626 heildarstigum.

Umræðuefni: Heimur versnandi fer
Fundarstjóri: Gunnar Birnir Ólafsson
Ræðumaður kvöldsins: Birna Ketilsdóttir (Hagaskóla)
Sigurlið Hagaskóla  (1.379 stig)
Liðsstjóri: Sólveig Lára Gautadóttir
Frummælandi: Ásdís Kristjánsdóttir
Meðmælandi: Aldís Mjöll Geirsdóttir
Stuðningsmaður: Birna Ketilsdóttir
Taplið Valhúsaskóla (1.247 stig)
Liðsstjóri: Sólveig Matthildur
Frummælandi: Árni Beinteinn Árnason
Meðmælandi: Sólveig Ásta
Stuðningsmaður: Sölvi Rögnvaldsson

Tengt efni
 Morgron
 Morgron 2009

Frekara lesefni
 Grein af vefsvæði Morgunblaðsins, 30. apríl 2010: Gott gengi nemenda Lindaskóla
 Upptaka af úrslitakeppni Morgron 2010: Hagaskóli - Lindaskóli.

Morgron"
