id,title,context,question,answers
https://is.wikipedia.org/wiki/Sp%C3%B3alilja,Spóalilja,"Fritillaria assyriaca er jurt af liljuætt (Liliaceae), sem var fyrst lýst af John Gilbert Baker.
Nafnið F. assyriaca var upphaflega á tegund sem nú er skráð sem F. uva-vulpis. Grasafræðingurinn Guest safnaði þessari plöntu í norðaustur Írak 1931 og kom með til Kew. Rannsóknir Rix sýndu að þetta safn var blanda af F. assyriaca og F. uva-vulpis.

Útbreiðsla
Austur Tyrkland, frá Malatya austur til Agri, og í norður Íran og Írak, á kornökrum, skriðum, og steppum í 1100 - 2500 m. yfir sjávarmáli.

Lýsing 
Laukurinn allt að 3 sm í þvermál, oft með smálaukum. Stöngull 4 - 20 sm hár. Laufblöð fjögur til sex, breiðlensulaga. Blómin eru mjóbjöllulaga, með daufri lykt. Krónublöð 1.2-2.5cm löng, yfirleitt gráleit að utan, græn eða gulleit að innan. 

Tegundin skiftist í eftirfarandi undirtegundir:
 F. a. assyriaca
 F. a. melananthera
F.a. subsp. melananthera er frábrugðin í því að hava mjórri stöngla, krónublöð mjög mjó (minni en 5 mm), með grænni rönd og svartleit að innan og svarta frjóhnappa. Lægra yfir sjó, að 700m, í suður Tyrklandi, milli Taurus fjalla og sjávar, í sendnum jarðvegi.

Heimildir

Ytri tenglar 

Liljuætt",Hvernig eru krónublöð Fritillaria assyriaca að utan lituð?,"{'answer_start': array([703], dtype=int64), 'text': array(['gráleit'], dtype=object)}"
https://is.wikipedia.org/wiki/Uppl%C3%BDsinga%C3%BEj%C3%B3nusta%20Bandar%C3%ADkjanna,Upplýsingaþjónusta Bandaríkjanna,"Upplýsingaþjónusta Bandaríkjanna er stofnun sem rekin var víða um lönd, þar á meðal á Íslandi. Hún  hóf starfsemi á Íslandi árið 1948. Stofnunin starfaði með og styrkti Íslensk-ameríska félagið sem upplýsingavettvang. Upplýsingaþjónustan opnaði menningar- og upplýsingamiðstöð árið 1949 að Laugavegi 13 í Reykjavík. Þar var gott blaða-, bóka- og kvikmyndasafn. Upplýsingaþjónustan hélt fundi og samkomur og bauð Íslendingum í kynnisferðir til Bandaríkjanna og bauð þekktu listafólki til Íslands. Árið 1951 kom Upplýsingaþjónustan upp aðstöðu til kvikmyndasýninga. Stofnunin lagði kapp á að miðla bandarískri menningu um allt Ísland og bæta ímynd Bandaríkjanna á landsbyggðinni ekki síst þar sem kommúnistar sæktu fylgi sitt. Upplýsingaþjónustan lánaði efni til ýmissa innlendra aðila og var m.a. í samstarfi við menntamálaráðuneytið um dreifingu á kvikmyndum í barnaskólum og þáttastjórnendur barnatímans Stundarinnar okkar fengu þar barnamyndir til að sýna í sjónvarpinu. Sjónvarpinu bauðst að fá barnaefnið Sesame Street en það boð var ekki þegið þar sem of kostnaðarsamt þótti að þýða það en hins vegar var þegið að fá efni til að sýna í þættinum Nýjasta tækni og vísindi. Þeir þættir urðu feikilega vinsælir. Lagt var kapp á að kvikmyndir væru þýddar á íslensku og var veittur fjárstuðningur til að íslenska kvikmyndir sem dreift var í barnaskóla. Samkeppni var milli MÍR og Upplýsingaþjónustunnar en flestar kvikmyndir sem MÍR sýndi voru ekki þýddar þannig að efni frá Upplýsingaþjónustunni hafði þar forskot.

Starfsmenn Upplýsingaþjónustunnar höfðu nafnalista sem var notaður til að bjóða fólki á sýningar en stofnunin reyndi sérstaklega að ná til verkalýðsleiðtoga, kennara, háskólanema og stjórnmálamanna. Áríð 1963 fluttist Upplýsingaþjónustan á Hótel Sögu og árið 1970 á Neshaga. Á Neshaganum var útbúinn kvikmyndasalur í kjallaranum og þar var bókasafn og fundarsalur. Efni Upplýsingaþjónustunnar breyttist með tímanum og grisjað var út áróðursefni í anda Kalda stríðsins. Nafn stofnunarinnar virðist líka breytast og kallast hún eftir 1970 Menningarstofnun Bandaríkjanna. Árið 1971 eru átta starfsmenn við stofnunina, þar af sjö Íslendingar og í kvikmyndasafninu eru 500 kvikmyndir, aðgangur er að 100 tímaritum og í bókasafninu eru 7000 bækur, flestar nýlegar.

Heimildir
 Kalda stríðið og kvikmyndasýningar stórveldanna 1950-1975
 Upplýsingaþjónustan flytur Morgunblaðið, 259. tölublað (14.11.1971), Blaðsíða 31",Hversu margir einstaklingar störfuðu hjá fyrirtækinu á árinu 1971?,"{'answer_start': array([877], dtype=int64), 'text': array(['átta'], dtype=object)}"
https://is.wikipedia.org/wiki/Lordi,Lordi,"Lordi er finnsk þungarokkshljómsveit sem sigraði í söngvakeppni evrópskra sjónvarpsstöðva árið 2006. Sveitin er þekkt fyrir að koma ávallt fram í skrímslabúningum, raunar neita þeir alfarið að láta taka af sér myndir eða fara í viðtöl án búninganna. Nafnið er samsvarandi enska orðinu „lord“ sem getur þýtt ýmislegt í íslensku.

Sveitin hefur verið starfandi síðan 1992 en gaf út sína fyrstu plötu 2002. 2006 tók hún svo þátt í undankeppni Eurovision í Finnlandi með lagi „Hard Rock Hallelujah“ sem hún sigraði með nokkrum yfirburðum. Hljómsveitin var þó nokkuð umdeild sem framlag Finna í aðalkeppninni í Aþenu bæði í Finnlandi sem og annars staðar í Evrópu, t.d. neitaði Kýpur að spila myndbandið við lag þeirra. Sveitin hefur verið sökuð um djöfladýrkun en herra Lordi, söngvari hennar, hefur vísað því á bug enda hefur hún m.a. sent frá sér lög eins og „The Devil is a Loser“ (djöfullinn er aumingi). Lordi vann þó keppnina með 292 stigum, 44 fleiri en lagið sem var í öðru sæti, og mesta stigafjölda sem hefur sést í keppninni frá upphafi. Þetta var einnig fyrsti sigur Finnlands í Eurovision sem aldrei hafði lent í hærra sæti en því sjöunda.

Meðlimir

Núverandi 
 Mr. Lordi (Tomi Putaansuu) - söngur (1996-)
 Amen (Jussi Sydänmaa) - gítar (1996-)
 Hiisi - bassi (2019-) 
 Mana - trommur (2012-) 
 Hella - hljómborð (2012-)

Fyrrverandi 
 G-stealer (Sami Keinänen) - bassi (1996-1999)
 Magnum (Sami Wolking) - bassi (1999-2002)
 Kalma (Niko Hurme) - bassi (2002-2005)
 Enary (Erna Siikavirta) - hljómborð (1996-2005)
 Kita (Sampsa Astala) - trommur (2000-2010)
 Otus (Tonmi Lillman)- trommur (2010-2012)
 Awa (Leena Peisa) - hljómborð (2005-2012) 
 OX (Samer el Nahhal) - bassi (2005-2019)

Útgefið

Plötur 
 Bend Over And Pray The Lord (1997) (Ekki Seld)
 Get Heavy (2002)
 The Monsterican Dream (2004)
 The Monster Show (samblanda af Get Heavy & Monsterican Dream sem seld var í Bretlandi) (2005)
 The Arockalypse (2006)
 Deadache (2008)
 Zombilation (2009)
 Babez For Breakfast (2010)
 Scarchives Vol. 1 (2012)
 To Beast or Not To Beast (2013)
 Scare Force One (2014)
 Monstereophonic – Theaterror vs. Demonarchy (2016)
 Sexorcism (2018)
 Killection (2020)
 Lordiversity (2021)

 Smáskífur 
 Would You Love a Monsterman? (2002)
 Devil is a Loser (2003)
 Blood Red Sandman (2004)
 My Heaven is Your Hell (2004)
 Hard Rock Hallelujah (2006)
 It Snows In Hell (2006)
 Whos Your Daddy? (2006)
 They Only Come Out At Night (2007)
 Beast Loose In Paradise (2008)
 Bite It Like a Bulldog (2008)
 Deadache (2008)
 This Is Heavy Metal (2010)
 Rock Police (2010)
 The Riff (2013)
 Hug You Hardcore (2016)
 Your Tongue’s Got the Cat (2018)
 Naked in My Cellar (2018)
 Shake the Baby Silent (2019)
 I Dug a Hole in the Yard for You (2019)
 Like A Bee To The Honey (2020)
 Believe Me (2021)

Tónlistarmynbönd 
 Devil is a Loser
 Would You Love a Monsterman?
 Blood Red Sandman
 Hard Rock Hallelujah
 It Snows In Hell
 Whos Your Daddy
 Would You Love a Monsterman 2006 version
 Bite It Like a Bulldog
 This Is Heavy Metal
 The Riff
 Scare Force One
 Hug You Hardcore	
 Naked in My Cellar
 I Dug a Hole in the Yard for You
 Believe Me

Tenglar 

lordi.fi 

Finnskar þungarokkshljómsveitir
Þátttakendur í söngvakeppni evrópskra sjónvarpsstöðva",Á hvaða ári vann Lordi Eurovision söngvakeppnina?,"{'answer_start': array([95], dtype=int64), 'text': array(['2006'], dtype=object)}"
https://is.wikipedia.org/wiki/Uppl%C3%BDsinga%C3%BEj%C3%B3nusta%20Bandar%C3%ADkjanna,Upplýsingaþjónusta Bandaríkjanna,"Upplýsingaþjónusta Bandaríkjanna er stofnun sem rekin var víða um lönd, þar á meðal á Íslandi. Hún  hóf starfsemi á Íslandi árið 1948. Stofnunin starfaði með og styrkti Íslensk-ameríska félagið sem upplýsingavettvang. Upplýsingaþjónustan opnaði menningar- og upplýsingamiðstöð árið 1949 að Laugavegi 13 í Reykjavík. Þar var gott blaða-, bóka- og kvikmyndasafn. Upplýsingaþjónustan hélt fundi og samkomur og bauð Íslendingum í kynnisferðir til Bandaríkjanna og bauð þekktu listafólki til Íslands. Árið 1951 kom Upplýsingaþjónustan upp aðstöðu til kvikmyndasýninga. Stofnunin lagði kapp á að miðla bandarískri menningu um allt Ísland og bæta ímynd Bandaríkjanna á landsbyggðinni ekki síst þar sem kommúnistar sæktu fylgi sitt. Upplýsingaþjónustan lánaði efni til ýmissa innlendra aðila og var m.a. í samstarfi við menntamálaráðuneytið um dreifingu á kvikmyndum í barnaskólum og þáttastjórnendur barnatímans Stundarinnar okkar fengu þar barnamyndir til að sýna í sjónvarpinu. Sjónvarpinu bauðst að fá barnaefnið Sesame Street en það boð var ekki þegið þar sem of kostnaðarsamt þótti að þýða það en hins vegar var þegið að fá efni til að sýna í þættinum Nýjasta tækni og vísindi. Þeir þættir urðu feikilega vinsælir. Lagt var kapp á að kvikmyndir væru þýddar á íslensku og var veittur fjárstuðningur til að íslenska kvikmyndir sem dreift var í barnaskóla. Samkeppni var milli MÍR og Upplýsingaþjónustunnar en flestar kvikmyndir sem MÍR sýndi voru ekki þýddar þannig að efni frá Upplýsingaþjónustunni hafði þar forskot.

Starfsmenn Upplýsingaþjónustunnar höfðu nafnalista sem var notaður til að bjóða fólki á sýningar en stofnunin reyndi sérstaklega að ná til verkalýðsleiðtoga, kennara, háskólanema og stjórnmálamanna. Áríð 1963 fluttist Upplýsingaþjónustan á Hótel Sögu og árið 1970 á Neshaga. Á Neshaganum var útbúinn kvikmyndasalur í kjallaranum og þar var bókasafn og fundarsalur. Efni Upplýsingaþjónustunnar breyttist með tímanum og grisjað var út áróðursefni í anda Kalda stríðsins. Nafn stofnunarinnar virðist líka breytast og kallast hún eftir 1970 Menningarstofnun Bandaríkjanna. Árið 1971 eru átta starfsmenn við stofnunina, þar af sjö Íslendingar og í kvikmyndasafninu eru 500 kvikmyndir, aðgangur er að 100 tímaritum og í bókasafninu eru 7000 bækur, flestar nýlegar.

Heimildir
 Kalda stríðið og kvikmyndasýningar stórveldanna 1950-1975
 Upplýsingaþjónustan flytur Morgunblaðið, 259. tölublað (14.11.1971), Blaðsíða 31",Á hvaða stað var Upplýsingaþjónustan flutt árið 1963?,"{'answer_start': array([1756], dtype=int64), 'text': array(['Hótel Sögu'], dtype=object)}"
https://is.wikipedia.org/wiki/DNA%20samfella,DNA samfella,"DNA samfella (eða samfella) er basaröð litingabúts og röðin fæst þegar stökum DNAröðum, til dæmis úr bútaraðgreiningu á erfðamengi er raðað saman í lengri raðir. Þessar raðir brúa til dæmis heilt gen eða genasvæði. Í sýninu er fjöldi eintaka er af hverjum litning eða litningahluta þannig að einstakir bútar eru raðgreindir oftar en einu sinni. DNA-ið er einnig brotið niður handahófskennt. Þetta tvennt veldur því að einstakar DNA raðir hafa samsvörun sín á milli, og saman þekja þær erfðamengið (eða svæðið sem verið er að raðgreina).

DNA grind (scaffold) 
Þegar samfellum úr bútaraðgreiningu er raðað saman út frá öðrum upplýsingum en basaröð myndast grind (e. scaffold eða supercontig). Notast er við genakort, raðgreind mRNA og aðrar tiltækar upplýsingar til að raða samfellum í rétta röð og í réttri stefnu í stærri grind sem samsvarar oft heilum litningum eða litningsörmum. Í grindinni eru göt milli samfella sem hægt er að reyna að fylla upp í ef vilji og fjármagn er fyrir hendi. Hægt að staðsetja grindur á litninga til dæmis með litningalitun. Þegar erfðamengi telst raðgreint að fullu á ein genagrind að mynda einn litning eða litningsarm. Slíkt er sjaldgæft.

Erfðafræði

DNA-raðgreining",Hvernig getur maður fundið staðsetningu gena á litningum?,"{'answer_start': array([1038], dtype=int64), 'text': array(['með litningalitun'], dtype=object)}"
https://is.wikipedia.org/wiki/Snillingur,Snillingur,"Snillingur (á latínu: genius) er manneskja með óvenjulega andlega hæfileika og gáfur, svokallaða snilligáfu. Engin vísindaleg skilgreining er til á hugtakinu, sem á sér rætur aftur í fornöld, og deilt er um merkingu þess en eigi að síður er snillingshugtakið mikið notað í margháttuðu samhengi, ekki síst síðan á nítjándu öld.

Dæmi um snillinga

Bókmenntir 
 Sófókles
 Evripídes
 Virgill
 William Shakespeare
 Johann Wolfgang von Goethe

Eðlis- og stærðfræði
 Arkímedes
 Isaac Newton
 Gottfried Leibniz
 Leonhard Euler
 Carl Friedrich Gauß
 Hendrik Antoon Lorentz
 Nikola Tesla
 Max Planck
 Marie Curie
 Albert Einstein
 Niels Bohr
 Erwin Schrödinger
 Werner Heisenberg
 Richard Feynman
 John Forbes Nash

Heimspeki 
 Platon
 Aristóteles
 David Hume
 Immanuel Kant
 John Stuart Mill
 Friedrich Nietzsche
 Ludwig Wittgenstein
 Saul Kripke

Líffræði 
 Charles Darwin

Myndlist 
 Leonardo da Vinci
 Michelangelo Buonarroti
 Rembrandt
 Vincent van Gogh

Skák 
 Bobby Fischer

Stjörnu- og heimsfræði 
 Aristarkos
 Nikulás Kópernikus
 Stephen Hawking

Tónlist 
 Johann Sebastian Bach
 Joseph Haydn
 Wolfgang Amadeus Mozart
 Ludwig van Beethoven

Heimildir og ítarefni 
 Clifford A. Pickover (1998). Strange Brains and Genius: The Secret Lives of Eccentric Scientists and Madmen. (Plenum Publishing Corporation). 
 Eysenck, H.J. (1995). Genius: The Natural History of Creativity. (Cambridge: Cambridge University Press).
 Galton, F. (1869). Hereditary Genius: An Inquiry Into Its Laws and Consequences. (London: Macmillan).
 Gladwell, Malcolm. (2008). Outliers: The Story of Success. (New York: Little, Brown and Company).
 Harold Bloom (2002). Genius: A Mosaic of One Hundred Exemplary Creative Minds. (Warner Books). 
 Murray, C. (2003). Human Accomplishment: The Pursuit of Excellence in the Arts and Sciences. 800 B.C. to 1950. (New York: HarperCollins).
 Simonton, Dean Keith (1999). Origins of genius: Darwinian Perspectives on Creativity. (Oxford: Oxford University Press).
 Simonton, Dean Keith (2004). Creativity in Science: Chance, Logic, Genius, and Zeitgeist. (Cambridge: Cambridge University Press).
 Simonton, Dean Keith (2009). Genius 101. (New York: Springer).

Greind","Hvað merkir orðið ""snillingur""?","{'answer_start': array([33], dtype=int64), 'text': array(['manneskja með óvenjulega andlega hæfileika og gáfur, svokallaða snilligáfu'],
      dtype=object)}"
https://is.wikipedia.org/wiki/William%20Ewart%20Gladstone,William Ewart Gladstone,"William Ewart Gladstone (29. desember 1809 – 29. maí 1898) var breskur stjórnmálamaður í Frjálslynda flokknum og þar áður í Íhaldsflokknum. Á sextíu ára stjórnmálaferli sínum var hann forsætisráðherra Bretlands fjórum sinnum (1868–74, 1880–85, febrúar–júlí 1886 og 1892–94), oftar en nokkur annar. Auk þess var hann fjármálaráðherra fjórum sinnum. Gladstone var jafnframt elsti forsætisráðherra Bretlands, en hann var 84 ára undir lok síðustu ráðherratíðar sinnar.

Gladstone gekk fyrst á breska þingið árið 1832. Í upphafi var hann á sveif með gamaldags Íhaldsmönnum og vann í ríkisstjórn Sir Roberts Peel. Eftir klofning innan Íhaldsflokksins gekk Gladstone ásamt skoðanabræðrum sínum í lið með Viggum og Róttæklingum til að stofna Frjálslynda flokkinn. Sem fjármálaráðherra beitti Gladstone sér fyrir lágum ríkisstjórnarútgjöldum og umbótum í kosningakerfinu.

Á fyrstu ráðherratíð sinni tók Gladstone að sér ýmsar umbætur, þar á meðal upplausn írsku þjóðkirjunnar og innleiðingu leynilegra kosninga. Eftir tap í þingkosningum árið 1874 sagði Gladstone af sér sem leiðtogi Frjálslynda flokksins en sneri aftur á stjórnmálasviðið árið 1876 með því að tala gegn viðbrögðum Tyrkjaveldis við búlgörsku apríluppreisninni. Kosningabarátta Gladstone árin 1879-80 er oft talin fyrsta nútímakosningaherferðin. Eftir þingkosningarnar árið 1880 varð Gladstone forsætisráðherra í annað sinn. Á annarri ráðherratíð sinni þurfti Gladstone að taka á deilumálum í Egyptalandi og á Írlandi, þar sem ríkisstjórn hans bældi niður andóf en bætti einnig lagaréttindi írskra leigubænda. 

Þegar Gladstone varð ráðherra í þriðja sinn snemma árs 1886 stakk hann upp á því að Írland fengi heimastjórn en frumvarpi hans þess efnis var hafnað á neðri deild þingsins. Úr málinu varð klofningur innan Frjálslynda flokksins sem átti eftir að halda þeim frá ríkisstjórnartaumunum nær samfellt í tuttugu ár. Árið 1892 myndaði Gladstone sína síðustu ríkisstjórn, þá 82 ára. Hann kom nýju frumvarpi um írska heimastjórn í gegn um neðri deild þingsins en henni var hafnað í lávarðadeildinni árið 1893. Gladstone sagði af sér árið 1894 til að mótmæla auknum útgjöldum til breska sjóhersins. Hann lét einnig af þingstörfum árið 1895 og lést þremur árum síðar, þá 88 ára.

Stuðningsmenn Gladstone kölluðu hann gjarnan William alþýðunnar (The People's William) eða „G.O.M.“ („Grand Old Man“ eða, samkvæmt Benjamin Disraeli, „God's Only Mistake“). Gladstone er gjarnan talinn einn besti forsætisráðherra Bretlands.

Tilvísanir

Fjármálaráðherrar Bretlands
Forsætisráðherrar Bretlands
Skoskir stjórnmálamenn",Hvað var dánardagur William Ewart Gladstone?,"{'answer_start': array([45], dtype=int64), 'text': array(['29. maí 1898'], dtype=object)}"
https://is.wikipedia.org/wiki/Elaine%20Cristina,Elaine Cristina,"Elaine Cristina (fædd sem Júlia Sánchez 13. maí 1950 í São Paulo í Brasilíu) er brasilísk leikkona.

Elaine Cristina, hóf leikferilinn 11 ára í þáttaröðinni A Herdeira de Ferleac. Fyrsta aðalhlutverk hennar var í Ontem, Hoje e Sempre á TV Excelsior.

Hún er systir leikkonunnar Gilmara Sanches. Hún var í fjörutíu ár gift leikaranum Flávio Galvão sem hún lék á móti í þáttaröðinni O Outro eftir sögu Aguinaldo Silva.

Kvikmyndir og sjónvarpsþættir

Sjónvarp 
 1965 - Ontem, Hoje e Sempre - Mônica
 1968 - Os Diabólicos - Elizabeth
 1972 - Bel-Ami - Ângela
 1972 - A Revolta dos Anjos - Diana
 1973 - A Volta de Beto Rockfeller - Ana Cristina
 1974 - Os Inocentes - Daisy
 1974 - Ídolo de Pano - Andréa
 1975 - A Viagem - Lisa
 1977 - O Profeta - Sônia
 1980 - A Deusa Vencida - Cecília
 1981 - Obrigado, Doutor - Isabel
 1983 - O Anjo Maldito - Débora
 1986 - Sinhá Moça - Baroness Cândida Ferreira
 1987 - O Outro - Ivete
 1989 - Kananga do Japão - Lizete
 1990 - Pantanal - Irma Braga Novaes
 2001 - O Direito de Nascer - Dona Conceição de Juncal
 2008 - Revelação - Olga
 2009 - Vende-se um Véu de Noiva - Eunice Baronese
 2013 - Chiquititas - Helena Kruguer

Kvikmyndir 
 1971 - Até o Último Mercenário - Mércia
 1976 - Senhora - Aurélia Camargo

Tilvísanir

Tenglar 
 

Brasilískir leikarar",Í hvaða sjónvarpsþáttaröð lék Elaine Cristina árið 1975?,"{'answer_start': array([710], dtype=int64), 'text': array(['A Viagem'], dtype=object)}"
https://is.wikipedia.org/wiki/Sk%C3%BDrsla%20Ranns%C3%B3knarnefndar%20Al%C3%BEingis%20um%20%C3%8Db%C3%BA%C3%B0al%C3%A1nasj%C3%B3%C3%B0,Skýrsla Rannsóknarnefndar Alþingis um Íbúðalánasjóð,"Skýrsla Rannsóknarnefndar Alþingis um Íbúðalánasjóð er skýrsla sem kom út 2. júlí 2013.

Forsaga 
Alþingi samþykkti þingsályktun 17. desember 2010 um að fara skuli fram sjálfstæð og óháð rannsókn á Íbúðalánasjóði þar sem rannsökuð verði starfsemi sjóðsins frá aðdraganda breytinganna á fjármögnun og lánareglum hans sem hrint var í framkvæmd á árinu 2004 og til ársloka 2010 með það að markmiði að 1) meta áhrif af þessum breytingum og einstökum ákvörðunum á fjárhag sjóðsins og fasteignamarkaðinn, 2) meta áhrifin af starfsemi Íbúðalánasjóðs á stjórn efnahagsmála og 3) meta hvernig sjóðurinn hafi sinnt því hlutverki sem hann hefur samkvæmt lögum.

Helstu niðurstöður 
Þegar Íbúðalánasjóður var stofnaður árið 1999 var sett upp félagslegur hluti í viðbótarlánakerfi þar sem voru. Árið 2004 var viðbótarlánakerfið aflagt og 90% lán buðust öllum og með því varð hlutverk Íbúðalánasjóðs ekki lengur félagslegt heldur að notkun ríkisábyrgðar til þess að veita sem flestum lán til íbúðakaupa á sem lægstum vöxtum. Þetta gerist á húsnæðismarkaði þar sem er vaxtafrelsi ríkti og ríkisbankar höfðu voru seldir. Veðhlutfall almennra lána sjóðsins var með þessu hækkað úr 65% í 90%. Það var kosningaloforð Framsóknarflokksins fyrir alþingiskosningarnar 2003 að hækka húsnæðislán í 90% og var hærra veðhlutfall sett í stjórnarsáttmála ríkisstjórnar Sjálfstæðis- og Framsóknarflokks.

Þær breytingar, sem gerðar voru á fjármögnun Íbúðalánasjóðs og útlánum á árinu 2004 eru eins og markaðssókn þar sem ríkisábyrgð er notuð til þess að laða að fjármagn, m.a. erlent áhættufé í því augnamiði að lækka vexti. Með því er uppgreiðsluáhætta  Íbúðalánasjóðs stóraukin. Greiðslubyrði útlána var lækkuð og lánsupphæðir og lánshlutföll hækkuð. 

Ekki var dregið úr umsvifum sjóðsins heldur var uppgreiðslufé sem streymdi til sjóðsins ráðstafað þannig að það skilaði sem mestri ávöxtun. Íbúðalánasjóður fjármagnaði m.a. samkeppni bankanna við sjálfan sig. Íbúðalánasjóður var rekinn sem fjárfestingarbanki, fjármagnaður með útgáfu ríkistryggðra skuldabréfa. Sjóðurinn fjárfesti í skuldabréfum og veðlánasöfnum og gerði lánasamninga við aðrar fjármálastofnanir. Til hans voru ekki gerðar sömu kröfur um eigið fé, laust fé eða menntun og reynslu stjórnarmanna og til annarra fjármálastofnana og hann laut ekki samskonar eftirliti og þær. Þannig var sjóðurinn ekki félagsleg þjónustustofnun heldur fjármálafyrirtæki í samkeppni á húsnæðislánamarkaði.

Stjórnin sinnti ekki eftirlitshlutverki sínu sem skyldi og þekking og menntun starfsmanna og stjórnar var ekki í samræmi við verksvið sjóðsins. Íbúðalánasjóður átti samkvæmt lögum að fylgjast með íbúðaþörf í landinu og áætlanagerð sveitarfélaga um þörf á íbúðarhúsnæði en sinnti rannsóknar- og eftirlitshlutverki sínu á því sviði ekki fyrr en árið 2008 heldur samþykkti allar lánsumsóknir að uppfylltum ákveðnum lágmarksskilyrðum en synjaði ekki umsóknum á grundvelli þess að ekki væri þörf fyrir íbúðir. Sjóðurinn lét í sumum lánaflokkum gögn frá umsækjendum um lán um íbúðaþörf nægja en fór ekki yfir þær til að meta hvort þörf væri á byggingum. 

Samningar sem Íbúðalánasjóður gerði við Sparisjóð Hólahrepps og Fjárvaka ehf. (dótturfélag Kaupfélags Skagfirðinga) þykja aðfinnsluverðir.

Áhugi útlendinga á húsbréfum Íbúðalánasjóðs jókst um árþúsundamótin. Stjórnskipuð nefnd lagði til að tekin yrðu upp íbúðabréf til að fjármagna lánveitingar Íbúðalánasjóðs og lagði til þá grundvallarbreytingu að íbúðabréfin yrðu ekki innkallanleg (sjóðurinn gæti ekki greitt þau upp) en þess í stað yrði uppgreiðslugjald lagt á lántakendur. Þegar lög voru sett var hins vegar ekki gert ráð fyrir uppgreiðslugjaldi.

Íbúðabréfakerfið var tekið upp 1. júlí 2004 og húsbréfakerfið lagt niður og var eigendum húsbréfa og húsnæðisbréfa þá gefinn kostur á að skipta bréfum sínum í hin nýju íbúðabréf. Skuldabréfaskiptin voru ein verstu og afdrifaríkustu mistök sem Íbúðalánasjóður hefur gert. Sjóðurinn tapaði miklu á skiptunum og þau hrundu af stað slæmri atburðarás.

Gríðarlegar uppgreiðslur húsnæðislána hófust í ágúst 2004 eða þegar KB-banki hóf að veita íbúðaveðlán 23. ágúst 2004 og aðrir bankar nokkrum dögum seinna. Einungis var hægt að mæta um fjórðungi uppgreiðslna því að með útdrætti húsbréfa. Það safnaðist því upp mikið fé hjá sjóðnum en þrátt fyrir hinar miklu uppgreiðslur hélt sjóðurinn áfram að selja íbúðabréf á markaði og fékk þannig inn enn meira fé. Uppgreiðslur voru meiri en útlán hjá sjóðnum í hverjum mánuði frá september 2004 til apríl 2006. Á því tímabili voru uppgreiðslur umfram útlán samtals 112 milljarðar og það var fé sem sjóðurinn hafði engin not fyrir. Samt sem áður sótti hann sér til viðbótar 69 milljarða af markaði á sama tímabili með útgáfu (sölu) íbúðabréfa þannig að fé sem hann hafði ekkert með að gera var samtals um 181 milljarður á umræddu tímabili. 

Forysta sjóðsins var mjög upptekin að fá erlenda fjárfesta til að kaupa íbúðabréf. Fljótlega eftir að uppgreiðslur hófust hjá sjóðnum ákváðu yfirvöld að hækka veðhlutfall lána Íbúðalánasjóðs upp í 90% auk þess að hækka hámarkslán. 

Þegar uppgreiðslur lána hófust hjá Íbúðalánasjóði haustið 2004 safnaðist mikið fé hjá sjóðnum sem hann síðan lánaði bönkum og sparisjóðum þar sem hann taldi sig ekki fá nægilega góða ávöxtun hjá Seðlabanka Íslands en Íbúðalánasjóður ákvað í desember 2004 að ávaxta umframfé sitt með lánasamningum við banka og sparisjóði. Sjóðurinn lánaði bönkum og sparisjóðum samtals 95 milljarða króna á tímabilinu desember 2004 til desember 2005. Þessi lán juku getu banka og sparisjóða til að veita íbúðaveðlán, sem aftur leiddu til meiri uppgreiðslna hjá sjóðnum. Þær ollu honum tapi auk þess að auka enn á þensluna í hagkerfinu. Samkeppni Íbúðalánasjóðs við bankana var sérlega óheppileg á árunum 2005–2006 þegar lágir vextir á húsnæðislánum grófu undan aðgerðum Seðlabanka Íslands til að slá á þenslu.

Ríkisábyrgðasjóður fylgdist með stöðu Íbúðalánasjóðs á árunum 2004‒2006 og benti á það sem honum fannst athugavert en var veikt stjórntæki og Íbúðalánasjóður komst upp með að taka lítið tillit til athugasemda og umsagna Ríkisábyrgðasjóðs á miklum umbrotatímum árin 2004–2006.
 
Ríkisendurskoðun skrifaði tvær skýrslur um Íbúðalánasjóð á árunum 2005-2006 en skýrslurnar ber að skoða í ljósi þess að stofnunin sá um innri endurskoðun hans á þessu tímabili og var því ekki óháður aðili. Báðar skýrslurnar fegra stöðu Íbúðalánasjóðs.

Áhættustýringu sjóðsins var verulega ábótavant og útreikningar í skýrslum til eftirlitsaðila voru rangir og ekki beitt aðgerðum til að draga úr áhættu en stærsti áhættuþátturinn var uppgreiðsluáhætta. Ýmsar aðgerðir sjóðsins sem gerðar voru í nafni áhættustýringar juku á áhættu sjóðsins í staðinn fyrir að draga úr henni. Áhættustýringarstefna sjóðsins tók ekki til útlánaáhættu fyrr en á árinu 2010 og Íbúðalánasjóður slakaði á lánaskilyrðum síðsumars 2004 til að mæta samkeppni frá öðrum lánastofnunum meðal annars með að gera minni kröfur í greiðslumati og bankaábyrgðum.

Staða Íbúðalánasjóðs versnaði frá haustinu 2004 en auknar uppgreiðslur á útlánum Íbúðalánasjóðs árin 2004 og 2005 leiddu til þess að vaxtamunur eigna og skulda minnkaði. Íbúðalánasjóður notaði ekki helsta stýritæki sitt, sem var að kaupa eigin bréf á markaði, og náði ekki að endurfjárfesta  á nægilega háum vöxtum miðað við þá vexti sem skuldir hans báru. Tekjur dugðu því ekki fyrir gjöldum og eigin fé sjóðsins þvarr. Á árunum 2004–2008 færðu starfsmenn sjóðsins lausafé hans í auknum mæli í áhættusamari fjárfestingar. Við hrunið haustið 2008 var stór hluti af lausafé Íbúðalánasjóðs í áhættufjárfestingum og mikið um opna afleiðusamninga við íslensku viðskiptabankana og tapaði sjóðurinn miklu fé.

Íbúðalánasjóður lánaði byggingarsamvinnufélögum, sjálfseignarstofnunum, byggingaverktökum og öðrum fyrirtækjum og félagasamtökum 122 milljarða króna á árunum 1999‒2012 eða fimmtung af öllum lánveitingum sjóðsins á þessu tímabili og hafa heimtur af mörgum lánum í þessum flokki verið slæmar, einkum lánum til leigufélaga og byggingarverktaka. Mestu tapaði sjóðurinn á lánum til leigufélaga en mikið fé var lánað til þeirra eftir að átak til fjölgunar leiguíbúða hófst árið 2001.

Frá stofnun Íbúðalánasjóðs til ársins 2012 nemur bókfært tap sjóðsins 100 milljörðum króna á verðlagi ársins 2012, þar af 80 milljörðum frá árinu 2008. Óbókfært tap vegna stöðu sjóðsins í lok árs 2012 nemur allt að 170 milljörðum króna að núvirði.

Hlutfallslega hefur sjóðurinn tapað mest á leiguíbúðalánum og á lánveitingum til Mið-Austurlands og grannsvæða Reykjavíkur.

Eftirlit með Íbúðalánasjóði var ekki fullnægjandi, sérstaklega ekki 2004 þegar mestu breytingarnar voru gerðar en Alþingi afsalaði sér aðkomu að tilnefningu í stjórn Íbúðalánasjóðs 1998 og skipaði ráðherra í stjórn sjóðsins og pólitískar ráðningar drógu úr trúverðugleika sjóðsins og eftirlitsaðila hans og stjórntæki eftirlitsaðila voru veik. Rannsóknin leiddi í ljós margvísleg mistök sem vörðuðu Íbúðalánasjóð og pólitísk áhrif og hagsmunatengsl.

Heimild 
 Skýrsla Rannsóknarnefndar Alþingis um Íbúðalánasjóð",Frá hvaða tíma stækkuðu uppgreiðslur íbúðalána gríðarlega?,"{'answer_start': array([4027], dtype=int64), 'text': array(['ágúst 2004'], dtype=object)}"
https://is.wikipedia.org/wiki/Sturlunga%20saga,Sturlunga saga,"Sturlunga saga eða Sturlunga er íslenskt sögusafn frá 13. öld sem greinir frá valdabaráttu höfðingjaætta, sókn konungsvalds og kirkju og endalokum þjóðveldis. Sturlunga dregur nafn sitt af ætt Sturlunga, en svo voru afkomendur Sturlu Þórðarsonar í Hvammi í Dölum nefndir. Hún er mikilvæg heimild um sögulega viðburði á Íslandi og veitir innsýn í hugmyndaheim og lífsskoðun Íslendinga á 13. öld. Hún er rituð af ýmsum höfundum en þekktastur er Sturla Þórðarson (1214 – 1284) og er hann talinn hafa lagt mest af mörkum til ritsins.

Efni Sturlungu 
Sturlunga segir frá lífi Íslendinga á Íslandi og voru frásagnir hennar ritaðar á 13. öld líkt og Íslendingasögur. En það sem greinir Sturlungu frá Íslendingasögunum er sú staðreynd að Íslendingasögurnar greina frá löngu liðnum atburðum, sem flestir gerðust á 9. og 10. öld, en Sturlunga saga skýrir frá atburðum á 12. og 13. öld. Íslendingasögur fjalla um atburði úr fortíð en Sturlunga er að nokkru samtímaheimild og segir frá atburðum úr samtíð höfunda. Höfundar Sturlungu byggja frásögnina á eigin reynslu eða á ferskum munnmælum um atburðina. Sögur Sturlungu og Biskupa sögur eru því stundum kallaðar samtíðarsögur. 

Sturlunga saga er safnrit og varðveitt sem ein samfelld saga í handritum. Þó er greinilegt að þannig hefur hún ekki orðið til í upphafi. Heitið Sturlunga saga er þekkt frá 17. öld en uppruni hennar er þessi: Á 13. öld voru ritaðar einstakar sögur og síðan var þeim steypt saman í eitt rit um aldamótin 1300. Sögurnar gerast á árunum 1117 – 1264. Almennt er talið að annaðhvort Þórður Narfason (d. 1308) lögmaður á Skarði á Skarðsströnd eða Þorsteinn böllóttur Snorrason (d. 1353) hafi safnað til verksins og ritstýrt því. Hver tilgangurinn var með samsetningu ritsins er ekki vitað. En þó má geta sér til eins og gert er í nýjustu bókmenntasögunni: „Honum hefur augljóslega verið í mun að halda til haga frásögnum af atburðum sem leiddu til þess að Íslendingar glötuðu forræði sínu í hendur Noregskonungi árið 1262.“

Frásagnir Sturlungu eru fjölbreyttar að efni og framsetningu og þrátt fyrir töluverða ritstýringu við samsetningu heildarritsins er oftast auðvelt að greina sögurnar sundur. Tvenns konar hugmyndir hafa verið um hvernig gefa eigi Sturlungu út: Önnur er sú að gefa söguna út sem eina heild líkt og hún er varðveitt, og er nýjasta útgáfan á þann veg (1988 og 2010). Hin er sú að greina sögurnar að og prenta hverja sögu fyrir sig. Þannig er útgáfan frá 1946. 

Helstu sögur í Sturlungu eru Íslendinga saga eftir Sturlu Þórðarson, Þorgils saga og Hafliða, Prestssaga Guðmundar Arasonar, Þórðar saga kakala, Þorgils saga skarða og Svínfellinga saga. Enn fremur eru þar Sturlu saga, Geirmundar þáttur heljarskinns, Guðmundar saga dýra og Hrafns saga Sveinbjarnarsonar.

Eftirtaldar sögur eru nátengdar efni Sturlungu og stundum gefnar út með henni:
 Arons saga, um Aron Hjörleifsson, mikinn kappa.
 Árna saga biskups, um Árna Þorláksson Skálholtsbiskup.

Handrit 
Meginhandrit Sturlunga sögu eru tvö; Króksfjarðarbók (AM 122 a fol) og Reykjafjarðarbók (Am 122 b fol), báðar frá 14. öld. Af Króksfjarðarbók eru varðveitt 110 blöð en talið er að þau hafi upphaflega verið 141. Af Reykjafjarðarbók eru varðveitt 30 blöð af áætluðum 180. Einnig eru til pappírshandrit sem eru runnin frá þessum skinnbókum þegar þær voru heilar.

Heimildir

Tenglar 
 Sturlunga saga; rafbók og heildartexti á Rafbókavefnum
 Sturlunga saga; af Google books
 Sturlunga saga; af Heimskringla.no
 Svipmyndir úr Sturlungu; grein í Lesbók Morgunblaðsins 1995
 Sturlunga saga; grein í Morgunblaðinu 1947
 Gásir í Sturlungu; af Gasir.is

Íslenskar miðaldabókmenntir
Saga Íslands",Hvaða tvær sögur eru taldar mikilvægastar í Sturlungu?,"{'answer_start': array([2474], dtype=int64), 'text': array(['Íslendinga saga eftir Sturlu Þórðarson, Þorgils saga og Hafliða'],
      dtype=object)}"
https://is.wikipedia.org/wiki/Kings%20Canyon-%C3%BEj%C3%B3%C3%B0gar%C3%B0urinn,Kings Canyon-þjóðgarðurinn,"Kings Canyon-þjóðgarðurinn (enska: Kings Canyon National Park) er þjóðgarður í Kaliforníu. Hann er í suður-Sierra Nevada-fjöllum og er tæpir 1900 ferkílómetrar að stærð. Evrópskir landnemar fóru fyrst um svæðið á miðri 19. öld. Maður að nafni John Muir vakti athygli á fegurð svæðisins og síðar kom það inn á borð yfirvalda. Þjóðgarðurinn var stofnaður árið 1940 til að vernda skógarlundi risarauðviðar. Áður var verndað svæði innan núverandi þjóðgarðs sem hét General Grant National Park en hann var stofnaður til að vernda stærsta tré í heimi; General Grant. 

Gljúfrið Kings Canyon, hvers landsvæði þykir svipa til Yosemitedal með sína graníttinda og er eitt dýpsta gljúfur Bandaríkjanna og nær 2500 metra dýpt. Austur af gljúfrinu eru Sierra Crest-tindarnir og ná þeir hæsta punkti þjóðgarðsins í North Palisade eða 4343 metra hæð. Minna er um stærri spendýr á þessu svæði en talsvert af nagdýrategundum og fuglum. Tjaldsvæði innan garðsins eru í rúmum 2000 metra hæð. Sequoia National Park sem er aðalvaxtarsvæði risarauðviðartrjáa á landamæri að Kings Canyon-þjóðgarðinum.

Heimild

Bandarískir þjóðgarðar
Þjóðgarðar í Kaliforníu",Í hvaða ríki er Kings Canyon-þjóðgarðurinn staðsettur?,"{'answer_start': array([77], dtype=int64), 'text': array(['í Kaliforníu'], dtype=object)}"
https://is.wikipedia.org/wiki/Fionn%20Mac%20Cumhaill,Fionn Mac Cumhaill,"Fionn Mac Cumhaill (einnig ritað Finn eða Find mac Cumail eða mac Umaill, borið fram „Finn mac Cool“, [fɪnː mak kul]) var goðsagnakenndur veiðimaður og bardagamaður í Írskum þjóðsögum, en sögur af honum voru einnig þekktar í Skotlandi og á Mön. Sögur af Fionn og fylgismönnum hans, Fianna, eru skráðar í Fianna sögunum (e. Fenian cycle eða Ossianic Cycle. i. Fianaigecht). Fianna sögurnar eru að mestu sagðar frá sjónarhorni sonar Fionn, Oisín, sem var skáld. Fenian bræðralagið dregur nafn sitt af þessum þjóðsögum.

Fionn var gæluheiti sem þýðir „fölur“, „hvítur“ eða „bjartur“. Í æsku hét hann Deimne og í nokkrum frásögnum er sagt frá því hvernig hann öðlaðist gælunafn sitt þegar að hár hans varð hvítt langt fyrir aldur fram. Hann er líklega tengdur við Velsku goðsagnapersónuna Gwyn ap Nudd.

Þjóðsagan

Fæðing 
Fionn var sonur Cumhal, sem var leiðtogi fianna reglunnar, og Muirne, dóttir drúidans Tadg mac Nuadat sem bjó á hæðinni Almu í Kildare sýslu. Cumhal nam Muirne á brott eftir að faðir hennar neitaði að leyfa sér að giftast henni, og Tadg leitaði ráða til hákonungsins yfir Írlandi, Conn Cétchathach (Hundrað bardaga-Conn), sem gerði hann að útlaga. Bardaginn við Cnucha var háður milli Conn og Cumhal, og Cumhall var drepinn af Goll mac Morna, sem gerðist svo leiðtogi fianna reglunnar.

Þá var Muirne þegar orðin ólétt eftir samfarir hennar við Cumhal, þannig að faðir hennar afneitaði henni og fyrirskipaði að hún skyldi brennd á báli, en Conn bannaði það og setti hana undir verndarvæng Fiacal mac Conchinn. Kona Fiacals, drúidinn Bodhmall, var systir Cumhals. Í húsi Fiacals eignaðist hún son sem hún kallaði Deimne.

Nafnið Cumhal kann að vera komið af forn-Írska orðinu cumal, sem þýðir ambátt. Það kann að vera að einhvern tímann hafi Fionn verið sagður ambáttarsonur (mac cumal), áður en að virðingarmeiri uppruni var skáldaður fyrir hann.

Æska 
Muirne skildi Deimne eftir hjá Bodhmall og bardagakonunni Liath Luachra, en hún ól hann upp með leynd í Sliab Bladma skógi, og kenndi honum þar bardagalistir og veiðar. Þegar hann varð eldri gekk hann í hirðir ýmissa konunga undir fölsku nafni, en þegar að þeir báru kennsl á hann sem sonur Cumhals var honum skipað að fara, af ótta við að óvinir hans leituðu hann uppi. 

Fionn kynntist svo skáldinu Finneces við ánna Boyne og lærði kveðskap hjá honum. Finneces hafði eytt sjö árum í að reyna að veiða lax þekkingarinnar, sem bjó í ánni, en sagt var að hver sá sem æti laxinn myndi hljóta alla þekkingu heims. Að lokum náði hann að veiða laxinn, og sagði Fionn að elda hann fyrir sig. Fionn brenndi sig við matreiðsluna, og setti brennda þumalputtann í munn sinn, og át óvart hluta af roði laxins. Þannig fékk hann vísdóm laxins, en upp frá þessu gat hann kallað til sín vísdóm á örlagastundum með því að sjúga á þumal sinn.

Ámóta frásagnir af viskuþumalnum eru til í íslendingasögum, enskum fornsögum og í finnsku fornvísunni Kalevala. Einnig kemur sama minni fyrir í velsku sögunni um Gwion Bach, en hugsanlegt er að sögurnar eigi sér sameiginlega rót.

Valdatakan 
Á hverju ári í 23 ár kom eldspúandi álfadís að nafni Aillen á Samhain (1. nóvember), og svæfði alla mennina í Tara með tónlist og brenndi svo kastalann til grunna. Fianna reglan, sem Goll mac Morna stýrði, gat ekkert gert til þess að varna því. Fionn kom til Tara, vopnaður með galdravopnum í poka úr fuglaskinni. Hann hélt sér vakandi með því að halda spjótsoddi sínum undir hausnum á sér, þannig að ef að hann sofnaði hrökk hann upp þegar hann rakst á oddhvassa spjótið, og drap svo Aillen með spjótinu. Eftir að hann drap Aillen var hann viðurkenndur sem sonur Cumhal. Goll vék úr stóli og Fionn tók við sem leiðtogi Fianna reglunnar.

Í sumum frásögnum er fjallað um samskipti Fionn og Goll, en vinátta þeirra var ótraust og þeir lentu oft upp á móti hvor öðrum.

Seinna heimtaði Fionn bætur af Tadg fyrir morðið á föður sínum, og hótaði stríði eða einvígi ef að hann neitaði. Tadg bauð honum heimili sitt, hæðina Almu, sem skaðabætur, og Fionn þáði það.

Bardagi risanna 

Mörg landfræðileg fyrirbrigði á Írlandi eru tengd við Fionn Mac Cumhail. Í sumum yngri frásögnum er Fionn risi, og í deilum sínum við risa í Alba (nú þekkt sem Skotland) tók hann hluta úr Írlandi til þess að kasta í mótherja sinn. Hann varpaði aurhnettinum í mótherja sinn, en hann dreif ekki yfir Írlandshaf og klumpurinn varð að eyni Mön, en holan sem varð eftir varð Lough Neagh.

Í annarri tilraun til þess að há einvígi við mótherja sinn í Alba byggði hann stuðlabergsbrúnna Giants Causeway frá Írlandi til Skotlands, til þess að hann gæti barist við andstæðinginn án þess að blotna í fæturna.

Fingalshellir í Skotlandi er einnig nefnt eftir honum, en í hellinum eru sexhyrndar súlur úr basalti.

Ástir 
Fionn kynntist frægustu föstukonu sína, Sadbh, þegar hann var að veiðum. Drúidinn Fer Diorich hafði breytt henni í hreindýr, en hundar Fionns, Bran og Sceolang, sem höfðu sjálfir eitt sinn verið mennskir, áttuðu sig á því að hún væri mennsk, og Fionn hlífði henni. Hún breyttist aftur í fallega konu, sem Fionn giftist og gerði ólétta. Fer Diorich kom aftur seinna og breytti henni aftur í hreindýr, og hún hvarf á brott. Sjö árum síðar hitti Fionn son þeirra, Oisín, sem varð einn af mestu hetjum fianna reglunnar.

Í einni frægustu sögunni hafði hákonungur Írlands, Cormac mac Airt, lofað Fionn dóttur sína, Gráinne, en Gráinne féll fyrir öðrum meðlimi fianna reglunnar, Diarmuid Ua Duibhne, og þau stungu af saman með Fionn á hælunum. Fósturfaðir Diarmuids, guðinn Aengus, aðstoðaði þau við flóttann. Mörgum árum síðar voru Fionn og Diarmuid á veiðum og bráðin stangaði Diarmuid alvarlega. Vatn sem var drukkið úr höndum Fionn hafði lækningarmátt, en þegar Fionn safnaði vatni lét hann það vísvitandi leka á milli puttanna sína áður en að hann færði Diarmuid það. Sonur hans, Oisín, og sonarsonur hans, Osgur, hótuðu honum og sögðu honum að vera heiðarlegur, en það var um seinan, því Diarmuid dó skömmu síðar.

Dauði 
Ýmsar misjafnar sögur segja af dauða Fionns, en vinsælustu frásagnirnar segja að hann sé í raun ekki dauður, heldur lifi enn góðu lífi í helli undir Dyflini, og mun hann koma þaðan til þess að bjarga Írlandi á mesta raunatíma þess.

Heimildir 
 Old irish stories and hero-lore, Daithí O hÓgain, Háskólaútgáfan, 2005.
 

Írskar þjóðsögur",Hver kom Muirne til bjargar frá því að vera brennd á báli?,"{'answer_start': array([1100], dtype=int64), 'text': array(['Conn Cétchathach'], dtype=object)}"
https://is.wikipedia.org/wiki/Brandur%20J%C3%B3nsson%20%28biskup%29,Brandur Jónsson (biskup),"Brandur Jónsson var biskup á Hólum í eitt ár, frá 1263 til dauðadags, 26. maí 1264. 

Brandur var af ætt Svínfellinga, sem var ein helsta höfðingjaætt landsins, og fór með héraðsvöld á austanverðu landinu. Foreldrar Brands voru Jón Sigmundsson goðorðsmaður á Svínafelli í Öræfum og seinni kona hans Halldóra Arnórsdóttir. Hún var af ætt Ásbirninga, dóttir Arnórs Kolbeinssonar.

Talið er að Brandur hafi fæðst skömmu eftir 1200 (e.t.v. um 1205) á Svínafelli og alist þar upp. Hann var ábóti í Þykkvabæjarklaustri í Álftaveri 1247-1262, en þar var klaustur af  Ágústínusarreglu. Líklega hefur hann áður verið munkur í klaustrinu en hann tók við þegar Arnór Össurarson sagði af sér. Á þeim árum sem hann var ábóti var hann tvisvar umboðsmaður Skálholtsbiskups. 

Brandur kom talsvert að deilum höfðingja á Sturlungaöld, og þá oft sem sáttasemjari. Í Svínfellinga sögu segir um Brand: ""Hann réð fyrir austur í Þykkvabæ í Veri og var ágætur höfðingi, klerkur góður, vitur og vinsæll, ríkur og góðgjarn. Og í þann tíma hafði hann mesta mannheill þeirra manna, er þá voru á Íslandi.""

Eftir að Íslendingar gengu undir vald Noregskonungs, 1262, var aftur farið að skipa íslenska menn í biskupsembættin. Var Brandur Jónsson þá útnefndur biskup á Hólum en Runólfur Sigmundsson lærisveinn hans tók við sem ábóti í Þykkvabæjarklaustri. Brandur sigldi til Noregs haustið 1262, vígður 4. mars 1263 og kom til landsins sumarið 1263. En hans naut ekki lengi við í biskupsembætti á Hólum, því að hann andaðist 26. maí 1264.

Brandur Jónsson var vel lærður maður og kenndi ýmsum. Hann var einnig þekktur rithöfundur. Hann þýddi á íslensku Alexanders sögu, söguljóð frá um 1170 eftir Philippus Gualterus, um Alexander mikla. Þetta er lausamálsþýðing og þykir málfarið á þýðingunni með miklum snilldarbrag. Halldór Laxness hreifst svo af verkinu að hann beitti sér fyrir því að Alexanders saga var gefin út árið 1945 í alþýðlegri útgáfu. Í formála bókarinnar segir Halldór: ""Hverjum manni sem ritar á íslensku, jafnvel á vorum dögum, ætti að verða til eftirdæmis sá hreinleiki og tignarbragur norræns máls, sem hér birtist í samhæfingu við erlent efni. Af þeim vitra og lærða manni, sem bókina þýddi, geta Íslendingar allra tíma lært fleira en eitt um það, hvernig útlenda hluti skal um ganga á Íslandi."" 

Brandur þýddi einnig Gyðinga sögu á íslensku, og e.t.v. fleiri rit.

Hermann Pálsson hefur sett fram þá tilgátu að Brandur hafi samið Hrafnkels sögu Freysgoða skömmu fyrir 1260.

Brandur Jónsson var ókvæntur, en hann átti þó son, Þorstein Brandsson (d. 1287) á Kálfafelli í Fljótshverfi.

Heimildir
 Páll Eggert Ólason: Íslenskar æviskrár I.
 Halldór Kiljan Laxness (útg.): Alexandreis, það er Alexanders saga mikla, (Rvík 1945), 5.
 Hermann Pálsson: Höfundur Hrafnkels sögu. Til Kristins E. Andréssonar 12. júní 1961, 109-126.
 Hermann Pálsson: Brandur Jónsson ábóti. Dynskógar. Rit Vestur-Skaftfellinga 7, Rvík 1999, 70-91.
 Sturlunga saga.

Hólabiskupar í kaþólskum sið
Íslenskir ábótar og príorar",Á hvaða tímabili var Brandur ábóti í Þykkvabæjarklaustri?,"{'answer_start': array([525], dtype=int64), 'text': array(['1247-1262'], dtype=object)}"
https://is.wikipedia.org/wiki/Pinus%20engelmannii,Pinus engelmannii,"Pinus engelmannii er furutegund sem vex í norður Mexíkó, í Sierra Madre Occidental þer sem útbreiðslan nær stutt ínnfyrir landamæri Bandaríkjanna í suðvestur New Mexico og suðaustur Arizona. Þetta er meðalstórt tré, um 20 til 30m hátt með stofnþvermál að 35 - 80 sm.

Greinarnar er gildar og gisnar. Barrnálarnar, sem eru með þeim lengstu á nokkurri furu, eru 3 (stöku sinnum 5), 20 til 40 sm langar, gildar, gleiðar og lítið eitt hangandi. Könglarnir eru 8 til 16 sm langir, grænir til purpuralitir á meðan þeir eru að vaxa, nokkuð skástæðir með kröftugum göddum á köngulhreistrinu á úthliðinni (snýr frá grein). Hún er stundum með ""grasstig"" svipað P. devoniana og P. palustris (svonefnt grasstig er einfaldnlega lýsing á útliti smáplantna þar sem fjöldi langra barrnála hlífir vaxtarsprotum við villieldum).

Fræðiheitið er til heiðurs þýsk-bandaríska grasafræðingnum George Engelmann sem uppgötvaði tegundina 1848. Engelmann nefndi tegundina fyrst Pinus macrophylla, en það nafn var þegar komið á aðra furutegund, svo að hún þurfti annað nafn; það var gefið af franska grasafræðingnum Carrière, sem kaus að heiðra Engelmann.

Hún hefur stundum verið talin afbrigði af gulfuru (sem P. ponderosa var. mayriana), en er nú almennt viðurkennd sem sjálfstæð tegund.

Tilvísanir

Tenglar
NRCS: USDA Plants Profile Pinus engelmannii , AZ:  , NM:  

Furur
Barrtré",Hvaða hæð getur Pinus engelmannii náð?,"{'answer_start': array([219], dtype=int64), 'text': array(['20 til 30m'], dtype=object)}"
https://is.wikipedia.org/wiki/Hugur,Hugur,"Þessi grein fjallar um mannshugann. Um Tímarit félags áhugamanna um heimspeki, sjá Hug.
Hugur er hugtak sem oftast notað til að lýsa æðri eiginleikum mannsheilans til dæmis persónuleika, hugsun, skynsemi, minni, gáfum og tilfinningum.

 Heimildir og ítarefni 
 Feser, Edward. Philosophy of Mind: A Beginner's Guide (Oxford: Oneworld, 2006).
 Fodor, Jerry. The Language of Thought (Cambridge, MA: Harvard University Press, 1975).
 Fodor, Jerry. The Mind Doesn't Work That Way (Cambridge, MA: The MIT Press, 2001).
 Heil, John. Philosophy of Mind: A Contemporary Introduction (London: Routledge, 1998).
 Kim, Jaegwon. Philosophy of Mind 3. útg. (Philadelphia: Westview Press, 2011).
 McGinn, Colin. Mindsight: Image, Dream, Meaning (Cambridge, MA: Harvard University Press, 2004).
 McGinn, Colin. The Mysterious Flame: Conscious Minds in a Material World (New York: Basic Books, 1999).
 Russell, Bertrand. The Analysis of Mind (London: Routledge, 1992).
 Ryle, Gilbert. The Concept of Mind (Chicago: The University of Chicago Press, 1949).
 Searle, John R. Intentionality: An Essay in the Philosophy of Mind (Cambridge: Cambridge University Press, 1983).
 Searle, John R. Mind: A Brief Introduction (Oxford: Oxford University Press, 2004).
 Searle, John [R]. Mind, Language and Society: Philosophy in the Real World (London: Phoenix, 2000).
 Searle, John [R]. Minds, Brains and Science (Cambridge, MA: Harvard University Press, 1984).
 Searle, John R. The Mystery of Consciousness (London: Granta Books, 1998).
 Searle, John R. Rationality in Action (Cambridge, MA: The MIT Press, 2001).
 Stitch, Stephen. Deconstructing the Mind (Oxford: Oxford University Press, 1996).
 Stitch, Stephen P. og Ted A. Warfield (ritstj.). The Blackwell Guide to Philosophy of Mind'' (Oxford: Blackwell, 2003).

Tengt efni 
 Hugsun

Tenglar 
 
 

Hugspeki
Sálfræði
Vitsmunavísindi",Hvaða ritverk eftir Bertrand Russell er getið í þessari grein?,"{'answer_start': array([904], dtype=int64), 'text': array(['The Analysis of Mind'], dtype=object)}"
https://is.wikipedia.org/wiki/1664,1664,"Árið 1664 (MDCLXIV í rómverskum tölum) var 64. ár 17. aldar og hlaupár sem hófst á þriðjudegi samkvæmt gregoríska tímatalinu en föstudegi samkvæmt júlíska tímatalinu sem er tíu dögum á eftir.

Atburðir 

 12. mars - New Jersey varð nýlenda Englands.
 24. september - Englendingar náðu Nýju Amsterdam á sitt vald og nefndu hana Nýju Jórvík.

Ódagsettir atburðir 
 Í desember - Halastjarna sást greinilega á kvöldhimninum á Íslandi.
 Galdramál: Tveimur skólapiltum var vísað úr Skálholtsskóla fyrir meðferð galdrastafa.
 Gautreks saga kom í fyrsta sinn út á prenti í Svíþjóð í útgáfu Vereliusar.

Fædd 
 4. janúar - Lars Roberg, sænskur læknir (d. 1742).
 30. maí - Giulio Alberoni, ítalskur kardináli og stjórnmálamaður (d. 1754).

Dáin 
 20. febrúar - Corfitz Ulfeldt, danskur ríkishirðstjóri (f. 1606).
 16. mars - Ívan Vígovskíj, kósakkaleiðtogi.

Opinberar aftökur 
 Þórður Leifuson/Þórðarson hengdur í Garðahrauni, sunnan Bessastaða í Gullbringusýslu, fyrir meintan þjófnað. Einar Oddsson í Vogum sá um málatilbúnaðinn, sem varð umdeildur á Alþingi árið eftir, þegar Guðrún Þórðardóttir, systir Þórðar, áfrýjaði dauðadómnum.

Tilvísanir 

1664
1661-1670",Hverjir voru ábyrgir fyrir málflutningi í máli Þórðar Leifssonar/Þórðarsonar?,"{'answer_start': array([979], dtype=int64), 'text': array(['Einar Oddsson í Vogum'], dtype=object)}"
https://is.wikipedia.org/wiki/Vamp%C3%ADrubaninn%20Buffy%20%282.%20%C3%BE%C3%A1ttar%C3%B6%C3%B0%29,Vampírubaninn Buffy (2. þáttaröð),"Önnur þáttaröð bandaríska gamanþáttarins Vampírubaninn Buffy fór af stað þann 15. september 1997 og kláraðist 19. maí 1998. Þættirnir voru 22 og hver þáttur var að meðaltali 42 mínútur að lengd.

Söguþráður 
Önnur þáttaröðin byrjar með því að Buffy er með áfallaröskun eftir að hafa verið dáin í nokkrar mínútur þegar hún barðist við meistarann. Hún er hrokafull og leiðinleg við vini sína, Angel og Giles. Hinn Smurði hyggst endurvekja Meistarann með því að nota beinin hans og ræna vinum Buffyar sem voru í nálægð við Meistarann þegar hann dó (Willow, Giles, Jenny, Cordelia) en Buffy mölvar beinin og bjargar vinum sínum. Eftir að hafa fengið útrás á reiði sinni yfir Meistaranum, verður hún sama góða Buffy á ný og Buffy og Angel byrja saman. En vandamál koma fram í skólanum þegar Snyder skólastjóri (Armin Shimerman) ætlar sér að nota hvaða afsökun sem er til að reka Buffy úr skólanum, og með komu Spikes og Drusillu, vampírupar sem ætlar sér drepa Buffy og tengjast fortíð Angels. Spike brennir þann Smurða og tekur yfir störfum hans. Nýr vampírubani Kendra Young (Bianca Lawson) kemur til Sunnydale sem staðgengill Buffyar vegna ""dauða"" hennar. Kendra sem hefur lesið allar handbækurnar og veit allt um sögu vampírubana þarf vinna með Buffy sem vill frekar lifa venjulegu lífi með banaskyldum sínum og spinnur upp allt sem hún gerir í starfi sínu sem vampírubani. Þegar Spike hyggst veita hinni veiku Drusillu fullan styrk á ný þarf hann að nota blóð vampírurnar sem gerði hana að vampíru, þ.e.a.s. Angel. Hann ræður djöflalaunmorðingja til að trufla Buffy og ræna Angel. Athöfnin heppnast en Spike lamast í bardaganum við Kendru og Buffy. Willow byrjar með gítarleikaranum Oz, sem breytist seinna í varúlf við fullt tungl, og Xander byrjar með Cordeliu. Á 17 ára afmæli Buffyar sefur hún hjá Angel. En bölvun Angels er létt og hann verður aftur Angelus og gengur í lið með Spike og Drusillu. Angelus og Drusilla vilja eyða heiminum, enda bæði jafniklikkuð. Í ljós kemur að Jenny Calendar er fædd inn sígaunaflokkinn sem lagði bölvunina á Angel. Hún reynir að þýða þuluna fyrir bölvuninni en Angelus finnur og drepur hana. Buffy ákveður að Angel sé farinn fyrir fullt og allt.

Næsta áætlun Angelusar er að opna hlið fyrir djöflinum Acathla sem mun rústa heiminum. Kendra snýr aftur til að hjálpa Buffy og Willow finnur þulu Jennyar og hyggst flytja hana en lendir í dái. Drusilla drepur Kendru og Snyder skólastjóri kennir Buffy um og rekur hana úr skólanum. Buffy og Spike semja um vopnahlé til að stöðva Angelus (Spike vill ekki að heimurinn endi því hann vill skemmta sér meira) og Joyce kemst að því að Buffy sé vampírubani. Hún segir Buffy að ef hún verði ekki heima þurfi hún ekki að koma aftur. Willow vaknar og er enn ákveðin í að flytja bölvunina. Angelus rænir Giles til þess að fá hann til að segja honum hvernig hann getur vakið Acathla og eftir ítrekaðar pyntingar Giles segir honum að blóðið hans (Angelusar) sé lykillinn. Buffy kemur á ögurstundu og fær Xander til að bjarga Giles. Spike tefur fyrir Angelus og leyfir Buffy að berjast við hann meðan hann flýr úr bænum með Drusillu.

Meðan Buffy og Angelus berjast flytur Willow bölvunina og Angel fær sálina sína aftur. En Acathla er alveg að komast í gegn og eina leiðin til að stöðva hann er að drepa Angel - lykilinn. Buffy rekur Angel á hol með sverði og hann sogast í einhverja vítisveröld. Eftir allt þetta yfirgefur Buffy Sunnydale og fer til Los Angeles.

Þættir 

Vampírubaninn Buffy",Hvaða nýr vampíruveiðari kemur til Sunnydale?,"{'answer_start': array([1059], dtype=int64), 'text': array(['Kendra Young'], dtype=object)}"
https://is.wikipedia.org/wiki/1.%20deild%20kvenna%20%C3%AD%20knattspyrnu%201997,1. deild kvenna í knattspyrnu 1997,"Leikar í 1. deild kvenna í knattspyrnu hófust í 16. sinn árið 1997.

A riðill

Liðin

Staðan í deildinni

Stigatafla 

 Útskýringar: L = Leikir spilaðir, U = Leikir sigraðir, J = Leikir sem lauk með jafntefli, T = Tapaðir leikir, Sk = Mörk skorðuð, Fe = Mörk fengin á sig, Mm = Markamunur

Töfluyfirlit

Markahæstu leikmenn

B riðill

Liðin

Staðan í deildinni

Stigatafla 

 Útskýringar: L = Leikir spilaðir, U = Leikir sigraðir, J = Leikir sem lauk með jafntefli, T = Tapaðir leikir, Sk = Mörk skorðuð, Fe = Mörk fengin á sig, Mm = Markamunur

Töfluyfirlit

Markahæstu leikmenn

C riðill

Liðin

Staðan í deildinni

Stigatafla 

 Útskýringar: L = Leikir spilaðir, U = Leikir sigraðir, J = Leikir sem lauk með jafntefli, T = Tapaðir leikir, Sk = Mörk skorðuð, Fe = Mörk fengin á sig, Mm = Markamunur

Töfluyfirlit

Markahæstu leikmenn

Úrslitakeppnin

Stigatafla 

 Útskýringar: L = Leikir spilaðir, U = Leikir sigraðir, J = Leikir sem lauk með jafntefli, T = Tapaðir leikir, Sk = Mörk skorðuð, Fe = Mörk fengin á sig, Mm = Markamunur

Töfluyfirlit

Aukakeppni

Heimild 
 Mótalisti KSÍ. Skoðað 14. nóvember 2018.

Tilvísanir og heimildir 

 

1. deild kvenna í knattspyrnu á Íslandi
Knattspyrna á Íslandi","Hvaða merkingu hefur stafurinn ""T"" í töflunum?","{'answer_start': array([214], dtype=int64), 'text': array(['Tapaðir leikir'], dtype=object)}"
https://is.wikipedia.org/wiki/%C3%86vint%C3%BDri%20Tinna%3A%20Leyndard%C3%B3mur%20Einhyrningsins,Ævintýri Tinna: Leyndardómur Einhyrningsins,"Ævintýri Tinna: Leyndardómur Einhyrningsins eða 'The Adventures of Tintin: The Secret of the Unicorn er bandarísk kvikmynd frá árinu 2011 sem leikstýrð er af Steven Spielberg. Myndin er byggð á frægu myndasögunum um Ævintýri Tinna sem hinn belgíski Hergé skrifaði. Handrit myndarinnar er byggt á þremur Tinnabókum, Krabbinn með gylltu klærnar, Leyndardómur Einhyrningsins og Fjársjóður Rögnvaldar rauða. 
Spielberg hefur verið að undirbúa myndina síðan hann hafði keypt kvikmyndaréttinnárið 1983 stuttu eftir að Hergé lést. Tökur hófust árið 2008 og átti að gefa hana út árið 2010 en því var seinna seinkað um ár þegar Universal Studios hættu við að framleiða myndina ásamt Paramount Pictures og var það ekki fyrr en Sony ákvað að með-framleiða hana með Paramount. Einn af framleiðendum myndarinnar Peter Jackson ætlar að leikstýra framhaldi af myndinni og vona Spielberg og Jackson að þeir geti leiksýrt þriðju myndinni saman.

Leikendur 
 Jamie Bell sem Tinni
 Andy Serkis sem Kolbeinn kafteinn, Kolbeinn Kjálkabítur
 Simon Pegg og Nick Frost sem Skafti og Skapti
 Daniel Craig sem Sigmundur Sakkarín, Rögnvaldur rauði
 Tony Curran sem Delacourt liðsforingi
 Toby Jones sem Aristides Silk
 Gad Elmaleh sem Omar Ben Salaad

Heimildir 

Bandarískar kvikmyndir
Kvikmyndir frumsýndar 2011",Hvaða hlutverk leikur Kolbeinn skipstjóri?,"{'answer_start': array([963], dtype=int64), 'text': array(['Andy Serkis'], dtype=object)}"
https://is.wikipedia.org/wiki/Silfurk%C3%B3rinn%20-%2040%20vins%C3%A6lustu%20l%C3%B6g%20s%C3%AD%C3%B0ari%20%C3%A1ra,Silfurkórinn - 40 vinsælustu lög síðari ára,"Silfurkórinn - 40 vinsælustu lög síðari ára  er 33 snúninga LP hljómplata gefin út af SG - hljómplötum árið 1978. Á henni syngur Silfurkórinn 40 vinsæl íslensk dægurlög. Magnús Ingimarsson útsetti fyrir kór og undirleik. Stjórnaði kórnum og hljómsveitarundirleik. Hljóðritun fór fram hjá Tóntæki. Tæknimaður: Sigurður Árnason. Hljóðblöndun: Sigurður Árnason og Magnús Ingimarsson.

Lagalisti
Gvendar syrpa: - Gvendur á eyrinni  - Lag - texti: Rúnar Gunnarsson - Þorsteinn Eggertsson -  María draumadís  - Lag - texti: Harpo - Árni Sigurðs/Axel Einars - Strax í dag  - Lag - texti: Stuðmenn - Flaskan mín fríð  - Lag - texti: Amerískt þjóðlag - Jónas Friðrik -  Simmsalabimm  - Lag - texti: P. Vanc/L. Pocriss - Þorsteinn Eggertsson 
Saknaðarsyrpa: - Þín innsta þrá  - Lag - texti: Granata/Verard - Jóhanna G. Erlingsson - Leyndarmál - Lag - texti: Þórir Baldursson - Þorsteinn Eggertsson - Söknuður  - Lag - texti: Woods - Stefán G. Stefánsson - Ég ann þér enn  - Lag - texti: IReed/Mason - Ómar Ragnarsson - Bíddu pabbi - Lag - texti: Callander - Iðunn Steinsdóttir
Búðardalssyrpa: - Heim í Búðardal - Lag - texti: Gunnar Þórðarson - Þorsteinn Eggertsson - Nú er ég léttur - Lag - texti: Geirmundur Valtýsson - Ókunnur - Elsku Stína - Lag - texti: B. Wallenbom - Ómar Ragnarsson - Bíddu við - Lag - texti: Geirmundur Valtýsson - Segðu ekki nei, segðu kannski - Lag - texti: I. Hallberg - Ólafur Gaukur - Jón er kominn heim - Lag - texti: Robinson - Iðunn Steinsdóttir 
Glókollssyrpa: - Ó, þú - Lag - texti: Magnús Eiríksson - Æskuást - Lag - texti: Gretar Ingvarsson - Rafn Sveinsson - Glókollur - Lag - texti: Birgir Marinósson - Heyr mína bæn -  Lag - texti: Nisa - Ólafur Gaukur 
Sólarsyrpa: - Í sól og sumaryl - Lag - texti: Gylfi Ægisson -  Þó líði ár og öld - Lag - texti: Brown/Gallile/Sarsone - Kristm. Vilhjálmsson - Komu engin skip í dag - Lag - texti: Magnús Eiríksson - Hún hring minn ber - Lag - texti: B. Bryant - Baldur Pálmason - Minning um mann - Lag - texti: Gylfi Ægisson 
Regndropasyrpa: - Regndropar falla - Lag - texti: Burt Bacharach - Þorsteinn Eggertsson - Litla sæta ljúfan góða - Lag - texti: Thore Skogman - Valgeir Sigurðsson - Ég mun aldrei framar elska neinn - Lag - texti: Burt Bacharach - Iðunn Steinsdóttir - Það er svo undarlegt með unga menn - Lag - texti: Rúnar Gunnarsson - Ólafur Gaukur - Göllavísur - Lag - texti: Ási í Bæ 
Gránasyrpa: - Gamli sorrí Gráni - Lag - texti: Megas - Sjóarinn síkáti - Lag - texti: Viðar Jónsson - Hótel Jörð - Lag - texti: Heimir Sindrason - Tómas Guðmundsson - Íslensku sjómennirnir - Lag - texti: Gylfi Ægisson - Hoppsa Bomm - Lag - texti: Meyer/Ruscher/Berg - Birgir Marinósson 
Ástarsyrpa: - Ástarkveðja - Lag - texti: Martini - Guðrún Pálsdóttir - Vertu sæl mín kæra - Lag - texti: Freed/Livingstone - Valgeir Sigurðsson - Hafið lokkar og laðar - Lag - texti: Stutton/Sherrill - Jóhanna G. Erlingsson- Þarna fór ástin mín - Lag - texti: D. Drazier - Jóhanna G. Erlingsson - Megi dagur hver fegurð þér færa - Lag - texti: Green/G. Wile - Jóhanna G. Erlingsson

Silfurkórinn 
skipa á þessari plötu þau Albert Pálsson, Alfred W. Gunnarsson, Ásthildur Jónsdóttir, Björgvin Valdimarsson, Eiríkur Helgason, Elín Sigmarsdóttir, Guðrún Andrésdóttir, Hjálmar Sberrisson, Ingibjörg Guðjónsdóttir, Jóhanna Sveinsdóttir, Kjartan Ó. Jóhannsson, Kristín Þórisdóttir, Linda Leifsdóttir, Magnús Ingólfsson, Magnús Magnússon, María Pálmadóttir, Páll Þorsteinsson, Pétur H. Jónsson,Sigríður Birgisdóttir, Sigríður Sigurðardóttir, Sigrún Hákonardóttir, Sigrún Magnúsdóthr, Viðar Gunnarsson og Þóroddur Þóroddsson

Hljóðfæraleikarar 
Magnús Ingimarsson, hljómborð; Þórður Árnason, gítar; Tómas Tómasson, bassi; Sigurður Karlsson, trommmur.

SG-hljómplötur
Hljómplötur gefnar út árið 1978",Hverjir unnu hljóðblöndun plötunnar?,"{'answer_start': array([341], dtype=int64), 'text': array(['Sigurður Árnason og Magnús Ingimarsson'], dtype=object)}"
https://is.wikipedia.org/wiki/Leitir.is,Leitir.is,"Leitir.is er íslensk leitargátt sem leitar í nokkrum íslenskum gagnasöfnum samhliða. Stærsta gagnasafnið er samskrá íslenskra bókasafna sem var áður sérstakt gagnasafn, Gegnir. Auk Gegnis leitar Leitir.is að greinum og bókum í rafrænum áskriftum íslenskra háskóla og í landsaðgangi. Önnur gagnasöfn sem eru tengd við Leitir.is eru Skemman, Hirslan, Sarpur og ljósmyndasöfn Akraness og Reykjavíkur.

Leitir.is byggir á hugbúnaðinum Primo frá ísraelska fyrirtækinu Ex Libris Group. Rekstur kerfisins er í höndum Landskerfis bókasafna. Vefurinn var opnaður árið 2011.

Saga 
Gegnir var sameiginlegt skráningarkerfi Landsbókasafns og háskólabókasafna á Íslandi og fyrsta tölvutæka samskrá safnanna. Hann var opnaður árið 1992. Borgarbókasafn skráði sínar bækur fyrst í gagnagrunn sem nefndist Fengur. Gegnir var fluttur í nýtt bókasafnskerfi, Aleph, frá fyrirtækinu Ex Libris árið 2001 um leið og skráningarkerfin tvö, Gegnir og Fengur, voru sameinuð undir nafni þess fyrrnefnda. Almenningur gat þá leitað í Gegni eftir efni á söfnunum um allt Ísland á vefsíðunni gegnir.is.

Tenglar
 Leitir.is
Elsta útgáfa Gegnis á Vefsafninu, frá 2003
Landskerfi bókasafna

Íslensk gagnasöfn
Íslensk bókasöfn",Á hvaða grunni er Leitir.is byggt?,"{'answer_start': array([431], dtype=int64), 'text': array(['Primo'], dtype=object)}"
https://is.wikipedia.org/wiki/1907,1907,"Árið 1907 (MCMVII í rómverskum tölum)

Ísland

Atburðir 

 23. janúar - Jón forseti, fyrsti togari smíðaður fyrir Íslendinga, kom til landsins.
 27. janúar - Kvenréttindafélag Íslands stofnað.
 28. janúar - Sláturfélag Suðurlands, SS, var stofnað.
 17. júní - Stúdentafélagið gekkst fyrir því að víða var flaggað íslenskum fána, bláum með hvítum krossi. Þessum fána var flaggað víða um land og voru 65 fánar við hún í Reykjavík.
 2. júlí - Tveir Þjóðverjar fórust í Öskjuvatni þar sem þeir voru við rannsóknir. Minningartafla um þetta slys var sett upp 1951.
 29. júlí - Friðrik 8. Danakonungur kom í heimsókn til Íslands og stóð hún til 15. ágúst. Konungur ferðaðist víða um landið.
 2.-4. ágúst - Ungmennafélag Íslands stofnað
 6. ágúst - Lárus Rist fimleikakennari vann það einstæða afrek að synda alklæddur og í sjóklæðum yfir Eyjafjarðarál.
 16. nóvember - Stytta af Jónasi Hallgrímssyni eftir Einar Jónsson myndhöggvara var afhjúpuð við Amtmannsstíg í Reykjavík í tilefni af því að öld var liðin frá fæðingu skáldsins. Styttan var sú fyrsta sem upp var sett í Reykjavík eftir annan Íslending en Thorvaldsen. Hún var síðar flutt í Hljómskálagarðinn.
 22. nóvember - Í Reykjavík fengu giftar konur kosningarétt og kjörgengi til sveitarstjórnar og nýttu sér það nokkrum mánuðum síðar.
 22. nóvember - Vegalög voru staðfest og kváðu þau á um að vinstri umferð væri í gildi á Íslandi. Var sú ákvörðun tekin með tilliti til kvenna, sem riðu í söðli, en þær höfðu báða fætur á vinstri hlið hestsins og hentaði vinstri umferð því betur. Hægri umferð gekk í gildi 26. maí 1968.
 10. desember - Fyrsta bílferð norðanlands er vörubíl var ekið frá Akureyri að Grund í Eyjafirði.
Ódagsett
 Ný fræðslulög voru sett á Alþingi, byggð á frumvarpi Guðmundar Finnbogasonar heimspekings. Þau kváðu meðal annars á um stofnun kennaraskóla. Einnig var ákveðið að sú regla skyldi gilda að skyldunám væri nemendum að kostnaðarlausu og ríkið greiddi kennslu og sæi um skólahúsnæði. 
 Sjálfstæðisflokkurinn eldri var stofnaður.
 Verzlunarskóli Íslands flutti úr Melsteðshúsi við Lækjartorg í nýtt húsnæði við Hafnarstræti.
 Elsta ungmennafélag landsins í dreifbýli, Ungmennafélagið Máni í Nesjum stofnað.
 Brot úr satýrleiknum Satýrarnir eftir Sófókles uppgötvaðist í Egyptalandi.
 Skátahreyfingin var stofnuð af Robert Baden-Powell.
 Kleppsspítali var opnaður.
 Mönnuð veðurathugunarstöð var sett upp á Grímsstöðum á Mýrum.
 Landgræðslan og Skógræktin eru stofnuð.
 Sandgerðishöfn er gerð.

Fædd
 19. maí - Sigurður H. Pétursson, íslenskur gerlafræðingur (d. 1994)

Dáin
 2. ágúst - Benedikt Sveinbjarnarson Gröndal, íslenskur rithöfundur (f. 1826).
 29. nóvember - Árni Thorsteinson, landfógeti og alþingismaður (f. 1828)

Erlendis
 14. janúar - Jarðskjálfti skekur Jamaíka, 800-1000 látast.
 7. febrúar - 3000 konur marseruðu í London til stuðnings kosningaréttar kvenna, The Mud March.
 16. febrúar - SKF-framleiðslufyrirtækið er stofnað í Gautaborg.
 mars 
 Pablo Picasso málaði Les Demoiselles d'Avignon sem markar upphaf kúbismans.
 Bændauppreisn í Rúmeníu, 11.000 látast.
 11. mars - Dimitar Petkov, fostætisráðherra Búlgaríu er drepinn af anarkista.
 22. mars - Fyrstu leigubílarnir með mæli, taximeter, tóku til starfa í London.
 15. júní - Önnur friðarráðstefnan er haldin í Haag (sú fyrri árið 1899).
 24. október - Efnahagshruni er afstýrt í kauphöllinni í New York.
 16. nóvember - Oklahoma verður 46. fylki Bandaríkjanna.
 21. desember - Lögregla skýtur á námaverkamenn í Iquique í Chile, 2000 látast.

Ódagsett
 Bretar stofnuðu nýlenduna Nýasaland þar sem nú er Malaví.
 Moskan í Djenné var endurbyggð.
 Franski vísindamaðurinn Georges Urbain uppgötvaði frumefnið Lútetín.
 Höfuðborg Rúanda, Kígalí, var stofnuð.
 Landsforbundet for Kvinders Valgret, dönsk samtök fyrir kosningarétt kvenna eru stofnuð.  
 Skátahreyfingin var stofnuð af Robert Baden-Powell.
 Autochrome Lumière verður fyrsta fyrirtækið sem framleiðir litaljósmyndir.

Fædd 
 21. febrúar - W. H. Auden, breskt skáld (d. 1973).
 17. maí - Álvaro Gestido, úrúgvæskur knattspyrnumaður (d. 1957).
 22. maí - Hergé, belgískur myndasöguhöfundur (d. 1983).
 26. maí - John Wayne, bandarískur kvikmyndaleikari (d. 1979).
 27. maí - Rachel Carson, bandarískur dýrafræðingur (d. 1964).
 6. júlí - Frida Kahlo, mexíkósk listakona (d. 1954).
 27. júlí - Gregory Vlastos, tyrkneskur heimspekingur (d. 1991).
 9. september - Blagoje Marjanović, júgóslavneskur knattspyrnumaður (d. 1984).
 14. september - Solomon Asch, bandarískur sálfræðingur (d. 1996).
 24. september - Constantin Stanciu, rúmenskur knattspyrnumaður (d. 1986).
 14. nóvember - Astrid Lindgren, sænskur rithöfundur (d. 2002).
 10. desember - Lucien Laurent, franskur knattspyrnumaður (d. 2005).

Dáin 
 2. febrúar - Dmitri Mendelejev, rússneskur efnafræðingur (f. 1824).
 16. febrúar - Giosuè Carducci, ítalskt skáld og Nóbelsverðlaunahafi (f. 1835).
 5. mars - Friedrich Blass, þýskur fornfræðingur (f. 1843).
 4. september - Edvard Grieg, norskt tónskáld (f. 1843).
 6. september - Sully Prudhomme, franskt skáld og Nóbelsverðlaunahafi (f. 1839).
 17. desember - William Thomson, breskur stærð- og eðlisfræðingur (f. 1824).

Nóbelsverðlaunin 
 Eðlisfræði - Albert Abraham Michelson
 Efnafræði - Eduard Buchner
 Læknisfræði - Charles Louis Alphonse Laveran
 Bókmenntir - Rudyard Kipling
 Friðarverðlaun - Ernesto Teodoro Moneta, Louis Renault

Tilvísanir

1907",Hvenær var fyrsti íslenski togarinn smíðaður og kom til landsins?,"{'answer_start': array([59], dtype=int64), 'text': array(['23. janúar'], dtype=object)}"
https://is.wikipedia.org/wiki/Mamm%C3%BAt%20%28hlj%C3%B3msveit%29,Mammút (hljómsveit),"Hljómsveitin Mammút er íslensk hljómsveit sem stofnuð var sem stúlknatríó 2003 undir nafninu ROK. Mammút nafnið var þó tekið upp fljótlega og bættust þá strákarnir í hópinn. Mammút tók þátt í Músíktilraunum 2004 og bar sigur af hólmi. Hljómsveitin gaf út fyrstu plötu sína 2006 sem var samnefnd hljómsveitinni. Hún var tekin upp af Curver Thoroddsen í Sundlauginni, hljóðveri Sigur Rósar. Hljómsveitin er þekktari fyrir nýjasta verk sitt 'Karkari' sem kom út í águst 2008. Lagið 'Svefnsýkt' fór að hljóma á útvarpsstöðinni X-ið 977 og náði toppsætinu og lögin Geimþrá og Rauðilækur og náðu toppsætinu einnig seinna um árið. Mammút hefur fylgt vel eftir Karkari og spilað víða um landið og einnig leitað utan landsteinana m.a. á tónleikahátíðir í Noregi.

Platan Komdu til mín svarta systir hlaut viðurkenningu sem plata ársins 2013 hjá Rás 2, Fréttablaðinu og Fréttatímanum.

Árið 2017 kom út platan Kinder versions sem er fyrsta breiðskífa Mammúts á ensku. Platan var fjármögnuð með Karolina Fund.

Hljómsveitarmeðlimir 
 Valgeir Skorri Vernharðsson- Trommur 
 Alexandra Baldursdóttir - Gítar 
 Arnar Pétursson- Gítar 
 Katrína Mogensen - Söngur, hljómborð 
 Vilborg Ása Dýradóttir- Bassi

Fyrrum meðlimir
Andri Bjartur Jakobsson - Trommur

Breiðskífur
2006: Mammút
2008: Karkari
2013: Komdu til mín svarta systir
2017: Kinder versions
2020: Ride the Fire

Smáskífur
2008: ""Svefnsýkt""
2011: ""Bakkus""
2013: ""Salt""
2013: ""Blóðberg""
2014: ""Ströndin""
2017: ""Breathe into me""

Íslenskar hljómsveitir
Sigurvegarar Músíktilrauna",Hvaða ár var Mammút stofnuð?,"{'answer_start': array([74], dtype=int64), 'text': array(['2003'], dtype=object)}"
https://is.wikipedia.org/wiki/Str%C3%AD%C3%B0%20Mex%C3%ADk%C3%B3%20og%20Bandar%C3%ADkjanna,Stríð Mexíkó og Bandaríkjanna,"Stríð Mexíkó og Bandaríkjanna var stríð sem Mexíkó háði við Bandaríkin frá 1846 til 1848. Stríðið braust út eftir að Bandaríkin innlimuðu árið 1845 Lýðveldið Texas. Texas hafði í reynd unnið sjálfstæði sitt frá Mexíkó tíu árum fyrr í byltingu en Mexíkó hafði aldrei viðurkennt Texas sem sjálfstætt ríki og leit enn á það sem landsvæði sitt.

Saga
Mexíkó hafði unnið sjálfstæði sitt frá Spáni og spænska heimsveldinu árið 1821 og orðið að lýðveldi árið 1824. Óreiða ríkti í mexíkóskum stjórnmálum og því var ríkið illa undirbúið fyrir vopnuð milliríkjaátök tveimur áratugum síðar. Á áratugunum í aðdraganda stríðsins höfðu árásir amerískra frumbyggja á hinn strjálbýla norðurhluta Mexíkó fengið mexíkósku ríkisstjórnina til að veita bandarískum innflytjendum fjárstyrk til að setjast að í mexíkóska fylkinu Texas. Þessir Bandaríkjamenn sem sest höfðu að í Texas gerðu árið 1836 uppreisn gegn ríkisstjórn Antonio López de Santa Anna forseta og stofnuðu sjálfstætt lýðveldi sem Mexíkanar viðurkenndu aldrei. Árið 1845 þáðu yfirvöld Lýðveldisins Texas boð frá bandaríska þinginu um að gerast 28. fylki Bandaríkjanna.

Árið 1845 gerði hinn nýkjörni forseti Bandaríkjanna, James K. Polk, Mexíkönum tilboð um að kaupa af þeim umdeild landsvæði á milli Nueces-fljóts og Rio Grande. Þegar Mexíkanar höfnuðu tilboðinu sendi Polk bandaríska herinn suður inn á umdeilda svæðið. Þar kom til átaka við mexíkóska hermenn, sem drápu 12 bandaríska hermenn og tóku 52 til fanga. Þessir sömu mexíkósku hermenn sátu síðan um bandarískt virki við Rio Grande. Polk málaði þessa árás sem árás á landsvæði Bandaríkjanna og bað bandaríska þingið að lýsa yfir stríði.

Bandaríski herinn var fljótur að hertaka bæinn Santa Fe de Nuevo México við Rio Grande og síðan alla Kyrrahafsströnd Nýju-Kaliforníu. Síðan réðust Bandaríkjamenn inn í miðhluta Mexíkó og bandaríski sjóherinn setti hafnarbann og hertók ýmsar mexíkóskar hafnir sunnar á Kyrrahafsströndinni. Eftir nokkra blóðuga bardaga við mexíkóska herinn hertóku Bandaríkjamenn höfuðborgina Mexíkóborg.

Árið 1848 var friðarsáttmáli undirritaður í Guadalupe Hidalgo og Mexíkanar neyddir til þess að veita Bandaríkjamönnum landsvæði sem spannar í dag Kaliforníu og Nýju-Mexíkó. Bandaríkjamenn féllust á að greiða Mexíkó 15 milljónir Bandaríkjadala fyrir skemmdir sem unnar voru í stríðinu. Mexíkó viðurkenndi eign Bandaríkjanna á þessum svæðum og lýsti því yfir að þaðan í frá næmu landamæri ríkjanna við Rio Grande. Mexíkó hafði með stríðinu glatað þriðjungi þess landsvæðis sem ríkið réð yfir við sjálfstæði þess árið 1821.

Polk, leiðtogi Demókrata, hafði haft hug á útþenslu Bandaríkjanna til Kyrrahafsstrandar Norður-Ameríku. Stríðið var í byrjun afar umdeilt meðal Bandaríkjamanna: Viggar, andstæðingar heimsvaldshyggju og andstæðingar þrælahalds mótmæltu því harðlega. Gagnrýnendur stríðsins í Bandaríkjunum bentu á mikið mannfall Bandaríkjahers í stríðinu miðað við fyrri stríð ríkisins og mikinn fjárkostnað sem því fylgdi. Stríðið, og deilur um það hvort þrælahald skyldi leyft á hinum nýunnu landsvæðum, ýtti undir ágreining meðal Bandaríkjamanna sem leiddi síðar til bandarísku borgarastyrjaldarinnar (1861–1865). Ulysses S. Grant, sem barðist í báðum stríðunum, taldi stríðið við Mexíkó eina helstu orsök borgarastyrjaldarinnar sem braust út rúmum áratug síðar. Í endurminningum sínum komst hann svo að orði:

„Uppreisn suðurríkjanna var að miklu leyti afsprengi af stríðinu við Mexíkó. Þjóðum, líkt og einstaklingum, er refsað fyrir afbrot þeirra. Okkur var refsað með einu blóðugasta og dýrasta stríði nútímasögunnar.“

Í Mexíkó ríkti mikil stjórnmálaóreiða þegar stríðið braust út og varð að hreinum glundroða á meðan á átökunum stóð. Ósigur þeirra og landmissir í stríðinu var mikið reiðarslag fyrir Mexíkó og neyddi landsmenn til að líta í barm sér og endurmeta stöðu sína á alþjóðavettvangi. Stuttu eftir stríðið lýstu mexíkóskir áhrifamenn því yfir að orsök stríðsins hefði verið „ómettandi metnaður Bandaríkjanna, tvíefldur af veikleika okkar“.

Tilvísanir

Saga Bandaríkjanna
Saga Mexíkó
Stríð á 19. öld",Hversu mikið borguðu Bandaríkin Mexíkó fyrir tjón í stríðinu?,"{'answer_start': array([2246], dtype=int64), 'text': array(['15 milljónir Bandaríkjadala'], dtype=object)}"
https://is.wikipedia.org/wiki/H%C3%A9ctor%20Castro,Héctor Castro,"Héctor Castro (f. 29. nóvember 1904 - d. 15. september 1960) var knattspyrnumaður og síðar þjálfari frá Úrúgvæ. Hann var í fyrsta sigurliði Úrúgvæ á HM 1930

Ævi og ferill

Héctor Castro fæddist í Montevideo árið 1904. Þrettán ára gamall missti hann framan af annarri höndinni í vélsagarslysi og var einhentur upp frá því. Það skapaði honum talsverða sérstöðu meðal knattspyrnumanna síns tíma og hlaut hann því viðurnefnið El Mancho eða „sá einhenti“.

Félagsliðaferill hans hófst leiktíðina 1923/24 með Nacional og í herbúðum þess liðs varð hann þrívegis úrúgvæskur meistari áður en hann lagði skóna á hilluna árið 1936. Landsliðsferill hans varð nálega jafnlangur. Hann lék sinn fyrsta landsleik árið 1926 og þann síðasta árið 1935. Leikirnir urðu alls 23 og í þeim skoraði Castro 15 mörk.

Héctor Castro var í liði Úrúgvæ sem varð Ólympíumeistari 1928 og skoraði í sigri liðsins gegn Þýskalandi í fjórðungsúrslitum. Hann var sömuleiðis meðal leikmanna í heimsmeistaraliði Úrúgvæ á heimavelli árið 1930. Þar skoraði hann fyrsta og eina markið gegn Perú í opnunarleik Estadio Centenario í Montevideo. Hann kom aftur við sögu í sjálfum úrslitaleiknum þar sem hann gulltryggði 4:2 sigur á Argentínu í blálokin.

Eftir að keppnisferlinum lauk hóf Héctor Castro þjálfun og varð margfaldur meistari með Nacional. Þá stýrði hann landsliði Úrúgvæ um tíma.

Heimildir 
 

Úrúgvæskir knattspyrnumenn",Á hvaða degi fæddist Héctor Castro?,"{'answer_start': array([18], dtype=int64), 'text': array(['29. nóvember 1904'], dtype=object)}"
https://is.wikipedia.org/wiki/P%C3%B3l%C3%BDf%C3%B3nk%C3%B3rinn%20-%20S%C3%B6ngl%C3%B6g%20og%20M%C3%B3tettur,Pólýfónkórinn - Sönglög og Mótettur,"Sönglög og Mótettur er geisladiskur með safni sönglaga og mótetta í flutningi Pólýfónkórsins. Um er að ræða upptökur af  tónleikum kórsins á tímabilinu 1961-1973. Stjórnandi kórsins er Ingólfur Guðbrandsson. Pólýfónfélagið gefur diskinn út og umsjón með útgáfu var í höndum Guðmundar Guðbrandssonar. Hljóðmenn Ríksútvarpsins stjórnuðu upptökum. Bjarni Rúnar Bjarnason sá um yfirfærslu í stafrænt form og lokafrágang. Fylgirit með geisladiski hannaði Jón Trausti Bjarnason. Málverk á forsíðu fylgirits er La Madonna del Magnificat eftir Sandro Botticelli (1445-1510).

Lagalisti
 Einum unni’ eg manninum - Lag – texti: Íslenskt þjóðlag, íslensk þjóðvísa frá 16. öld. Raddsetning: Emil Thoroddsen. Upptaka: 1973
 Máríuvers - Lag – texti: Páll Ísólfsson, Davíð Stefánsson. Upptaka: 1973
 Ég beið þín lengi, lengi - Lag – texti: Páll Ísólfsson, Davíð Stefánsson. Upptaka: 1973
 Bon jour mon coeur - Lag – texti: Orlando di Lasso, franskt miðaldakvæði. Upptaka: 1973
 It was a lover - Lag – texti: Thomas Morley, William Shakespeare. Upptaka: 1973
 Nun fanget an - Lag – texti: Hans Leo Hassler, þýskt ljóð frá 16. öld. Upptaka: 1973
 Zum lobe der Musik - Lag – texti: Johannes Driessler, þýskur alþýðutexti. Upptaka: 1967
 O, crux ave - Lag – texti: G. da Palestrina, latneskur kirkjutexti frá VI. öld. Upptaka: 1961
 Super flumina - Lag – texti: G. da Palestrina, biblíutexti úr sálmi 136. Upptaka: 1961
 O, bone Jesu - Lag – texti: Marco A. Ingegnieri, latnesk miskunnarbæn. Upptaka: 1968
 Von Morgens früh - Lag - texti: Orlando di Lasso, gömul þýsk morgunbæn. Upptaka: 1962
 Heac dies - Lag – texti: William Byrd, latneskur páskatexti. Upptaka: 1970
 Popule meus - Lag – texti: Tomas Luis Victoria, latneskur biblíutexti. Upptaka: 1970 
 Also hat Gott - Lag – texti: Heinrich Schütz, úr Jóhannesarguðspjalli. Upptaka: 1970
 Ich bin ein rechter - Lag – texti: Heinrich Schütz, þýskur biblíutexti úr Jóhannesarguðspjalli. Upptaka: 1965
 Es ist erschienen - Lag – texti: Heinrich Schütz, þýskur biblíutexti Titusarbók. Upptaka: 1970
 Verleih uns Frieden - Lag – texti: Heinrich Schütz, þýsk friðarbæn (Da Pacem). Upptaka: 1970
 Unser Leben - Lag – texti: Johann Bach, þýskur biblíutexti. Upptaka: 1962
 Magnificat anima mea - ''Lag – texti: Dietrich Buxtehude, latneskur biblíutexti. Upptaka: 1961

Um upptökur og efni
Í fylgiriti með útgáfunni er umfjöllun um upptökur og efni geisladisksins, en einnig rætt um útgáfur með verkum Pólýfónkórsins frá upphafi. Umfjöllun er um Rut Ingólfsdóttur fiðluleikara og aðkomu hennar að kórnum og fjallað um starfsemi Pólýfónfélagsins frá stofnun þess árið 2006. 

Íslensk tónlist
Hljómplötur gefnar út árið 2016","Hver er höfundur lagsins ""Einum unni' eg manninum""?","{'answer_start': array([618], dtype=int64), 'text': array(['Íslenskt þjóðlag'], dtype=object)}"
https://is.wikipedia.org/wiki/Sacramento,Sacramento,"Sacramento er höfuðborg Kaliforníuríkis í Bandaríkjunum. Borgin var stofnuð í desember árið 1848 af John Sutter en hann hafði áður reist virkið Sutter's Fort (einnig nefnt New Helvetia). 

Í gullæðinu var Sacramento mikilvæg miðstöð viðskipta og landbúnaðar. Þar var endastöð margra vagnlesta, hestvagna, fljótabáta og fyrstu járbrautarinnar sem náði þvert yfir Ameríku.

Innfæddir kalla borgina oft Sacto, Sactown, Sacratomato eða Sac. Þá kalla viðskiptajöfrar og fjölmiðlar borgina oft River City. Sacramento State University (hluti California State University) er háskólinn staðarins.

Saga borgarinnar

Forsaga 
Fyrir tíma Evrópubúa í Kaliforníu höfðu indjánar af ættbálkunum Miwok, Shonommey og Maidu búið á svæðinu í líklegast þúsundir ára. Ólíkt nútímamanninum skildu þeir litlar leifar eftir sig, en þeir nærðust aðallega á akarni eikartrjánna, ávöxtum, fræjum og rótum.

Árið 1806 eða 1808 kom spænski landkönnuðurinn Gabriel Moraga á svæðið fyrstur Evrópubúa. Hann nefndi dalinn sem hann sá og fljótið sem lá í gegnum dalinn Sacramento Valley og Sacramento River eftir spænska orðinu yfir sakrament.

Frá frumkvöðlum til gullæðis 
John Sutter kom til svæðisins frá Liestal í Sviss í ágúst 1839 og stofnaði virkið og viðskiptastöðina Sutter's Fort árið 1840. Árið 1848 fannst gull um 80 kílómetrum norðaustan við virkið eða í Sutter's Mill. Þegar fréttin breiddist út tók fólk að streyma til svæðisins frá öllum áttum og stórjókst íbúatalan við það. Sonur Sutter, sem hét John Sutter yngri, tók að skipuleggja borg á svæðinu og borgina nefndi hann Sacramento eftir fljótinu, Sacramento river. Þetta gerði hann þrátt fyrir andstöðu föður síns, sem áður hafði stofnað Sutter's Fort, Sutter's Mill og Sutterville, en allar þessar byggðir mistókust öfugt við Sacramento, sem óx hratt.

Fyrstu áratugina hrjáðu flóð, eldar og kólera borgina, en samt sem áður hélt aðstreymi fólks til borgarinnar áfram.

Höfuðborgin 
Löggjafarþing Kaliforníu kom með lög árið 1854 sem gerðu Sacramento að höfuðborg ríkisins, en hún hafði áður verið í borgunum San Jose, Vallejo og Benicia.

Hafist var handa við byggingu þinghússins, California State Capitol, árið 1869 og lauk henni 1874. Þykir húsið minna mjög á United States Capitol í Washington, D.C.

Þessi nýja staða borgarinnar, sem og góð staðsetning, urðu þess valdandi að borgin upplifði mikið gullaldarskeið. Hún varð fyrsta endastöð Pony Express póstflutninganna í vestri og seinna endastöð fyrstu járnbrautalestarinnar þvert yfir Bandaríkin, First Transcontinental Railroad. Þá hjálpuðu fljótin sem renna í gegnum borgina til við að efla atvinnulíf.

Íbúar Sacramento ákváðu um þetta leiti að lyfta borginni, sem þeir gerðu með landfyllingum. Þetta var gert til að koma í veg fyrir tjón af völdum flóða í Sacramento River og American River.

Samtímasaga 

 Árið 1920 samþykktu íbúarnir stofnskrá borgarinnar.
 Sacramento eignaðist höfn árið 1947 og fyrsta skipið frá tímum gufuskipa sem jafnframt var í úthafssiglingum lagðist að bryggju árið 1963. 
 Árið 1967 varð Ronald Reagan síðasti ríkisstjóri Kaliforníu til að eiga fast aðsetur í Sacramento.
 Á 9. og 10. áratugnum var nokkrum herstöðvum í nágrenninu lokað og misstu margir borgarbúar vinnuna við það.
 Í byrjun 10. áratugar 20. aldar reyndi borgarstjóri Sacramento, Joe Serna, að lokka ruðningsliðið Los Angeles Raiders til borgarinnar með 50 milljón dollara boði. Þegar ekkert varð úr flutningi liðsins var fénnu eytt í verkefni á borð við The Convention Center og endurnýjun á Memorial Auditorium - byggingunni.

Þróun fólksfjölda eftir árum:

Þekkt fólk frá Sacramento 

 Joan Didion, blaðamaður og rithöfundur
 Ray Eames, hönnuður og arkítekt
 Sam Elliott, leikari
 Roger Fouts, sál- og mannfræðingur
 Colin Hanks, leikari
 Henry Hathaway, leikstjóri
 Hiram Johnson, stjórnmálamaður (repúblikani)
 Daniel Johnston, söngvari og listamaður
 Anthony Kennedy, dómari við Hæstarétt Bandaríkjanna
 Rodney King, bandarískur blökkumaður og fórnarlamb lögregluofbeldis í Los Angeles
 Mel Ramos, listamaður
 Stephen Kern Robinson, geimfari
 Camillo ""Chino"" Wong Moreno, söngvari og gítarspilari í hljómsveitinni ""Deftones""

Tenglar 
 Opinber heimasíða (á ensku): http://www.cityofsacramento.org/
 Opinber ferðamálasíða (á ensku): http://www.sacramentocvb.org/
 Sacramento State University (á ensku): http://www.csus.edu/
 Almenningsbókasafnið í Sacramento (á ensku): http://www.saclibrary.org/
 Viðskiptaráð Sacramento (á ensku): http://www.metrochamber.org/
 Myndir af 19. aldar Sacramento (á ensku): http://sacramento.cityviews.us/
 Myndaferð um borgina (á ensku): http://www.Untraveledroad.com/USA/California/Sacramento/Sacramento.htm
 Saga Sacramento (á ensku): http://www.sacramentohistory.org/
 KVIE sjónvarpsstöðin í Sacramento: http://www.kvie.org/

Borgir í Kaliforníu",Hvenær varð Sacramento að höfuðborg Kaliforníu?,"{'answer_start': array([1963], dtype=int64), 'text': array(['1854'], dtype=object)}"
https://is.wikipedia.org/wiki/Manchester%20City,Manchester City,"Manchester City er knattspyrnulið sem spilar í ensku úrvalsdeildinni og ríkjandi Englandsmeistari. Liðið var stofnað árið 1880 og hefur unnið efstu deild í Englandi 9 sinnum, þar af ensku úrvalsdeildina 7 sinnum. Leikvangurinn City of Manchester Stadium (Etihad Stadium) var opnaður árið 2003. Árið 2008 var liðið keypt af Abu Dhabi United Group og hefur liðið keypt dýra leikmenn síðan þá og uppskorið eftir því (titlar 2012, 2014 og 2018). Liðið var 5. tekjuhæsta félagsliðið árið 2017. 

Árið 2017 setti liðið nýtt met á Englandi þegar það vann 18 leiki í röð. Sama ár spilaði lið undirbúningleik á Laugardalsvelli við West Ham í ágúst. Tímabilið 2017-2018 setti City nýtt stigamet í úrvalsdeildinni þegar það náði 100 stigum. Tímabilið 2022-2023 náði liðið að vinna þrennu; deild, bikar og meistaradeildina.

Eigendur liðsins hafa verið sakaðir um ólöglega fjármálagjörninga.  Árið 2023 kærði enska úrvalsdeildin liðið fyrir að brjóta fjárhagslegar reglur.

Leikmenn 2023

Markmenn
Ederson
Stefan Ortega
Scott Carson

Varnarmenn
Joško Gvardiol
Ruben Dias
Kyle Walker
John Stones
Nathan Aké
Eric Garcia
Phillippe Sandler
Rico Lewis
Manuel Akanji

Miðjumenn
Kevin De Bruyne
Bernardo Silva
Rodri
Phil Foden
Jack Grealish
Kalvin Phillips
Mateo Kovačić
Matheus Nunes

Sóknarmenn
Erling Braut Håland
Julián Álvarez
Jeremy Doku

Titlar
Fyrsta deild/Úrvalsdeild (9): 1936–37, 1967–68, 2011–12, 2013–14, 2017–18, 2018–19, 2020-2021, 2021-2022, 2022-2023
Önnur/Fyrsta deild (7): 1898–99, 1902–03, 1909–10, 1927–28, 1946–47, 1965–66, 2001–02
Enski bikarinn (6): 1903–04, 1933–34, 1955–56, 1968–69, 2010–11, 2018-19, 2022-2023
Football League Cup (5): 1969–70, 1975–76, 2013–14, 2015–16, 2017–18, 2018-2019, 2019-2020, 2020-2021
FA-Samfélagsskjöldurinn (4): 1937, 1968, 1972, 2012, 2018, 2019
Evrópukeppni bikarhafa (1): 1969–70
Meistaradeild Evrópu (1): 2023

Tenglar

 Manchester City exposed - Umfjöllun Der Spiegel um fjármál Manchester City

Tilvísanir

Íþróttafélög í Manchester
Ensk knattspyrnufélög",Hver varð eigandi Manchester City árið 2008?,"{'answer_start': array([323], dtype=int64), 'text': array(['Abu Dhabi United Group'], dtype=object)}"
https://is.wikipedia.org/wiki/CSI%3A%20Miami,CSI: Miami,"CSI: Miami (Crime Scene Investigation: Miami) er bandarískur sjónvarpsþáttur sem fylgir eftir réttarrannsóknarmönnum Miami borgar og rannsóknum þeirra á mismunandi glæpum og morðum í Miami. Þátturinn var þróaður af Anthony E. Zuiker, Carol Mendelsohn og Ann Donahue. 

Framleiddar voru 10 þáttaraðir og var fyrsti þátturinn frumsýndur 9. maí 2002 í þætti af CSI. CSI: Miami er systur þáttur CSI: Crime Scene Investigation og CSI: NY.

Framleiðsla

Framleiðendur 
Þátturinn var framleiddur af CBS Television Studios í samvinnu við kanadíska fjölmiðlafyrirtækið Alliance Atlantis.

Tilkynnt var 1. febrúar, 2012, af CBS að tíunda þáttaröðin af CSI: Miami myndi aðeins hafa nítján þætti svo hægt væri að gera pláss fyrir frumsýningu þáttarins NYC 22. Þann 13. maí, 2012, var tilkynnt af CBS að báðum seríunum hafi verið aflýst.

Tökustaðir 
CSI: Miami var aðalega tekin upp í Bandaríkjunum. Tökustaðir voru í Miami-Dade, Flórída, á meðan innitökur voru teknar upp í Raleigh Manhattan stúdíói á Manhattan strönd, Kalíforníu. Sumar senur, þá aðallega utandyra, voru teknar upp á Long Beach, sem og hluta af Manhattan strandar og Redondo strandar. Strendur nálægt miðbæ Long Beach voru oft notaðar í útisenum þar á meðal: Marina Green Park, Rainbow Lagoon Park. Hinar nýju háhýsa íbúðir þar gefa gott yfirlit sem Miami. 

Aðrir tökustaðir á Long Beach eins og Naples hverfið, þar sem háhýsi láta sviðsmyndina líta út fyrir að vera í miðju Miami borgar.

Bygging CSI sem lögreglustöð þáttarins er í raunveruleikanum höfuðstöðvar fluggæslu Bandaríkjanna, sem staðsett er í Hawthorne (við götuna Aviation Boulevard á milli Marine Avenue og Rosecrans Avenue).

Söguþráður 
Þátturinn fylgdi eftir réttarrannsóknar liði í Miami sem er stýrt af hinum áhyggjufulla en fyndna Horatio Caine. Honum til halds og traust er hin fallega og sunnlenska Calleigh Duquesne. Ásamt þeim eru Erick Delko, Ryan Wolfe, sem kom í staðinn fyrir Tim Speedle í seríu 3, DNA sérfræðingurinn Natalia Boa Vista, sem fyllti upp í skarðið fyrir Megan Donner sem hætti þremur árum áður en Natalia kom, rannsóknarfulltrúinn Frank Tripp aðstoðar CSI liðið, ásamt Yelina Salas (Sería 1 - 3). Nýir meðlimir bættust við í áttundu seríu, Walter Simmons og Jesse Cardoza. Í byrjun seríu níu deyr Jesse Cardoza. Réttarlæknirinn Alexx Woods vann náið með liðinu í sex ár, áður en hún ákvað að vinna sem bráðvaktalæknir aftur. Tara Price kom í staðinn fyrir hana í eitt ár, áður en hún var handtekin og skipt út fyrir Tom Loman.

Söguþráðs skipti 
CSI: Miami var myndaður út frá þætti úr upprunalega CSI titlað Cross Jurisdictions. Í þeim þætti þá fara Catherine Willows og Warrick Brown til Miami, til þess að rannsaka morð á eiginkonu fyrrverandi lögreglustjóra Las Vegas.

Að auki hefur CSI: Miami haft söguþráðs skipti við CSI: NY. Persónur úr CSI: NY voru kynntar í annarri seríu af CSI: Miami í þættinum, MIA/NYC NonStop sem var frumsýndur 17.maí  2004. CSI: Miami hafði önnur söguþráðs skipti í seríu fjögur í þættinum Felony Flight sem var frumsýndur 7. nóvember 2005. Þar sem Mac Taylor flýgur frá New York og kemur til Miami til að aðstoða Horatio í að elta uppi glæpamann að nafni Henry Darius. Sagan heldur áfram í CSI: NY í annarri seríunni, í þættinum, Manhattan Manhunt, sem var frumsýndur 9. nóvember 2005, þegar Henry Darius flýr til New York og Horatio fylgir Mac til þess að klára rannsóknina.

Í seríu átta, þá hefur CSI: Miami söguþráðs skipti við CSI: Crime Scene Investigation og CSI: NY í þriggja hluta sögu með Laurence Fishburne sem Raymond Langston, í aðalhlutverki.

CSI: Miami er eina CSI serían sem hefur ekki haft söguþráðs skipti við aðra þætti en CSI þættina.

Leikaraskipti 
Leikonan Kim Delaney yfirgaf þáttinn í seríu eitt en talið er að persóna hennar hafi verið skrifuð út þar sem enginn neisti var á milli hennar og Caruso.

Leikarinn Rory Cochrane yfirgaf þáttinn í seríu þrjú en persóna hans var skrifuð út eftir beiðni frá leikaranum Rory Cochrane,  sem vildi einbeita sér að kvikmyndaferlinum og líkaði ekki hinar löngu tökur fyrir CSI: Miami.

Leikarinn Adam Rodríguez kom aðeins fram í hluta áttundu seríunnar. Þann 19. febrúar 2010 þá tilkynnti Adam Rodríguez á twitter síðu sinni að persóna hans mun snúa aftur á CSI rannsóknarstofuna sem einn af aðalleikurunum. 

Í seríu átta bætast þrír nýjir leikarar Omar Benson Miller sem Walter Simmons, Eddie Cibrian sem Jessie Cardoza og Christian Clemenson sem Dr. Tom Loman.

Leikarinn Eddie Cibrian yfirgefur þáttinn í byrjun seríu níu þegar persóna hans deyr.

Persónur

Aðalpersónur 
 CSI Stig 3 Yfirmaður: Horatio ""H"" Caine (David Caruso) er yfirmaður Miami-Dade rannsóknarstofunnar, er fyrrverandi NYPD rannsóknarfulltrúi og fyrrverandi sprengjufræðingur. Horatio er þekktur fyrir setja lið sitt undir verndarvæng sinn, og fer oft út fyrir reglurnar til þess að hjálpa þeim þegar á stendur. Hann er framúrskarandi skotmaður og hikar ekki við að nota byssuna. Ásamt því þá fer hann langar leiðir til þess að bjarga sönnunargögnum eða hugsanlegum vitnum. Framkoma hans er í alvarlegum tón og hann kemur sér beint að efninu. Horatio hefur góðan skilning á því hvernig á að tala við börn sem hafa lent í áföllum. Horatio er oft mjög rólegur á meðan hann er að nálgast fórnarlömb eða morðingja. Horatio sést oftast nær með par af sólgleraugum. Horatio var stuttlega giftur Marisol Delko Caine (Alana de la Garza); hjónabandið var stutt þar sem hún var myrt af Mala Noche leyniskyttu í , ""Rampage"" Í, ""Dangerous Son"", þá uppgvötar Horatio að hann á 16 ára son að nafni Kyle Harmon (Evan Ellingson) (eftir ástarævintýri á meðan hann var í leynilögregluaðgerð, undir dulnafninu John Walden). Í þættinum "" In the Wind "" þá kemur fram að sonur Horatio er í Afghanistan. Í ,""Going Ballistic"", þá er Horatio skotinn, en síðan kemur fram í þættinum, ""Resurrection"", að hann hafi platað dauða sinn til þess að stoppa sölu á ólöglegum byssukúlum. Myndun hans á liðinu frá 1997 má sjá í endurhvarfi í þættinum ""Out of Time"", stuttu eftir að hann varð yfirmaður þessa liðs sem breyttist í CSI.
 CSI stig 3 Aðstoðar yfirmaður: Calleigh Duquesne (Emily Procter) er skotvopnafræðingur. Calleigh er grannvaxin, með ljóstsítt hár og frá suður ríkjum bandaríkjanna og leiðir aðra áfram til þess að vanmeta hana, en hún er gáfuð og mjög einlægur vísindamaður. Faðir hennar er lögfræðingur og alkóhólisti. Hún fylgir öllum reglum til stafs síns allan tímann. Í, ""Ambush,"" þá var vefsíða sem virðist fylgjast með ferðum hennar og síðar kom í ljós að Dan Cooper var bak við verkið.. Í, ""All In"", þá er henni rænt og ætlað að hjálpa til við að hylma yfir glæp, en er síðan bjargað af CSI liðinu. Í, ""Smoke Gets in Your CSI's"", er Calleigh send með hraði á sjúkrahús með alvarlega reykeitrun þegar hún og Ryan Wolfe sleppa úr brennandi húsi. Í, ""Seeing Red"", Calleigh skýtur Eric Delko og í , ""Out of Time,"" þá er Eric í lífshættu og fær endurhvarf til ársins 1997 og þegar hann hittir Calleigh í fyrsta skipti. Í lok seríu 10 þá ættleiðir hún tvö börn sem eru systkini.
 CSI Stig 3: Ryan Wolfe (Jonathan Togo) vann sem lögreglumaður áður en hann var ráðinn á rannsóknarstofuna af Horatio Caine, sem sá hæfileika í Ryan og hvernig hann sá um byssuna sína, þá hugsanlega tengt áráttu-þráhyggjuröskun Wolfes. Hann kemur fyrst fram í ""Under the Influence,"" en varð ekki hluti af rannsóknar liðinu fyrr en í, ""Hell Night."" Ryan kom í staðinn fyrir hinn fallna Tim Speedle. Ryan var skotinn í augað með naglabyssu í, ""Nailed."" Í enda þáttarins, ""Burned,"" þá var Ryan rekinn fyrir að láta ekki vita að hann tengdist fórnarlambi morðs. Vann hann þá sem sérstakur sérfræðingur í glæpamálum og skotæfingastarfsmaður. Síðan var hann ráðinn aftur sem CSI. Í lok ""Target Specific"" og í gegnum ""Wolfe In Sheep's Clothing,"" þá var Ryan rænt og neyddur til þess að hjálpa rússnesku mafíunni til þess að hylma yfir glæp.
 MDPD Rannsóknarfulltrúi: Aðstoðarvarðstjórinn Frank Tripp (Rex Linn) er fæddur í Texas og er rannsóknarfulltrúi sem aðstoðar liðið við rannsókn mála og á hefur hann átt gott samstarf með CSI liðinu. Hann er skilinn og á þrjú börn. Eftir að hafa náð aðstoðarvarðstjóra prófinu í byrjun ""Dangerous Son,"" þá þurfti hann að vera ákveðinn tíma í lögreglubúningi, en kom svo aftur yfir í morðdeildina og í hefðbundin föt í ""Guerillas in the Mist."" Gegnum fyrstu seríunnar þá ná þeir Frank og Horatio ekki vel saman, en nýlega þá eru þeir farnir að vinna meira saman. Eftir að Ryan Wolfe var rekinn og ráðinn síðan aftur, þá virðast þeir rekast oft á. Í ""Chain Reaction,"" þá tekur hann fingrafar Ryans af fangelsissíma og segir við hann að hann sé núna ""uppáhalds tölvu nördinn "" sinn, í tilraun til þess að móðga Ryan.
 CSI Stig 2: Natalia Boa Vista (Eva LaRue) er DNA sérfræðingur sem var ráðin til þess að vinna að óleystum málum vegna reglna tengdum alríkisstyrk hennar. Flúði hún ofbeldisfullt hjónaband áður en hún byrjaði að vinna hjá deildinni. Í lok seríu fjögur kemur fram að hún var heimildarmaður fyrir alríkislögregluna á rannsóknarstofunni, til þess að byggja upp mál gegn Horatio Caine og liði hans. Í seríu fimm, þá uppgvötar hún að fyrrverandi eiginmaður hennar er laus úr fangelsi þegar hann gefur henni nálgunarbann á sig og vinnur hann hjá hreinsunarfyrirtæki sem sérhæfir sig í hreinsun glæpavettvanga. Þau bæði áttu stormasamt samband þangað til Nick var myrtur og var hún grunuð um glæpinn. Í ""Darkroom,"" kemst Natalia kemst að því að systir hennar Anya og DNA frá glæpavettvangi sýnir að Anya hefur verið rænt. Í  ""Tunnel Vision,"" fær Natalia loksins leyfi til þess að bera vopn og skýtur hún sökudólg í sjálfsvörn í fyrsta skipti.
 CSI Myndlistarsérfræðingur: Walter Simmons (Omar Benson Miller) er frá Louisiana og er sérfræðingur í myndlistarþjófnaði og fluttist frá dagvaktinni yfir á næturvaktina til þess að vera meðlimur liði Horatios. Kemur fyrst fram í, ""Bolt Action."" Hann verður síðan einn af aðalleikurunum í , ""Dude Where's My Groom?.""
 CSI Stig 3: Eric Delko (Adam Rodríguez) er sérfræðingur í fingraförum og efnasérfræðingur af kúbönskum og rússneskum ættum. Hann er einnig kafari liðsins. Í ""Shattered,"" þá er starf Delkos í hættu þegar hann er handtekinn fyrir eiturlyfjaeign, síðan kemur það í ljós að maríjúanað sé fyrir systur hans,Marisol Delko Caine, sem var með hvítblæði. Marisol var síðan myrt af Mala Noche leyniskyttu eftir að hún giftist Horatio Caine. Í, ""Man Down,"" á meðan hann er að bjarga kvenngísli, þá er Delko skotinn í höfuðið. Hann lifði af og byrjaði að vinna aftur, en hlaut minnistap. Í, ""And How Does That Make You Kill?,"" segir Eric geðlækni sínum frá þeim tilfinningu sem hann er með fyrir Calleigh Duquesne. Í, ""The DeLuca Motel ,"" þá kemur í ljós að hann hefur búið á móteli þar sem einhver er að fylgjast með honum. Í, ""Seeing Red,"" reynir Eric að hjálpa föður sínum og sést flýja, með þeim afleiðingum að vera skotinn af Calleigh. Lifir hann af og sést hann vakna upp á spítala í ""Out of Time."" Delko sýnir fram á að hann er að hætta þegar hann segir við Calleigh að hann ætli að hætta sem CSI þar sem lífið er of stutt. Fimm þáttum seinna þá snýr Delko tilbaka í þættinum ""Delko For the Defense"", til þess að vinna að máli til þess að hjálpa gamla liðinu sínu. Í seríu 7-8 þá átti Delko og Duquesne í ástarsambandi.
 Réttarlæknir: Dr. Tom Loman (Christian Clemenson)  er dagvakts réttarlæknirinn sem kom í staðinn fyrir Dr. Tara Price.

Fyrrverandi persónur 
 CSI Stig 2: Jesse Cardoza (Eddie Cibrian) er fyrrverandi lögreglumaður frá Los Angeles, sem fluttist yfir í Miami-Dade lögregluna. Í ""Out of Time,"" í afturhvarfi sem gerist árið 1997, sýnir hvers vegna Cardoza fluttist frá Miami-Dade lögreglunni til Los Angeles, eftir niðurstöðu á máli sem leiddi til þess að Caine varð yfirmaður nýju deildarinnar CSI. Snýr aftur í ""Hostile Takeover,"" sem meðlimur liðsins, og tekur við sæti Eric Delko. Þegar hann snýr aftur, þá er ráðist á rannsóknarstofuna og hann er tekinn sem gísl ásamt þremur öðrum. Í ""Show Stopper""  þá er misræmi í mílufjölda Hummersins, Jesse segir ekki ástæðuna fyrst en eftir á í búningsherberginu þá segir hann Calleigh frá því að hann var að elta konu sem var í hættu. Eftir þetta þá segir hann að morðinginn hafi drepið konu hans og þess vegna sé hann kominn aftur til Miami. Cardoza lætur lífið í byrjun seríu níu eftir að hafa fengið högg á höfuðið þegar eitrað var fyrir rannsóknarstofunni.
 Réttarlæknir: Dr. Tara Price (Megalyn Echikunwoke) var dagvakts réttarlæknir sem kom í staðinn fyrir Dr. Alexx Woods (Khandi Alexander) í seríu sjö. Dr. Tara Price kom fyrst fram í, ""Won't Get Fueled Again."" Varð hún hluti af aðalleikaraliðinu í, ""Bombshell."" Í, ""Cheating Death,"" CSIs Eric Delko og Ryan Wolfe gera prakkarastrik á vinnu hennar sem eyðileggur næstum því heilt sakamál. Í lok ""Divorce Party,"" stelur Tara flösku af Oxycodone frá fórnarlambi í líkhúsinu og sakar Juliu Winston. Í ""Dissolved,"" þá horfir Ryan Wolfe auglits til auglits við Töru um stolnu pillurnar í skáp hennar. Þegar Julia tekur líkskoðunarherbergið gíslingu vegna þess sem hún gerði, þá er Tara handtekin. 
 Réttarlæknir: Dr. Alexx Woods (Khandi Alexander) var Miami-Dade réttarlæknirinn. Alexx byrjaði feril sinn sem læknir í New York og varð síðan réttarlæknir hjá CSI eftir að hafa fluttst vegna persónulegra ástæðna. Hún er mjög tilfinningalega næm og er móður fyrirmynd CSI liðsins. Hún talar oft við líkin þegar hún er að kryfja þau. Hún er gift og á ungan son og dóttir með fyrrverandi eiginmanni sínum, Andrew Kalish, sem er myrtur í fyrri hluta seríunnar. Í ""Rock and a Hard Place,"" þá er sonur hennar sakaður um morð; þetta gerir það að verkum að Alexx endurskoðar starf sitt hjá réttarlæknisskrifstofunni. Alexx snýr aftur í ""Smoke Gets in Your CSI's"" sem bráðavaktar læknir við Dade General sjúkrahúsið.
 Rannsóknarfulltrúinn: Yelina Salas (Sofia Milos) var kólumbískur rannsóknarfulltrúi sem vann mikið með CSI liðinu. Hún var gift bróður Horatios, Raymond Caine sem lést. Hún byrjar ástarsamband með Rick Stetler sem vinnur hjá innraeftirliti lögreglunnar og persónulegur óvinur Horatios. Eftir að það kemur í ljós að eiginmaður hennar Raymond væri enn á lífi, þá flytur hún ásamt honum og syni þeirra til Brazilíu. Endurkoma hennar verður í seríu 5, ""Rio,"" þegar Horatio og Eric fljúga til Rio de Janeiro til þess að elta uppi Antonio Riaz, sem drap eiginkonu Horatios og systir Delkos Marisol. Á meðan þeir eru í Rio, Riaz drepur Raymond Caine og notar Ray Jr. til að vinna með eiturlyf í skuggahverfum borgarinna. Yelina og Ray Jr.  flytja aftur til Miami, og Yelina byrjar að vinna sem einkaspæjari, ""Burned."" Í ""Dangerous Son,"" rannsakar Yelina sökudólg fyrir Horatio, og finnur hún fæðingarskírteinið sem segir að hann sé í raun og veru sonur Horatio. Yelina kemur aftur fram í seríu sjö, þegar hún aðstoðar Horatio í að ná óvininum Ron Saris. Var henni rænt í þættinum ""Seeing Red,"" en var bjargað af Horatio.
 CSI Stig 3: Tim Speedle (Rory Cochrane) var snefils og prentunar sérfræðingur; upprunalega frá Syracuse, New York og vann fyrir St. Petersburg lögregluna í Flórída árið 1997. Hann er með gráðu í líffræði frá Columbia háskólanum. Speed var drepinn við störf sín í ""Lost Son;"" en hann hafði ekki hreinsað byssuna sína nógu vel með þeim afleiðingu að hún stíflaðist og var skotinn til bana í skotárás. Leikarinn kom aftur sem Speed í ofsjón Eric Delko í  ""Bang, Bang, Your Debt."" Síðan kemur það fram í ""Out of Time,""  að Jesse Cardoza þekkti Tim Speedle, sem vann fyrir St. Petersburg lögregluna árið 1997, og Cardoza spurði Horatio ef hann vildi fá hann í lið með sér.
 CSI Stig 3: Lieutenant Megan Donner (Kim Delaney) var forveri Horatio sem fór í leyfi eftir að eiginmaður hennar lést. Kom hún aftur í vinnuna stuttlega og vann með Horatio sér við hlið, sem hafði verið hækkaður upp sem yfirmaður CSI liðsins, en sagði síðar af sér þar sem pressan við starfið væri of mikil fyrir sig.

Þáttaraðir

Pilot - CSI 

Titill= Cross Jurisdictions
Höfundur= Anthony E. Zuiker, Ann Donahue og Carol Mendelsohn
Leikstjóri= Danny Cannon
Dagur= 09. maí 2002
Þáttur nr= 45
Framl. nr.= 222

Fyrrverandi lögreglustjóri Las Vegas finnst látinn og sjö ára dóttir hans finnst á lífi í Miami. Catherine og Warrick ferðast til Flórída, þar sem þau aðstoða Miami CSIs í því að elta uppi morðingjann.

Fyrsta þáttaröð

Önnur þáttaröð

Þriðja þáttaröð

Fjórða þáttaröð

Fimmta þáttaröð

Sjötta þáttaröð

Sjöunda þáttaröð

Áttunda þáttaröð

Níunda þáttaröð

Tíunda þáttaröð

Viðtökur 
CSI: Miami hefur verið nefndur vinsælasti sjónvarpsþáttur heims samkvæmt áhorfendakönnunum í 20 löndum. Könnunin, sem var gerð af Informa Telecoms and Media, sýndi að CSI: Miami kom fram oftast fyrir í vinsældalistum meira en nokkur annar þáttur. Einnig í sömu könnun, þá kemur fram að CSI: Crime Scene Investigation hafði háar vinsældir en hann lenti í sjötta sæti.

Verðlaun og tilnefningar 
ALMA verðlaunin
2011: Tilnefndur sem besta sjónvarpsserían.
2008: Tilnefndur sem besti leikari í dramaseríu – Adam Rodríguez.

ASCAP Film and Television Music verðlaunin
2006: Verðlaun sem besta sjónvarpsserían – Jeff Cardoni.
2005: Verðlaun sem besta sjónvarpsserían – Jeff Cardoni.

American Society of Cinematographers
2008: Tilnefndur fyrir bestu kvikmyndatökuna fyrir Inside Out – Egill Egilsson.
2007: Tilnefndur fyrir bestu kvikmyndatökuna fyrir Darkroom – Egill Egilsson.
2003: Verðlaun fyrir bestu kvikmyndatökuna fyrir Cross Jurisdiction – Michael Barrett.

BMI Film & TV verðlaunin
2009: Verðlaun fyrir bestu tónlistina – Pete Townshend og Kevin Kiner.
2008: Verðlaun fyrir bestu tónlistina – Pete Townshend og Kevin Kiner.
2005: Verðlaun fyrir bestu tónlistina – Pete Townshend og Kevin Kiner.
2004: Verðlaun fyrir bestu tónlistina – Kevin Kiner, Graeme Revell, David E. Russo og Pete Townshend.
2003: Verðlaun fyrir bestu tónlistina – Graeme Revell, David E. Russo og Pete Townshend.

California on Location verðlaunin
2007: Verðlaun sem aðstoðar tökustaðsstjóri – Adam Robinson.

Edgar Allan Poe verðlaunin
2009: Tilnefndur fyrir besta sjónvarpshandritið fyrir You May Now Kill the Bride – Barry O´Brien.

Emmy verðlaunin
2007: Verðlaun fyrir bestu áhættuleikstjórn – Jim Vickers.
2007: Tilnefndur fyrir bestu hljóðklippinguna fyrir No Man´s Land – Tim Kimmel, Todd Niesen, Bradley C. Katona, Ruth Adelman, Skye Lewin, Zane D. Bruce og Joseph T. Sabella.
2005: Tilnefndur fyrir bestu hljóðklippinguna fyrir Lost Son – Ann Hadsell, Ruth Adelman, Bradley C. Katona, Todd Niesen, Skye Lewin, Zane D. Bruce og Joseph T. Sabella.
2003: Verðlaun fyrir bestu kvikmyndatökuna í stakri-myndavél fyrir seríu fyrir The Simple Man – Michael D. O´Shea.
 
Image verðlaunin
2007: Tilnefnd sem besta leikkona í aukahlutverki í dramaseríu – Khandi Alexander.
2006: Tilnefnd sem besta leikkona í dramaseríu Khandi Alexander.
2006: Tilnefndur sem besta dramaserían.
2005: Verðlaun sem besta leikkona í aukahlutverki í dramaseríu – Khandi Alexander.
2004: Tilnefndur sem besta dramaserían.

Image Foundation verðlaunin
2011: Tilnefnd sem besta leikkona í aukahlutverki – Eva LaRue.
2009: Tilnefnd sem besta leikkona í aukahlutverki  - Eva LaRue.
2007: Tilnefnd sem besta leikkona í aukahlutverki – Eva LaRue.
2006: Tilnefnd sem besta leikkona í aukahlutverki – Eva LaRue.
2005: Tilnefndur sem besti leikari – Adam Rodríguez.

Motion Picture Sound Editors
2010: Tilnefndur fyrir bestu hljóðklippingu í stuttu talformi og ADR fyrir Point of Impact.
2010: Tilnefndur fyrir bestu hljóðklippingu í stuttu hljóðbrelluformi og Foley fyrir Point of Impact.
2009: Verðlaun fyrir bestu hljóðklippingu í stuttu tónlistarformi fyrir Tipping Point – Skye Lewin.
2009: Tilnefndur fyrir bestu hljóðklippingu í stuttu hljóðbrelluformi og Foley fyrir Tipping Point – Tim Kimmel, Bradley C. Katona, Joseph T. Sabella og James Bailey.
2007: Verðlaun fyrir bestu hljóðklippingu í stuttu tónlistarformi fyrir Rio – Skye Lewin.
2007: Verðlaun fyrir bestu hljóðklippingu í stuttu talformi og ADR fyrir Rio – Tim Kimmel, Todd Niesen og Ruth Adelman.
2007: Tilnefndur fyrir bestu hljóðklippingu í stuttu hljóðbrelluformi og Foley fyrir Come As You Are – Tim Kimmel, Bradley C. Katona, Zane D. Bruce, Don Givens, Joseph T. Sabella, James Wong Howe og William Smith.
2006: Tilnefndur fyrir bestu hljóðklippingu í stuttu talformi og ADR fyrir Three-Way – Ann Hadsell, Todd Niesen og Ruth Adelman.
2006: Tilnefndur fyrir bestu hljóðklippingu í stuttu hljóðbrelluformi og Foley fyrir Urban Hellraisers – Ann Hadsell, Bradley C. Katona, Zane D. Bruce, Shane Bruce og Joseph T. Sabella.
2005: Verðlaun fyrir bestu hljóðklippingu í löngu hljóðbrelluformi og Foley fyrir Crimewave – Ann Hadsell, Bradley C. Katona, Ruth Adelman, William Smith og Edmond J. Coblentz Jr.
2005: Tilnefndur fyrir bestu hljóðklippingu í stuttu hljóðbrelluformi og Foley fyrir Lost Son – Ann Hadsell, Bradley C. Katona og William Smith.
2004: Tilnefndur fyrir bestu hljóðklippingu fyrir hljóbrellur og Foley fyrir Grand Prix – Matt Sawelson, Ruth Adelman, Bradley C. Katona og Peter Bergren.

People´s Choice verðlaunin
2003: Verðlaun sem uppáhalds nýja dramaserían.

Prism verðlaunin
2010: Tilnefndur sem besta dramaserían fyrir Head Case.

Young Artist verðlaunin
2010: Tilnefndur sem besti gestaleikari undir 13 ára – Scotty Noyd Jr.
2008: Tilnefndur sem besti ungi gestaleikari – Cole Petersen.
2005: Tilnefndur sem besti ungi gestaleikari – Alex Black.
2004: Tilnefnd sem besta unga gestaleikkona – Sara Paxton.
2003: Tilnefndur sem besti ungi gestaleikari – Seth Adkins.
2003: Tilnefndur sem besti ungi gestaleikari – Raja Fenske.

Útgáfur

Bækur

DVD

Sjá einnig 
 CSI
 CSI: Crime Scene Investigation
 CSI: NY

Heimildir

Tenglar 
 
 Heimasíða CSI: Miami á CBS sjónvarpsstöðinni

Bandarískir sjónvarpsþættir",Hver tók við af Dr. Tara Price sem dagvakts réttarlæknir?,"{'answer_start': array([4402], dtype=int64), 'text': array(['Dr. Tom Loman'], dtype=object)}"
https://is.wikipedia.org/wiki/Carl%20Franz%20Siemsen,Carl Franz Siemsen,"Carl Franz Siemsen var kaupmaður í Reykjavík. Hann rak verslun í Reykjavík en flutti síðan til Hamborgar og þá tók bróðir hans Edvard við rekstrinum og rak verslunina til ársins 1878. Edvard giftist Sigríði Þorsteinsdóttur.

Carl Franz og kona hans Caroline voru  frá Slesvík og  fædd í Glücksborg. Carl Franz Siemsen rak póstferðir milli Íslands og Danmerkur á árunum 1840-1845.

Carl Franz byggði Siemsenshús (síðar Hafnarstræti 23) árið 1839. Það stóð norðan Hafnarstrætis og við hlið þess rann lækurinn til sjávar. Siemsenshús var rifið árið 1974.

Fyrsta dæmið um notkun einkamyntar eða verðmerkja á íslandi er árið 1846 en það eru  vörupeningar sem gefnir voru út af Carl Franz Siemsen  en hann verslaði einnig í Færeyjum og giltu sömu peningar þar. 

Carl Franz Siemsen var umboðsmaður fyrir ýmsa erlenda vísindamenn og söfn. Árið 1844 var honum falið að ná í geirfugl og bauð hann bændum í Höfnum 300 krónur fyrir dauðan eða lifandi geirfugl. Það varð til þess að 4. júní 1844 fóru fjórir af stað til Eldeyjar og sáu þar tvo geirfugla sem sátu á klettasnös og sneru þá úr hálsliðnum.

Tenglar 
Saga Siemsenshússn, Morgunblaðið, 28. tölublað (03.02.2002)

Tilvísanir 

Þýskir kaupmenn
Saga Reykjavíkur",Hvaða verð bauð Carl Franz Siemsen upp á fyrir dauðan eða lifandi geirfugl í Höfnum?,"{'answer_start': array([905], dtype=int64), 'text': array(['300 krónur'], dtype=object)}"
https://is.wikipedia.org/wiki/M%C3%BAlahverfi,Múlahverfi,"Múlahverfi, eða Múlakampur og Herskálakampur, var íbúðarhverfi í Reykjavík, á svæðinu frá Suðurlandsbraut upp að núverandi götustæði Ármúla og Síðumúla. Hverfið reis utan skipulags Reykjavíkurborgar á árunum fyrir síðari heimsstyrjöld. Hernámsliðið reisti fjölda bragga þarna á stríðsárunum og þegar það hvarf á brott tók fólk í húsnæðishraki sér búsetu þar, enda var mikill húsnæðisskortur í borginni. Fljótlega var farið að byggja við braggana og fólk reisti sér líka lítil timburhús í grennd við þá, oftast af miklum vanefnum, enda byggðu íbúarnir þau oftast sjálfir og fengu engin lán til þeirra.

Flest húsin voru reist í óleyfi en sumir gerðu þó samning við borgina um leigulóð til 10 ára og urðu húsin sem þeir reistu að vera úr timbri og ekki stærri en 48 fermetrar á einni hæð, svo unnt væri að flytja þau burt þegar hverfið yrði skipulagt. Ekki fóru þó allir eftir þessu og sum húsin urðu stærri og tvílyft. Þjónusta við íbúana var af mjög skornum skammti, vatnslagnir lélegar, frárennsli ekkert, heldur var skólpi veitt í rotþrær, og götulýsing lítil.

Hverfið var mjög þéttbýlt og þar voru margar barnafjölskyldur. Árið 1963 bjuggu þar um 800 manns, þar af 630 í húsum en aðrir í bröggum. Seint á 6. áratugnum hófst uppbygging hverfisins sem iðnaðar- og verslunarhverfis og voru fyrstu húsin reist upp úr 1957. Á  næstu árum voru braggarnir og flest íbúðarhúsin rifin en hverfið var þó ekki að fullu uppbyggt fyrr en 1985 og stóðu nokkur íbúðarhús innan um iðnaðar- og skrifstofuhús allt fram undir það.

Bíbí Ólafsdóttir spákona ólst upp í Múlakampi og er uppvexti hennar þar og mannlífinu í hverfinu lýst vel í endurminningarbókinni Bíbí sem Vigdís Grímsdóttir skrásetti.

Heimildir 
 
 
 

Hverfi Reykjavíkur",Í hvaða hluta Reykjavíkur var Múlahverfið?,"{'answer_start': array([86], dtype=int64), 'text': array(['frá Suðurlandsbraut upp að núverandi götustæði Ármúla og Síðumúla'],
      dtype=object)}"
https://is.wikipedia.org/wiki/J%C3%B3nas%20Kristj%C3%A1nsson%20%28f.%201940%29,Jónas Kristjánsson (f. 1940),"Jónas Kristjánsson (fæddur 5. febrúar 1940, dáinn 29. júní 2018) var íslenskur blaðamaður og var ritstjóri 1967-2006. Hann var einnig höfundur margra bóka um hross og ferðalög og var ritstjóri gagnabanka á vefnum um ferðalög, hross og reiðleiðir. Hann kenndi blaðamennsku við Háskólann í Reykjavík 2006-2008. Starfssaga hans kom út 2009.

Jónas Kristjánsson fæddist í Reykjavík. Foreldrar hans voru Kristján Jónasson (f. 12. maí 1914, d. 27. júlí 1947) læknir og Anna Pétursdóttir (f. 11. júní 1915, d. 24. september 1976) bókari. Kristján var sonur Jónasar Kristjánssonar læknis, alþingismanns og stofnanda Náttúrulækningafélags Íslands.

Eiginkona Jónasar var Kristín Halldórsdóttir, fyrrverandi alþingismaður, sem lést 14. júlí 2016.

Náms- og starfsferill 
Jónas lauk stúdentsprófi frá Menntaskólanum í Reykjavík 1959 og var þar ritstjóri Skólablaðsins í fimmta bekk. Hann stundaði nám í félagsfræði í Vestur-Berlín 1959-1961, lauk BA-prófi í sagnfræði við Háskóla Íslands 1966.

Blaðamaður og fréttastjóri á Tímanum 1961-1964. 
Fréttastjóri Vísis 1964-1967. 
Ritstjóri Vísis 1967-1975. 
Ritstjóri Dagblaðsins 1975-1981. 
Ritstjóri DV 1981-2001. 
Ritstjóri Fréttablaðsins 2002. 
Útgáfustjóri Eiðfaxa 2003-2005. 
Ritstjóri DV 2005-2006. 
Háskólakennari í blaðamennsku 2006-2008.

Félagsstörf
Jónas hefur verið formaður:

Ritstörf 

Forustugreinar í dagblöðum, rúmlega 4000 greinar allar götur frá 1973, allar endurbirtar á veraldarvefnum (jonas.is). 
Veitingarýni í blöðum og tímaritum, rúmlega 500 greinar allar götur frá 1980, allar endurbirtar á veraldarvefnum (jonas.is).
Gagnabanki um hross á veraldarvefnum (www.hestur.is). 
Tæplega 300 fyrirlestrar í blaðamennsku birtir á www.jonas.is. 

Ferðarýni á veraldarvefnum (traveltest.is). 
Gagnabanki um fornar og nýjar reiðleiðir á veraldarvefnum (www.jonas.is/reiðleiðir).
Daglegt blogg á veraldarvefnum (www.jonas.is), alls um 23.000 greinar.

Heimildir 
 Íslenskir samtíðarmenn, 2003.

Íslenskir blaðamenn
Íslenskir sagnfræðingar
Íslenskir ritstjórar",Hvað lærði Jónas Kristjánsson í Vestur-Berlín?,"{'answer_start': array([892], dtype=int64), 'text': array(['félagsfræði'], dtype=object)}"
https://is.wikipedia.org/wiki/%C3%9E%C3%B6rungar,Þörungar,"Þörungar eru lauslega skilgreint samheiti yfir margvíslegar, oftast frumbjarga, lífverur í sjó, vötnum og á landi. Þörungum í sjó og vötnum má skipta í tvo hópa, annars vegar plöntusvif og hins vegar botnþörunga. Plöntusvif er örsmár svifgróður sem berst með straumum í yfirborðslögum sjávar eða vatna, en botnþörungar vaxa á botninum eins og nafnið gefur til kynna. Þörungar nýta ljósorku sólarinnar til að byggja upp lífræn efni úr ólífrænum og byggir nær allt líf í sjónum tilveru sína beint eða óbeint á þessari framleiðslu þeirra. Megnið af framleiðslunni kemur frá plöntusvifinu í efstu lögum sjávar, en botnþörungarnir taka einnig þátt í nýmyndun lífrænna efna. Þörungarnir nýta birtuna við yfirborðið, þeir nýta áburðarefni eða næringarsölt sem berast upp í yfirborðslögin og eru auk þess háðir straumum og uppblöndun eða stöðugleika sjávar. Þeir eru því mjög háðir umhverfisaðstæðum í hafinu.

Næstum allir þörungar hafa blaðgrænu og eru því frumbjarga. Blaðgræna þörunga er í sérstökum grænukornum nema hjá bláþörungum þar sem hún er jafndreifð um allt frymið. Oft hylja ýmis litarefni, sem gera þörungana gula, brúna eða rauða, blaðgrænuna í þeim og hafa þörungar frá fornu fari verið flokkaðir eftir lit. Allir þörungar nema bláþörungar eru heilkjörnungar, þ.e. hafa kjarna í frumum sínum, og erfðaefni þeirra myndar litninga við frumuskiptingu. Æxlun þörunga er margvísleg, allt frá einfaldri frumuskiptingu (kynlaust) til flókinnar kynæxlunar. Margir þörungar eru einfrumungar, oft með 1-2 þráðum (svipum) sem þeir slá til og frá í vatninu og hreyfa sig þannig. Slíkir þörungar eru kallaðir svipuþörungar. Margir svipuþörungar hafa ljósnæman rauðlitaðan augndíl. Algengt er að einfrumuþörungar myndi sambú (colonia) sem geta orðið svo stór að þau sjást með berum augum. Fjölfrumungar meðal þörunga eru vanalega þráðlaga og geta orðið allt að nokkrum sentimetrum lengd, þótt breiddin sé aðeins ein frumubreidd. Því sjást þeir ekki með berum augum nema þeir komi margir saman og myndi slý eða slavak. Þráðlaga þörungar geta líka myndað sambú. Sumir þörungar, eins og brún- og rauðþörungar, hafa frumuvef sem líkist vefjum æðplantna og mynda líkama sem er á stærð við blómplöntur, en líkamsvefurinn er einsleitur og ekki sérhæfður eins og hjá æðplöntum. Áður var hefðbundið að skipta þörungum í plöntu- og dýraríki, en nú er þeim skipt í tvö veldi  sem eru dreifkjörnungar (Procaryota) og heilkjörnungar (Eucaryota). Bláþörungar eru dreifkjörnungar og eru nú oft taldir með gerlum og nefndir blágerlar (Cyanobacteria). Allir aðrir þörungar eru heilkjörnungar. Samkvæmt nýjum rannsóknum virðast ýmsar heilkjarna þörungafylkingar lítið skyldar og eru taldar hafa þróast eftir aðskildum þróunarlínum. Einfruma þörungar og sambú þeirra eru yfirleitt á reki og svífa um við og á yfirborði vatna eða sjávar. Þeir kallast svifþörungar og mynda plöntusvif (phytoplankton). Stærri þörungar eru oftast fastir á steinum eða klettum eða hafsbotni og geta fest sig með rótum. Þeir kallast botnþörungar. Sumir þörungar festa sig á aðrar lífverur og kallast þeir ásætuþörungar eða ásætur. Nokkrar tegundir þörunga geta fjölgað sér mjög mikið við hagstæð skilyrði og þakið vatnsyfirborðið þannig að það fær ákveðinn lit grænan, brúnan eða rauðan. Slíkt kallast vatnamor eða vatnablómi. Stundum litast sjór rauður af þessum sökum og kallast þá blóðsjór. Þörungar mynda sæþörungabelti á ströndum vatns og sjávar. Þang og grænþörungar eru efst og á stöðum sem eru þurrir á fjöru en þar fyrir neðan tekur við þarabelti og eftir það rauðþörungabelti. Þarinn er stórvaxnastur þörunga á norðlægum slóðum og er oft um 2 m eða meira á lengd og myndar oft þaraskóga á nokkurra metra dýpi. Rauðþörungar finnast niður á allt að 100 m dýpi. Meðal þörunga eru einnig landþörungar (e. aerial/terrestrial algae) sem búa ekki í sjó heldur á landi þar sem er hæfilega rakt. Þeir geta vaxið í rökum jarðvegi eða mosa, hellum og gjám og á stofnum trjáa. Nokkrar tegundir þrífast í jarðhitavatni, allt að 65 gráðu heitu. Ýmsir þörungar mynda sambýli með sveppum og kallast þau fléttur. Þá er þörungurinn umlukinn sveppavef sem hindrar útgufun og veitir steinefnanæringu til þörungsins en sveppurinn fær kolvetni frá þörungnum, sem oft veldur því að fléttan verður græn á lit.

Nýting þörunga 
Þörungar eins og söl og marinkjarni hafa verið nýttir til manneldis á Íslandi. Fjörugrös, klóþang og hrossaþari hafa einnig verið nýtt. Fjörubeit hefur tíðkast öldum saman en sauðfé er sólgið í þang og þara. Þang sem rekur á fjöru hefur verið notað til eldiviðar og áburðar og líka brennt til að vinna úr því joð og salt og önnur steinefni. Hlaupefnið agar er unnið úr rauðþörungum. Kísilgúr er unninn úr skeljum kísilþörunga sem orðið hafa að botnseti í vötnum. Margir þörungar eru notaðir í ýmis lífræn efni. Brúnþörungar eru ríkir af fjölfenólum  (flórótannínum).

Tilvísanir 

Líffræði
Haffræði
Þörungar",Á hvaða svæðum finnast botnþörungar?,"{'answer_start': array([324], dtype=int64), 'text': array(['á botninum'], dtype=object)}"
https://is.wikipedia.org/wiki/Pourquoi-Pas%20%3F,Pourquoi-Pas ?,"Pourquoi-Pas ? (sem þýðir: „hvers vegna ekki?“ á íslensku, borið fram Púrkva-pa) var heiti sem franski vísindamaðurinn Jean-Baptiste Charcot notaði á nokkur rannsóknarskip sín. Frægast þessara skipa var Pourquoi-Pas ? IV sem var smíðað fyrir hann í Saint-Malo og sem hann ætlaði sér að nota í annan leiðangur sinn til Suðurskautslandsins. Smíði skipsins hófst 1907 og því var hleypt af stokkunum 18. maí 1908. Pourquoi-pas? var 825 tonna þrímastra barkskip með gufuvél, 57 metrar að lengd. Skipsskrokkurinn var allur styrktur með stál- og sinkþynnum. Á skipinu var gríðarlega hár strompur og það hýsti þrjár fullbúnar rannsóknarstofur og bókasafn.

Könnunarleiðangrar um Suður- og Norðurhöf
1908 til 1909 sigldi Charcot á skipinu til Suðurskautslandsins þar sem hann kannaði Bellinghausenshaf og Amundsenshaf, Loubetsland, Margrétarflóa og Charcotseyju sem var heitin eftir honum. 

1912 varð skipið fyrsta skólaskip franska flotans. Á næstu árum, til 1925, sigldi Charcot skipinu í fjölda leiðangra um Norður-Atlantshaf, Ermarsund og Miðjarðarhaf og kom meðal annars til Færeyja. Rannsóknir hans snerust fyrst og fremst um steinafræði og jarðfræði neðansjávar. 

1925 lét Charcot af stjórn skipsins vegna aldurs, en var áfram um borð sem leiðangursstjóri. 1926 kannaði skipið austurströnd Grænlands þar sem þeir söfnuðu steingervingum.

1928 hélt skipið ásamt skipinu Strasbourg í leiðangur til að leita að stóru Latham 47-sjóflugvélinni sem hafði farist ásamt, með öðrum, Roald Amundsen. Leitin varð árangurslaus. 

1934 sigldi Pourquoi-Pas ? aftur til Austur-Grænlands með mannfræðileiðangur Paul-Émile Victor sem ætlaði að búa í Angmassalik. Árið eftir snýr skipið þangað aftur til að sækja leiðangursmenn og kortleggja í leiðinni ströndina.

Skipið ferst

Árið 1936 sneri Pourquoi-Pas ? aftur til Grænlands til að fara með leiðangurstæki til leiðangurs Paul-Émile Victor sem ætlaði sér að fara yfir Grænlandsísinn á fimmtíu dögum. Á bakaleiðinni, 3. september, stoppaði skipið í Reykjavík til að láta gera við ketilinn. 15. september lagði það svo af stað til Saint-Malo. Daginn eftir lenti það í ofviðri á Faxaflóa og fórst við Álftanes á Mýrum. Fjörutíu fórust og einungis fundust lík 23 leiðangursmanna. Aðeins einn komst af.

Tenglar 
 Minningarathöfn í Fossvogskirkjugarði við grafreit Pourquoi pas? manna; grein í Morgunblaðinu 1938
 Charlcot-slysið. Hafrannsóknarskipið Pourqoui pas? strandar; frétt í Morgunblaðinu 1936
 Pourquoi-Pas?; af heimasíðu Kleppjárnsreykja 
 Líkkista Pourquoi-Pas?; grein í Morgunblaðinu 1966

Könnun Norður-Heimskautsins
Könnun Suðurskautslandsins
Skip
Sjóslys",Hver stýrði Pourquoi-Pas?,"{'answer_start': array([119], dtype=int64), 'text': array(['Jean-Baptiste Charcot'], dtype=object)}"
https://is.wikipedia.org/wiki/1316,1316,"Árið 1316 (MCCCXVI í rómverskum tölum)

Á Íslandi 

 Halastjarna sást á himni „oftliga frá fyrstu jólanótt allt til purificationem beate Marie“ samkvæmt Gottskálksannál, eða frá 25. desember 1315 til 2. febrúar 1316. 
 Möðruvallaklaustur brann í kjölfar veislu hjá munkunum þar.
 Miklar deilur hófust milli Auðunar rauða Hólabiskups og kirkjuhöfðingja á Norðurlandi.
 Bygging Auðunarstofu hófst á Hólum. 
 Mikið sjávarflóð á Eyrarbakka.
 Hákon háleggur Noregskonungur gerði íslensku höfðingana Grím Þorsteinsson, Guðmund Sigurðsson og Eirík Sveinbjarnarson að riddurum.
 Lárentíus Kálfsson, Árni sonur hans og Bergur Sokkason tóku vígslu sem munkar í Þingeyraklaustri.

Fædd

Dáin

Erlendis 
 7. ágúst - Jóhannes XXII (Giacomo Duése) var kjörinn páfi, meira en tveimur árum eftir lát fyrirrennara síns, Klemens V.
 10. ágúst - Síðari orrustan um Athenry. Yfir 5000 manns féllu og Normannar náðu aftur yfirráðum á Írlandi.
 15. nóvember - Klementía af Ungverjalandi, drottning Frakklands, ól son fimm mánuðum eftir lát manns síns, Loðvíks 10. Drengurinn, Jóhann 1., lifði aðeins í 5 daga og föðurbróðir hans, Filippus 5., varð konungur 20. nóvember.
 Hungursneyðin mikla 1315-1317 náði hámarki.
 Mondino de Luzzi skrifaði fyrstu bókina um líffærafræði.
 Sterlingspundið féll meira í verði en nokkru sinni í sögu Bretlands og var verðbólgan 100.04% á einu ári. 

Fædd
 2. mars - Róbert 2. Skotakonungur (d. 1390).
 1. maí - Karl 4., keisari hins Heilaga rómverska ríkis (d. 1378).
 15. nóvember - Jóhann 1. Frakkakonungur.
 Magnús Eiríksson smek, Svíakonungur (d. 1374).
 Símon stolti, stórfursti í Moskvu (d. 1353).

Dáin
 12. mars - Stefán Dragútín, konungur Serbíu. 
 5. júní - Loðvík 10. Frakkakonungur (f. 1289).
 20. nóvember - Jóhann 1. Frakkakonungur.
 Marjorie Bruce, dóttir Róberts 1. Skotakonungs og ættmóðir Stúart-ættar (f. 1296).

1316
1311-1320",Hvaða einstaklingur varð páfi þann 7. ágúst 1316?,"{'answer_start': array([704], dtype=int64), 'text': array(['Jóhannes XXII (Giacomo Duése)'], dtype=object)}"
https://is.wikipedia.org/wiki/Vinstriflokkurinn%20%28%C3%9E%C3%BDskaland%29,Vinstriflokkurinn (Þýskaland),"Vinstriflokkurinn eða Vinstrið (þýska: Die Linke) er þýskur stjórnmálaflokkur sem var stofnaður árið 2007 með samruna Lýðræðislega sósíalistaflokksins og WASG, klofningshreyfingar úr Jafnaðarmannaflokknum. Í gegnum Lýðræðislega sósíalistaflokkinn er Vinstriflokkurinn beinn arftaki Sósíalíska einingarflokksins, sem stýrði kommúnísku flokksræði í Austur-Þýskalandi frá 1948 til 1989.

Vinstriflokkurinn kennir sig við andkapítalisma, andfasisma og friðarhyggju. Flokkurinn er hlutlaus í afstöðu sinni til Evrópusamruna. Þar sem flokkurinn er sá vinstrisinnaðasti af flokkunum á þýska sambandsþinginu er hann stundum skilgreindur sem öfgavinstriflokkur eða vinstrisinnaður popúlistaflokkur. Flokkurinn er stofnaðili að Evrópska vinstriflokknum.

Söguágrip
Lýðræðislegi sósíalistaflokkurinn (þ. Partei des Demokratischen Sozialismus) var sósíalískur stjórnmálaflokkur sem var myndaður sem lagalegur arftaki Sósíalíska einingarflokksins (þ. Sozialistische Einheitspartei Deutschlands eða SED), hins kommúníska stjórnarflokks þýska alþýðulýðveldisins. Lýðræðislegi sósíalistaflokkurinn var myndaður við endalok kommúnistastjórnarinnar í Austur-Þýskalandi og hélt áfram störfum eftir sameiningu Þýskalands árið 1991.

Grasrótarhreyfing lýðræðissinna sem þvingaði austur-þýska kommúnistaleiðtogann Erich Honecker til að segja af sér árið 1989 leiddi einnig af sér uppgang kynslóðar ungra umbótasinna innan SED sem litu til umbótastefnu Míkhaíls Gorbatsjov í Sovétríkjunum (perestrojka og glasnost) sem fyrirmynd að nýrri stjórnarstefnu. Umbótasinnar á borð við rithöfundana Stefan Heym og Christu Wolf og mannréttindalögfræðinginn Gregor Gysi brutust fljótt til áhrifa innan flokksins og þegar Sósíalíski einingarflokkurinn var leystur upp í lok ársins 1989 höfðu allir gömlu meðlimir miðstjórnarinnar sagt af sér.

Undir nýrri stjórn skipti flokkurinn um nafn og tók upp nafnið Lýðræðislega sósíalistaflokkinn til að draga úr tengslum við kommúníska valdboðsstefnu í fortíð sinni. Frá árinu 1990 skilgreindi flokkurinn sig ekki lengur sem marx-lenínískan flokk, þótt áfram hafi verið minnihlutahópur meðlima innan hans sem enn skilgreindu sig sem kommúnista.

Þann 17. júlí árið 2005 gekk Lýðræðislegi sósíalistaflokkurinn í kosningabandalag undir nafninu Vinstriflokkurinn (þ. Die Linkspartei) ásamt stjórnmálahreyfingunni WASG (Arbeit und soziale Gerechtigkeit – Die Wahlalternative). Oskar Lafontaine, fyrrum áhrifamaður innan Jafnaðarmannaflokksins, hafði myndað WASG vegna ágreinings við Gerhard Schröder kanslara, sem Lafontaine taldi hafa vikið Jafnaðarmannaflokknum of langt til hægri á stjórnartíð sinni. Kosningabandalag flokkanna tveggja bauð fram í fyrsta sinn í þingkosningum Þýskalands árið 2005 og hlaut þá rúm átta prósent atkvæðanna. Flokkarnir tveir sameinuðust formlega þann 16. júní 2007 undir nafninu Die Linke.

Tilvísanir

Þýskir stjórnmálaflokkar",Hver er hugsjón Vinstri grænna?,"{'answer_start': array([418], dtype=int64), 'text': array(['andkapítalisma, andfasisma og friðarhyggju'], dtype=object)}"
https://is.wikipedia.org/wiki/Bergur%20Sokkason,Bergur Sokkason,"Bergur Sokkason (d. 1350) var íslenskur munkur, ábóti og fræðimaður. Hann var árið 1316 munkur í Þingeyraklaustri en fluttist þaðan í Munkaþverárklaustur. Þar var hann príor árið 1322 en ábóti árin 1325 – 1334 og aftur 1345 – 1350. Hann er talinn hafa sagt af sér ábótadæminu 1334 vegna lítillætis, þótt síðar þyrfti hann að taka við því öðru sinni. 

Laurentius biskup hafði kennt Bergi: „Varð hann hinn fremsti klerkur, söngvari harla sæmilegur og mælskumaður mikill, svo að hann setti saman margar sögubækur heilagra manna í norrænu máli með mikilli snilld. Unnust þeir bróðir Bergur og Laurentius með hjartanlegri elsku, því að alla þá, sem Laurentius sá, að gott vildu nema og til góða vildu hafa sína mennt, elskaði hann.“ Einnig finnst sagt frá ábótavígslu Bergs: „Var hann formenntur maður umfram flesta menn þá á Íslandi um klerkdóm, letur, söng og málsnilld. Samansetti hann margar heilagra manna sögur í norrænu, sem birtast mun og auðsýnast, meðan þetta land er byggt. Hér yfir fram hafði sá góði mann ágætt siðferði með klausturlegum lifnaði. Voru þeir Bergur ábóti og Laurentius biskup í kærlegri vináttu.“ Bergur mun hafa ritað sögur af Guðmundi góða, heilögum Nikulási, Mikael erkiengli og vísast fleirum.

Tilvísanir

Heimildir 
 Finnur Jónsson: Historia Ecclesiastica Islandiæ IV, bls. 44-45, Havniæ MDCCLXXVIII.
 Páll Eggert Ólason: Íslenzkar æviskrár I, bls. 150, Reykjavík 1948.

Tenglar 
 Bergur Sokkason: Mikaels saga engils, 4.-10. kaflar @ Helgisetur. Skoðað 24. september 2010.
 Bergur Sokkason: Mikaels saga engils, 12.-22. kaflar @ Helgisetur. Skoðað 24. september 2010.
 Bergur Sokkason: Mikaels saga engils, 23.-28. kaflar @ Helgisetur. Skoðað 24. september 2010.

Íslenskir ábótar og príorar
Íslenskir rithöfundar

Íslendingar á 14. öld",Á hvaða tímabili gegndi Bergur Sokkason ábótastarfi í Munkaþverárklaustri (síðara skiptið)?,"{'answer_start': array([219], dtype=int64), 'text': array(['1345 – 1350'], dtype=object)}"
https://is.wikipedia.org/wiki/Salv%C3%B6r%20Nordal,Salvör Nordal,"Salvör Nordal (fædd 1962) er íslenskur heimspekingur og umboðsmaður barna. Foreldrar hennar eru hjónin Jóhannes Nordal, fv. seðlabankastjóri og Dóra Guðjónsdóttir Nordal píanóleikari.

Menntun 
Salvör lauk B.A.-prófi í heimspeki frá Háskóla Íslands árið 1989. Hún lauk M.Phil-prófi í félagslegu réttlæti (e. Social Justice) og doktorsprófi í heimspeki við Calgary-háskólann í Kanada en doktorsritgerðin hennar nefnist Privacy as a Social Concept.  Salvör hefur starfað sem lektor við Háskóla Íslands og forstöðumaður Siðfræðistofnunar Háskóla Íslands en er núverandi umboðsmaður barna. Í júlí 2021 hlaut hún framgöngu í stöðu prófessors við sagnfræði- og heimspekideild Háskóla Íslands.

Helstu ritverk 
 Velferð barna: Gildismat og ábyrgð samfélags (ritstj. ásamt Sigrúnu Júlíusdóttur og Vilhjálmi Árnasyni) (Reykjavík: Siðfræðistofnun Háskóla Íslands, Háskólaútgáfan, 2010).
„Siðferði og starfshættir í tengslum við fall íslensku bankanna 2008“ (ásamt Vilhjálmi Árnasyni og Kristínu Ástgeirsdóttur). Í (ritstj. Páll Hreinsson, Sigríður Benediktsdóttir og Tryggvi Gunnarsson)  Aðdragandi og orsakir falls íslensku bankanna 2008 og tengdir atburðir (Reykjavík: Rannsóknarnefnd Alþingis, 2010), bls. 7-243.
 Persónuvernd í upplýsingasamfélagi (ritstj.) (Reykjavík: Siðfræðistofnun Háskóla Íslands, Háskólaútgáfan, 2007).
 Hugsað með Mill (ritstj. ásamt Róberti H. Haraldssyni og Vilhjálmi Árnasyni) (Reykjavík: Háskólaútgáfan, 2007).
 Hugsað með Páli (ritstj. ásamt Róberti H. Haraldssyni og Vilhjálmi Árnasyni) (Reykjavík: Háskólaútgáfan, 2005).
 Ástarspekt: greinar um heimspeki e. Stefán Snævarr (ritstj.) (Reykjavík: Hið íslenska bókmenntafélag, 2004).
 Blood and data: ethical, legal and social aspects of human genetic databases (ritstj. ásamt Garðari Árnasyni og Vilhjálmi Árnasyni) (Reykjavík: Háskólaútgáfan, 2004).
 Siðferðileg álitamál (Reykjavík: ReykjavíkurAkademían, Siðfræðistofnun, 2000).

Tenglar 
Vefsíða Salvarar Nordal
Siðfræðistofnun

Tilvísanir

Íslenskir heimspekingar
Umboðsmenn barna
Siðfræðingar

Íslenskar konur
Kjörnir fulltrúar á Stjórnlagaþing á Íslandi 2011",Hvaða hjón eignuðust Sigurjón Nordal?,"{'answer_start': array([103], dtype=int64), 'text': array(['Jóhannes Nordal, fv. seðlabankastjóri og Dóra Guðjónsdóttir Nordal píanóleikari'],
      dtype=object)}"
https://is.wikipedia.org/wiki/Fr%C3%A1%20stofnun%20borgarinnar%20%28rit%29,Frá stofnun borgarinnar (rit),"Frá stofnun borgarinnar (á latínu Ab Urbe condita) er mikilvægt rit um sögu Rómar eftir rómverska sagnaritarann Titus Livius. Livius segir sögu Rómar frá stofnun borgarinnar (753 f.Kr.) til samtíma síns í 142 bókum. Fyrstu bækurnar komu út á árunum 27 til 25 f.Kr. 35 bækur eru varðveittar auk útdrátta úr öðrum bókum. 

Fyrsta bók hefst á komu Eneasar til Ítalíu og segir frá Rómúlusi og Remusi og stofnun Rómar, rómverska konungdæminu, afnámi þess og kjöri Luciusar Juniusar Brutusar og Luciusar Tarquiniusar Collatinusar sem ræðismanna árið 509 f.Kr. Bækur II-X fjalla um sögu rómverska lýðveldisins fram að Samnítastríðunum. Bækur XXI-XLV fjalla um annað púnverska stríðið og enda á stríðinu gegn Perseifi frá Makedóníu.

Efni annarra bóka er einungis þekkt úr útdráttum frá 4. öld, að undanskildum 136. og 137. bók. Útdrættirnir voru þó gerðir úr styttri útgáfu ritsins, sem nú er glatað. Papýrusbrot með samskonar útdráttum úr bókum 37-40 og 48-55 fundust nærri egypska bænum Oxyrhynchus. Þau eru nú í British Museum. Útdrættirnir frá Oxyrhynchus eru illa farnir.

Bækur XLVI-LXX fjalla um tímann fram að Bandamannastríðinu árið 91 f.Kr. Valdatíð Súllu árið 81 f.Kr. er lýst í bók 89 og í bók 103 segir frá fyrsta ræðismannsári Júlíusar Caesars. Bók 142 lýkur eftir dauða Neros Claudiusar Drususar árið 9 f.Kr.

Fyrstu tíu bækurnar ná yfir 500 ára langt tímabil en þegar kemur að 1. öld f.Kr. fjallar Livius um u.þ.b. eitt ár í hverri bók.

Latneskar bókmenntir",Hvar er valdatíð Súllu árið 81 f.Kr. skráð?,"{'answer_start': array([1183], dtype=int64), 'text': array(['bók 89'], dtype=object)}"
https://is.wikipedia.org/wiki/Vistkerfi,Vistkerfi,"Vistkerfi er svæði sem hefur verið tilgreint þar sem lífverur tengjast hver annarri og umhverfi á einn eða annan hátt. Vistkerfi geta verið misstór. Stöðuvatn, tún, eyja, skógarlundur eða miklu minna svæði, t.d. bara jarðvegur undir steini eða fiskabúr er dæmi um vistkerfi. Mestu máli skiptir að svæðið hafi skýr og greinileg mörk. Hafið við strendur Íslands og hafið við Ástralíu eru mjög ólík og því um tvö mismunandi vistkerfi að ræða. Vistkerfi er að finna alls staðar alveg frá heimskautunum og að miðbaug. Þau eru neðanjarðar, í lofti, í vatni og á landi. Allar lífverur á tilteknu svæði og allt sem þær þurfa til að lifa er hluti af vistkerfi. Lífverur þurfa t.d. vatn, súrefni, næringu, skjól, sólarljós og hæfilegt hitastig. Vindur, gerð jarðvegs og berggrunnur skiptir líka máli. Í vatni skiptir t.d. straumur og selta miklu máli. Plöntur þurfa vatn, koltvíoxíð og sólarorku. Margar plöntur þurfa jarðveg og svo eru þær í samkeppni við aðrar plöntur. Sumar þarfnast skordýra til að dreifa frjókornum og sum dýr éta af þeim t.d. ber eða ávexti. Hæfilegt hitastig þarf að vera til staðar og sumar þurfa skjól á meðan aðrar þola meiri vind. Ef við tökum laufskóg sem dæmi að þá lifa þar refir og aðrar lífverur sem reika um skóginn í leit að æti. Refir éta ánamaðka, fugla, ávexti, mýs og önnur smádýr. Þeir grafa göng neðanjarðar sem kallast greni. Fuglar í skóginum lifa til dæmis á skordýrum og ánamöðkum og þeir finna sér skjól í trjánum. Þessar lífverur eru allar háðar hver annarri. Ef allar mýs myndu skyndilega hverfa myndi það hafa áhrif á fæðuöflun hjá þeim tegundum sem veiða mýs. Þær yrðu að finna aðra fæða og líklega myndi fækka í stofninum vegna fæðuskorts. Ef tré á stóru svæði í skóginum yrðu höggin gæti það leitt til að margir fuglar og önnur dýr myndu missa skjól og þurfa að færa búsetu sína og mörg dýr myndu drepast. Það hefur líka áhrif á fæðuöflun á svæðinu þar sem margar dýrategundur lifa á plöntum. Þar sem allar lífverur í vistkerfi eru tengdar með einum eða öðrum hætti eru þær viðkvæmar fyrir raski og ekki þarf nema lítill hluti að breytast til þess að afleiðingarnar geti orðið afdrifaríkar.

Í hverju vistkerfi eru ávallt margar tegundir plantna, dýra, sveppa og örvera. Saman mynda þessar lífverur líffélag. Allar tegundir plantna sem vaxa á tilteknu svæði kallast gróðursamfélag. Lífverur af sömu tegundi í viskerfi kallast einu nafni stofn. Tengslum innan vistkerfis er oft lýst með einföldum fæðukeðjum. Tengslin eru þó yfirleitt mun flóknari og er þeim þá lýst í fæðuvef sem er gerður úr mörgum tengdum fæðukeðjum.

Tenglar 
 
 https://vefir.mms.is/flettibaekur/namsefni/madurognattura/

Tilvísanir

Vistfræði

Vistkerfi
Líffræði",Með hvaða hætti eru tengsl lífvera innan vistkerfis lýst?,"{'answer_start': array([2424], dtype=int64), 'text': array(['með einföldum fæðukeðjum'], dtype=object)}"
https://is.wikipedia.org/wiki/Dj%C3%BApal%C3%B3nssandur,Djúpalónssandur,"Djúpalónssandur er bogamynduð. grunn vík, með sandi í botni og klettakví þar upp af. Vík þessi er með ströndinni milli Einarslóns og Dritvíkur, fyrir neðan Beruvíkurhraun og fyrir vestan Purkhóla á vesturströnd Snæfellsness. Hraunið gengur í sjó fram og djúpar gjár ganga inn í það þar sem brimið étur sig inn í hraunið. Við sandinn er sérkennilegur klettur sem kallast Gatklettur og við hann er tjörnin Svörtulón. Djúpalónssandur var verstoð og þar þótti reimt og heitir hellir einn þar Draugahellir. Djúpalónssandur er um 10 km frá Hellnum. Þarna er einnig Tröllakirkja, sérkennileg hellisglufa inn í hamravegginn.

Vinsæl og auðveld gönguleið liggur  á milli Djúpalónssands og Dritvíkur. Hún er tæplega 1 km. Á Djúpalónssandi eru steintök sem vermenn reyndu afl sitt á, en til þess að fá pláss á báti þurfti viðkomandi að geta lyft í það minnsta steininum Hálfdrættingi. Fjórir aflraunasteinar liggja undir Gatkletti þegar komið er niður á sandströndina. Þeir eru Fullsterkur 155 kg, Hálfsterkur 100 kg, Hálfdrættingur 49 kg og Amlóði 23 kg. Frá aflraunasteinum þessum er stutt yfir í sjálfa víkina og þar fyrir ofan malarkambinn eru ferskvatnslón þau tvö og djúp sem víkin dregur nafn sitt af. 

Breski togarinn  Epine GY 7 frá Grimsby fórst fyrir utan Djúpalónssand í mars 1948 og liggur járn úr skipinu á við og dreif um sandinn. Fimm skipsverjar lifðu slysið af en 14  fórust.

Heimildir 
 Landslagslýsing (undir jökli) 
 Gönguleiðir
 Vesturland
 
 
 

Strendur á Íslandi
Snæfellsbær",Hvað er langt frá Djúpalónssandi að Hellnum?,"{'answer_start': array([521], dtype=int64), 'text': array(['um 10 km'], dtype=object)}"
https://is.wikipedia.org/wiki/Gr%C3%A6nf%C3%B3%C3%B0ur,Grænfóður,"Grænfóður er samheiti yfir jurtir af krossblómaætt og grasaætt sem notaðar eru sem fóður eða beit fyrir búfénað. Það er gjarnan nýtt sama ár og því er sáð. Grænfóðurrækt hófst á síðustu öld og jókst eftir seinni heimsstyrjöld. Grænfóður hentar vel til nytaukningar hjá kúm og til haustbötunar lamba. Grænfóðurrækt er einnig æskilegur liður í endurræktun túna. Grænfóður er að einhverju leyti slegið en mest notað til beitar. Við slátt er það oftast verkað í rúllur eða gefið strax, t.d. á haustin þegar kýrnar hafa verið bundnar inn. Þá er það einnig notað við núllbeit.

Jarðvinnsla 
Við ræktun grænfóðurs verður að huga að góðri jarðvinnslu. Æskilegast er að plægja jarðveginn og herfa. Í stykkjum sem lengi hafa verið notaðar til ræktunar grænfóðurs eru birgar af illgresisfræjum og er því mikilvægt að plægja þau niður til að draga úr sprettu illgresisins. Búfjáráburði er hentugt að dreifa í grænfóðurflög og er hann líka plægður niður. Passa verður að fínvinna jarðveginn ekki um of, því hentar á fæstum stöðum að tæta jarðveginn nema þar sem áður var tún (til að losna við mestu torfurnar). Næst er sáð, ýmist með sáðvél eða kastdreifara. Tilbúnum áburði er dreift um leið eða stuttu síðar. Að lokum er valtað yfir til að fræin og moldi rjúki síður í burtu og til að halda jarðvegsrakanum að fræjunum.

Helstu tegundir 
Helstu tegundir grænfóðurs eru:

Af grasaætt:
 Rýgresi
 Bygg (ekki til kornþroska)
 Hafrar (ekki til kornþroska)
 Rúgur (ekki til kornþroska)

Af krossblómaætt:
 Repja, bæði sumar og vetrarafbrigði
 Næpa
 Nepja
 Mergkál",Hverju er notað til grænfóðurræktunar?,"{'answer_start': array([1121], dtype=int64), 'text': array(['sáðvél eða kastdreifara'], dtype=object)}"
https://is.wikipedia.org/wiki/B%C3%BAna%C3%B0arb%C3%A1lkur,Búnaðarbálkur,"Búnaðarbálkur (Latína Georgica) er kvæði í fjórum bókum eftir rómverska skáldið Virgil, sem samið var á árunum 37-29 f.Kr. Að forminu til er kvæðið fræðslukvæði um sveitalífið og sækir að því leyti innblástur til Hesíódosar, Aratosar, Níkandrosar, Lucretiusar og fleiri skálda.

Alls er kvæðið 2188 ljóðlínur undir sexliðahætti. Fyrstu tvær bækurnar fjalla einkum um akuryrkju, þriðja bók um nautgriparækt og annan búfénað og fjórða bók um býflugnabúskap. Fræðimenn eru ekki á einu máli um túlkun kvæðisins en flestir eru sammála um að kvæðið fjalli að verulegu leyti um mannlegt samfélag, ekki síst sá hluti fjórðu bókar sem lýsir samfélagi býflugnanna. Í kvæðinu eru nokkrar tilvísanir til Octavíanusar Ágústusar en kvæðið er tileinkað Maecenasi, vini Ágústusar og stuðningsmanni Virgils. Virgill og Maecenas eru sagðir hafa lesið kvæðið fyrir Ágústus er hann lá veikur sumarið 29 f.Kr.

„Tíminn flýgur“ (latína: „tempus fugit“) kemur fyrst fyrir í 284. erindi þriðju bókar Búnaðarbálks, en orðrétt stóð þar: Sed fugit interea fugit irreparabile tempus, sem mætti þýða sem „en hann flýr á meðan, óbætanlegur tíminn flýr“.

Latneskur kveðskapur",Hver er höfundur Búnaðarbálksins?,"{'answer_start': array([80], dtype=int64), 'text': array(['Virgil'], dtype=object)}"
https://is.wikipedia.org/wiki/Fran%C3%A7ois%20Hollande,François Hollande,"François Gérard Georges Nicolas Hollande (fæddur 12. ágúst 1954) var 24. forseti Frakklands og gegndi þeirri stöðu frá þeim 15. maí 2012 til 14. maí 2017. Hann tilheyrir Sósíalístaflokknum. Hollande er fæddur í borginni Rúðuborg í Frakklandi. 

Hollande hóf stjórnmálaferil sinn sem ráðgjafi hins nýkjörna François Mitterrand Frakklandsforseta og gerðist síðar aðstoðarmaður talsmanns Mitterrand-stjórnarinnar, Max Gallo. Hann var kjörinn á franska þjóðþingið árið 1988 og varð fyrsti ritari franska Sósíalistaflokksins árið 1997. Eftir að sósíalistar unnu héraðskosningar í Frakklandi árið 2004 var Hollande orðaður við forsetaframboð og sagði því af sér sem aðalritari. Hann var kjörinn til að taka við forsetaembætti franska héraðsráðsins í Corrèze af Jean-Pierre Dupont árið 2008. Árið 2011 tilkynnti Hollande að hann yrði forsetaframbjóðandi Sósíalistaflokksins í kosningunum árið 2012. Hann vann tilnefningu flokksins og sigraði sitjandi forseta Frakklands, Nicolas Sarkozy, í forsetakosningunum þann 6. maí 2012 með 51.7% greiddra atkvæða.

Á forsetatíð sinni lögleiddi Hollande hjónaband samkynhneigðra, dró franska hermenn út úr stríðinu í Afganistan, og gerði samninga um stefnu Evrópusambandsins við Þýskaland. Forsetatíð hans einkenndist einnig af hryðjuverkum sem framin voru í Frakklandi, sérstaklega skotárásinni á Charlie Hebdo í janúar 2015, hryðjuverkaárásum í París í nóvember sama ár og árás í Nice á Bastilludag árið eftir. Hollande sendi einnig franska hermenn til Malí og Mið-Afríkulýðveldisins með samþykki öryggisráðs Sameinuðu þjóðanna til þess að koma á stöðugleika í ríkjunum. Almennt eru hernaðaraðgerðir Frakka í þessum löndum taldar hafa skilað góðum árangri. Hins vegar var Hollande gagnrýndur, sérstaklega af vinstrisinnuðum stuðningsmönnum sínum, fyrir að styðja inngrip Sáda í borgarastyrjöldina í Jemen. Á valdatíð Hollande varð Frakkland einnig vinsælasti ferðamannastaður í heimi og stutt var við frjálsa verslun og takmörkun á ríkisafskiptum af fjármálum. Loftslagsráðstefna Sameinuðu þjóðanna var haldin í París árið 2015 og Hollande tókst að fá samþykki fyrir því að Sumarólympíuleikarnir 2024 verði haldnir í borginni.

Atvinnuleysi varð hins vegar mikið í stjórnartíð Hollande og náði allt að tíu prósentum í desember árið 2016. Auk þess leiddu innanríkisvandamál vegna hryðjuverkaárása til þess að vinsældir Hollande tóku miklar sveiflur uns hann var orðinn einn óvinsælasti forseti í sögu Frakklands. Þann 1. desember 2016 tilkynnti Hollande að hann myndi ekki sækjast eftir endurkjöri í forsetakosningum ársins 2017 og lýsti síðar yfir stuðningi við Emmanuel Macron, sem vann kosningarnar og tók við af Hollande sem forseti sama ár. Hollande er fyrsti forseti fimmta lýðveldisins sem hefur látið af störfum eftir eitt kjörtímabil án þess að sækjast eftir endurkjöri.

Tilvísanir

Hollande, François
Trúleysingjar",Hvað var atvinnuleysi mikið á forsetatíð François Hollande?,"{'answer_start': array([2236], dtype=int64), 'text': array(['tíu prósentum'], dtype=object)}"
https://is.wikipedia.org/wiki/Atari,Atari,"Atari Inc var bandarískt fyrirtæki stofnað af Nolan Bushnell og Ted Dabney 27 júní 1972 og var það einn af fyrstu framleiðendum leikjatölva í heiminum. Nolan Bushnell seldi fyrirtækið til Warner Communications árið 1976. Árið 1984 var hugbúnaðar og spilakassadeildir fyrirtækisins teknar út og stofnað nýtt fyrirtæki í kring um þær kallað Atari Games sem var selt til Namco ári seinna. Aðalreksturinn var hinnsvegar seldur Idek Tramielski (eða Jack Tramiel) að mestu leiti og var fyrirtækið endurnefnt Atari Corp. Atari Corp var lagt niður 1996 og eignir fyrirtækisins teknar yfir af JTS. Hasbro Interactive keypti síðan vörumerkið af JTS árið 1998. Árið 2001 eignaðist Infogrames að lokum vörumerkið þegar það tók yfir eignir Hasbro Interactive. Infogrames tilkynnti svo í maí 2009 að nafni Infogames yrði breytt og hér eftir kallast Atari SA.

Leikjatölvur

Leikjatölvur

ATARI Pong  (1975-1977) 

Pong kom á markaðinn árið 1975 og var heimilisúgáfa af Pong spilakassanum sem Atari gaf út árið 1972. Var Pong fyrsta sérhæfða leikjavélin fyrir heimili sem Atari gaf út en tækið var tengt við venjuleg sjónvörp. Við hönnun á vélinni var notast við nafnið ""Darlene"" en slíkar nafnagiftir áttu eftir að verða notaðar á margar vélar sem Atari gerði. Fyrsta árið sem vélin var í sölu var hún aðeins fáanleg undir nafninu Tele-Games Pong og var seld í verslunum Sears í Bandaríkjunum. Mörg af þeim fyrirtækjum sem seinna meir áttu eftir að verða stór nöfn sáu hve vélin seldist vel og settu á markaðinn vélar sem svipaði til Pong, en þar má nefna fyrirtæki eins og Konami, sem gaf út sinn fyrsta leik sem kallaðist Maze. Nintendo gerðu einnig sína eigin útgáfu af Pong fyrir heimamarkaðinn. Atari átti eftir að gefa út nokkrar útgáfur af Pong næstu árin, svo sem Pong Doubles og Super Pong sem báðar komu út árið 1976. Árið 1977 komu svo Super Pong Pro-Am, Super Pong Pro-Am Ten, Ultra Pong og Ultra Pong Doubles. Leikurinn Pong var hannaður af Allan Alcorn og heimilisútgáfan var hönnuð af Allan Alcorn og Harold Lee.

ATARI Stunt Cycle  (1977) 
Atari gaf út Stunt Cycle á sama tíma og Evel Knievel faraldur gekk yfir Bandaríkin, en var leikurinn fyrst gefinn út í spilakassa. Einnig var gerð sérhæfð heimilisútgáfa af Stunt Cycle og innihélt hún fjórar mismunandi útgáfur af leiknum, en þær voru Stunt Cycle, Motocross, Enduro og DragRace. Í leiknum var spilendum gert kleypt að framkvæma sín eigin áhættustökk. Lengi stóð til að gera útgáfu af leiknum fyrir Atari 2600 leikjatölvuna, en var hann aldrei kláraður. Leikurinn var hannaður að Bob Polari.

ATARI Video Pinball  (1977-1978) 
Atati gaf einnig út sérhæfða leikjavél fyrir Video Pinball árið 1977 en vélinni var fyrst og fremst ætlað að selja hinn vinsæla Breakout leik inn á heimili. Í vélinni voru í raun þrír mismunandi leikir sem voru Video Pinball í fjórum mismunandi útgáfum, ásamt Baskeball, og svo hinum fornfræga Breakout í tveimur útgáfum, hinum seinni kallaður Break Away. Vélin var fáanleg í þrem mismunandi útgafum sem voru allar eins, fyrir utan útlitið. Fyrsta vélin var fáanleg svört með viðarlit, en seinna kom svo út önnur útgáfa með rjómahvítum lit. Þriðja útgáfan var svo seld í Sears og kallaðist Sears Pinball Breakaway. Video Pinball leikirnir áttu seinna meir eftir að vera fáanlegir á Atari 2600.

ATARI VCS 2600  (1977-1992) 

Atari VCS eins og hún hét upprunalega en er betur þekkt í dag sem Atari 2600, var raunverulega fyrsta leikjatölvan sem Atari markaðsetti sem var ekki sérhæfð leikjatölva. Við þróun vélarinnar var vélin kölluð ""Stella"". Atari 2600 gat spilað mismunandi leiki með því að skipta út leikjum á þar tilgerðum leikjakubbum, sem innihéldu leikina. Fram til ársins 1975 hafði það reynst þrautinni þyngra, en með tilkomu MOS 6502 örgjörvans árið 1975 breytist það. Strax árið 1975 hóf Atari þróun á vélinnni og kom hún út í takmörkuðu upplagi sumarið 1977. Það var svo loks haustið 1977 sem vélin var gefin út á heimsvísu. Vélin seldist þó ekki í takt við vonir Atari til að byrja með og var það í raun ekki fyrr en Atari gerði samning við Namco um útgáfu af Space Invaders fyrir vélina sem salan hófst fyrir alvöru. Atari tók þá ákvörðun í framhaldi að tryggja það að leikir sem voru vinsælir í  spilakössum skildu koma út fyrir vélina. Atari 2600 átti eftir að koma út í þó nokkrum útgáfum á líftíma sínum en vélin var framleidd í einu eða öðru formi allt fram til ársins 1992, en vel rúmlega 30 milljón eintök hafa selst af vélinni. Eldri eintök af vélunum eru alltaf þekkjanlegar vegna viðarlits framan á vélunum, en endurhannaðar seinni útgáfur af vélinni er oftast þekktar undir nafninu Atari 2600 Jr.

ATARI Touch Me (1978) 
Atari Touch Me er lítil leikjavél og sú fyrsta sem Atari framleiddi sem hægt var að halda á og ferðast með. Vélin er hönnuð eftir spilakassa sem Atari gaf upprunlega út árið 1974. Auðveldast er að lýsa vélinni sem ""Simon Says"" leikjatölvu þar sem fjórir mismunandi litaðir takkar lýsast upp og spila hver sinn tón í ákveðinni röð sem síðan þarf að herma eftir. Í hvert skipti sem röð er kláruð bætist við nýr tónn í röðina. Leiknum lýkur svo þegar spilarinn gerir mistök eða klárar tónaröðina.

ATARI 5200 SuperSystem  (1982-1984) 

Atari 5200 kom út árið 1982 og var henni ætlað að taka við af hinni vinsælu Atari 2600. Upprunlega höfðu Atari 400 og Atari 800 tölvurnar sem komu út árið 1979 verið þróaðar sem arftaki af Atari 2600, en þeim var á endanum breytt í heimilistölvur þar sem Atari ákvað að keppa á þeim markaði í ljósi vindsælda heimilitölva svo sem Commodore Pet, Apple 2 og Tandy TRS80. Atari tók þó seinna þá ákvörðun að gefa út nýja leikjatölvu og var hún hönnuð með svipuðu innvolsi og heimilistölvurnar og hlaut hún  nafnið ""Pam"" í þróunarferlinu. Atari 5200 var þó ekki samhæfð við heimilistölvurnar og virkuðu leikir framleiddir fyrir Atari 400/800 ekki fyrir Atari 5200. Vélin var heldur ekki samhæfð við Atari 2600 leiki og leiddi til þess að ný úgáfa af vélinni kom út, en sú útgáfa af vélinni gat spilað Atari 2600 ef notast var við millistykki sem Atari gaf út, þekkt sem Atari VCS Cartridge Adaptor. Leikjaúrval vélarinnar að miklu leiti sömu leikirnir og fyrir hina eldri Atari 2600, nema með uppfærði grafík og hljóði, en margir leikjanna voru orðnir gamlir og ekki lengur eins vinsælir og þeir höfðu áður verið. Atari ákvað árið 1984 að hætta framleiðslu á vélinni og þess í stað einblína á gerð nýrrar leikjatölvu sem þegar var í þróunn, og leiðrétta þannig þau mistök sem voru gerð við hönnun á Atari 5200. Atari 5200 seldist aðeins í um milljón eintökum og var hún aldrei markaðsett fyrir utan Bandaríkin. Árið 1983 og 1984 varð algert hrun í sölu á leikjum og leikjavélum í Bandaríkjunum og hefur Atari 5200 ávallt verið talin eitt helsta fórnarlamb hrunsins.

ATARI 7800 ProSystem  (1986-1992) 

Atari 7800 hafði verið í hönnun árin 1983-1984 en hún var fyrsta Atari vélin sem var hönnuð utan fyrirtækisins. Stóð til að gefa hana út í júní árið 1984, og reyndar var hún fáanleg í takmörkuðu upplagi það ár. Atari 7800 var samhæfð við alla Atari 2600 leiki sem fáanlegir voru og var það gert vegna þess hve neikvæð viðbrögð neytenda höfðu verið þegar Atari 5200 kom á markaðinn. Seinkun varð hinsvegar til þess að vélin kom ekki á markað á tilsettum tíma og þá vegna sölu á Atari til nýrra eigenda. Í framhaldi  þurfti að endurskoða ýmsa samningu sem lutu að gerð vélarinnar. Að lokum tveimur árum seinna árið 1986 kom vélin loks út fyrir almennan markað bæði í Bandaríkjunum og Evrópu. Vélin var í harðri samkeppni við Nintendo Entertainment System og Sega Master System sem þegar höfðu komið á markaðinn. Leikjaúrval Atari 7800 var ansi dræmt fyrsta árið og fyrst og fremst endurgerðir á eldri leikjum sem þegar höfðu verið til fyrir aðrar Atari. Vélin seldist þó ágætlega og var fáanleg allt fram til ársins 1992. Um 3.5 milljónir eintaka seldust af vélinni. Í Bandaríkjunum er vélin þekkt sem Atari 7800 ProSystem en í Evópu og annarstaðar er hún kölluð einfaldlega Atari 7800.

ATARI  Lynx  (1989-1995) 

Atari hafði árið 1978 gefið út litla leikjatölvu sem hægt var að halda á og kallaðist Touch Me. Síðan þá hafði Atari látið slíkar vélar vera, en árið 1989 breyttist það þegar Atari setti á markaðinn hina 16 bita Atari Lynx. Upprunlega var vélin hönnuð af fyrirtæki sem hét Epyx og var kölluð Handy Game. Epyx átti ekki möguleika á að markaðssetja vélina vegna rekstrarörðugleika og leitaði því eftir fyrirtækjum sem höfðu burði til að annast framleiðslu og markaðssetningu. Epyx hafði samband við nokkur fyrirtæki þar á meðal Nintendo og Sega, en hvorug þeirra hafði áhuga. Að lokum var gerður samningur við Atari, og sá Atari um framleiðslu og markaðssetningu á vélinni undir Atari Lynx nafninu. Stuttu seinna fór Epyx í gjaldþrot og eignaðist Atari þá hönnunina. Vélin var upprunalega gerð af hönnuðum sem unnu við þróun Commodore Amiga tölvunnar og þurfti Atari að notast við Commodore Amiga vélar við þróun á leikjum fyrir Atari Lynx. Salan á Atari Lynx hófts ágætlega en náði þó aldrei himinháðum hæðum. Tveirum árum eftir útgáfu vélarinnar höfðu selst um 800.000 þúsund stykki. Vélin var endurhönnuð árið 1991 og gefin út Atari Lynx II með betri endingu á rafhlöðum og var minni og handhægari. Atari Lynx var langt á undan sinni samtíð og var vélin seld alveg fram til ársins 1995, en áætlað að um 7 milljónir eintaka hafi selst af vélinni.

ATARI Jaguar (1993-1996) 

Hönnun á Atari Jaguar hófst tveimur árum fyrir útgáfu vélarinnar, en fyrirtækið Flare Technology voru fengnir til að hanna tvær tölvur fyrir Atari, annarsvegar Atari Panther sem keppa skildi við Super Nintendo og Sega Megadrive, og hinnsvegar Atari Jaguar sem átti að vera fullkomnari en allar aðrar leikjavélar á markaðinum. Þróun á Atari Jaguar var hinsvegar það hröð að hætt var við gerð á Atari Panther og útgáfudegi Atari Jaguar flýtt. Vélin kom svo út í lok árs 1993. Atari lenti strax í erfiðleikum með vélina en erfitt þótti að þróa leiki á vélina þar sem hún þótti töluvert flókin. Fáir aðilar gerðu þar af leiðandi leiki fyrir vélina og ekki var mikið um gerð leikja heldur innan Atari. Aðeins voru gefnir út 67 leikir fyrir vélina á líftíma hennar og gerði Atari tilraun til að framlengja hann með því að gefa út Atari Jaguar CD geisladrif og lækka verðið en allt kom fyrir ekki. Að lokum þegar Sega Saturn og Sony Playstation komu á markaðinn var ljóst að dagar Atari Jaguar voru taldir. Aðeins seldust um 250.000 eintök af vélinni og varð hún ein af ástæðum þess að Atari var tekið til gjaldþrotaskipta árið 1996 og selt. Atari Jaguar hefur þann vafasama heiður að vera síðasta tölvan sem Atari framleiddi og seldi.

Heimilistölvur 8 bita

Heimilistölvur

ATARI 400 og ATARI 800 (1979-1983) 

Upphaf Atari 400/800 má rekja aftur til apríl 1977 þegar Apple II kom á markaðinn. Atari tók þá ákvörðun að hefja þróun á heimilstölvu. Stella sem kom seinna út á árinum sem Atari VCS var grunnurinn að þeirri hönnun. Undir lok ársin 1977 var þróunferli vélarinnar hrundið af stað af fullri alvöru. Ákveðið var að gera 3 útgáfur af vélinni og fengu þær nafnið ""Colleen"" sem seinna varð að Atari 800, Candy sem varð að Atari 400, og ""Elizabeth"" sem aldrei kom út, en sú vél átti að vera með 13"" skjá. Upprunalega var ""Candy"" hugsuð sem arftaki af Atari VCS, sem leikjatölva með engu lyklaborði en seinna var fallið frá þeirri hugmynd og kom vélin út með snertilyklaborði. Í nóvember 1979 komu vélarnar svo loks á markað sem Atari 400 og Atari 800. Atari 400 var hugsuð sem blanda af leikjatölvu og heimilistölvu og innihélt 8k minni sem var þó fljótlega aukið í 16k, á meðan Atari 800 sem var hugsuð sem heimilistölva fyrst og fremst innihélt 16k sem var einnig uppfært fljótlega og þá í 48k.  

 
 1200XL
 600XL
 800XL
 65XE
 130XE
 800XE
 XE einnig þekkt sem XEGS

16/32 Bita einkatölvur
 ST
 STF
 STFM
 Mega ST
 STE
 Mega STE
 TT
 Stacy
 Falcon

32 Bita Vinnustöðvar
 Abaq (einnig kölluð Atari Transputer Workstation eða Atari ATW 800)
 TT Unix Workstation

Tenglar 

www.atari.com

Bandarísk fyrirtæki
Bandarískir tölvuframleiðendur
Tölvuleikjafyrirtæki",Hvenær var Atari Lynx fyrst gefið út?,"{'answer_start': array([7962], dtype=int64), 'text': array(['1989'], dtype=object)}"
https://is.wikipedia.org/wiki/Gu%C3%B0mundur%20J%C3%B3nsson%20%28knattspyrnu%C3%BEj%C3%A1lfari%29,Guðmundur Jónsson (knattspyrnuþjálfari),"Guðmundur Jónsson (20. júní 1930 – 23. júní 2017) var íslenskur knattspyrnumaður og þjálfari. Hann lék með Knattspyrnufélaginu Fram og þjálfaði fjölda kappliða félagsins um langt árabil.

Ævi og störf 

Guðmundur fæddist í Reykjavík, sonur Jóns Guðjónssonar sem var liðsmaður Fram og síðar heiðursfélagi. Hann hóf ungur að iðka knattspyrnu og lék sinn fyrsta meistaraflokksleik árið 1949, átján ára að aldri. Hann varð annar tveggja markahæstu manna á Íslandsmótinu það ár, með fjögur mörk. Hann neyddist til að leggja skóna á hilluna árið 1954 vegna bakmeiðsla og sneri sér þá að þjálfun.

Um langt árabil var Guðmundur yfirþjálfari allra yngri flokka Fram í knattspyrnu, sem voru afar sigursælir enda félagssvæðið fjölmennt. Hann var jafnframt húsvörður og umsjónarmaður félagsheimilis Fram ásamt eiginkonu sinni.

Árið 1962 tók Guðmundur við þjálfun meistaraflokks Fram og leiddi liðið til sigurs í fyrstu tilraun. Hann þjálfaði Framliðið næstu tvö árin en tók sér þá hlé frá þjálfun meistaraflokks. Hann sneri aftur árið 1970 og gerði Fram að bikarmeisturum og Íslandsmeisturum tveimur árum síðar. Guðmundur þjálfaði meistaraflokkinn sumarið 1973 og árin 1975 og 1976 í samstarfi við Jóhannes Atlason. Hann þjálfaði meistaraflokk Fram í síðasta sinn sumarið 1978. Afskiptum hans af yngriflokkaþjálfun lauk árið 1985 þegar hann gerði 2. flokk Fram að tvöföldum meisturum.

Guðmundur var um skeið þjálfari unglingalandsliðs Íslands og var sæmdur heiðurskrossi KSÍ árið 2007. Árið eftir var hann gerður heiðursfélagi í Fram.

Íslenskir knattspyrnuþjálfarar
Fólk fætt árið 1930
Íslenskir knattspyrnumenn",Hvenær hóf Guðmundur störf sem þjálfari meistaraflokks Fram í fyrsta skipti?,"{'answer_start': array([822], dtype=int64), 'text': array(['1962'], dtype=object)}"
https://is.wikipedia.org/wiki/Fionn%20Mac%20Cumhaill,Fionn Mac Cumhaill,"Fionn Mac Cumhaill (einnig ritað Finn eða Find mac Cumail eða mac Umaill, borið fram „Finn mac Cool“, [fɪnː mak kul]) var goðsagnakenndur veiðimaður og bardagamaður í Írskum þjóðsögum, en sögur af honum voru einnig þekktar í Skotlandi og á Mön. Sögur af Fionn og fylgismönnum hans, Fianna, eru skráðar í Fianna sögunum (e. Fenian cycle eða Ossianic Cycle. i. Fianaigecht). Fianna sögurnar eru að mestu sagðar frá sjónarhorni sonar Fionn, Oisín, sem var skáld. Fenian bræðralagið dregur nafn sitt af þessum þjóðsögum.

Fionn var gæluheiti sem þýðir „fölur“, „hvítur“ eða „bjartur“. Í æsku hét hann Deimne og í nokkrum frásögnum er sagt frá því hvernig hann öðlaðist gælunafn sitt þegar að hár hans varð hvítt langt fyrir aldur fram. Hann er líklega tengdur við Velsku goðsagnapersónuna Gwyn ap Nudd.

Þjóðsagan

Fæðing 
Fionn var sonur Cumhal, sem var leiðtogi fianna reglunnar, og Muirne, dóttir drúidans Tadg mac Nuadat sem bjó á hæðinni Almu í Kildare sýslu. Cumhal nam Muirne á brott eftir að faðir hennar neitaði að leyfa sér að giftast henni, og Tadg leitaði ráða til hákonungsins yfir Írlandi, Conn Cétchathach (Hundrað bardaga-Conn), sem gerði hann að útlaga. Bardaginn við Cnucha var háður milli Conn og Cumhal, og Cumhall var drepinn af Goll mac Morna, sem gerðist svo leiðtogi fianna reglunnar.

Þá var Muirne þegar orðin ólétt eftir samfarir hennar við Cumhal, þannig að faðir hennar afneitaði henni og fyrirskipaði að hún skyldi brennd á báli, en Conn bannaði það og setti hana undir verndarvæng Fiacal mac Conchinn. Kona Fiacals, drúidinn Bodhmall, var systir Cumhals. Í húsi Fiacals eignaðist hún son sem hún kallaði Deimne.

Nafnið Cumhal kann að vera komið af forn-Írska orðinu cumal, sem þýðir ambátt. Það kann að vera að einhvern tímann hafi Fionn verið sagður ambáttarsonur (mac cumal), áður en að virðingarmeiri uppruni var skáldaður fyrir hann.

Æska 
Muirne skildi Deimne eftir hjá Bodhmall og bardagakonunni Liath Luachra, en hún ól hann upp með leynd í Sliab Bladma skógi, og kenndi honum þar bardagalistir og veiðar. Þegar hann varð eldri gekk hann í hirðir ýmissa konunga undir fölsku nafni, en þegar að þeir báru kennsl á hann sem sonur Cumhals var honum skipað að fara, af ótta við að óvinir hans leituðu hann uppi. 

Fionn kynntist svo skáldinu Finneces við ánna Boyne og lærði kveðskap hjá honum. Finneces hafði eytt sjö árum í að reyna að veiða lax þekkingarinnar, sem bjó í ánni, en sagt var að hver sá sem æti laxinn myndi hljóta alla þekkingu heims. Að lokum náði hann að veiða laxinn, og sagði Fionn að elda hann fyrir sig. Fionn brenndi sig við matreiðsluna, og setti brennda þumalputtann í munn sinn, og át óvart hluta af roði laxins. Þannig fékk hann vísdóm laxins, en upp frá þessu gat hann kallað til sín vísdóm á örlagastundum með því að sjúga á þumal sinn.

Ámóta frásagnir af viskuþumalnum eru til í íslendingasögum, enskum fornsögum og í finnsku fornvísunni Kalevala. Einnig kemur sama minni fyrir í velsku sögunni um Gwion Bach, en hugsanlegt er að sögurnar eigi sér sameiginlega rót.

Valdatakan 
Á hverju ári í 23 ár kom eldspúandi álfadís að nafni Aillen á Samhain (1. nóvember), og svæfði alla mennina í Tara með tónlist og brenndi svo kastalann til grunna. Fianna reglan, sem Goll mac Morna stýrði, gat ekkert gert til þess að varna því. Fionn kom til Tara, vopnaður með galdravopnum í poka úr fuglaskinni. Hann hélt sér vakandi með því að halda spjótsoddi sínum undir hausnum á sér, þannig að ef að hann sofnaði hrökk hann upp þegar hann rakst á oddhvassa spjótið, og drap svo Aillen með spjótinu. Eftir að hann drap Aillen var hann viðurkenndur sem sonur Cumhal. Goll vék úr stóli og Fionn tók við sem leiðtogi Fianna reglunnar.

Í sumum frásögnum er fjallað um samskipti Fionn og Goll, en vinátta þeirra var ótraust og þeir lentu oft upp á móti hvor öðrum.

Seinna heimtaði Fionn bætur af Tadg fyrir morðið á föður sínum, og hótaði stríði eða einvígi ef að hann neitaði. Tadg bauð honum heimili sitt, hæðina Almu, sem skaðabætur, og Fionn þáði það.

Bardagi risanna 

Mörg landfræðileg fyrirbrigði á Írlandi eru tengd við Fionn Mac Cumhail. Í sumum yngri frásögnum er Fionn risi, og í deilum sínum við risa í Alba (nú þekkt sem Skotland) tók hann hluta úr Írlandi til þess að kasta í mótherja sinn. Hann varpaði aurhnettinum í mótherja sinn, en hann dreif ekki yfir Írlandshaf og klumpurinn varð að eyni Mön, en holan sem varð eftir varð Lough Neagh.

Í annarri tilraun til þess að há einvígi við mótherja sinn í Alba byggði hann stuðlabergsbrúnna Giants Causeway frá Írlandi til Skotlands, til þess að hann gæti barist við andstæðinginn án þess að blotna í fæturna.

Fingalshellir í Skotlandi er einnig nefnt eftir honum, en í hellinum eru sexhyrndar súlur úr basalti.

Ástir 
Fionn kynntist frægustu föstukonu sína, Sadbh, þegar hann var að veiðum. Drúidinn Fer Diorich hafði breytt henni í hreindýr, en hundar Fionns, Bran og Sceolang, sem höfðu sjálfir eitt sinn verið mennskir, áttuðu sig á því að hún væri mennsk, og Fionn hlífði henni. Hún breyttist aftur í fallega konu, sem Fionn giftist og gerði ólétta. Fer Diorich kom aftur seinna og breytti henni aftur í hreindýr, og hún hvarf á brott. Sjö árum síðar hitti Fionn son þeirra, Oisín, sem varð einn af mestu hetjum fianna reglunnar.

Í einni frægustu sögunni hafði hákonungur Írlands, Cormac mac Airt, lofað Fionn dóttur sína, Gráinne, en Gráinne féll fyrir öðrum meðlimi fianna reglunnar, Diarmuid Ua Duibhne, og þau stungu af saman með Fionn á hælunum. Fósturfaðir Diarmuids, guðinn Aengus, aðstoðaði þau við flóttann. Mörgum árum síðar voru Fionn og Diarmuid á veiðum og bráðin stangaði Diarmuid alvarlega. Vatn sem var drukkið úr höndum Fionn hafði lækningarmátt, en þegar Fionn safnaði vatni lét hann það vísvitandi leka á milli puttanna sína áður en að hann færði Diarmuid það. Sonur hans, Oisín, og sonarsonur hans, Osgur, hótuðu honum og sögðu honum að vera heiðarlegur, en það var um seinan, því Diarmuid dó skömmu síðar.

Dauði 
Ýmsar misjafnar sögur segja af dauða Fionns, en vinsælustu frásagnirnar segja að hann sé í raun ekki dauður, heldur lifi enn góðu lífi í helli undir Dyflini, og mun hann koma þaðan til þess að bjarga Írlandi á mesta raunatíma þess.

Heimildir 
 Old irish stories and hero-lore, Daithí O hÓgain, Háskólaútgáfan, 2005.
 

Írskar þjóðsögur",Hver er merking gælunafnsins Fionn?,"{'answer_start': array([548], dtype=int64), 'text': array(['„fölur“, „hvítur“ eða „bjartur“'], dtype=object)}"
https://is.wikipedia.org/wiki/Kyn%C3%BE%C3%A1ttahatur,Kynþáttahatur,"Kynþáttahatur er að finna til andúðar á tilteknum hópi fólks sem skilgreindur er út frá kynþætti. Kynþáttahatur liggur oft þjóðernisátökum til grundvallar. 

kynþáttahatur er sú hugmynd að kynþættir mannkyns séu eðlisólíkir og eru þá sumir kynþættir taldir öðrum æðri. Vísindaleg kynþáttahyggja er söguleg undirrót rasisma en hann birtist oftast sem kynþáttahatur eða kynþáttafordómar og getur leitt til mismununar á grundvelli kynþáttar.  Greinarmunur er gerður á kynþáttahatri og útlendingaótta þótt hvort tveggja geti farið saman en útlendingaótti er andúð eða styggð gagnvart útlendingum eða framandi menningu, án kerfislegrar hugmyndafræði. Í daglegu tali er orðið rasismi notað um hverskyns mismunun gagnvart útlendingum, byggða á arfbundnum, útlitslegum, menningarlegum . Þá hefur orðið hversdagsrasismi einnig verið kynnt til sögunnar „til að sýna fram á hvernig kerfisbundinn rasismi endurnýjast að miklu leyti í gegnum rútínu eða hversdagslega hegðun, sem tekin er sem sjálfsögð í daglegu lífi“.

Saga 
Kynþáttahyggja lá til grundvallar kerfisbundinni mismunun í Bandaríkjunum á nítjándu öld og fyrri hluta þeirrar tuttugustu og Apartheid stefnunnar í Suður-Afríku. Kynþáttahyggja var einnig drjúgur hluti af hugmyndalegum grundvelli þjóðarmorða á borð við helförina og útrýmingu indíána í Ameríku og tengdist heimsvaldastefnu nánum böndum í Suður-Ameríku og Afríku, Asíu og Ástralíu. Hugmyndafræðileg kynþáttahyggja er alþjóðlega fordæmd af Mannréttindasáttmála Sameinuðu þjóðanna.

Kynþáttahyggja á Íslandi

Fjórða skýrsla Evrópunefndarinnar gegn kynþáttafordómum 
Evrópunefndin gegn kynþáttafordómum  (The European Commission against Racism and Intolerance, ECRI) var sett á laggirnar árið 1993. Nefndin skilar árlegri skýrslu til Evrópulanda um þau merki sem í löndunum má finna um kynþáttahyggju, ásamt ábendingum til stjórnvalda um úrbætur. Fjórða skýrsla nefndarinnar um stöðu mála á Íslandi kom út árið 2012. Er þar sagt að einhverjar framfarir hafi átt sér stað frá því nefndin skilaði þriðju skýrslunni árið 2007 en einnig gerðar eftirfarandi athugasemdir, meðal annarra:

 Ísland hafi ekki sett á laggirnar sérstaka stofnun til að berjast við mismunun „á grundvelli 'kynþáttar', hörundslitar, tungumáls, þjóðernis eða svæðisbundins uppruna.
 Minniháttar afbrot geti útilokað tilkall fólks til ríkisborgararéttar. Þá sé krafist kunnáttu í íslenskri tungu til að geta öðlast ríkisborgararétt, en fjárveitingar til íslenskunáms fyrir útlendinga hafi verið skertar.
 Í fjölmiðlum sé oft getið ríkisfangs eða uppruna fólks.
Börn innflytjenda hrekist frekar úr námi í menntaskólum en nemendur af íslenskum uppruna.
 Hælisleitendur geti enn ekki áfrýjað ákvörðunum í málum sínum til sjálfstæðs og óháðs úrskurðaraðila. Börn á skólaskyldualdri sem stödd eru í umsóknarferli um hæli hafi ekki öll aðgang að námi.
 Enn séu engin úrræði til að rannsaka ásakanir um misbeitingu lögregluvalds, óháð lögreglunni og ákæruvaldinu.

Þá er í tillögunum lögð sérstök áhersla á að yfirvöld styrki þjálfun lögregluliðs, ákæruvalds, dómara og lögfræðinga í að fást við mál sem snúa að rasisma og rasískri mismunun og hvernig bera megi kennsl á rasísk tilefni afbrota.

Tengt efni 
 Mannréttindi
 Hatursorðræða
 Íslenskir nasistar
 Aporofobia

Tenglar 
 Um birtingarmyndir dulinna fordóma og mismununar, skýrsla unnin af InterCultural Iceland 2012.
 „Staðalímyndir og sannleikur“, grein eftir Flavio Baroncelli í þýðingu Egils Arnarsonar, birtist í Nordicum-Mediterraneum: Icelandic E-Journal of Nordic and Mediteranean Studies

Tilvísanir 

en:Racism
Fordómar

Tengt efni
 Rasismi
 Kynþáttahyggja

Átök",Hvenær var Evrópuráðið gegn rasisma stofnað?,"{'answer_start': array([1703], dtype=int64), 'text': array(['1993'], dtype=object)}"
https://is.wikipedia.org/wiki/Amer%C3%ADskur%20f%C3%B3tbolti,Amerískur fótbolti,"Amerískur fótbolti, þekktur innan Bandaríkjanna og Kanada sem football sem þýðir fótbolti á íslensku, er hópíþrótt sem er þekkt fyrir mikla hörku þrátt fyrir að vera þaulskipulögð. Markmið leiksins er að skora sem flest stig með því að koma boltanum að marklínu andstæðingsins. Til þess að koma boltanum áfram má kasta honum, hlaupa með hann eða rétta hann öðrum liðsfélaga. Stig eru skoruð á marga vegu, m.a. með því að koma boltanum yfir marklínuna eða með því að sparka boltanum milli markstanganna. Sigurvegari leiksins er liðið sem skorað hefur flest stig að leik loknum. Stærsta deild í heimi sem spilar amerískan fótbolta er NFL-deildin í Bandaríkjunum.

Nafnið 

Mörgu fólki utan Bandaríkjanna og Kanada hefur þótt það skrýtið að íþrótt þar sem boltinn er aðallega snertur með höndunum skuli vera kölluð fótbolti. Einföld skýring er á því. Á seinni hluta 19. aldar var gerður greinarmunur á íþróttum sem spilaðar voru á hestum og þeim sem spilaðar voru á fótum. Fótbolti er spilaður á fótum, en ekki hestum, og orðið fótbolti festist við íþróttina.

Reglur

Leikvöllur og leikmenn 

Amerískur fótbolti er spilaður á rétthyrndum velli sem er 109,7 m (360 fet) á lengd og 48,8 m (160 fet) á breidd. Hliðarlínur vallarins eru yfirleitt breiðar og á enda vallarins, hvoru megin, eru marklínur sem eru 91,4 m (100 yd) frá hvor annarri. Svæðið handan marklínunnar kallast markteigur og er hann 9,14 m (10 yd) á lengd, en handan markteigsins er endalínan.

Stiku línur eru á vellinum hverja 4,6 metra (5 yd). Línurnar ganga þvert yfir völlinn og eru merktar með tölu og segir sú tala til um hversu langt er til næstu marklínu. Á hverjum 0,914 metrum (1 yd) eru tvö sett af smáum línum á miðjum vellinum. Innan þeirra lína verða leikmenn að hefja hverja sókn.

Fyrir aftan markteiginn standa tvær markstangir og eru 5,6 metrar (18,5 fet) á milli þeirra. Markstangirnar eru tengdar saman með þverslá sem er í 3,05 metra (10 fet) hæð yfir jörðu.

Hvort lið má hafa 11 leikmenn inn á vellinum í einu. Lið má þó skipta út eins mörgum leikmönnum og það vill ef nægur tími er fyrir hendi, t.d. eftir að leikhlé hefur verið tekið eða þegar sókn tekur enda. Þetta leiðir af sér að hver og einn leikmaður hefur frekar sérhæft hlutverk og geta rúmlega 46 mismunandi leikmenn tekið þátt í einum og sama leiknum í NFL deildinni. Hvert lið skiptir leikmönnum sínum í þrjú „lið“: Sókn, vörn og sérhæft lið. Þetta sérhæfða lið sér m.a. um vallarmörk, upphafsspark og spyrnur úr höndum leikmanns (e.: punt).

Lengd leikja 
Leikur í amerískum fótbolta samanstendur af fjórum 15 mínútna leikhlutum með hálfleik eftir 2. leikhluta og stutt leikhlé á milli annarra fjórðunga. Klukkan er stöðvuð við ýmsar aðstæður í leiknum, svo sem þegar leikmaður sem heldur á boltanum fer útaf vellinum, þegar leikhlé er tekið og ef sending liðstjórnandans fellur í jörðina áður en einhver nær að grípa hana. Það er jafnframt kölluð ófullkomin sending. Þetta leiðir af sér lengri leik og geta leikir staðið yfir í meira en 3 klukkutíma. Ef liðin standa jöfn að stigum eftir fjóra leikhluta er leikurinn framlengdur. Í NFL-deildinni er framlengingin einn 15 mínútna leikhluti og vinnur það lið sem skorar fyrst stig, jafnvel þó að annað liðið snerti ekki boltann. Ef ekkert lið skorar í framlengingunni endar leikurinn sem jafntefli. Í deildarkeppni NFL geta leikir endað með jafntefli en þegar komið er fram í umspil þarf alltaf að úrskurða sigurvegara og eru teknar jafn margar framlengingar og nauðsyn krefur.

Að færa boltann fram 

Í upphafi hverrar sóknar fær sóknarliðið 4 tilraunir (e:downs) til að koma boltanum áfram 9,14 metra (10 yd). Ef sóknarliðið nær að færa boltann fram um 9,14 metra (10 yd) fær það aftur 4 tilraunir og þegar það gerist er talað um að sóknin fái 1. tilraun. Ef að sókninni tekst ekki að koma boltanum fram 9,14 metra (10 yd) missir það boltann til andstæðingsins. Yfirleitt reyna lið ekki að koma boltanum áfram á 4. tilraun heldur spyrna þau boltanum úr höndum sér (punt) til að koma boltanum eins langt frá markteig sínum og mögulegt er. Ef boltinn er hinsvegar nógu nálægt markstöngunum reynir liðið að skora vallarmark. 

Boltinn er alltaf settur í leik með upphafskasti, nema í upphafi hvors hálfleiks eða eftir að lið fær stig. Framlínumenn (varnarmenn) stilla sér upp við ákveðna línu, línu þar sem að leikurinn stöðvaðist í síðustu hrinu, kölluð áflogalína, einn sóknarmaður, miðjumaðurinn, sendir (með upphafskasti) boltann til liðsfélaga, yfirleitt til liðstjórnandans. Þaðan geta menn valið um hvernig þeir vilja koma boltanum fram og eru tvær leiðir til þess:
	Að hlaupa með boltann. Einn liðsmaður réttir öðrum boltann, eða hleypur sjálfur með boltann fram.
	Að kasta boltanum. Einn liðsmaður, yfirleitt leikstjórnandinn, kastar boltanum fram völlinn í átt að liðsfélaga. Sóknin má aðeins kasta boltanum einu sinni fram á við og aðeins fyrir aftan áflogalínuna. Lið má hinsvegar kasta eða rétta boltann aftur á bak eins oft og það vill, og hvar sem það vill.

Tilraun endar og boltinn verður dauður ef að eitt af eftirfarandi gerist:

	Leikmaðurinn er neyddur á jörðina (tæklaður) eða framgangur hans er hindraður af leikmönnum í vörn hins liðsins (dæmt sérstaklega af dómara).
	Sending fram á við fer útaf vellinum eða lendir á jörðinni áður en hún er gripin. Það er kallað ófullkomin sending. Liðið byrjar leikinn á sömu áflogalínu og í hrinunni áður.
	Leikmaður sem heldur á boltanum stígur útaf vellinum.
	Annað liðið skorar.

Dómari flautar ávallt ef eitt af ofangreindu gerist og lætur vita að tilraun hefur lokið.

Í upphafi hverrar hrinu eru upplýsingar á stigatöflu sem að segja m.a. til um á hvaða tilraun liðið er. Til dæmis eru merkingar á sjónvarpsskjá svohljóðandi: „1st & 10“. Með þessu er átt við að liðið er á 1. tilraun og þarf að fara með boltann áfram um 10 yd (9,14 metra) til að fá aftur 1. tilraun. Ef að lengdin er meiri eða minni en 9,14 metrar (10 yd) er yfirleitt talað um „1st / 2nd / 3rd / 4th & long“  eða „1st / 2nd / 3rd / 4th & short“ eftir því hvað á við hvoru sinni. Ef það eru minna en 9,14 metrar (10 yd) að marklínununni er talað um „1st / 2nd / 3rd / 4th & Goal“. Stundum er talað um „2nd / 3rd / 4th & inches“ en það er þegar boltinn lendir rétt fyrir framan línuna sem hefði gefið liðinu fyrstu tilraun.

Breytingar á yfirráði boltans 

Sóknarliðið heldur boltanum þar til eitt af neðangreindu gerist:

	Liðið nær ekki að koma boltanum fram 9,14 metra (10 yd) í fjórum tilraunum. Vörnin fær boltann á þeim stað sem 4. tilraun sóknarliðsins lýkur.
	Sóknin skorar snertimark eða vallarmark. Liðið sem skorar þarf þá að spyrna boltanum aftur til hins liðsins. Það spark er yfirleitt kallað upphafsspark.
	Sóknin sparkar boltanum úr höndum sér (punt). Yfirleitt á þetta sér stað í 4. tilraun sóknar þegar sóknin vill koma boltanum eins langt frá sér og hún getur í stað þess að missa yfirráð af boltanum nálægt marklínu sinni.
	Varnarmaður kemst inní sendingu sóknar með inngripi. Sá varnarmaður sem grípur boltann má hlaupa með hann þangað til að boltinn er dæmdur dauður af dómara, greint er frá ástæðum þess að bolti er dæmdur dauður eru hér að ofan.
	Sóknarmaður missir boltann úr höndum sér, yfirleitt kallað klúður, og varnarmaður nær boltanum. Eins og þegar varnarmaður kemst inní sendingu sóknar má varnarmaður sem grípur klúðruðum bolta hlaupa með hann þar til boltinn er dæmdur dauður.
	Sóknarliðið nær ekki að skora eftir tilraun til vallarmarks. Varnarliðið fær þá boltann á þeim stað sem spyrnan var tekin. Ef að spyrnan var tekin innan 18,3 metra (20 yd) við markstangirnar fær varnarliðið boltann á 18,3 metra (20 yd) línu sinni.
	Sóknarmaður er tæklaður út af leikvellinum, missir boltann útaf vellinum eða brýtur ákveðnar reglur í eigin markteig en þetta gerist þó sjaldan. Þetta er yfirleitt kallað sjálfsmark (safety)
	Sóknarmarður klúðrar og missir boltann úr höndum sér (e:fumble) og boltinn fer útaf vellinum í markteig sóknarmannsins. Þetta er næstum það sama og sjálfsmark, nema engin stig reiknast og varnarliðið fær boltann á 18,3 metra (20 yd) línunni þeirra.

Að skora 
Lið getur skorað á eftirfarandi hátt:

	Snertimark: Snertimark gefur 6 stig. Það er skorað þegar leikmaður hleypur með boltann í markteig andstæðinganna.
	Eftir snertimark má lið reyna að fá 1 eða 2 viðbótarstig. Boltinn er settur á 2,74 metra (3 yd) línu hins liðsins eftir snertimarkið kjósi liðið  að reyna að komast aftur yfir snertimarklínuna og skora tveggja stiga mark eða á 15 yarda línuna kjósi liðið að sparka vallarmarki fyrir 1 stig, eða aukastig(extra point). Ef að liðið velur að skora vallarmark fæst 1 auka stig ef að það tekst, en ef að liðið velur að skora snertimark fær það 2 stig ef það tekst. Ef að vörnin tekst að komast inní sendingu sóknarliðsins með inngripi(interception) eða nær boltanum eftir að sóknarmaður klúðrar honum má vörnin reyna að skora snertimark en það snertimark gildir tvö stig. Sóknarlið fær ekkert stig ef því mistekst að skora snerti eða vallarmark.

	Vallarmark: Vallarmark gefur 3 stig. Það er skorað þegar boltanum er spyrnt í gegnum markstangir varnarliðsins. Yfirleitt er reynt að skora vallarmark ef að lið er nógu nálægt markstöngunum í 4. tilraun, eða þegar að lítill tími er eftir af leiknum. Í NFL deildinni í Evrópu (NFL Europa) gefa þeir 4 stig fyrir vallarmörk yfir 45,7 metra (50 yd).
	Sjálfsmark: Sjálfsmark gefur 2 stig. Vörnin ein getur látið sóknarliðið skora sjálfsmark. Þá er leikmaðurinn sem að heldur á boltanum neyddur í eigin markteig og tæklaður þar af varnarmanni, ef að hann klúðrar boltanum útaf vellinum í sinn eigin markteig er það líka talið sem sjálfsmark og einnig ef að vörnin nær að verja spyrnu sóknarliðsins og boltinn rúllar útaf á markteig sóknarliðsins. Ef að leikmaður varnarliðsins grípur inní sendingu sóknarliðs í eigin markteig og er tæklaður þar er ekki litið á það sem sjálfsmark sem gefur 2 stig, heldur sjálfsmark þar sem ekkert stig er gefið eins og talað er um hér fyrir ofan.

Upphafsspyrna og aukaspyrnur 
Hver hálfleikur hefst á upphafssparki. Lið þurfa líka að sparka upphafsspyrnum eftir að snertimark eða vallarmark er skorað. Í upphafssparki er boltanum sparkað frá 27,4 metra (30 yd) línu liðsins. Liðin mega nota sérstakan stall til að halda fótboltanum, en það mega þau hinsvegar hvorki í vallarmörkum né spyrnum úr höndum þeirra (punt). Hitt liðið fær þá að grípa boltann og reynir að koma honum eins langt fram og það getur. Ef að boltinn fer aftur fyrir endamörk, eða ef að leikmaður grípur boltann í eigin markteig og fer á hné, er litið á það sem sjálfsmark án stiga og fær liðið að hefja leik á 18,3 metra (20 yd) línunni sinni. Eftir sjálfsmark spyrnir liðið sem að gaf frá sér 2 stig boltanum frá 18,3 metra (20 yd) línu sinni.

Reglur/Brot 

Þó nokkuð er af reglum í ameríska fótboltanum og getur refsing liðsins sem braut af sér orðið mis hörð. Flestar refsingar fela það í sér að færa boltann nær eða fjær marklínu annars liðsins. Hörðustu refsingar geta falið í sér að liðinu sem brotið var á sé gefið snertimark. Í flestum tilvikum þarf að endurtaka tilraun liðs ef að brot á sér stað. Engin spjöld eru, eins og í fótbolta og engum leikmanni er vikið af velli nema um öfgatilfelli er að ræða.

Ef að lið brýtur á sér í miðri hrinu kastar einn eða fleiri dómarar gulum fána inná leikvöllinn nálægt staðnum sem brotið átti sér stað. Þegar að tilraunin endar kveður dómari upp dóm sinn. Dómarinn er með hljóðnema og heyrist í honum í hátalarakerfi vallarins þar sem að hann útskýrir fyrst hver braut af sér, hvað viðkomandi gerði og síðast hver refsingin er. Ef að varnarlið brýtur á sóknarliði getur sóknarliðið valið að hafna því að dæmt sé á brotið. Þetta er stundum notað ef að sóknarliðið hefur komist tugi metra fram á við. Dómarar notast einnig við myndbandsupptökur af atvikum og er sérstakur dómari sem að sér um það. Þjálfari má skora á dóm dómarans ef að mikið er í húfi með því að kasta rauðum fána inn á völlinn. Ef að dóm dómarans er ekki breytt er liðið rukkað um 1 leikhlé en ekkert ef dóminum er breytt.

Nokkur algeng brot eru:

 Þjófstart: Sóknarmaður færir sig ólöglega eftir að hafa raðað sér upp fyrir upphafskast.
 Rangstaða: Varnarmaður er vitlausu megin við áflogalínu þegar hrina hefst.
 Halda: Ólöglegt hald, grip eða tog í sóknarmann annan en þann sem heldur á boltanum
 Truflun á sendingu: Ólöglega komið við eða haldið í sóknarmann til þess að halda honum frá því að grípa boltann
 Leiktöf: Upphafskast er ekki framkvæmt innan ákveðins tíma frá enda síðustu hrinu (yfirleitt 40 til 60 sekúndur)
 Ólögleg hindrun í bak: Sóknarmaður ýtir aftan á bakið á varnarmanni.
 Andlitsgríma: Leikmaður grípur í eða kemur við andlitsgrímu annars leikmanns þegar hann reynir að tækla leikmanninn.

Amerískur fótbolti á Íslandi 
Aðeins eitt félag er starfandi á Íslandi sem spilar Amerískan fótbolta en það er félagið Einherjar.

Tilvísanir

Heimild

Tengt efni 
 Ruðningur

 
Íþróttir í Bandaríkjunum",Hver er skilgreiningin á snertimarki?,"{'answer_start': array([8117], dtype=int64), 'text': array(['6 stig'], dtype=object)}"
https://is.wikipedia.org/wiki/Burgtor,Burgtor,"Burgtor er annað af tveimur miðalda borgarhliðum sem enn standa í Lübeck. Hitt er Holstentor. Harðir bardagar áttu sér stað við Burgtorhliðið árið 1806 er her Napoleons hertók borgina. Burgtor er nyrsta byggingin í miðborg Lübeck sem er hluti af heimsminjaskrá UNESCO.

Saga Burgtor

Upphaf 
Hliðið sjálft var reist 1444 og var þá innra hliðið af tveimur á þessum stað. Hitt var eldra, eða frá 14. öld. 1622 var svo þriðja hliðinu bætt við og var það yst. Sitthvoru megin við Burgtor gengu borgarmúrarnir í báðar áttir. Hliðið stóð við hliðina á virki einu sem nú er horfið og þaðan er heitið Burgtor komið (Burg = virki, tor = hlið).

Bardaginn um Lübeck 

1806 voru Frakkar á þýskri grundu. Napoleon hafði sigrað í orrustunum við Jena og Auerstedt. Blücher herforingi var fyrir prússneska hernum. Hann náði að safna liðinu saman og bjarga 34 fallbyssum að auki og flýja til Lübeck. Frakkar fylgdu í humátt á eftir og réðust á borgina tveimur dögum eftir að Blücher komst þangað. Þar sem Burgtor var veikasta af borgarhliðunum þremur í Lübeck, afréðu Frakkar að ráðast á borgina þar. Prússar vörðust þar af miklu harðfylgi, en voru langtum færri en Frakkar. Blücker skipaði fyrir að hindra inngöngu Frakka með öllum ráðum. Það tókst þó ekki. Eftir fjögurra tíma bardaga við Burgtor kom skipun um að hörfa. Fyrstu Frakkarnir voru þá að komast inn fyrir og opnuðu hliðið fyrir samherja sína fyrir utan. Þá upphófust miklir götubardagar, en í þeim tókst Prússum að hrinda árás Frakka nokkrum sinnum. En að lokum höfðu Frakkar betur og fóru rænandi og ruplandi um borgina. Mörgum Prússum tókst að flýja með Blücher herforingja í gegnum hið vel varða Holstentor. Lübeck var á valdi Frakka.

Síðustu aldir 
Burgtor var upphaflega aðeins með eitt gat. Nokkrum árum eftir að Frakkar yfirgáfu borgina á ný, var farið að velta fyrir sér þeirri hugmynd að rífa hliðið til að skapa byggingasvæði. Hliðið var einnig hindrun fyrir síaukna umferð. Slíkum hugmyndum var hins vegar hafnað á þeirri forsendu að verið væri að rífa niður sögulega byggingu. Af sömu ástæðu fékk Holstentor, aðalhlið borgarinnar, einnig að standa. Mylluhliðið í suðri var hins vegar rifið og er horfið. 1850 var ákveðið að rífa borgarmúrana sitthvoru megin við Burgtor og búa til annað gat fyrir umferðina, þannig að hægt var að fara í gegnum hliðið í báðar áttir samtímis. 1875 var enn einu gati bætt við fyrir gangandi umferð. 1920 var svo fjórða gatinu bætt við. Burgtor er því með fjögur port núna. 1912 var innréttuð lítil íbúð í hliðinu. Þar fékk rithöfundurinn Ida Boy-Ed að búa til æviloka. Í dag er aðstaða fyrir myndlistarmenn i hliðinu.

Heimildir 
 

Lübeck",Hvaða ár var Brandenborgarhliðið byggt?,"{'answer_start': array([316], dtype=int64), 'text': array(['1444'], dtype=object)}"
https://is.wikipedia.org/wiki/%C3%86vint%C3%BDri%20Tinna%3A%20Leyndard%C3%B3mur%20Einhyrningsins,Ævintýri Tinna: Leyndardómur Einhyrningsins,"Ævintýri Tinna: Leyndardómur Einhyrningsins eða 'The Adventures of Tintin: The Secret of the Unicorn er bandarísk kvikmynd frá árinu 2011 sem leikstýrð er af Steven Spielberg. Myndin er byggð á frægu myndasögunum um Ævintýri Tinna sem hinn belgíski Hergé skrifaði. Handrit myndarinnar er byggt á þremur Tinnabókum, Krabbinn með gylltu klærnar, Leyndardómur Einhyrningsins og Fjársjóður Rögnvaldar rauða. 
Spielberg hefur verið að undirbúa myndina síðan hann hafði keypt kvikmyndaréttinnárið 1983 stuttu eftir að Hergé lést. Tökur hófust árið 2008 og átti að gefa hana út árið 2010 en því var seinna seinkað um ár þegar Universal Studios hættu við að framleiða myndina ásamt Paramount Pictures og var það ekki fyrr en Sony ákvað að með-framleiða hana með Paramount. Einn af framleiðendum myndarinnar Peter Jackson ætlar að leikstýra framhaldi af myndinni og vona Spielberg og Jackson að þeir geti leiksýrt þriðju myndinni saman.

Leikendur 
 Jamie Bell sem Tinni
 Andy Serkis sem Kolbeinn kafteinn, Kolbeinn Kjálkabítur
 Simon Pegg og Nick Frost sem Skafti og Skapti
 Daniel Craig sem Sigmundur Sakkarín, Rögnvaldur rauði
 Tony Curran sem Delacourt liðsforingi
 Toby Jones sem Aristides Silk
 Gad Elmaleh sem Omar Ben Salaad

Heimildir 

Bandarískar kvikmyndir
Kvikmyndir frumsýndar 2011",Hvaða listamenn túlka hlutverk Skafta og Skapta?,"{'answer_start': array([1020], dtype=int64), 'text': array(['Simon Pegg og Nick Frost'], dtype=object)}"
https://is.wikipedia.org/wiki/Sverrir%20Jakobsson,Sverrir Jakobsson,"Sverrir Jakobsson (f. 18. júlí 1970) er íslenskur sagnfræðingur. 

Hann útskrifaðist frá Menntaskólanum við Sund árið 1990, lauk svo B.A.-prófi við Háskóla Íslands 1993 og M.A.-prófi frá Háskólanum í Leeds í Bretlandi. Lauk svo doktorsprófi frá HÍ 2005. Sverrir var aðjunkt í sagnfræði við Háskóla Íslands árin 2010-2013, lektor 2013-2014 og hefur starfað sem prófessor í sagnfræði við Háskóla Íslands frá árinu 2014 .

Á menntaskólaárum sínum komst hann ásamt tvíburabróður sínum Ármanni þrívegis í úrslit í Gettu betur og sigraði í keppninni árið 1990.

Sverrir var í forsvari fyrir Samtök herstöðvaandstæðinga og formaður þeirra 1999-2000. Þá var hann formaður Hagþenkis, félags höfunda kennslubóka og fræðirita 2000-2008.

Helstu bækur:

Við og veröldin. Heimsmynd Íslendinga 1100-1400 (Reykjavík: Háskólaútgáfan, 2005).

Saga Breiðfirðinga I. Fólk og rými frá landnámi til um 1400 (Reykjavík: Sagnfræðistofnun, 2015).

Auðnaróðal. Baráttan um Ísland 1096-1281 (Reykjavík: Sögufélag, 2016).

Kristur. Saga hugmyndar (Reykjavík: Hið íslenska bókmenntafélag, 2018).

The Varangians. In God´s Holy Fire (Basingstoke: Palgrave Macmillan, 2020).

Meðhöfundur:

Historical Dictionary of Iceland, 3. útgáfa (ásamt Guðmundi Hálfdanarsyni, Lanham: Rowman & Littlefield, 2016).

Engin venjuleg verslun – Saga Áfengis- og tóbaksverslunar ríkisins í 90 ár (ásamt Hildigunni Ólafsdóttur og Sumarliða Ísleifssyni, Reykjavík: Vínbúðin ÁTVR, 2018).

Útgáfur

Íslenzk fornrit 31-32. Hákonar saga Hákonarsonar (ásamt Þorleifi Haukssyni og Tor Ulset, Reykjavík: Hið íslenska fornritafélag, 2013).

Ritstjórn:

Þjóðerni í þúsund ár? Ritstj. Sverrir Jakobsson, Jón Yngvi Jóhannsson og Kolbeinn Proppé (Reykjavík: Háskólaútgáfan, 2003).

Images of the North. Histories-Identities-Ideas (Studia Imagologica. Amsterdam Studies on Cultural Identity, 14 (Amsterdam: Rodopi, 2009).

The Routledge Research Companion to the Medieval Icelandic Sagas. Ritstj. Ármann Jakobsson og Sverrir Jakobsson (London & New York: Routledge, 2017).

Sturla Þórðarson (1214-1284) – Skald, Chieftain and Lawman. Ritstj. Jón Viðar Sigursson og Sverrir Jakobsson (Turnhout: Brill, 2017).

Hugmyndaheimur Páls Briem. Ritstj. Ragnheiður Kristjánsdóttir og Sverrir Jakobsson (Reykjavík: Sagnfræðistofnun, 2019).

Íslenskir sagnfræðingar
Sigurvegarar í Gettu betur

Prófessorar við Háskóla Íslands
Stúdentar úr Menntaskólanum við Sund",Hvenær var Sverrir Jakobsson fæddur?,"{'answer_start': array([31], dtype=int64), 'text': array(['1970'], dtype=object)}"
https://is.wikipedia.org/wiki/Hry%C3%B0juverkin%207.%20j%C3%BAl%C3%AD%202005%20%C3%AD%20London,Hryðjuverkin 7. júlí 2005 í London,"Hryðjuverkin 7. júlí 2005 voru hryðjuverkaárásir, skipulagðar og framkvæmdar af Al-Kaída hryðjuverkasamtökunum, sem gerðar voru þriðjudaginn 7. júlí 2005 og beindust gegn Lundúnum á Bretlandi. Um háannatíma, klukkan 8:50, sprungu þrjár sprengjur á 50 sekúnda fresti í þremur lestum neðanjarðarlestakerfis Lundúnaborgar. Fjórða sprengjan sprakk klukkan 9:47 í strætisvagni í Tavistock Square. Í sprengingunum létu 50 manns lífið og fjórir hryðjuverkamenn og slasaðist 700 manns. Þær ollu truflunum í samgöngukerfið Lundúna og fjarskiptakerfið landsins. Þær varu stærstu og mannskæðustu hryðjuverk í sögu Lundúna.

Atburðir

Árásir á neðanjarðarlestakerfi Lundúnarborgar 

klukkan 8:50 — Þrjár sprengjur sprungu á 50 sekunda millibili:
 Fyrsta sprengjan sprakk á grunnlest sem stefndi austur á Circle-leið, númer 204, frá Liverpool Street til Aldgate. Átta mínútum síðar fór lest frá King’s Cross St. Pancras. Þegar sprengingin bar við var þriðji vagn lestarinnar 90 m frá Liverpool Street stöðinni. Brautin Hammersmith and City-leiðarinnar frá Liverpool Street til Aldgate voru bilaðar.
 Önnur sprengjan sprakk í öðrum vagni grunnlestar sem var að leið vestur á Circle-leið, númer 216. Lestin hafði naumlega farið frá brautarpalli 4 á Edgware Road og var að fara til Paddington. Átta mínútur síðar fór lestin úr King’s Cross St. Pancras. Það voru nokkrir aðrar lestir nálægt þegar sprengingin bar við. Lest var á Circle-leiðina sem var að stofna austur biluð næstum því lestin. Veggur hrundi í kjölfarið. Það voru tvær aðrar lestir á Edgware Road, óþekkt lest á brautarpall 2 og lest á Hammersmith and City-leiðina sem var að stofna austur og hafði naumlega var að koma á brautarpall 1.
 Þriðji sprengjan sprakk á djúp lest á Piccadilly-leiðina sem var að stofna suður, númer 311, sem var að ferðast frá King’s Cross St. Pancras til Russell Square. Sprengjan sprakk um það bil ein mínúta eftir lestin hafði farin úr stöðinni, þá lestin hafði farin 450 m. Sprengingin bar við á bakhluta fyrsta vagnsins lestar, sem orsakaði skaða á fyrsta vagn og einnig á annar vagn. Göngin voru bilaðar einnig.

Í byrjun fólk hélt að voru þær sex sprengingar í staðinn fyrir þrjár á neðanjarðalestarkerfi. Með sprengjan í strætisvagni, fréttir skýrðu frá sjö spregjum höfðu sprungnar. Hverning sem var villan leiðrétt samdægurs. Sætti þetta sprengingin bar við á milli stöðva, þess vegna voru sárt fólk að koma upp frá báðum stöðvum, sem gaf í skyn að þær voru atvik á hver stöð.

Árás í tvílyftum strætisvagni 
 klukkan 09:47 — Sprengingin bar við í Tavistock Square í númer 30 Dennis Trident 2 tvílyftum strætisvagni, skráningarnúmer LX03BUF, sem hafði verið í þjónustu þá yfir tvö ár, og var starfaður af Stagecoach London sem var á leiðinni frá Marble Arch til Hackney Wick.

Áðan strætisvagninn hafði farinn framhjá King’s Cross svæðið, sem hann fór frá Hackney Wick til Marble Arch. Á Marble Arch strætisvagninn snéri til að byrja að fara á leiðinni frá Marble Arch til Hackney Wick. Hann fór úr Hackney Wick klukkan 9:00 og kom á Euston strætisvagnsstöð klukkun 9:35 hvar margmenni voru að fara úr neðanjarðarlestakerfi og voru að ganga um borð strætisvagnar. Strætisvagninn beindi í aðra átt af lögreglum, að sögn því hafa verið vegir lokaðir í King’s Cross svæðinu. Fólk sem hafa verið flutt á brott frá neðanjarðarlestakerfinu voru að halda áfram til að ganga um borð strætisvagninn. Þegar sprengingin bar við strætisvagninn var að fara í gegnum Tavistock Square.

Sprengingin reif efsti hluta strætisvagns frá farartækinu og hún eyðilagði bakhluta strætisvagnsins. Fólkið sem var vitna um atvikinu sögðu „helmingur strætisvagns var að fljúga í loftinu“.

Sprengjan sprakk gerðist utan við bygginguna British Medical Association á Upper Woborn Place, og læknar í byggingunni gátu hjálpa þeim fólk sem voru slasað. BBC Radio 5 útvarpsstöð og The Sun dagblað skýrðu frá tveimur slösuðum farþegum sögði að þeir sáu mann sprakk í strætisvagni. Fréttir fundu mann með sprengjuna í strætisvagninum til að vera Hasib Hussain.

Hryðjuverk í Bretlandi
Al-Kaída",Hversu margir særðust í sprengjunum?,"{'answer_start': array([467], dtype=int64), 'text': array(['700 manns'], dtype=object)}"
https://is.wikipedia.org/wiki/Evhemerismi%20%C3%A1%20mi%C3%B0%C3%B6ldum,Evhemerismi á miðöldum,"Miðalda-evhemerismi er útfærsla af klassískum evhemerisma.  

Þegar kristin trú varð hin ríkjandi trú á norðurlöndum fékk hin norræna kirkja að halda áfram því verki sem hófst í Rómaveldi hinu forna. Í krstinni trú eru skilin skýr á milli trúarbragðanna og iðkunar þeirra annars vegar og galdra hins vegar. Þetta eru skil sem ekki eru til staðar í heiðni. Þessi rétttrúnaðarsýn kirkjunnar á heiðin trúarbrögð er það sem að innan rannsóknarsögunnar kallast evhemerismi. 

Hin miðalda kristna kirkja skýrði heiðin trúarbrögð út frá þessari kenningu. Kenningin inniheldur í raun tvær ólíkar útskýringar á heiðnum trúarbrögðum sem í þessari kristnu miðalda útgáfu hafa hér runnið saman í eina. 

Í fyrsta lagi er litið á guðina sem raunverulegar manneskjur. Manneskjur sem að annaðhvort sjálfar hafa gefið sig út fyrir að vera guðir í lifanda lífi og krafist þess að vera tilbeðnir sem slíkir eða þá að tilbeiðsla þeirra hefur hafist eftir dauða þeirra. Oft er talið að þetta hafi verið þekktir menn í sínu samfélgi, til dæmis kóngar eða stríðshetjur. Til tilbeiðslunar heyrði að gera styttur af þessum guðum sínum. 

Í öðru lagi hljóta þessar manneskjur að hafa verið í sambandi við djöfla til að öðlast þann mátt sem til krefst til að láta tilbiðja sig sem guð. 

Þessar tvær útskýringar á heiðnum trúarbrögðum renna saman í eitt í evhemerisma miðalda á efirfarandi hátt: Þegar manneskjan dó sem að tilbeðin var sem guð í lifnda lífi, tók djöfulinn sem hún hafði gert samning við sér bólfestu í styttunni sem að tilbeiðendur hennar höfðu gert af henni. Á þennan hátt fór fólk að tilbiðja djöfla þegar það ætlaði að tilbiðja látna forfeður eða konunga.  

Þetta var útskýring miðalda kirkjunnar á heiðni og vitaskuld var hún heimfærð á hina norrænu guði. Samkvæmt evhemerisma miðalda eru heiðnu guðirnir því djöflar og trúin á þá þar með villutrú.

Heimildir 
 Holtsmark, Anne, Studier í Snorres mytologi, Universitetsforlaget, (Oslo 1964).
 Sawyer, Birgit, Sawyer, Peter, Medieval Scandinavia From conversion to reformation, c.a. 800-1500, The nordic series volume 17, University of Minnesota press (Minneapolis 1993).

Evhemerismi",Hvernig sýndu menn guðunum sínum lotningu?,"{'answer_start': array([1081], dtype=int64), 'text': array(['styttur'], dtype=object)}"
https://is.wikipedia.org/wiki/Br%C3%B8nn%C3%B8ysund,Brønnøysund,"Brønnøysund er borg og stjórnsýslumiðstöð Brønnøy sveitarfélagsins í Nordland-fylki í Noregi. Borgin er staðsett við ströndina og er lýst sem ""Strandborg í miðjum Noregi"". Brønnøysund er einnig svæðismiðstöð Suður-Helgeland. Brønnøysund hefur 4.995 íbúa og sveitarfélagið hefur 7.777 íbúa (2022).  Frá Brønnøysund má sjá hið fræga kennileiti borgarinnar Torghatten.

Brønnøysund er syðsta borg Norður-Noregs og næsta nágrannaborg í suðri er Rørvik, sem er í Þrændalög .Farið er í borgina með Hurtigruten tvisvar á dag, suður áleiðis síðdegis kl 1600 og norður áleiðis rétt eftir miðnætti.  

Það eru strætóleiðir frá Brønnøysund til Grong j(árnbrautarstöðvar), Namsos og Rørvik. Að auki eru einnig strætóleiðir til Mosjøen og Sandnessjøen.  

Frá Brønnøysund er 550 metra löng brú, Brønnøysund bru, yfir til Hestøya með vegi áfram til Kvaløya og Torget. Ef ekið er lengra eftir sýsluvegi 54 er komið að fjallinu Torghatten

Brønnøysund flugvöllur er þjónað af flugfélaginu Widerøe með beinu flugi til Óslóar, Þrándheims, Bodø og Sandnessjøen.  

Brønnøysund er verslunar- og þjónustumiðstöð svæðisins. 

Brønnøysundregistrene (norsk ríkisstofnun sem rekur margar af mikilvægustu skrám landsins) með um 575 starfsmenn er hornsteinsfyrirtæki í borginni.  Torghatten ASA (einn stærsti hópur Noregs í almenningssamgöngum) hefur einnig aðalstjórn sína í borginni.  

Brønnøysunds Avis er staðarblað bæjarins og annarra sveitarfélaga á Suður-Helgeland

Brønnøysund menntaskólann er staðsett í Brønnøysund. 

Í bænum eru þrír grunnskólar: Brønnøysund grunn- og framhaldsskóli (410 nemendur) Salhus skóli (454 nemendur) og Nordhus skóli (98 nemendur).

Borgir og bæir í Nordland",Hvaða þekkta kennileiti er hægt að sjá frá Brönnøysundi?,"{'answer_start': array([354], dtype=int64), 'text': array(['Torghatten'], dtype=object)}"
https://is.wikipedia.org/wiki/Ungbarnadau%C3%B0i,Ungbarnadauði,"Ungbarnadauði er dauði barns á fyrsta aldursári. Tíðni ungbarnadauða er skilgreind sem fjöldi látinna barna 12 mánaða og yngri á hver 1.000 börn sem fæðast lifandi. Vöggudauði, óútskýrt skyndilegt andlát barns undir 12 mánaða aldri, er ein orsök ungbarnadauða. Barnadauði er dauði barna undir fimm ára aldri, og burðarmálsdauði er dauði fósturs eða nýbura, eftir 22 vikna meðgöngu og áður en barnið er 28 daga gamalt.

Ástæður ungbarnadauða eru margvíslegar og tengjast meðal annars sjúkdómum, umhverfisþáttum og efnahagslegum þáttum. Algengar orsakir ungbarnadauða eru köfnun í fæðingu, lungnabólga, fæðingargallar, vandamál í meðgöngu eða við fæðingu, nýburasýking, niðurgangur, malaría, mislingar og vannæring. Skortur á læknisþjónustu á meðgöngu, áfengisneysla, reykingar og eiturlyfjaneysla, eru meðal áhrifaþátta. Tíðni ungbarnadauða tengist mörgum öðrum breytum eins og menntunarstigi móður, umhverfisaðstæðum, samfélagslegum innviðum og heilbrigðisþjónustu. Aðgerðir eins og bætt hreinlætisaðstaða, aðgangur að hreinu drykkjarvatni, bólusetningar gegn algengum smitsjúkdómum og aðrar lýðheilsuráðstafanir draga úr tíðni ungbarnadauða.

Árið 1990 létust 8,8 milljón börn undir 12 mánaða aldri í heiminum. Árið 2015 var þessi tala komin niður í 4,6 milljónir. Tíðni ungbarnadauða minnkaði úr 65 í 29 andlát á 1.000 fæðingar á heimsvísu á sama tíma. Árið 2017 létust 5,4 milljón börn fyrir fimm ára aldur, en árið 1990 var þessi tala 12,6 milljónir. Talið er að hægt væri að fyrirbyggja 60% þessara andláta með tiltölulega einföldum aðgerðum eins og samfelldri brjóstagjöf, bólusetningum og bættri næringu.

Tíðni ungbarnadauða 
Samkvæmt Sameinuðu þjóðunum voru eftirtalin fimm lönd með hæsta tíðni ungbarnadauða 2015-2020:

Samkvæmt sömu heimild voru eftirtalin fimm lönd með lægsta tíðni ungbarnadauða 2015-2020:

Tilvísanir 

Dauði
Barnalækningar",Hvað veldur stundum dauða ungbarna?,"{'answer_start': array([165], dtype=int64), 'text': array(['Vöggudauði'], dtype=object)}"
https://is.wikipedia.org/wiki/Litli%20prinsinn,Litli prinsinn,"Litli prinsinn (franska: Le Petit Prince) er bók eftir franska flugmanninn Antoine de Saint-Exupéry sem kom út árið 1943. Bókin hefur verið þýdd á fleiri en 190 tungumál og selst í yfir 80 milljónum eintaka. Hún kom út á íslensku árið 1961 í þýðingu Þórarins Björnssonar. 

Sagan segir frá Iitlum prinsi sem sögumaður hittir. Litli prinsinn á sér þá mikilvægu lífsreglu, að svara ekki spurningum eða gefa skýringar, hann spyr í sífellu og hann þráast við að spyrja þar til hann fær svar sem hann er ánægður með. Hann ferðast um himingeiminn, og alls staðar
hittir hann fyrir einhvern eða eitthvað sem vert er að kynnast nánar. Hann hittir konung, monthana, drykkjumann, kaupsýslumann, landkönnuð og ljósamann, og loks kemur hann til jarðarinnar. Hann dáir sólsetur, blóm og fiðrildi, hann kynnist eyðimörkinni, bergmálinu og fjallatindunum, en allan tímann er hann að leita að blóminu sem hann yfirgaf til að fara að kanna heiminn.

Tengt efni 
 Listi Le Monde yfir 100 minnisstæðustu bækur aldarinnar

Tenglar 
 „Talnafíkn fullorðinna“; grein í Morgunblaðinu 1996
erlendir
 Litli prinsinn á 160 tungumálum
 Litli prinsinn á 100 tungumálum með hljóðsýnishornum

Bókaárið 1943
Franskar skáldsögur",Hver er höfundur Litla prinsins?,"{'answer_start': array([75], dtype=int64), 'text': array(['Antoine de Saint-Exupéry'], dtype=object)}"
https://is.wikipedia.org/wiki/%C3%81stj%C3%B6rn%20%28sumarb%C3%BA%C3%B0ir%29,Ástjörn (sumarbúðir),"Ástjörn er líka heiti vatns í Hafnarfirði.

Ástjörn eru sumarbúðir sem starfræktar eru í þjóðgarðinum við Jökulsárgljúfur við samnefnt vatn í næsta nágrenni við Ásbyrgi. Arthur Gook, enskur trúboði stofnaði sumarbúðirnar 1946 ásamt Sæmundi G. Jóhannssyni. Sumarbúðirnar eru starfræktar af Sjónarhæðarsöfnuði.

Fyrstu árin
Arthur Gook, gjarnan kenndur við Sjónarhæð, var búsettur á Akureyri frá árinu 1905 en þangað kom hann til að stunda kristniboð. Að hans frumkvæði var reistur hermannabraggi í skjólgóðum reit við vatnið Ástjörn í Kelduhverfi. Þar hafði hann hug á að starfrækja sumarbúðir og fengið til þess leyfi hjá landeigandanum Sigríði Jóhannesdóttur, húsfreyju í Ási.

Sumarið 1946 dvöldu 13 börn í sumarbúðum á Ástjörn, fimm drengir aðra vikuna og átta stúlkur hina vikuna. Dvöl í eina viku kostaði 63 krónur.

Bogi á Ástjörn
Í febrúar 1960 fól Sjónarhæðarsöfnuður Boga Péturssyni að fara með forstöðu starfsins en Bogi hafði aðstoðað Arthur og Sæmund frá upphafi við starfið. Bogi var forstöðumaður í 40 ár. Í tíð Boga voru allt að eitthundrað börn í sumarbúðunum í senn og naut hann dyggrar aðstoðar sjálfboðaliða frá Færeyjum sem og úr eigin fjölskyldu.

Ástjörn í dag
Í dag býðst strákum og stelpum á aldrinum 6 til 16 ára að dvelja í sumarbúðum við Ástjörn.

Tenglar
 Vefsíða Ástjarnar
 Ástjörn 40 ára, Norðurljósið, 1.-12. tölublað (01.01.1986), Blaðsíða 2

Norður-Þingeyjarsýsla
Íslenskar sumarbúðir",Fyrir hvaða aldur er sumarbúðunum ætlað nú á dögum?,"{'answer_start': array([1225], dtype=int64), 'text': array(['6 til 16 ára'], dtype=object)}"
https://is.wikipedia.org/wiki/%C3%9E%C3%B3rd%C3%ADs%20Bj%C3%B6rnsd%C3%B3ttir,Þórdís Björnsdóttir,"Þórdís Björnsdóttir (f. 7. ágúst 1978 í Reykjavík) er íslenskt ljóðskáld. Haustið 2004 gaf hún út sína fyrstu ljóðabók, Ást og appelsínur, sem hlaut mjög góðar viðtökur bæði lesenda og gagnrýnanda.

Skömmu eftir útgáfu bókarinnar var verkið sett á svið á Akureyri í leikstjórn Arnars Inga Gíslasonar. Þar flutti höfundur verkið utanbókar, en aðrir sem að verkinu komu voru dansarar, leikarar, tónlistar- og fimleikafólk. Sýningar voru alls fjórar.

Árið 2006 kom út ljóðabókin Og svo kom nóttin hjá Nýhil. Ári síðar sendi Þórdís frá sér ljóðabókina Í felum bak við gluggatjöldin og í kjölfarið fylgdi skáldsagan Saga af bláu sumri sem Bókaútgáfan Bjartur gaf út.

Verk

Ljóðabækur 
 2004 - Ást og appelsínur
 2006 - Og svo kom nóttin
 2007 - Í felum bakvið gluggatjöldin
 2012 - Nötur gömlu nútíðarinnar (undir höfundarnafninu Emmalyn Bee)

Leikgerðir 
 2004 - Ást og appelsínur

Prósar 
 2006 - Vera & Linus (ásamt Jesse Ball)

Skáldsögur 
 2007 - Saga af bláu sumri
 2009 - Sónata fyrir svefninn

Tenglar
 Ljóð á vefsíðu Nýhil
 Stutt lýsing á höfundi eftir bandaríska skáldið Jesse Ball.
 Vefsíða 
 Bókmenntavefurinn
 Um verk hennar (á spænsku og frönsku) 

Íslensk skáld

Íslenskar konur",Hvaða ritið kom út eftir Þórdísi árið 2009?,"{'answer_start': array([976], dtype=int64), 'text': array(['Sónata fyrir svefninn'], dtype=object)}"
https://is.wikipedia.org/wiki/Leitir.is,Leitir.is,"Leitir.is er íslensk leitargátt sem leitar í nokkrum íslenskum gagnasöfnum samhliða. Stærsta gagnasafnið er samskrá íslenskra bókasafna sem var áður sérstakt gagnasafn, Gegnir. Auk Gegnis leitar Leitir.is að greinum og bókum í rafrænum áskriftum íslenskra háskóla og í landsaðgangi. Önnur gagnasöfn sem eru tengd við Leitir.is eru Skemman, Hirslan, Sarpur og ljósmyndasöfn Akraness og Reykjavíkur.

Leitir.is byggir á hugbúnaðinum Primo frá ísraelska fyrirtækinu Ex Libris Group. Rekstur kerfisins er í höndum Landskerfis bókasafna. Vefurinn var opnaður árið 2011.

Saga 
Gegnir var sameiginlegt skráningarkerfi Landsbókasafns og háskólabókasafna á Íslandi og fyrsta tölvutæka samskrá safnanna. Hann var opnaður árið 1992. Borgarbókasafn skráði sínar bækur fyrst í gagnagrunn sem nefndist Fengur. Gegnir var fluttur í nýtt bókasafnskerfi, Aleph, frá fyrirtækinu Ex Libris árið 2001 um leið og skráningarkerfin tvö, Gegnir og Fengur, voru sameinuð undir nafni þess fyrrnefnda. Almenningur gat þá leitað í Gegni eftir efni á söfnunum um allt Ísland á vefsíðunni gegnir.is.

Tenglar
 Leitir.is
Elsta útgáfa Gegnis á Vefsafninu, frá 2003
Landskerfi bókasafna

Íslensk gagnasöfn
Íslensk bókasöfn",Á hvaða kerfi var Gegnir færður árið 2001?,"{'answer_start': array([839], dtype=int64), 'text': array(['Aleph'], dtype=object)}"
https://is.wikipedia.org/wiki/Philippe%20Coutinho,Philippe Coutinho,"Philippe Coutinho Correia (fæddur 12. júní 1992) er brasilískur knattspyrnumaður sem spilar fyrir katarska liðið Al-Duhail á láni frá Aston Villa og brasilíska landsliðið. Hann spilar sem framsækinn miðjumaður eða vængmaður. Coutinho er snöggur, fimur, fær í langskotum og að skjóta með báðum fótum.

Coutinho er fæddur í Rio de Janeiro og hóf ferilinn í æsku með liðinu Vasco da Gama. Hann sýndi af sér einstaka hæfileika og árið 2008 skrifaði hann undir samning við Inter Milan. Þar átti hann erfitt uppdráttar og var lánaður til spænska liðsins Espanyol árið 2012. Í byrjun árs 2013 var hann hins vegar seldur til enska liðsins Liverpool F.C.. Þar dvaldi hann í um 5 ár og blómstraði. 

Árið 2018 gerði hann samning við FC Barcelona sem gerði hann að þriðja dýrasta leikmanni heims. Hlutirnir gengu ekki alveg upp hjá Barcelona og hann fór á lán til Bayern München og Aston Villa meðan hann var samningsbundinn liðinu.

Coutinho kom inn sem varamaður í fyrsta leik sínum með Aston Villa og átti mark og stoðsendingu þegar Villa átti endurkomu gegn Manchester United í 2-2 jafntefli.

Brasilískir knattspyrnumenn
Fólk fætt árið 1992",Á hvaða stöðu leikur Coutinho?,"{'answer_start': array([188], dtype=int64), 'text': array(['framsækinn miðjumaður eða vængmaður'], dtype=object)}"
https://is.wikipedia.org/wiki/F%C3%B3lk%20%C3%A1%20m%C3%B3ti%20barneignum,Fólk á móti barneignum,"Fólk á móti barneignum (eða antinatalistar) tekur þá afstöðu að ekki sé siðferðislega réttlætanlegt að fjölga sér.

Að baki þessari afstöðu geta legið ýmsar ástæður: heimspekilegar, siðferðislegar, eða trúarlegar. Ennfremur getur fólk tekið þessa afstöðu af pólitískum ástæðum, til að sporna gegn offjölgun, eða af umhverfisástæðum. 

Sumir telja að mannfólk ætti ekki að fjölga sér, aðrir telja að ekki sé heldur réttlætanlegt að láta dýr fjölga sér.

Í ramma nytjastefnunnar 
Samkvæmt nytjastefnunni eru þær gjörðir réttar sem leiða til ánægju, en rangar leiði þær til þjáningar. Til er útgáfa nytjastefnunnar (neikvæð nytjastefna) sem segir að mikilvægara sé að draga úr þjáningu en að auka hamingju.

Í ramma nytjastefnunnar má setja fram:

 Engum ber siðferðisleg skylda til að skapa barn jafnvel þó að hægt sé að fullvissa sig um að barnið verði hamingjusamt alla sína ævi.
 Fólki ber siðferðisleg skylda til að skapa ekki barn ef sjá má að barnið verði óhamingjusamt eða muni upplifa þjáningu.

Þar sem ómögulegt sé að útiloka að barn muni upplifa þjáningu sé ekki siðferðislega réttlætanlegt að búa til barn.

Undir nytjastefnunni hefur það ennfremur verið sett fram að þó að lífið innihaldi bæði góðar og slæmar stundir, þá vegi góðu stundirnar ekki upp á móti þeim slæmu, skammvinn gleði geti aldrei vegið upp á móti óbærilegum sársauka.

Af umhverfisástæðum 
Hin bandarísku Samtök fyrir útrýmingu mannkyns af fúsum og frjálsum vilja (en) hvetja fólk til að sleppa því að eignast börn vegna þeirra umhverfisáhrifa sem maðurinn veldur.

Náttúrulífsþáttakynnirinn góðkunni Davíð Attenborough tekur líka afstöðu gegn barneignum af umhverfisástæðum og er styrktaraðili breskrar stofnanar sem berst gegn fólksfjölgun vegna þess að jörðin sé ekki fær um að halda uppi svo mörgum. Offjölgun mannkyns stuðli að hnignun umhverfis, gangi á náttúruauðlindir, og leiði til átaka og nauðungaflutninga fólks.

Tilvísanir",Hvað finnst David Attenborough um að eignast börn?,"{'answer_start': array([1600], dtype=int64), 'text': array(['tekur líka afstöðu gegn barneignum af umhverfisástæðum'],
      dtype=object)}"
https://is.wikipedia.org/wiki/Bauganet%20jar%C3%B0ar,Bauganet jarðar,"Bauganet jarðar er kerfi til að staðsetja hluti á jörðinni með talnaröð sem vísa til breiddargráðu og lengdargráðu og stundum hæðar yfir sjávarmáli. Þetta er hnitakerfi sem notast við gráður á hring sem nær umhverfis jörðina samsíða miðbaug (breiddarbaug) og hálfhring sem nær frá norðurpólnum að suðurpólnum (lengdarbaug). Höfuðáttirnar eru notaðar til að minnka talnamengið enn frekar þannig að norðlæg eða suðlæg breidd vísar til gráðu á sveig sem nær frá miðbaug að norðurpól eða suðurpól og skiptist í 90 gráður (táknað með N eða S) og vestlæg eða austlæg lengd sem vísar til þeirrar áttar sem farið er í vestur eða austur frá núllbaug sem liggur gegnum Greenwich í London og skiptist þá í 180° (táknað með V eða A). 

Hver gráða á lengdarbaug er að meðaltali 111,2 kílómetrar á lengd (um það bil 60 sjómílur) svo til að fá meiri nákvæmni er henni ýmist skipt í hundraðshluta (kommustafi) eða mínútur (60 hluta) og sekúndur (60*60 eða 360 hluta). 

Dæmi um hnit í bauganeti jarðar er 48°51′29″N, 2°17′40″A (Eiffelturninn í París) þar sem ' eru mínútur og "" sekúndur. 

Landafræði
Áttun",Hvað er meðallengd gráðu á lengdarbaug?,"{'answer_start': array([765], dtype=int64), 'text': array(['111,2 kílómetrar'], dtype=object)}"
https://is.wikipedia.org/wiki/Tengiregla,Tengiregla,"Tengiregla er regla í algebru, sem segir að ekki skipti máli í hvaða röð aðgerð er framkvæmd. 

Dæmi: Ef x, y og z eru stök í mengi M, þá er aðgerðin * sögð tengin, ef tengiregla gildir, þ.e.:

(x * y) * z = x * (y * z).

Samlagning og margföldun eru tengnar aðgeðir, en frádráttur og deiling ekki.

Aðgerð * í mengi A kallast víxlin ef a * b = b * a fyrir öll a og b úr A. Þá er sagt að víxlregla gildi fyrir * í menginu A. Gildi víxlreglan ekki má sýna fram á það með því að finna tvö stök úr A, köllum þau x og y, sem eru þannig að . Til dæmis má sýna að frádráttur er ekki víxlin aðgerð í Z með því að benda á að 3 - 2 er ekki það sama og 2 - 3.

Ef aðgerð er víxlin er aðgerðartafla hennar samhverf um hornalínuna sem liggur úr efra vinstra horninu niður í neðra hægra hornið. 

Samlagning í N og margföldun í Z eru dæmi um víxlnar aðgerðir.

Aðgerð * í mengi A kallast tengin ef fyrir öll a, b og c í A gildir að . Ef aðgerð í mengi er tengin er sagt að tengiregla gildi. Ef aðgerð er ekki tengin má sýna það með því að finna þrjú stök, x , y og z úr A sem eru þannig að .

Samlagning í Z og margföldun í Z eru dæmi um tengnar aðgerðir.

Tengt efni 
 Dreifiregla
 Hlutleysa
 Víxlregla

Algebra",Hvernig get ég sýnt fram á að aðgerð sé ekki víxlin?,"{'answer_start': array([477], dtype=int64), 'text': array(['finna tvö stök úr A, köllum þau x og y, sem eru þannig að'],
      dtype=object)}"
https://is.wikipedia.org/wiki/Sumar%C3%B3lymp%C3%ADuleikarnir%202004,Sumarólympíuleikarnir 2004,"Sumarólympíuleikarnir 2004 voru haldnir í Aþenu í Grikklandi frá 13. ágúst til 29. ágúst.

Keppnisgreinar 

Keppt var í 301 grein. Fjöldi keppna í einstökum íþróttaflokkum er gefinn upp í sviga.

  Frjálsar íþróttir (46)

  Kappróður (14)

  Körfuknattleikur (2)

  Hafnabolti (1)

  Hnefaleikar (11)

  Kajakróður (16)

  Hjólreiðar (18)

  Reiðmennska (6)

  Skylmingar (10)

  Knattspyrna (2)

  Fimleikar (18)

  Ólympískar Lyftingar (15)

  Handknattleikur (2)

  Hokkí (2)

  Fangbrögð (18)

  Tækvondó (8)

  Júdó (14)

  Nútímafimmtarþraut (2)

  Þríþraut (2)

  Badminton (5)

  Tennis (4)

  Borðtennis (4)

  Mjúkbolti (1)

  Sund (32)

  Listsund (2)

  Dýfingar (8)

  Sundknattleikur (2)

  Skotfimi (17)

  Bogfimi (4)

  Siglingar (11)

  Blak (4)

Handknattleikskeppni ÓL 2004 
Íslendingar tryggðu sér keppnisrétt í handknattleikskeppni ÓL í fyrsta sinn frá 1992 með því að hafna í sjöunda sæti á HM 2003. Keppt var í tveimur sex liða riðlum þar sem fjögur efstu liðin úr hvorum riðli komust áfram í fjórðungsúrslitin. Íslenska liðið tapaði tveimur fyrstu leikjum sínum, gegn Króötum og Spánverjum. Loks kom sigur gegn Slóvenum í þriðja leik, en síðan töp geegn Suður-Kóreu og Rússlandi. Niðurstaðan varð sú að Ísland mætti Brasilíu í leik um 9. sætið sem vannst 29:25. Þrátt fyrir rýra uppskeru liðsins var Ólafur Stefánsson valinn í úrvalslið keppninnar.

Króatar urðu Ólympíumeistarar eftir sigur á Þjóðverjum í úrslitum.

Þáttaka

Þátttaka Íslendinga á leikunum 
Íslendingar áttu 26 íþróttamenn á leikunum og munaði þar mest um handboltalandsliðið.

Tveir keppendur tóku þátt í frjálsum íþróttum. Jón Arnar Magnússon varð að hætta keppni í tugþraut en Þórey Edda Elísdóttir hafnaði í fimmta sæti í stangarstökki sem var besti einstaklingsárangur Íslendings á leikunum.

Rúnar Alexandersson keppti í fimleikum þriðju leikana í röð. Sundmennirnir voru sex talsins en ekkert þeirra komst upp úr sínum forriðli. Hafsteinn Geirsson tók þátt í siglingakeppninni í annað sinn.

Verðlaunahafar eftir löndum",Hverjir tóku þátt í fimleikakeppninni?,"{'answer_start': array([1791], dtype=int64), 'text': array(['Rúnar Alexandersson'], dtype=object)}"
https://is.wikipedia.org/wiki/Johann%20Gottfried%20Jakob%20Hermann,Johann Gottfried Jakob Hermann,"Johann Gottfried Jakob Hermann (28. nóvember 1772 í Leipzig í Þýskalandi – 31. desember 1848) var þýskur fornfræðingur og textafræðingur.

Hermann hóf háskólanám við háskólann í Leipzig fjórtán ára gamall. Hann nam lögfræði en gaf hana fljótt upp á bátinn og las fornfræði í staðinn. Hann varð lektor í fornfræði við háskólann í Leipzig og prófessor extraordinarius í heimspeki árið 1798. Hann varð prófessor í mælskulist 1803 og í kveðskap 1809.

Hermann hélt því fram að haldgóð þekking á klassísku málunum forngrísku og latínu væri eina leiðin til þess að öðlast skilning á menningarlífi fornaldar og það væri meginmarkmið textafræðinnar.

Hermann einbeitti sér að klassískri bragfræði og gaf út nokkur rit um hana. Mikilvægust þeirra rita var Elementa doctrinae metricae (1816). Rit hans um málfræði forngrísku voru einnig áhrifamikil, einkum De emendanda ratione Graecae grammaticae (1801).

Hermann ritstýrði útgáfum á textum fornra höfunda, m.a. á nokkrum leikritum Evripídesar, Skýjunum eftir Aristófanes (1799), Trinummus eftir Plautus (1800), Um skáldskaparlistina eftir Aristóteles (1802), hómerísku Sálmunum (1806) og Lexicon Fótíosar (1808). Útgáfa hans á ritum Æskýlosar kom út að honum látnum árið 1852.

Hermann, Johann Gottfried Jakob
Hermann, Johann Gottfried Jakob",Hvar stundaði Hermann nám?,"{'answer_start': array([166], dtype=int64), 'text': array(['háskólann í Leipzig'], dtype=object)}"
https://is.wikipedia.org/wiki/1627,1627,"Árið 1627 (MDCXXVII í rómverskum tölum) var 27. ár 17. aldar sem hófst á föstudegi samkvæmt gregoríska tímatalinu en mánudegi samkvæmt júlíska tímatalinu sem er tíu dögum á eftir.

Atburðir 

 13. apríl - Pólsk-litháíska samveldið vann sigur á Svíum í orrustunni við Hammerstein.
 25. maí - Gústaf 2. Adolf særðist við Danziger Haupt í orrustu við Pólsk-litháíska samveldið.
 20. júní - Tyrkjaránið í Grindavík: Sjóræningjar undir stjórn Murat Reis (Hollendingsins Jan Janszoon) hernámu fimmtán Grindvíkinga.
 4.-13. júlí - Tyrkjaránið á Austfjörðum: Sjóræningjar frá Barbaríinu rændu og rupluðu í Berufirði og víðar á sunnanverðum Austfjörðum og hernámu 110 manns.
 16. júlí - Tyrkjaránið í Vestmannaeyjum: Sjóræningjar frá Barbaríinu hernámu 234 Vestmannaeyinga og drápu 36.
 22. júlí - Englendingar, undir stjórn Buckinghams hertoga, réðust á Réeyju til stuðnings húgenottum í La Rochelle.
 27. júlí - Jarðskjálfti eyddi bæina San Severo og Torremaggiore á Ítalíu.
 September - Umsátrið um La Rochelle hófst.

Ódagsettir atburðir 
 Keisaraherinn undir stjórn Albrechts von Wallenstein réðist inn í Jótland, rændi þar og brenndi allt sem fyrir varð.
 Hollenskt skip sá suðurströnd Ástralíu í fyrsta skipti.
 Síðustu úruxarnir voru drepnir af veiðiþjófum í Póllandi.
 Fyrstu ensku landnemarnir settust að á Barbados.

Fædd 
 25. janúar - Robert Boyle, írskur efnafræðingur (d. 1696).
 29. nóvember - John Ray, enskur líffræðingur (d. 1705).

Dáin 
 21. júlí - Guðbrandur Þorláksson biskup á Hólum (f. 1541).
 28. október - Jahangir, mógúlkeisari (f. 1569).

Opinberar aftökur 

 Herdísi Guðmundsdóttur drekkt í Miðdölum í Dalasýslu, fyrir sakir dulsmáls.

Tilvísanir 

1627
1621-1630",Hvaða her vann orrustuna við Hammerstein þann 13. apríl árið 1627?,"{'answer_start': array([205], dtype=int64), 'text': array(['Pólsk-litháíska samveldið'], dtype=object)}"
https://is.wikipedia.org/wiki/Bad%20Teacher,Bad Teacher,"Bad Teacher er bandarísk gamanmynd frá árinu 2011. Myndin er leikstýrð af Jake Kasdan og handritið er skrifað af Lee Eisenberg og Gene Stupnitsky. Cameron Diaz, Justin Timberlake, og Jason Segel fara með aðalhlutverk í myndinni sem frumsýnd var þann 22. júní á Íslandi og þann 24. júní í Bandaríkjunum.

Söguþráður 
Elizabeth Halsey er kennari sem er bara alveg sama. Hún er orðljót, óforskömmuð og óviðeigandi fyrir allan peninginn. Á skólatíma bölvar hún á nemendu sína, dettur í það og reykir gras. Hún ætlar að giftast ríkum unnusta sínum en þegar hann lætur hana róa reynir hún að næla sér í nýja varakennarann við skólann, Scott Delacorte, sem er ríkur og myndalegur. Helstu keppinautar hennar eru annar kennari, Amy og hugmyndin um fyrrverandi kærustu Scott, sem var í meira lagi brjóstgóð. Hún telur sig líklegri til að vinna hylli Scott með því að fara í brjóstaaðgerð og til þess að afla fjár fyrir henni þarf hún, versti kennari skólans, að fá nemendur sína til að ná hæstu einkunnum í skólanum. Auk þess þarf hún að losna við óþolandi leikfimikennarann Russell sem er ástfanginn af henni, keppinautinn Amy, og sína eigin slæmu siði.

Leikendur 
 Cameron Diaz sem Elizabeth Halsey
 Justin Timberlake sem Scott Delacorte
 Jason Segel sem Russell Gettis
 Lucy Punch sem Amy Squirrell
 John Michael Higgins sem Wally Snur
 Molly Shannon sem Melody
 Eric Stonestreet sem Kirk
 Phyllis Smith sem Lynn Davies
 Thomas Lennon sem Carl Halabi
 Noah Munck sem Tristan
 Matthew J. Evans sem Garrett Tiara

Heimildir 

Kvikmyndir frumsýndar 2011
Bandarískar kvikmyndir",Hver leikur Elizabeth Halsey í kvikmyndinni Bad Teacher?,"{'answer_start': array([147], dtype=int64), 'text': array(['Cameron Diaz'], dtype=object)}"
https://is.wikipedia.org/wiki/Gnitahei%C3%B0i,Gnitaheiði,"Gnitaheiði var aðsetur Fáfnis sem lá þar á gullinu í ormslíki þar til Sigurður Sigmundsson drap hann og var eftir það nefndur Fáfnisbani. 

Bræður nefndust Reginn og Fáfnir. Þeir voru synir Hreiðmars bónda sem fékk óvæntan auð í sonargjöld þegar æsir drápu fyrir honum Otur, sem þá var í oturslíki. Þeir fylltu svo belg hans með gulli sem Loki hafði kúgað út úr dvergnum Andvara. Dvergurinn vildi fá að halda eftir einum gullbaug en Loki gaf sig ekki og fékk bauginn en Andvari lét þá bölvun fylgja að hver sem hann ætti myndi láta líf sitt. 

Þennan sjóð fékk Hreiðmar bóndi en synir hans, Reginn og Fáfnir ágirntust gullið og drápu föður sinn. Fáfnir sveik svo Regin, hirti gullið og hélt með það á Gnitaheiði. Þar lúrði hann á gullinu og breyttist í langan, stóran og mikinn orm (sbr. að liggja sem ormur á gulli). Loks tók Reginn til sinna ráða, fóstraði ungan og vaskan kappa og fékk hann til að koma með sér og sigrast á Fáfni. Það var Völsungurinn Sigurður Sigmundsson og hann sigraðist á Fáfni og var eftir það nefndur Fáfnisbani.

Tenglar 
 

Staðir í norrænni goðafræði",Hver var pabbi Fáfnis og Regins?,"{'answer_start': array([190], dtype=int64), 'text': array(['Hreiðmars bónda'], dtype=object)}"
https://is.wikipedia.org/wiki/Ningbo,Ningbo,"Ningbo (kínverska: 宁波; rómönskun: Níngbō; áður rómönskun: Ning-po) er stórborg í norðausturhluta Zhejiang héraðs í Alþýðulýðveldinu Kína.
 
Ningbo (sem merkir á kínversku „friðsælar öldur“) er staðsett á láglendri strandsléttu við Yong-fljót, þar sem tvær þverár, Yuyao og Fenghua mætast. Borgin er staðsett um 25 kílómetra frá mynni fljótsins við Hangzhou-flóa, Austur-Kínahafi.
 
Borgin er mikilvæg menningar-, iðnaðar-, viðskipta -, og samskiptamiðstöð. Ningbo eru á kínverskan mælikvarða talin vera auðug borg.    
 
Árið 2020 þegar síðasta manntal var gert í Kína, var íbúafjöldi borgarkjarna Ningbo 3.731.203 en íbúafjöldi undir lögsögu borgarinnar var 9.404.283. Borgin skiptist í sex þéttbýlishluta , tvær undirborgir og tvö dreifbýlissveitarfélög, þar á meðal nokkrar eyjur í Hangzhou-flóa og í Austur-Kínahafi.    
 
Höfn borgarinnar, Ningbo-Zhoushan, sem er dreifð yfir nokkra staði, er eins sú fjölfarnasta í heiminum miðað við fjölda farmtonna og ein af stærstu gámahöfnum heims.

Saga 
 

 
 
 

Búseta þar sem Ningbo er nú við láglenda strandsléttu Yong-fljóts,  hefur langa og ríka menningarsögu sem nær aftur til Jingtou fjallamenningarinnar árið 6300 f.Kr. og Hemudu menningarinnar árið 4800 f.Kr. Svæðið var þekkt til viðskipta á silkiveginum fyrir að minnsta kosti tvö þúsund árum síðan, og einnig sem hafnaraðstaða fyrir viðskipti. 
 
Eftir að Gouzhang-sýsla, sem liggur skammt austar, var flutt til þess sem nú er Ningbo árið 625, var hún gerð að sjálfstæðu stjórnsýslusetri  árið 738. Árið 908 var nafni sýslusetursins, sem hafði verið Mao Xian frá 625, breytt í Yin Xian.

Á tíma Tangveldisins 
Ningbo varð mikilvæg viðskiptahöfn á síðari hluta 5. aldar, þegar kóreskir sjófarendur töldu hana hentuga fyrir samskipti við höfuðborgarinnar Jiankang (nú borgin Nanjing).  Á tímum Tangveldisins, ættarveldisins sem ríkti yfir Kína frá 618 til 907, hélt hélt þessi umferð áfram. Þrátt fyrir að opinber samskipti féllu niður eftir 838 héldu einkaviðskipti áfram í stórum stíl. Á 11. öld varð Ningbo miðstöð strandverslunar. Mikilvægi þess jókst með stofnun höfuðborgarinnar Nan Song í Hangzhou árið 1127, þegar erlend viðskipti höfuðborgarinnar streymdu í gegnum Ningbo. Staðurinn óx hratt á valdatíma Song (960–1279).
 
Á tíma Suður-Song ættarveldisins (1127 -1279) bjuggu arabískir kaupmenn í Ningbo, þá þekkt sem Mingzhou. Annað nafn á Mingzhou eða Ningbo var Siming. Staðurinn var þekktur sem  viðskiptamiðstöð hafskipa. Þessir farkaupmenn blönduðust ekki innfæddum Kínverjum, þeir iðkuðu eigin siði og trú og bjuggu í einangruðum hverfum. Þeir reyndu ekki að boða Kínverjum íslam. Það var einnig stórt gyðingasamfélag í Ningbo, eins og sést af þeirri staðreynd að eftir að mikið flóð árið 1642 eyðilagði Torah bókarollur í hinni fornu borg Kaifeng, voru ný helgirit gyðingdómsins sótt til Ningbo.
 
Þéttbýlið hélt nafninu Yin Xian í gegnum mongólska Júanveldið (1206–1368).  Árið 1381 fékk það nafnið Ningbo og hélt því nafni þar til 1912, uns það tók aftur upp formlega nafnið Yin Xian. Nafnið Ningbo var svo aftur tekið upp við stjórnsýslubreytingar til að mynda nýja borg árið 1949.

Á tíma Mingveldisins 
Fyrri hluti valdatíma Mingveldisins (1368–1644) var Ningbo erfiður. Erlend viðskipti voru skert af stjórnvöldum; smíði hafskipa bönnuð; og strandverslun takmörkuð. Japanskir ​​sjóræningjar réðust á Ningbo. Staðurinn staðnaði fram að síðasta fjórðungi 15. aldar, uns nærliggjandi héruð réttu úr kútnum. Hagvöxtur jókst þegar Portúgalar hófu viðskipti í Ningbo árið 1522, fyrst ólöglega en síðar (eftir 1567) löglega.  Borgina hafði lengi eftir það hið portúgalska nafn „Liampó“.  Seinna bættust hollenskir ​​og breskir kaupmenn í hópinn. Kaupmenn Ningbo fóru að eiga viðskipti upp eftir Kínaströnd allt frá Mansjúríu í Norðaustur Kína, til Guangzhou, sem og Filippseyjar og Taívan. Ningbo var verslunarstöð strandsléttunnar austan Shaoxing og úthöfn fyrir ósasvæði Jangtse-fljóts (Bláá), sem það var tengt við með Zhedong skurðinum (Hangzhou–Ningbo) sem var hluti Miklaskurðar og tengdi sem leiddi til Shaoxing og Qiantang árnar. Fyrir vikið varð Ningbo mikilvægur staður fyrir innri viðskipti Kína á 17. og 18. öld.

Ningbo „sáttmálahöfn“  

Í kjölfar ópíumstríðanna 1839–1842 var kínversku stjórnina neydd til að opna fyrir utanríkisviðskipti í fimm hafnarborgum með undirritun Nanking-sáttmálans svokallaða árið 1842.  Ningbo var ein þessara „sáttmálahafna“ og árið 1843 var borgin því opnuð fyrir utanríkisviðskipti. Síðar dró úr viðskiptum þar og viðskiptin færðust meir til Sjanghæ sem liggur um 220 kílómetra norður af Ningbo.

Samtímaborgin 
 
 
 
 

 

 
Í dag er Ningbo er staðbundin verslunarmiðstöð og annasöm höfn í norðausturhluta Zhejiang héraðs.  

Góðar járnbrautar- og hraðbrautartengingar er við Sjanghæ borg um Hangzhou og nýja Hangzhou-flóabrú sem opnuð var árið 2008 og tengir Ningbo beint við Sjanghæ-svæðið. Hangzhou-flóabrúin er 36 kílómetrar að lengd og er ein lengsta sjóbrú heims.

Ningbo Zhoushan höfnin 

Ningbo Zhoushan höfnin er í Beilun hverfinu, austur af borginni á suðurströnd Hangzhou-flóa, er ein stærsta djúpsjávarhöfn Kína sérstaklega útbúin fyrir gámaflutninga. Hún er stærsta höfn í heimi hvað varðar árlega farmflutning í tonnum talið.  Árið 2019 náði farmflutningurinn 1.119 milljónum tonna og var stærst í heiminum 11 árið í röð. Höfnin er langstærsta umskipunarhöfn fyrir járngrýti og hráolíu í Kína. Um 40% olíuafurða Kína, 30% járngrýtis, og 20% af kolabirgða Kína fara um höfnina. Hún er mikilvæg geymslu- og flutningsstöð fyrir ýmis fljótandi efni, kola- og korngeymslustöð.

Ningbo er einnig miðstöð strandferða of vatnsflutninga um viðamikla skipaskurði í nágrenni borgarinnar. Borgin er söfnunarstöð fyrir bómull og aðrar landbúnaðarafurðir á sléttunni, fyrir sjávarafurðir staðbundins sjávarútvegs og fyrir timbur frá nálægum fjöllunum. Borgin er einnig dreifingarstöð fyrir kol, olíu, vefnaðarvöru og ýmsa neytendavörur.
 
Árið 1984, þegar kínversk stjórnvöld boðuðu meira frjálslyndi, var Ningbo útnefnd ein af „opnum borgum“ Kína fyrir erlenda fjárfestingu.
 
Fyrir síðari heimsstyrjöldina voru bómullarspunaverksmiðjur, mjölmyllur, vefnaðarvöruverksmiðjur og tóbaksverksmiðjur stofnaðar og frá 1949 hélt sú iðnvæðing áfram. Textíliðnaðurinn hefur stækkað mjög með nýjum prjóna- og litunarverksmiðjum. Matvælavinnsla með vinnslu mjöls og hrísgrjóna, olíuvinnsla, víngerð er mikilvæg atvinnustarfsemi í borginni. 
 
Verksmiðjur borgarinnar framleiða dísilvélar, landbúnaðarvélar og aðrar vélar, svo sem rafala. Varmaorkustöðvar framleiða rafmagn fyrir allt nágrennið.

Tengt efni 

 Borgir Kína eftir fólksfjölda
 Zhejiang strandhéraðið á austurströnd Kína- við Austur-Kínahaf.
 Opinber upplýsingarvefur Ningbo borgar - Á kínversku, ensku og frönsku.

Tilvísanir 

Borgir í Kína",Hver er lengd Hangzhou flóabrúar?,"{'answer_start': array([4885], dtype=int64), 'text': array(['36 kílómetrar'], dtype=object)}"
https://is.wikipedia.org/wiki/Sinf%C3%B3n%C3%ADuhlj%C3%B3msveit,Sinfóníuhljómsveit,"Sinfóníuhljómsveit er hljómsveit fjölmennari en tuttugu og inniheldur bæði klassísk blásturs- og strengjahljóðfæri auk slagverks. Sveitir fjölmennari en um fimmtán sem innihalda aðeins strengjahljóðfæri eru kallaðar strengjasveitir og sveitir fjölmennari en um fimmtán sem innihalda aðeins blásturshljóðfæri eru kallaðar lúðrasveitir. Það má segja að sinfóníuhljómsveit sé í raun sambræðingur strengja- og lúðrasveita þótt lúðrasveitir séu oftast fjölmennari en blásaraflokkurinn í sinfóníuhljómsveit, en það er vegna hljóðstyrks blásturshljóðfæra, sem er mun meiri heldur en hljóðstyrkur strengjahljóðfæra. Stundum eru sinfóníuhljómsveitir kallaðar fílharmóníuhljómsveitir, þær eru að engu leiti öðruvísi en sinfóníuhljómsveitir. Nafnið er bara notað ef það eru tvær sinfóníuhjómsveitir á sama stað sem vilja draga nafn sitt af staðnum, til dæmis Sinfóníuhljómsveit Berlínar og Berlínarfílharmónían.

Saga sinfóníuhljómsveitarinnar
Saga sinfóníuhljómsveitarinnar á rætur sínar að rekja til loka 17. aldarinnar eða barokktímabils klassískrar tónlistar. Á barokktímabilinu komu fram fyrstu drög að föstum hljómsveitum, áður höfðu hljóðfærin yfirleitt spilað sjálfstætt eða bara í þeim hópum sem hentaði hverju sinni. Tvær megingerðir voru af barokk hljómsveitum, annars vegar minni sveitir sem voru 8-14 manns og hinsvegar stærri sveitir sem voru um 20 manns. Þetta voru þá yfirleitt tvær fiðlur, lágfiðla, selló, kontrabassi, fagott og sitthvað fleira en umfram allt var yfirleitt orgel eða semball. Stærri hljómsveitir þekktust varla, þó vakti ítalski fiðluleikarinn og tónskáldið Arcangelo Corelli athygli fyrir að nota allt að 40 manna strengjasveitir í flutningi á nokkrum verka sinna.

Á klassíska tímabilinu komu fram ný hljóðfæri á borð við píanó og klarínett. Þau urðu vinsæl en fengu ekki öruggt sæti í sinfóníuhljómsveitinni fyrr en á rómantíska tímabilinu, einnig fjölgaði fiðlum og ýmsum hljóðfærum og önnur hljóðfæri bættust í hópin. Erfitt er að setja tölu á hversu margir voru í hljómsveitinni en oft var hljóðfæraleikarakostur frekar naumur og var þá notast við það sem var á staðnum. Blásarar voru fáir en t.a.m. í fyrstu sinfóníum Haydns og konsertum Mozarts er aðeins notast við tvö horn og tvö óbó. Trompet, flauta, fagott og slagverkshljóðfæri voru einungis notuð í stærri verkum klassíska tímabilsins sbr. Júpíter sinfóníu Mozart nr. 41 sem var hans síðasta verk skrifað fyrir sinfóníuhljómsveit.

Undir lok klassíska tímabilsins eða um miðja 19. öld átti Beethoven stóran þátt í að stækka hljómsveitina og undirbúa rómantísku hljómsveitina. Beethoven tók í notkun málmblásturshljóðfæri eins og básúnu og gaf þeim einleiksparta sem hafði ekki tíðkast áður. Einnig fékk bassaklarinett einleiksparta ásamt því að fjölga hljóðfærum til að magna styrk þeirra og í fimmtu sinfóníunni er kontrafagott notað í fyrsta sinn. Á rómantíska tímabilinu komu fram flest hljóðfærin og stækkaði hljómsveitin um vel helming. Endanleg mynd kom á franska hornið, túban kom fram á sjónarsviðið, enskt horn og harpan fengu líf. Hljómsveitin stækkaði og bæði komu ný hljóðfæri og fjöldi fyrri hljóðfæra jókst. Þessi þróun tók mikið stökk með Sálumessu Hector Berlioz, en um 150 manna sinfóníuhljómsveit ásamt yfir 250 manna kór frumflutti verkið. Berlioz var einnig fyrsta tónskáldið sem samdi beint á blað fyrir sinfóníuhljómsveitina og var mesti frumkvöðull rómantíska tímabilsins í hugmyndaríkri notkun á bæði nýjum og gömlum hljóðfærum. Um 1900 kom fram stærsta mynd sinfóníuhljómsveitarinnar og voru þá 171 hljóðfæraleikarai og 850 söngvarar í bæði kór og einsöng í 8. sinfóníu Mahlers. Uppröðun sinfóníuhljómsveita hefur ekki verið breytt eftir þetta en þær hafa verið í mismunandi stærðum og gerðum innan þess sem áður hefur komið fram.

Tengt efni 
 Sinfóníuhljómsveit Íslands

Tenglar

Klassísk tónlist",Hvaða einstaklingur gegndi lykilhlutverki í því að auka umfang hljómsveitarinnar við lok klassíska tímabilsins?,"{'answer_start': array([2478], dtype=int64), 'text': array(['Beethoven'], dtype=object)}"
https://is.wikipedia.org/wiki/Trausti%20Brei%C3%B0fj%C3%B6r%C3%B0%20Magn%C3%BAsson,Trausti Breiðfjörð Magnússon,"Trausti Breiðfjörð Magnússon er íslenskur stjórnmálamaður. Hann er borgarfulltrúi í Reykjavík fyrir Sósíalistaflokkinn frá 2022.

Æviágrip 
Trausti fæddist í Reykjavík árið 1996 og ólst upp í Grafarvogi. Hann er með rætur utan af landi, bæði norður í Hrútafirði og norðan af Ströndum. Hann hefur mikinn áhuga á samfélaginu, mannlegri hegðun og hvernig það sé hægt að tryggja félagslegt réttlæti.

Trausti lauk stúdentsprófi af félagsfræðibraut frá Menntaskólanum við Sund og Kvennaskólanum í Reykjavík árið 2016. Hann hóf síðan nám í sálfræði og félagsfræði við Háskóla Íslands, en tók hlé frá námi vegna kjörs í borgarstjórn árið 2022. .

Trausti hefur unnið við, m.a. sem veitingaþjónn, leiðbeinandi, velferðarstarfsmaður og dagskrárgerðarmaður. Hann hefur einnig lokið námskeiði sem veitir landvarðarréttindi og ferðaðist um heiminn í sex mánuði árið 2017.

Stjórnmál 
Hann er borgarfulltrúi í Reykjavík fyrir Sósíalistaflokkinn frá 2022.

Mál í borgarstjórn 
Trausti hefur tekið þátt í eftirfarandi málum í borgarstjórn eða borgaráði:
 Félagsleg réttlæti: Trausti hefur talað fyrir félagslegu réttlæti og lagt fram tillögu um að auka fjármagn til velferðarþjónustu, félagsráðgjafar, félagslega starfsemi og félagslega húsnæðislausnir.

Tilvísanir 

Borgarfulltrúar Sósíalistaflokksins",Hvar var æska Trausta?,"{'answer_start': array([190], dtype=int64), 'text': array(['í Grafarvogi'], dtype=object)}"
https://is.wikipedia.org/wiki/J%C3%B3nas%20Kristj%C3%A1nsson%20%28f.%201940%29,Jónas Kristjánsson (f. 1940),"Jónas Kristjánsson (fæddur 5. febrúar 1940, dáinn 29. júní 2018) var íslenskur blaðamaður og var ritstjóri 1967-2006. Hann var einnig höfundur margra bóka um hross og ferðalög og var ritstjóri gagnabanka á vefnum um ferðalög, hross og reiðleiðir. Hann kenndi blaðamennsku við Háskólann í Reykjavík 2006-2008. Starfssaga hans kom út 2009.

Jónas Kristjánsson fæddist í Reykjavík. Foreldrar hans voru Kristján Jónasson (f. 12. maí 1914, d. 27. júlí 1947) læknir og Anna Pétursdóttir (f. 11. júní 1915, d. 24. september 1976) bókari. Kristján var sonur Jónasar Kristjánssonar læknis, alþingismanns og stofnanda Náttúrulækningafélags Íslands.

Eiginkona Jónasar var Kristín Halldórsdóttir, fyrrverandi alþingismaður, sem lést 14. júlí 2016.

Náms- og starfsferill 
Jónas lauk stúdentsprófi frá Menntaskólanum í Reykjavík 1959 og var þar ritstjóri Skólablaðsins í fimmta bekk. Hann stundaði nám í félagsfræði í Vestur-Berlín 1959-1961, lauk BA-prófi í sagnfræði við Háskóla Íslands 1966.

Blaðamaður og fréttastjóri á Tímanum 1961-1964. 
Fréttastjóri Vísis 1964-1967. 
Ritstjóri Vísis 1967-1975. 
Ritstjóri Dagblaðsins 1975-1981. 
Ritstjóri DV 1981-2001. 
Ritstjóri Fréttablaðsins 2002. 
Útgáfustjóri Eiðfaxa 2003-2005. 
Ritstjóri DV 2005-2006. 
Háskólakennari í blaðamennsku 2006-2008.

Félagsstörf
Jónas hefur verið formaður:

Ritstörf 

Forustugreinar í dagblöðum, rúmlega 4000 greinar allar götur frá 1973, allar endurbirtar á veraldarvefnum (jonas.is). 
Veitingarýni í blöðum og tímaritum, rúmlega 500 greinar allar götur frá 1980, allar endurbirtar á veraldarvefnum (jonas.is).
Gagnabanki um hross á veraldarvefnum (www.hestur.is). 
Tæplega 300 fyrirlestrar í blaðamennsku birtir á www.jonas.is. 

Ferðarýni á veraldarvefnum (traveltest.is). 
Gagnabanki um fornar og nýjar reiðleiðir á veraldarvefnum (www.jonas.is/reiðleiðir).
Daglegt blogg á veraldarvefnum (www.jonas.is), alls um 23.000 greinar.

Heimildir 
 Íslenskir samtíðarmenn, 2003.

Íslenskir blaðamenn
Íslenskir sagnfræðingar
Íslenskir ritstjórar",Hvað var dánardagur Jónasar Kristjánssonar?,"{'answer_start': array([50], dtype=int64), 'text': array(['29. júní 2018'], dtype=object)}"
https://is.wikipedia.org/wiki/Paswan,Paswan,"Paswan, einnig þekktur sem Dusadh, er Dalit samfélag frá Austur- Indlandi .  Þeir finnast aðallega í fylkjum Bihar,  Uttar Pradesh og Jharkhand . Urdu orðið Paswan þýðir lífvörður eða „sá sem ver“. Uppruni orðsins, samkvæmt trú samfélagsins, liggur í þátttöku þeirra í bardaga við Siraj-ud-daulah, Nawab í Bengal að fyrirskipun breska Austur-Indlandsfélagsins, en eftir það voru þeir verðlaunaðir með embætti Chowkidars og lathi með skattheimtu fyrir Zamindara . Þeir fylgja ákveðnum helgisiðum eins og að ganga á eld til að fullyrða hreysti sitt.

Vistfræði 
Paswans fullyrða uppruna sinn frá fjölda þjóðlegra og epískra persóna til að leita upplyftingar í félagslegri stöðu sinni. Sumir Paswan telja að þeir hafa upprunnin frá Rahu, ofurmannlegri og einn af plánetum í Hindu goðafræði, en aðrir segjast uppruna sinn frá Dushasana, einn af Kaurava höfðingja. Kröfur um uppruna frá „Gahlot Kshatriya“ eru einnig viðvarandi meðal sumra leikmanna, en aðrir líta á slíkar fullyrðingar með fyrirlitningu, þar sem þeim líkar ekki að tengjast Rajputs . 

Því hefur einnig verið haldið fram af sumum Bhumihars að þeir séu afkomendur krosshjónabanda karla og kvenna af tveimur mismunandi köstum. Samt sem áður hafnar Paswan samfélag þessum kenningum og heldur því fram að uppruni nafnsins 'Dusadh' liggi í Dusadh, sem þýðir ""erfitt að sigra"".￼

Saga 
Þeir hafa verið taldir vera ósnertanlegt samfélag.  Í Bihar eru þeir fyrst og fremst landlausir, landbúnaðarverkamenn og hafa sögulega verið þorpsverðir og boðberar.  Fyrir 1900 notuðu þeir einnig svín að ala sérstaklega í Uttar Pradesh og Bihar. Paswans verja hernámið við uppeldi svína með því að segja það sem stefnu til að vinna gegn múslimum . Þeir fullyrða að til að vernda sig gegn múslímum hafi stúlkur í Paswan notað klæðnað úr svínumbeinum og haft svín við dyr sínar í ljósi andúð múslima við svín. Þar sem Rajputs í Rajasthan ræktaði einnig sem og veidda villta svín er þessi staðreynd notuð af þeim til að verja þessa iðju sem er staðfest af þeirri staðreynd að eftir lok Zamindari kerfisins gat hefðbundin iðja að þjóna verðir ekki veitt framfærslu þá. 

Paswans hafa einnig verið sögulega tengdir herlegheitum  og margir börðust fyrir hönd Austur-Indlandsfélagsins á 18. öld í her Bengal.  Manntal Indlands 2011 vegna Uttar Pradesh sýndi að íbúar Paswan, sem flokkast sem skipulagður kasti, voru 230.593.  Sama manntal sýndi íbúa 4.945.165 í Bihar.

Tilvísanir 

Stundaskrá Kaste af Bihar og Uttarpradesh
Félagslegur hópur Bihar
Dalit samfélög","Hvaða merkingu hefur orðið ""Paswan"" í úrdú?","{'answer_start': array([170], dtype=int64), 'text': array(['lífvörður eða „sá sem ver“'], dtype=object)}"
https://is.wikipedia.org/wiki/Sh%C5%8Dgiafbrig%C3%B0i,Shōgiafbrigði,"Ýmis afbrigði shōgi (japanskrar skákar) hafa þróast í gegnum tíðina, en þau spanna allt frá stærstu skákleikjum sem nokkru sinni hafa verið fundnir upp til þeirra allra minnstu. Fáein þessara afbrigða eru enn spiluð nokkuð, en ekkert þeirra er þó nærri eins vinsælt og shōgi sjálft.

Taka skal fram að í flestum þessara afbrigða er ekki leyfilegt að sleppa leikmönnum aftur inn á borðið eftir að þeir hafa verið drepnir, en þetta er oft talið mesta sérkenni shōgi. Þessi afbrigði virka því strategískt líkari öðrum skákleikjum, og borðið gisnar smátt og smátt eftir því sem fleiri taflmenn eru drepnir.

Forverar nútímashōgi

Einhvers konar skák hafði örugglega komist til Japan á 9. öld, ef ekki fyrr, en elsta varðveitta japanska lýsingin á skákreglum er frá 12. öld, þ.e. frá Heian-tímabilinu. Því miður gefur þessi lýsing ekki nægilega skýra mynd af reglum leiksins, en það hefur þó ekki aftrað fólki frá því að reyna að endurgera þessa fornu útgáfu shōgi, sem venjulega er kölluð Heian shōgi (平安将棋). Taflmennirnir hreyfðu sig eins og í nútímashōgi, en það var enginn hrókur eða biskup. Borðið virðist hafa verið 9×8 eða 8×8 reitir. Uppröðunin er ekki þekkt, en hún var sennilegast eins og nú, nema hvað hrókinn og biskupinn vantaði, og ef borðið var 8×8 reitir hefur aðeins verið einn gullhershöfðingi. Peðunum gæti mögulega hafa verið stillt upp í annarri röð, frekar en þeirri þriðju. Hægt er að segja með vissu að ekki var leyft að setja taflmenn aftur inn á borðið.

Á 16. öld var leikurinn orðinn líkari því sem nú gerist: hann var spilaður á 9×9 reita borði með sömu uppstillingu og í nútímashōgi, nema hvað aukataflmaður (svokallaður drukkinn fíll) stóð beint fyrir framan kónginn. Þessi útgáfa leiksins er þekkt sem shō shōgi (小将棋), sem þýðir „lítið shōgi“. (Þótt 9×9 reita borð kunni að virðast annað en „lítið“, var þetta minnsta shōgiútgáfa þess tíma.) Keisarinn Go-Nara, sem ríkti 1526-1557, tók drukkna fílinn úr leiknum, og talið er að um svipað leyti hafi komið til sögunnar sú regla að setja mætti taflmenn aftur inn á borðið eftir að þeir væru drepnir. Þannig varð til það „venjulega“ shōgi sem spilað er nú.

Stærri afbrigði

Til eru allnokkur shōgiafbrigði sem spiluð eru á stærri borðum en 9×9. Þessi afbrigði eru öll frekar gömul, og voru líklegast öll spiluð án endurkomu taflmanna inn á borðið. Talið er að þau stærstu (dai shōgi og upp úr) hafi aldrei verið almennt mikið spiluð, heldur fundu menn þá upp til gamans, til að slá um sig og sýna snilli sína. Leikir allt að Tenjiku dai shōgi virðast þó vel spilanlegir, ef tími er nægur.

Sama 12. aldar heimildin og lýsti Heian shōgi lýsir einnig afbrigði sem leikið var á 13×13 reita borði, sem nú er nefnt Heian dai shōgi (平安大将棋). Reglur þessa leiks hafa ekki verið varðveittar í heild sinni frekar en minni útgáfu sama tíma.

Vinsælasta stóra shōgiafbrigðið er chū shōgi (中将棋), sem leikið er á 12×12 reita borði. Nafnið merkir mið-shōgi, og er leikurinn oft kallaður middle shogi á ensku. Chū shōgi var fundið upp eigi síðar en á 14. öld (til eru eldri vísanir í það, en ekki er vitað hvort átt var við leikinn í núverandi mynd). Chū shōgi er þekktast fyrir mjög öflugan taflmann sem kallast ljón og hreyfist eins og kóngur, en tvisvar í hverri umferð. Leikurinn var enn algengur í Japan í byrjun 20. aldar, en hefur nú að mestu dáið út þar. Hann hefur þó dregið að sér fylgjendur á Vesturlöndum. Aðalritverkið um chū shōgi á ensku er bókin The Middle Shogi Manual eftir George Hodges.

Önnur miðaldashōgiafbrigði voru wa shōgi (11×11, hugsanlega var leyft að sleppa taflmönnum aftur inn á), dai shōgi (大将棋, „stórt shōgi“, 15×15), tenjiku shogi (天竺大将棋, „stórt indverskt shōgi“, þótt sennilega sé meint að leikurinn sé framandi, ekki indverskur í raun, 16×16), dai dai shōgi (大大将棋, „stórt, stórt shōgi“, 17×17), maka dai dai shōgi (摩訶大大将棋, „gríðarstórt shōgi“, 19×19), og tai shōgi (泰将棋, „víðáttumikið shōgi“, 25×25). Þessi afbrigði eru ekki yngri en frá 17. öld. Tai shōgi var lengi talið heimsins stærsti skákleikur, en árið 1997 fundust heimildir um enn stærra shōgiafbrigði, taikyoku shōgi (大局将棋, „ultimate shōgi“, 36×36).

Nýlegasta stóra shōgiafbrigðið er kō shōgi (廣将棋 eða 廣象棋 „breitt shōgi“, 19×19), sem er leikið á go-borði og inniheldur hugmyndir úr kínverskri skák. Það var fundið upp í byrjun 18. aldar. Kō shōgi er óvenjulegt að því leyti, að taflmennirnir eru mjög háðir hvor öðrum og reglur um stöðuhækkun er flóknar.

Nútímaafbrigði

Tori shōgi (禽将棋, „fuglashōgi“) var fundið upp í lok 18. aldar. Leikurinn er spilaður á 7×7 reita borði og leyfilegt er að sleppa taflmönnum aftur inn á. Tori shōgi er meðal algengari shōgiaafbrigða.

Annað tiltölulega vinsælt shōgiafbrigði er minishōgi (5五将棋), sem er spilað á 5×5 reita borði, en hefur að öðru leyti sömu reglur og venjulegt shōgi. Judkins shōgi er svipað, en er spilað á 6×6 reita borði.

Sem dæmi um fleiri nútímashōgiafbrigði má nefna Kyōto shōgi (京都将棋, 5×5), fallbyssushōgi (9×9), míkróshōgi (4×5) og yari shōgi Christians Freeling (7×9).

Tengt efni

Hvalashōgi
Hasami shōgi
Handarshōgi
Annan shōgi
Unashogi
Kō shōgi
Yonin shogi
Kawanakajima shōgi (川中島将棋)

Tenglar

 Shōgiafbrigðaforrit
 Alþjóðleg chū shōgi-keppni
 Tölvupóstsleikþjónn Richards – styður mörg shōgi- og skákafbrigði.

Shōgi",Hvaða taflmenn voru ekki notaðir í Heian shōgi?,"{'answer_start': array([1072], dtype=int64), 'text': array(['hrókur eða biskup'], dtype=object)}"
https://is.wikipedia.org/wiki/%C3%9Ej%C3%B3%C3%B0lagat%C3%B3nlist,Þjóðlagatónlist,"Þjóðlagatónlist er tegund tónlistar sem hefur rætur í menningu og sögu þjóðar.

Almenn skoðun á því hvað þjóðlagatónlist er hefur breyst mikið með tímanum. Í sinni ströngustu merkingu er þetta tónlist sem byggist upp á hefð, þá hefur hún verið samin og farið niður um kynslóðir. Efni laganna fór eftir því hvaðan þú komst, hverjar hefðirnar eru þar, siðirnir, sagan og þjóðfræðin. Stundum voru þetta lög um betra líf en þekktist þar sem þú bjóst og seinna bættist í efnislega hlutann að semja texta við lögin sem mótmæli.

Einkenni 

Það er ekki auðvelt að finna einkenni þjóðlaga og eru þau illa skiljanleg. Þegar lag er samið og flutt í fyrsta sinn er það verk þess flytjanda sem fór með það en um leið og aðrir læra það og syngja getur lagið endurmótast mikið. Það sem maður getur einkennt vel er þó söngstíllinn. Ameríski þjóðlagafræðimaðurinn Alan Lomax skipti stílnum niður í þrennt: evrasíska stílinn og gamla og nýja evrópska stílinn. Evrasíski stíllinn, sem fannst einkum í Suður-Evrópu og einnig í pörtum af Bretlandi & Írlandi, var spenntur og skreyttur stíll og byggðist langoftast í kringum einsöngva. Gamli evrópski stíllinn, sem hægt er að finna víða í Mið-, Vestur- og Norður-Evrópu, er mun rólegri en evrasíski stíllinn og er oft byggður upp í kringum hópsöngva þar sem raddirnar blandast vel saman. Nútíma evrópski stíllinn sem er aðallega að finna í Vestur-Evrópu er hægt að segja að sé blanda af þeim báðum.

Hljóðfærin sem notuð voru í þjóðlagatónlist er hægt að skipta niður í fjóra flokka. Fyrsti hópurinn, sem samanstendur af afar einföldum hljóðfærum, þau eru til dæmis hristur, flautur með og án fingrahola, lauf, beinflautur og margt margt fleira. Annar hópurinn samanstendur af hljóðfærum sem voru tekin til Evrópu eða Ameríku frá óevrópskum menningarheimum og breyttust. Til dæmis banjóið og klukknaspilið frá Afríku. Þriðji hópurinn sýnir okkur hljóðfæri sem spruttu uppúr þorpsmenningum og gott dæmi um það er einskonar fiðla sem var búin til úr tréskó í Norðvestur-Þýskalandi. Fjórði og sennilega mikilvægasti hópurinn samanstendur af hljóðfærum frá vinsælum tónlistarstefnum eins og klassískri tónlist og popptónlist. Þeim hópi tilheyrir þá fiðlan, bassa víólan, klarínett, gítar og fleira.

Uppruni 
Það er erfitt að rekja uppruna þjóðlagatónlistarinnar vegna þess að alla tónlist, óháð stefnu hennar, er hægt að rekja aftur til þjóðlaga þar sem að þannig byrjaði þetta, og allt sem gerðist eftir hana er einfaldlega þróun út frá henni. Tónlistarmennirnir Louis Armstrong og Big Bill Broonzy hafa báðir sagt: „All music is folk music. I ain‘t never heard a horse sing a song.“

Uppruni hennar leynist einhversstaðar í fortíðinni, en þróun hennar hefur verið mótuð af áhrifum frá mörgum menningarheimum út um allan heim, og þó svo að hver einasta menning hafi sína eigin gerð þjóðlagatónlistar, þá höfðu þau öll áhrif á það hvernig stefnan lítur út í dag.

Ameríka 
Þjóðlagatónlist reis mikið í Bandaríkjunum á árunum 1920-1940. Þetta voru erfiðir tímar. Kreppan stóð á, fólk átti í miklum erfiðleikum með að fá vinnu þar sem aðstæðurnar voru ásættanlegar og fleira eins og barnaþrælkunarlögin setti þungan brag á samfélagið. Þar kom þjóðlagatónlistin inn, þar sem fólk gat komið orði sínu fram með tónlistinni og mótmælt með henni. Vinnufólk og þjóðlagasöngvarar hópuðust í kirkjum og sölum og sungu þessi lög til að sýna fram á samstöðu og hjálpuðu hvort öðru á þessum erfiðu tímum. Joe Hill átti stóran þátt í þessum mótmælum. Hann fæddist 7. október 1879 og var aktívisti, textasmiður og meðlimur hóps iðnaðarverkamanna í heiminum(Industrial Workers of the World). Joe Hill samdi texta við gömul þjóðlög með tilliti til samfélagsins, kreppunnar og mótmælum. Þessi lög urðu að aðal mótmælasöngvum verkfallsfólks og mótmælenda. Hill var seinna fundinn sekur fyrir morð og var dæmdur til dauða, það er þó mikið efast um aðild hans að morðinu og því var eini raunverulegi glæpurinn hans að vera meðlimur IWW.

Fall hlutabréfamarkaðsins og erfiðir tímar sem fylgdu sáu uppsprettu söngvara á borð við Woody Guthrie, Jimmie Rodgers og Pete Seger sem einnig, eins og Hill, notuðu þjóðlagatónlistina sem mótmæli fyrir almenning. Næstu stóru öldurnar í tónlistinni voru svipaðar en þar má telja baráttu borgaralegra réttinda, mótmæli á inngöngu Bandaríkjanna í Víetnam stríðið og stríðið í [Mið-Austurlönd|Mið-Austurlöndunum]].

Fimmti, sjötti og sjöundi áratugurinn var mikil sundlaug stórkostlegra listamanna. Þar má nefna menn eins og Joan Baez, Bob Dylan, Phil Ochs, Tim Buckley, Bill Spence og Tom Baxton, sem allir fetuðu einnig í þau fótspor að skrifa mótmælitexta við lögin sín. Bob dylan var sennilega áhrifamesti tónlistarmaður stefnunnar og átti mestallan þátt í því að koma tónlistinni á framfæri almennings með því að fá mikla útvarpsspilun og um miðjan sjöunda áratuginn var stefnan orðin það vinsæl að þættir tileinkaðir henni voru sýndir í sjónvarpi víða, og það ýtti verulega undir aðdáendahóp tónlistarinnar.

Kanada 
Á meðan þjóðlagatónlistin blómstraði og óx í Bandaríkjunum gerði hún það sama í Kanada. Þaðan spruttu upp tónlistarmenn eins og Gordon Lightfoot, Leonard Cohen, Joni Mitchell og margir fleiri.

Bretland 
Þjóðlagatónlist í Englandi á sér langa sögu, og  mörg einstök svæði í landinu eiga þeirra eigin hefðbundna þjóðlagastíl og hefðir sem hafa lifað í gegnum árin, þó svo að þeirra stíll sé ekki þekktur eða vinsæll utan þess svæðis. 

Við upphaf tuttugustu aldar var þjóðlagatónlist í Bretlandi uppfull af léttum klassískum listamönnum, sem fengu sínar vinsældir með uppgötvun útvarpsins. Eftir seinni heimsstyrjöldina breyttist þetta þó. Rómantískari stíll tónlistarinnar varð mjög vinsæll. Á sjöunda áratugnum varð til svokallað „electric folk“ í stefnunni þar sem fólk notaðist við hljóðfæri eins og rafmagnsgítarinn við tónlistina. Þessi undirstefna og pólitískur aktívismi í þjóðlagatónlist olli uppnámi í Bretlandi. Hinsvegar dofnuðu vinsældir stefnunnar ekki heldur, þvert á móti hækkuðu vinsældirnar jafnt og þétt upp að fyrri hluta áttunda áratugsins, þegar aðrar stefnur urðu gífurlega vinsælar, eins og diskó. 

Á níunda áratugnum endurvöktust vinsældir í tónlistinni sem samanstóð af pönk rokki og pólitískum mótmælum. Þessi gerð stefnunnar nýtur enn þann dag í dag mikillar vinsældar en þó ekki nærri eins mikillar og á sjötta og sjöunda áratuginum.

Íslensk þjóðlagatónlist 
Til íslenskrar þjóðlagatónlistar teljast sagnadansar, stemmur, sálmalög, hljóðfæraleikur, jólalög, þulur og fleira.

Áhrifamiklir tónlistarmenn stefnunnar

Bob Dylan 
Bob Dylan fæddist 24. maí 1941 í Duluth, Minnesota. Hann er amerískur söngvari, lagasmiður, höfundur, ljóðskáld og málari, og verið stór goðsögn í tónlistarsögunni í um fimm áratugi. Hans vinsælustu lög eru allt frá sjöunda áratugnum. Mörg af hans lögum eins og til dæmis „Blowin‘ in the Wind“ og „The Times They are a-Changin“ urðu að þjóðsöngvum hreyfinga borgaralegs réttar. Politík, samfélagið, heimspeki og bókmenntir eru helstu áhrifavaldar texta hans, sérstaklega á fyrri árum. Honum hefur mikið verið verðlaunað fyrir skrif sín og söng, og hann hefur fengið bæði Grammy, Golden Globe og Academy Awards verðlaun

Bob Dylan er enn í dag að láta til sín taka en platan hans „Modern Times“, sem kom út 9. ágúst 2006, komst í fyrsta sæti á Ameríska plötulistanum og var valin plata ársins af Rolling Stone.

Ani Difranco 
Ani Difranco fæddist 23. september 1970. Hún er þekkt fyrir að vera mjög hugmyndaríkur listamaður, en hún hefur gefið út yfir tuttugu plötur, og er hún einnig víða þekkt sem feminísk táknmynd. Hún fékk mikil lof frá helstu tónlistartímaritum eftir að hún sagði við öll útgáfufyrirtæki að hún skildi gefa út tónlistina sína á hennar eigin fórsemdum, en ekki að gera þetta að einhverri merkjavöru. Rolling Stone kallaði hana „fiercely independent“ All music guide sagði hana vera „inspirational“ og The New York Times kallaði hana „the ultimate do it yourself songwriter“.

Woody Guthrie 
Woody Guthrie fæddist 14. júlí árið 1912 í Okemah, Oklahoma. Faðir hans kenndi vestræn lög, indverska söngva og skoska þjóðlagatónlist og hafði mikil áhrif á Woody. Hann átti erfitt fjölskyldulíf og æsku í Oklahoma þar sem eldri systir hans dó af slysförum, fjölskyldan lenti í miklum efnahagsvandræðum og seinna missti hann móður sína, sem einnig hafði gífurleg áhrif á hann. Guthrie einblíndi á tónlist sem talaði fyrir þá sem minna máttu sín og þá sem áttu í erfiðleikum á þessum erfiðu tímum. 

Meðal hans frægustu lögum eru „I Ain‘t got No home“, „Goin‘ Djown the Road Feelin‘ Bad“, Talking Dust Bowl Blues“ og fleira. 
Í seinni hluta fimmta áratugs var hann greindur með mjög sjaldgæfan taugasjúkdóm, „Huntington‘s Chorea“, hrörnunarsjúkdómur sem myndi á endanum ræna hann mættinum og heilsunni. Vegna sjúikdómsins var framkoma hans bæði á sviði og af því mjög ofbeldisfull og óreiðumikil, sem myndaði streitu í hans einka-og atvinnulífi.

Heimildir

Tengt efni 
 Lofsöngur
 Þjóðsöngur",Hvenær fæddist Bob Dylan?,"{'answer_start': array([6537], dtype=int64), 'text': array(['24. maí 1941'], dtype=object)}"
https://is.wikipedia.org/wiki/District-lei%C3%B0,District-leið,"District-leið er leið neðanjarðarlestakerfis Lundúnaborgar. Hún er græn á litinn á korti kerfisins og er svokölluð grunn leið, það er segja að hún var byggð með „grafa-og-þekja“ aðferðinni. Hún er fjölfarnasta leið kerfisins þessarar tegundar. Samtals eru 60 stöðvar á leiðinni en aðeins 25 þeirra eru neðanjarðar. Tvær fjögurra greina leiðarinnar eru einustu leiðar kerfisins sem fara yfir Thames-ána með brúm og ekki göngum. Þó er að leiðin sé fjórða lengsta leið kerfisins er hún með mesta fjölda stöðva.

Leiðarkort

Stöðvar 
Í röð frá vestri til austurs.

Richmond-grein

Ealing Broadway-grein

Wimbledon-grein

Kensington (Olympia)-grein

Edgware Road-grein

Aðalleið

Lokaðar stöðvar
Hounslow Town, opnuð 1. maí 1883, leyst af hólmi af Hounslow East 2. maí 1909
Mark Lane, aðalleið, opnuð árið 1884, leyst af hólmi af Tower Hill 4. febrúar 1967
South Acton, Ealing-grein, opnuð 1880, lokað 28. febrúar 1959
St. Mary's, aðalleið, opnuð 3. mars 1884, lokað 30. apríl 1938

Kort 

Richmond – 
Kew Gardens – 
Gunnersbury – 
Ealing Broadway – 
Ealing Common – 
Acton Town – 
Chiswick Park – 
Turnham Green – 
Stamford Brook – 
Ravenscourt Park – 
Hammersmith – 
Barons Court – 
West Kensington – 
Wimbledon – 
Wimbledon Park – 
Southfields – 
East Putney – 
Putney Bridge – 
Parsons Green – 
Fulham Broadway – 
West Brompton – 
Kensington (Olympia) – 
High Street Kensington – 
Notting Hill Gate – 
Bayswater – 
London Paddington – 
Edgware Road – 
Earl's Court – 
Gloucester Road – 
South Kensington – 
Sloane Square – 

London Victoria – 
St. James's Park – 
Westminster – 
Embankment – 
Temple – 
Blackfriars  – 
Mansion House – 
Cannon Street  – 
Bank-Monument  – 
Tower Hill – 
Aldgate East – 
Whitechapel – 
Stepney Green – 
Mile End – 
Bow Road – 
Bromley-by-Bow – 
West Ham – 
Plaistow – 
Upton Park – 
East Ham – 
Barking – 
Upney – 
Becontree – 
Dagenham Heathway – 
Dagenham East – 
Elm Park – 
Hornchurch – 
Upminster Bridge – 
Upminster – 
Ealing Common Depot – 
Upminster Depot –

Heimild 
  

Leiðir neðanjarðarlestakerfis Lundúnaborgar",Hvað eru margar lestarstöðvar á District línunni?,"{'answer_start': array([256], dtype=int64), 'text': array(['60'], dtype=object)}"
https://is.wikipedia.org/wiki/Elena%20Ferrante,Elena Ferrante,"Elena Ferrante er dulnefni ítalsks rithöfundar sem hefur slegið í gegn á heimsvísu með Napólífjórleiknum; Framúrskarandi vinkona (2012), Saga af nýju ættarnafni (2013), Þeir sem fara og þeir sem fara hvergi (2014) og Sagan af barninu sem hvarf (2015). Sögurnar fjalla um tvær vinkonur sem fæðast í Napólí árið 1944 og reyna að komast af í umhverfi sem einkennist af ofbeldi og kúgun. Gerðar hafa verið kvikmyndir eftir skáldsögunum Óþægileg ást og Dagar höfnunar og árið 2018 kom út 8 þátta sjónvarpsþáttaröð á ítölsku eftir fyrstu Napólíbókinni.

Ekki er vitað hver er á bak við dulnefnið Elena Ferrante.

Verk 
 L'amore molesto (1992; ísl. þýð. Óþægileg ást, 2018)
 I giorni dell'abbandono (2002; ísl. þýð. Dagar höfnunar, 2018)
 La frantumaglia (2003)
 La figlia oscura (2006)
 La spiaggia di notte (2007)
 L'amica geniale (2011; ísl. þýð. Framúrskarandi vinkona, 2015)
 Storia del nuovo cognome (2012; ísl. þýð. Saga af nýju ættarnafni, 2016)
 Storia di chi fugge e chi resta (2013; ísl. þýð. Þeir sem fara og þeir sem fara hvergi, 2016)
 Storia della bambina perduta (2014; ísl. þýð. Sagan af barninu sem hvarf, 2017)
 L'invenzione occasionale (2019)
 La vita bugiarda degli adulti (2019; ísl. þýð. Lygalíf fullorðinna, 2020)

Ítalskir rithöfundar",Hvað heitir bókin La vita bugiarda degli adulti á íslensku?,"{'answer_start': array([1204], dtype=int64), 'text': array(['Lygalíf fullorðinna'], dtype=object)}"
https://is.wikipedia.org/wiki/Hr%C3%BAtafj%C3%B6r%C3%B0ur,Hrútafjörður,"Hrútafjörður er um 36 km langur fjörður, sem liggur suður úr Húnaflóa. Næsti fjörður fyrir norðan hann er Bitrufjörður. Byggðin á vesturströndinni, Strandamegin, kallaðist Bæjarhreppur og var syðsta sveitarfélagið á Ströndum. Skráður íbúafjöldi í hreppnum var um það bil 100 manns, sem hafa atvinnu af landbúnaði, verslun og þjónustu. Dálítið þéttbýli er á Borðeyri.
Eftir að sameining Húnaþings vestra og Bæjarhrepps var samþykkt þann 3. desember 2011 voru þessi tvö sveitarfélög sameinuð um áramótin 2011-2012. Sveitarfélagið Húnaþing vestra nær því upp á miðjan Stikuháls, sem aðskilur Hrútafjörð og Bitrufjörð á Ströndum.

Við austanverðan fjörðinn var áður Staðarhreppur, en er nú hluti af Húnaþingi vestra. Þar er Reykjatangi þar sem er Byggðasafn Húnvetninga og Strandamanna og áður var rekinn Héraðsskólinn á Reykjum. Við miðjan Hrútafjörð er Hrútey sem er í eigu Melstaðarkirkju. Í eynni er gjöfult æðarvarp.

Inn Hrútaförð var siglingaleið fraktskipa fyrr á árum og sigldu þau þá inn til Borðeyrar með vistir og varning.
Hrútafjörður þótti erfiður til siglinga fyrir stór skip sökum þess hve skerjóttur hann er. Nokkur hætta var því á að flutningaskip tækju niðri á einhverjum köflum í firðinum.

Mörk Stranda og Húnaþings, og þar með einnig mörk Vestfjarða og Norðurlands, liggja frá botni Hrútafjarðar með Hrútafjarðará, síðan vestur yfir miðja Holtavörðuheiði upp á Tröllakirkju. Innsti byggði bærinn var áður Grænumýrartunga en er núna Óspaksstaðir eftir að Grænumýrartunga fór í eyði árið 1967.

Í Landnámabók er sagt að Ingimundur gamli Þorsteinsson hafi gefið firðinum nafn þegar hann kom þar við í leit sinni að landi til að nema og fann tvo hrúta. Bálki Blængsson er hins vegar sagður hafa numið land í Hrútafirði og búið á Bálkastöðum og síðan í Bæ. Hann á að hafa verið son Sóta af Sótanesi og barist í Hafursfjarðarorustu gegn Haraldi konungi. Í landnámi Bálka byggðu síðan landnámsmennirnir Arndís auðga Steinólfsdóttir, Grenjuður og Þröstur Hermundarsynir, Eysteinn meinfretur Álfsson og Þóroddur.

Firðir á Íslandi
Vestur-Húnavatnssýsla
Strandir",Hvaða nafni nefnist eyjan sem er í miðjum Hrútafirði?,"{'answer_start': array([851], dtype=int64), 'text': array(['Hrútey'], dtype=object)}"
https://is.wikipedia.org/wiki/Quercus%20prinoides,Quercus prinoides,"{{taxobox
| image = Quercus prinoides leaves.jpg
| image_caption = Blöð Q. prinoides (fyrir miðju) líkjast þeim á Q. prinus.
| status = LC

| status_ref = 
| regnum = Jurtaríki (Plantae)
| divisio = Dulfrævingar (Magnoliophyta)
| classis = Tvíkímblöðungar (Magnoliopsida)
| ordo = Beykibálkur (Fagales)
| familia = Beykiætt (Fagaceae)
| genus = Eik (Quercus)
| parent = Quercus sect. Quercus
| species = Q. prinoides
| binomial = Quercus prinoides| binomial_authority = Willd.
| range_map = Quercus prinoides range map.png
| range_map_caption = Útbreiðsla
| synonyms_ref = 
| synonyms = 
}}Quercus prinoides'' er runnkennd eikartegund ættuð frá austur og mið Norður-Ameríku, frá New Hampshire til suður Ontario til austur Nebraska, suður til Georgíu, Alabama, Louisiana og Oklahoma.
Hún verður runni eða lítið tré sem verður yfirleitt um 4–6 metra hátt og 4–6 metra breitt. Það breiðist stundum út með rótarskotum eða jarðstönglum.

Nytjar

Akörnin eru sæt og bragðgóð, en viðurinn lítið nýttur vegna smæðar runnanna.

Tilvísanir

Beykiætt
Tré
Matjurtir",Með hvaða hætti dreifist runnaeikin?,"{'answer_start': array([902], dtype=int64), 'text': array(['rótarskotum eða jarðstönglum'], dtype=object)}"
https://is.wikipedia.org/wiki/Hrynjandi,Hrynjandi,"Hrynjandi er taktur sem þarf að gæta að til þess að ljóð fylgi bragfræðireglum. Hrynjandi er vanalega talin í taktbilum sem kallast kveður sem geta verið „rísandi“ eða „hnígandi“ eftir því hvort áhersluatkvæði er fyrst eða síðast í viðkomandi kveðu. Fyrsta kveða í braglínu er kölluð hákveða, og svo skiptast á hákveður og lágkveður. Stundum kemur áherslulaus forliður á undan fyrstu kveðu. Kveður kallast tvíliður eða þríliður eftir atkvæðafjölda. Bragarháttur kveður á um hvernig hrynjandin á að vera og hvernig stuðlar og höfuðstafir raðast á kveður, en ávallt gildir að ekki má vera of langt á milli ljóðstafa, stuðlarnir mega ekki vera báðir í lágkveðu (í ferskeyttum háttum verður annar þeirra að vera í síðustu hákveðu) og höfuðstafur er alltaf í fyrstu hákveðu.

Dæmi um vísu með hnígandi tvíliðum með einföldum forlið í þrem fyrstu línum (áherslusérhljóði feitletraður):

Þeir eltu hann á átta hófahreinum

og aðra tvenna höfðu þeir til reiðar,

en Skúli gamli sat á Sörla einum

svo að heldur þótti gott til veiðar.

(Grímur Thomsen: „Skúlaskeið“)",Hvernig er ákvarðað hvort kveða er tvílið eða þrílið?,"{'answer_start': array([434], dtype=int64), 'text': array(['atkvæðafjölda'], dtype=object)}"
https://is.wikipedia.org/wiki/Sacramento,Sacramento,"Sacramento er höfuðborg Kaliforníuríkis í Bandaríkjunum. Borgin var stofnuð í desember árið 1848 af John Sutter en hann hafði áður reist virkið Sutter's Fort (einnig nefnt New Helvetia). 

Í gullæðinu var Sacramento mikilvæg miðstöð viðskipta og landbúnaðar. Þar var endastöð margra vagnlesta, hestvagna, fljótabáta og fyrstu járbrautarinnar sem náði þvert yfir Ameríku.

Innfæddir kalla borgina oft Sacto, Sactown, Sacratomato eða Sac. Þá kalla viðskiptajöfrar og fjölmiðlar borgina oft River City. Sacramento State University (hluti California State University) er háskólinn staðarins.

Saga borgarinnar

Forsaga 
Fyrir tíma Evrópubúa í Kaliforníu höfðu indjánar af ættbálkunum Miwok, Shonommey og Maidu búið á svæðinu í líklegast þúsundir ára. Ólíkt nútímamanninum skildu þeir litlar leifar eftir sig, en þeir nærðust aðallega á akarni eikartrjánna, ávöxtum, fræjum og rótum.

Árið 1806 eða 1808 kom spænski landkönnuðurinn Gabriel Moraga á svæðið fyrstur Evrópubúa. Hann nefndi dalinn sem hann sá og fljótið sem lá í gegnum dalinn Sacramento Valley og Sacramento River eftir spænska orðinu yfir sakrament.

Frá frumkvöðlum til gullæðis 
John Sutter kom til svæðisins frá Liestal í Sviss í ágúst 1839 og stofnaði virkið og viðskiptastöðina Sutter's Fort árið 1840. Árið 1848 fannst gull um 80 kílómetrum norðaustan við virkið eða í Sutter's Mill. Þegar fréttin breiddist út tók fólk að streyma til svæðisins frá öllum áttum og stórjókst íbúatalan við það. Sonur Sutter, sem hét John Sutter yngri, tók að skipuleggja borg á svæðinu og borgina nefndi hann Sacramento eftir fljótinu, Sacramento river. Þetta gerði hann þrátt fyrir andstöðu föður síns, sem áður hafði stofnað Sutter's Fort, Sutter's Mill og Sutterville, en allar þessar byggðir mistókust öfugt við Sacramento, sem óx hratt.

Fyrstu áratugina hrjáðu flóð, eldar og kólera borgina, en samt sem áður hélt aðstreymi fólks til borgarinnar áfram.

Höfuðborgin 
Löggjafarþing Kaliforníu kom með lög árið 1854 sem gerðu Sacramento að höfuðborg ríkisins, en hún hafði áður verið í borgunum San Jose, Vallejo og Benicia.

Hafist var handa við byggingu þinghússins, California State Capitol, árið 1869 og lauk henni 1874. Þykir húsið minna mjög á United States Capitol í Washington, D.C.

Þessi nýja staða borgarinnar, sem og góð staðsetning, urðu þess valdandi að borgin upplifði mikið gullaldarskeið. Hún varð fyrsta endastöð Pony Express póstflutninganna í vestri og seinna endastöð fyrstu járnbrautalestarinnar þvert yfir Bandaríkin, First Transcontinental Railroad. Þá hjálpuðu fljótin sem renna í gegnum borgina til við að efla atvinnulíf.

Íbúar Sacramento ákváðu um þetta leiti að lyfta borginni, sem þeir gerðu með landfyllingum. Þetta var gert til að koma í veg fyrir tjón af völdum flóða í Sacramento River og American River.

Samtímasaga 

 Árið 1920 samþykktu íbúarnir stofnskrá borgarinnar.
 Sacramento eignaðist höfn árið 1947 og fyrsta skipið frá tímum gufuskipa sem jafnframt var í úthafssiglingum lagðist að bryggju árið 1963. 
 Árið 1967 varð Ronald Reagan síðasti ríkisstjóri Kaliforníu til að eiga fast aðsetur í Sacramento.
 Á 9. og 10. áratugnum var nokkrum herstöðvum í nágrenninu lokað og misstu margir borgarbúar vinnuna við það.
 Í byrjun 10. áratugar 20. aldar reyndi borgarstjóri Sacramento, Joe Serna, að lokka ruðningsliðið Los Angeles Raiders til borgarinnar með 50 milljón dollara boði. Þegar ekkert varð úr flutningi liðsins var fénnu eytt í verkefni á borð við The Convention Center og endurnýjun á Memorial Auditorium - byggingunni.

Þróun fólksfjölda eftir árum:

Þekkt fólk frá Sacramento 

 Joan Didion, blaðamaður og rithöfundur
 Ray Eames, hönnuður og arkítekt
 Sam Elliott, leikari
 Roger Fouts, sál- og mannfræðingur
 Colin Hanks, leikari
 Henry Hathaway, leikstjóri
 Hiram Johnson, stjórnmálamaður (repúblikani)
 Daniel Johnston, söngvari og listamaður
 Anthony Kennedy, dómari við Hæstarétt Bandaríkjanna
 Rodney King, bandarískur blökkumaður og fórnarlamb lögregluofbeldis í Los Angeles
 Mel Ramos, listamaður
 Stephen Kern Robinson, geimfari
 Camillo ""Chino"" Wong Moreno, söngvari og gítarspilari í hljómsveitinni ""Deftones""

Tenglar 
 Opinber heimasíða (á ensku): http://www.cityofsacramento.org/
 Opinber ferðamálasíða (á ensku): http://www.sacramentocvb.org/
 Sacramento State University (á ensku): http://www.csus.edu/
 Almenningsbókasafnið í Sacramento (á ensku): http://www.saclibrary.org/
 Viðskiptaráð Sacramento (á ensku): http://www.metrochamber.org/
 Myndir af 19. aldar Sacramento (á ensku): http://sacramento.cityviews.us/
 Myndaferð um borgina (á ensku): http://www.Untraveledroad.com/USA/California/Sacramento/Sacramento.htm
 Saga Sacramento (á ensku): http://www.sacramentohistory.org/
 KVIE sjónvarpsstöðin í Sacramento: http://www.kvie.org/

Borgir í Kaliforníu",Hver var síðasti landstjóri Kaliforníu sem átti fast heimili í Sacramento?,"{'answer_start': array([3017], dtype=int64), 'text': array(['Ronald Reagan'], dtype=object)}"
https://is.wikipedia.org/wiki/%C3%81stj%C3%B6rn%20%28sumarb%C3%BA%C3%B0ir%29,Ástjörn (sumarbúðir),"Ástjörn er líka heiti vatns í Hafnarfirði.

Ástjörn eru sumarbúðir sem starfræktar eru í þjóðgarðinum við Jökulsárgljúfur við samnefnt vatn í næsta nágrenni við Ásbyrgi. Arthur Gook, enskur trúboði stofnaði sumarbúðirnar 1946 ásamt Sæmundi G. Jóhannssyni. Sumarbúðirnar eru starfræktar af Sjónarhæðarsöfnuði.

Fyrstu árin
Arthur Gook, gjarnan kenndur við Sjónarhæð, var búsettur á Akureyri frá árinu 1905 en þangað kom hann til að stunda kristniboð. Að hans frumkvæði var reistur hermannabraggi í skjólgóðum reit við vatnið Ástjörn í Kelduhverfi. Þar hafði hann hug á að starfrækja sumarbúðir og fengið til þess leyfi hjá landeigandanum Sigríði Jóhannesdóttur, húsfreyju í Ási.

Sumarið 1946 dvöldu 13 börn í sumarbúðum á Ástjörn, fimm drengir aðra vikuna og átta stúlkur hina vikuna. Dvöl í eina viku kostaði 63 krónur.

Bogi á Ástjörn
Í febrúar 1960 fól Sjónarhæðarsöfnuður Boga Péturssyni að fara með forstöðu starfsins en Bogi hafði aðstoðað Arthur og Sæmund frá upphafi við starfið. Bogi var forstöðumaður í 40 ár. Í tíð Boga voru allt að eitthundrað börn í sumarbúðunum í senn og naut hann dyggrar aðstoðar sjálfboðaliða frá Færeyjum sem og úr eigin fjölskyldu.

Ástjörn í dag
Í dag býðst strákum og stelpum á aldrinum 6 til 16 ára að dvelja í sumarbúðum við Ástjörn.

Tenglar
 Vefsíða Ástjarnar
 Ástjörn 40 ára, Norðurljósið, 1.-12. tölublað (01.01.1986), Blaðsíða 2

Norður-Þingeyjarsýsla
Íslenskar sumarbúðir",Þegar voru þrettán börn í sumarbúðunum?,"{'answer_start': array([679], dtype=int64), 'text': array(['Sumarið 1946'], dtype=object)}"
https://is.wikipedia.org/wiki/Lotugr%C3%A6%C3%B0gi,Lotugræðgi,"Lotugræðgi (bulimia nervosa) er sjúkdómur af sálrænum toga. Þeir sem þjást af lotugræðgi taka nokkurskonar átköst, það er að segja neyta mikils matar á mjög skömmum tíma. Þegar lotugræðgi-sjúklingur borðar þá raðar hann í sig matföngum og oft mjög miklu magni í einu og losar sig svo við allt með því að framkalla uppköst (til dæmis með því að reka puttann í kok sér), notast við laxerandi hægðarlyf, stólpípur, megrunarpillur, stundar mikla líkamsrækt eða föstur - eða annað þessu líkt — til að minnka magn hitaeininga. Einnig tyggja sumir sjúklingar aðeins matinn og spýta honum svo út úr sér.

Orsakir sjúkdómsins 
Talið er að orsakir lotugræðgi séu að mestu leyti þær sömu og valda lystarstoli. Rétt eins og lystarstols-sjúklingar þá hafa þeir sem þjást af lotugræðgi mjög lágt sjálfsálit. Talið er að staðlaðar ímyndir fjölmiðla hafi mikil áhrif á þá, því að þeir eru, rétt eins og lystarstols-sjúklingar, afar uppteknir af þyngd sinni — og sjálfsmynd þeirra snýst mikils til eingöngu um líkamann og útlit hans. En öfugt við þá, sem þjást af lystarstoli, gera þeir sér oft grein fyrir því að hegðun þeirra er óeðlileg. Lotugræðgi-sjúklingar þjást oft einnig af öðrum sjúkdómum og rannsóknir hafa bent til þess að í fjölskyldum þeirra leynast oft aðrir geðsjúkdómar sem og áfengisneysla. Því telja sumir taugaboðefnið serótónín tengjast lystarstoli.

Helstu einkenni 
Eitt helsta einkenni lotugræðginnar er að sjúklingarnir hafa alls enga stjórn á neyslu sinni þegar köstin standa yfir. Lífsstíll þeirra er oftar en ekki algjörlega aðlagaður að átröskuninni. Þeir sem þjást af lotugræðgi reyna til dæmis að halda hegðun sinni leyndri, og vegna skammarinnar þá fylgir henni oft einmanakennd, þunglyndi og lítið sjálfsálit. Oft fela sjúklingar mat á ólíklegustu stöðum og koma sér upp forða sem þeir ætla sér síðan að nota þegar þeir taka átkast. Lotugræðgi-sjúklingar hafa jafnframt mikinn áhuga á því að tala um megrun og megrunartengt efni.

Þeir einir eru greindir með lotugræðgi sem taka regluleg átköst og sýna af sér slíka hegðan að minnsta kosti tvisvar í viku, þrjá mánuði í röð. Ekki er hægt að þjást bæði af lystarstoli og lotugræðgi. Ef sjúklingur greinist með lotugræðgi og lystarstol þá fær hann greininguna „Lystarstol með einkennum átkasta“. 

Talið er að um 0,5 – 2% unglingsstúlkna og ungra kvenna uppfylli greiningarviðmið lotugræðgi. Algengast er að sjúkdómurinn komi fram á miðjum unglingsaldri. Afskaplega sjaldgæft er að lotugræðgi finnist hjá karlmönnum. Undanfari lotugræðgi er oft megrun og þeir sem þjást af lotugræðgi eru oft meðalþungir eða rétt yfir meðalþyngd.

Þeir, sem þjást af lotugræðgi, svelta sig stundum milli þess sem þeir taka átköst og því getur lotugræðgi leitt til dauða, jafnvel þó að það sé mun ólíklegra en þjáist sjúklingur af lystarstoli.

Meðferð 
Meferð við lotugræðgi beinist vanalega að því að rjúfa tengslin milli átkasta og föstu. Auk þess hafa þunglyndislyf verið notuð og lyfin, ásamt sálfræðimeðferð, hafa oft gefið góða raun. Hugræn atferlismeðferð virðist vera gagnlegasta sálfræðimeðferðin við lotugræðgi og niðurstöður benda til þess að langtímaáhrifa hennar gæti hjá um helmingi sjúklinga og að hún gagnist a.m.k. að einhverju leyti hjá þeim sem eftir eru.

Tengt efni 
 Lystarstol

Tenglar 
 
 
 

Átröskun
Klínísk sálfræði",Hver er hlutfall unglingsstúlkna og kvenna sem falla undir greiningarviðmið fyrir lotugræðgi?,"{'answer_start': array([2277], dtype=int64), 'text': array(['0,5 – 2%'], dtype=object)}"
https://is.wikipedia.org/wiki/Ole%20R%C3%B8mer,Ole Rømer,"Ole Christensen Rømer (25. september 1644 í Árósum í Danmörku – 19. september 1710 í Kaupmannahöfn í Danmörku) var danskur stjörnufræðingur. Hann er einkum frægur fyrir að hafa fyrstur reynt að mæla ljóshraða og fyrir Rømer-kvarðann fyrir hita, beinan fyrirrennara Fahrenheit-kvarðans.

Ole Rømer fæddist í Árósum og lærði við Kaupmannahafnarháskóla ásamt Rasmus Bartholin á árunum 1662 til 1671. Ári síðar fór hann til Parísar þar sem hann sýndi fram á að ljóshraði er endanlegur. Með því að fylgjast með tunglum Júpíters (Íó sérstaklega) tókst honum að reikna ljóshraðann sem tvöfalda vegalengdina milli jarðar og sólar á 22 mínútum. Niðurstöðu hans skakkar um 10-25%. Þessir útreikningar hans voru gefnir út á frönsku árið 1676.

Í París tók hann þátt í hönnun hinna frægu gosbrunna í Versölum og var kennari erfðaprinsins, sonar Loðvíks XIV.

Þegar hann sneri aftur til Danmerkur árið 1681 varð hann prófessor í stjörnufræði við Kaupmannahafnarháskóla og hélt áfram rannsóknum sínum, meðal annars úr Sívalaturni. Allar athuganir hans urðu eldinum að bráð í brunanum í Kaupmannahöfn 1728.

Árið 1700 fékk hann konung til að taka upp gregoríska tímatalið.

Rømer þróaði einn af fyrstu hitakvörðunum, Rømer-kvarðann, með því að miða núll við frosinn pækil og suðumark vatns við 60. Daniel Gabriel Fahrenheit heimsótti hann árið 1702, endurbætti kvarðann, sem síðar varð þekktur sem Fahrenheit-kvarðinn, og kynnti hann árið 1724.

Danskir stjarnfræðingar",Af hverju er Ole Rømer þekktur?,"{'answer_start': array([169], dtype=int64), 'text': array(['að hafa fyrstur reynt að mæla ljóshraða og fyrir Rømer-kvarðann fyrir hita'],
      dtype=object)}"
https://is.wikipedia.org/wiki/Gr%C3%A6nmeti,Grænmeti,"Grænmeti er matreiðsluhugtak sem er ekki skýrt skilgreint og á sér ekki stoð í líffræði heldur er hefðbundið og huglægt. Allir hlutar matjurtar sem fólk borðar er þannig grænmeti, nema það sem er í matargerð kallað ávextir, auk korns, hneta og kryddjurta.

Grænmeti er þannig gert úr laufinu (t.d. kál), stilknum (spergill), rótinni (t.d. kartafla), blóminu (t.d. spergilkál) og lauknum (t.d. hvítlaukur). Að auki eru ýmsir ávextir skilgreindir sem grænmeti, t.d. agúrka, grænmergja, grasker, lárpera og jafnvel belgbaunir.

Sumt grænmeti má borða hrátt, en annað þarf að elda áður en hægt er að borða það. Grænmeti er oftast notað í rétti sem eru ekki sætir, til dæmis forrétti, aðalrétti og salöt. Nokkrar tegundir grænmetis eru notaðar í eftirréttum, eins og til dæmis rabarbari og gulrót.

Flokkun 
Í daglegu tali er greint milli grænmetis og ávaxta. Ávextir eru yfirleitt taldir sætir, en grænmeti ekki. Í grasafræði er merking orðsins ávöxtur hins vegar nákvæmari: ávöxtur er það sem vex úr egglegi á dulfrævingi. Þess vegna eru sumar jurtir sem eru yfirleitt flokkaðar sem grænmeti, eins og eggaldin, paprikur og tómatar, flokkaðar sem ávextir í grasafræði. Flestar korntegundir eru líka í raun grænmeti, auk pipars, rauðs pipars og margra annarra kryddtegunda. Sumar jurtir, eins og maís og gulertur, eru aðeins kallaðar grænmeti meðan þær eru ófullþroskaðar.

Skilgreining á því hvað telst til grænmetis er ólík í ólíkum löndum og ólíkum tungumálum. Í Brasilíu eru lárperur til dæmis álitnar vegar ávextir af því þær eru oft notaðar í eftirréttum, en í öðrum löndum, eins og í Mexíkó eða Bandaríkjunum, eru þær flokkaðar sem grænmeti af því þær eru notaðar í salöt og sósur.

Næring 
Grænmetis má neyta á ýmsa ólíka vegu, hvort sem er í aðalréttum eða sem snarl. Það magn næringarefna sem grænmeti inniheldur er breytilegt eftir tegundum. Hins vegar inniheldur grænmeti almennt séð lítið prótín eða fitu, en getur innihaldið mikið af vítamínum, steinefnum, trefjaefnum og kolvetnum. Talið er að grænmeti innihaldi andoxunarefni og önnur gagnleg efni sem vinna gegn gerlum, sveppum, veirum og krabbameini.

Tegundir 

Listinn yfir þau sem mega flokkast sem grænmeti er alveg langur, og inniheldur margar jurtategundir:

 Blómhnappur: spergilkál, blómkál, ætiþistill
 Fræ: Maís, baunir
 Lauf: fóðurmergkál, spinat, salat
 Laufblöð: blaðlaukur
 Brum: rósakál, kaper
 Blaðstilkar: seljurót, rabarbari
 Stilkar: asparagus, bambussprotar, engifer
 Rótarhnýði: kartöflur, sætuhnúðar
 Rót: gulrót, nípur, rauðrófur, hreðkur, gulrófur, næpur
 Blómlaukar: laukar, skalotlaukur, hvítlaukar
 Ávextir notaðir sem grænmeti: tómatar, agúrkur, grasker, kúrbítur, paprikur, eggaldin, okra, brauðaldin, lárperur og einnig eftirfarandi
  Belgjurtir: grænar baunir, sojabaunir

Tengt efni 
 Ávöxtur
Grænmetisæta
 Rótargrænmeti

Heimildir",Hvaða þrjú dæmi um blómstrandi plöntur eru almennt notuð sem grænmeti?,"{'answer_start': array([2242], dtype=int64), 'text': array(['spergilkál, blómkál, ætiþistill'], dtype=object)}"
https://is.wikipedia.org/wiki/Gu%C3%B0mundur%20J%C3%B3nsson%20%28knattspyrnu%C3%BEj%C3%A1lfari%29,Guðmundur Jónsson (knattspyrnuþjálfari),"Guðmundur Jónsson (20. júní 1930 – 23. júní 2017) var íslenskur knattspyrnumaður og þjálfari. Hann lék með Knattspyrnufélaginu Fram og þjálfaði fjölda kappliða félagsins um langt árabil.

Ævi og störf 

Guðmundur fæddist í Reykjavík, sonur Jóns Guðjónssonar sem var liðsmaður Fram og síðar heiðursfélagi. Hann hóf ungur að iðka knattspyrnu og lék sinn fyrsta meistaraflokksleik árið 1949, átján ára að aldri. Hann varð annar tveggja markahæstu manna á Íslandsmótinu það ár, með fjögur mörk. Hann neyddist til að leggja skóna á hilluna árið 1954 vegna bakmeiðsla og sneri sér þá að þjálfun.

Um langt árabil var Guðmundur yfirþjálfari allra yngri flokka Fram í knattspyrnu, sem voru afar sigursælir enda félagssvæðið fjölmennt. Hann var jafnframt húsvörður og umsjónarmaður félagsheimilis Fram ásamt eiginkonu sinni.

Árið 1962 tók Guðmundur við þjálfun meistaraflokks Fram og leiddi liðið til sigurs í fyrstu tilraun. Hann þjálfaði Framliðið næstu tvö árin en tók sér þá hlé frá þjálfun meistaraflokks. Hann sneri aftur árið 1970 og gerði Fram að bikarmeisturum og Íslandsmeisturum tveimur árum síðar. Guðmundur þjálfaði meistaraflokkinn sumarið 1973 og árin 1975 og 1976 í samstarfi við Jóhannes Atlason. Hann þjálfaði meistaraflokk Fram í síðasta sinn sumarið 1978. Afskiptum hans af yngriflokkaþjálfun lauk árið 1985 þegar hann gerði 2. flokk Fram að tvöföldum meisturum.

Guðmundur var um skeið þjálfari unglingalandsliðs Íslands og var sæmdur heiðurskrossi KSÍ árið 2007. Árið eftir var hann gerður heiðursfélagi í Fram.

Íslenskir knattspyrnuþjálfarar
Fólk fætt árið 1930
Íslenskir knattspyrnumenn",Fyrir hvaða lið spilaði Guðmundur fótbolta?,"{'answer_start': array([107], dtype=int64), 'text': array(['Knattspyrnufélaginu Fram'], dtype=object)}"
https://is.wikipedia.org/wiki/N%C3%B3belsver%C3%B0launin%20%C3%AD%20efnafr%C3%A6%C3%B0i,Nóbelsverðlaunin í efnafræði,"Listi yfir verðlaunahafa.

1901 - 1910 
 1901 - Jacobus Henricus van 't Hoff
 1902 - Hermann Emil Fischer
 1903 - Svante August Arrhenius
 1904 - Sir William Ramsay
 1905 - Johann Friedrich Wilhelm Adolf von Baeyer
 1906 - Henri Moissan
 1907 - Eduard Buchner
 1908 - Ernest Rutherford
 1909 - Wilhelm Ostwald
 1910 - Otto Wallach

1911 - 1920 
 1911 - Marie Sklodowska-Curie
 1912 - Victor Grignard, Paul Sabatier
 1913 - Alfred Werner
 1914 - Theodore William Richards
 1915 - Richard Martin Willstätter
 1918 - Fritz Haber
 1920 - Walther Hermann Nernst

1921 - 1930 
 1921 - Frederick Soddy
 1922 - Francis William Aston
 1923 - Fritz Pregl
 1925 - Richard Adolf Zsigmondy
 1926 - Theodor Svedberg
 1927 - Heinrich Otto Wieland
 1928 - Adolf Otto Reinhold Windaus
 1929 - Arthur Harden, Hans Karl August Simon von Euler-Chelpin
 1930 - Hans Fischer

1931 - 1940 
 1931 - Carl Bosch, Friedrich Bergius
 1932 - Irving Langmuir
 1934 - Harold Clayton Urey
 1935 - Frédéric Joliot, Irene Joliot-Curie
 1936 - Petrus (Peter) Josephus Wilhelmus Debye
 1937 - Walter Norman Haworth, Paul Karrer
 1938 - Richard Kuhn
 1939 - Adolf Friedrich Johann Butenandt, Leopold Ruzicka

1941 - 1950 
 1943 - George de Hevesy
 1944 - Otto Hahn
 1945 - Artturi Ilmari Virtanen
 1946 - James Batcheller Sumner, John Howard Northrop, Wendell Meredith Stanley
 1947 - Sir Robert Robinson
 1948 - Arne Wilhelm Kaurin Tiselius
 1949 - William Francis Giauque
 1950 - Otto Paul Hermann Diels, Kurt Alder

1951 - 1960 
 1951 - Edwin Mattison McMillan, Glenn Theodore Seaborg
 1952 - Archer John Porter Martin, Richard Laurence Millington Synge
 1953 - Hermann Staudinger
 1954 - Linus Carl Pauling
 1955 - Vincent du Vigneaud
 1956 - Sir Cyril Norman Hinshelwood, Níkolaj Semjonov
 1957 - Lord Alexander R. Todd
 1958 - Frederick Sanger
 1959 - Jaroslav Heyrovsky
 1960 - Willard Frank Libby

1961 - 1970 
 1961 - Melvin Calvin
 1962 - Max Ferdinand Perutz, John Cowdery Kendrew
 1963 - Karl Ziegler, Giulio Natta
 1964 - Dorothy Crowfoot Hodgkin
 1965 - Robert Burns Woodward
 1966 - Robert Sanderson Mulliken
 1967 - Manfred Eigen, Ronald George Wreyford Norrish, George Porter
 1968 - Lars Onsager
 1969 - Derek H. R. Barton, Odd Hassel
 1970 - Luis F. Leloir

1971 - 1980 
 1971 - Gerhard Herzberg
 1972 - Christian B. Anfinsen, Stanford Moore, William H. Stein
 1973 - Ernst Otto Fischer, Geoffrey Wilkinson
 1974 - Paul J. Flory
 1975 - John Warcup Cornforth, Vladimir Prelog
 1976 - William Nunn Lipscomb, Jr.
 1977 - Ilya Prigogine
 1978 - Peter D. Mitchell
 1979 - Herbert C. Brown, Georg Wittig
 1980 - Paul Berg, Walter Gilbert, Frederick Sanger

1981 - 1990 
 1981 - Kenichi Fukui, Roald Hoffmann
 1982 - Aaron Klug
 1983 - Henry Taube
 1984 - Robert Bruce Merrifield
 1985 - Herbert A. Hauptman, Jerome Karle
 1986 - Dudley R. Herschbach, Yuan T. Lee, John C. Polanyi
 1987 - Donald J. Cram, Jean-Marie Lehn, Charles J. Pedersen
 1988 - Johann Deisenhofer, Robert Huber, Hartmut Michel
 1989 - Sidney Altman, Thomas R. Cech
 1990 - Elias James Corey

1991 - 2000 
 1991 - Richard R. Ernst
 1992 - Rudolph A. Marcus
 1993 - Kary B. Mullis, Michael Smith
 1994 - George A. Olah
 1995 - Paul J. Crutzen, Mario J. Molina, F. Sherwood Rowland
 1996 - Robert Curl, Sir Harold Kroto, Richard Smalley
 1997 - Paul D. Boyer, John E. Walker, Jens Christian Skou
 1998 - Walter Kohn, John A. Pople
 1999 - Ahmed H. Zewail
 2000 - Alan J Heeger, Alan G MacDiarmid, Hideki Shirakawa

2001 - 2010 
 2001 - William S. Knowles, Ryoji Noyori, K. Barry Sharpless
 2002 - Kurt Wüthrich, John B. Fenn, Koichi Tanaka
 2003 - Peter Agre, Roderick MacKinnon
 2004 - Aaron Ciechanover, Avram Hershko og Irwin Rose
 2005 - Robert Grubbs, Richard Schrock og Yves Chauvin
 2006 - Roger D. Kornberg
 2007 - Gerhard Ertl
 2008 - Osamu Shimomura, Martin Chalfie og Roger Y. Tsien
 2009 - Venkatraman Ramakrishnan, Thomas A. Steitz og Ada E. Yonath
 2010 - Richard F. Heck, Ei-ichi Negishi og Akira Suzuki

2011 - 2020 
 2011 - Dan Shechtman
 2012 - Brian Kobilka og Robert Lefkowitz
 2013 - Michael Levitt, Martin Karplus og Arieh Warshel
 2014 - Eric Betzig, Stefan Hell og William E. Moerner
 2015 -  Tomas Lindahl, Paul L. Modrich og Aziz Sancar
 2016 - Jean-Pierre Sauvage, Fraser Stoddart og Ben Feringa
 2017 - Jacques Dubochet, Joachim Frank og Richard Henderson
 2018 - Frances H. Arnold, George P. Smith og Gregory P. Winter
 2019 - John B. Goodenough, M. Stanley Whittingham og Akira Yoshino
 2020 - Jennifer Doudna og Emmanuelle Charpentier

2021 - 2030 
 2021 - Benjamin List og David MacMillan
 2022 - Carolyn Bertozzi, Morten Meldal og K. Barry Sharpless
 2023 - Moungi Bawendi, Lou­is Brus og Al­ex­ei Ekimov
Efnafræði
Listar um efnafræði
Efnafræði",Hvaða ár vantar upplýsingar um Nóbelsverðlaunahafa í efnafræði á þessum lista?,"{'answer_start': array([472], dtype=int64), 'text': array(['1915'], dtype=object)}"
https://is.wikipedia.org/wiki/Monte%20Carlo,Monte Carlo,"Fyrir önnur not á nafninu Monte Carlo má sjá Monte Carlo (aðgreining).

Monte Carlo er mjög ríkt hverfi í borgríkinu Mónakó, þekkt fyrir spilavíti sín, glamúr, og það að frægt fólk virðist una sér vel þar. Um 30.000 íbúar eru þar með fasta búsetu (áætlað 1990).

Monte Carlo hýsir stærstan hluta af Circuit de Monaco kappakstursbrautinni, en á henni fer Monaco Grand Prix keppnin fram í Formúlu-1 kappakstri. Einnig fara heimsmeistarakeppnir í hnefaleikum (Monte Carlo meistararnir), tískusýningar og ýmsir aðrir viðburðir fram í Monte Carlo. Áratugum saman hafa konungsfólk, kvikmyndastjörnur og meðalmenni heimsótt Monte Carlo.

Spilavítin í Monte Carlo eru víðfræg og laða að ótal ferðamenn á hverju ári. Innan spilavítisins er Grand Théâtre de Monte Carlo óperu- og ballethúsið, og höfuðstöðvar Ballets de Monte Carlo. Árið 1861 var gefið 50 ára leyfi til þess að reka spilasali með fjárhættuspilum til einstaklinga. Síðan 1898 hefur leyfið verið starfrækt af Société des Bains de Mer sem er fyrirtæki, en ríkisstjórn Mónakó á nú ráðandi hlut í því. Fyrirtækið á einnig helstu hótelin og barina sem þjóna ferðaþjónustu. Engir skattar eru á einstaklingum í Mónakó, en þeim er meinaður aðgangur að spilavítum.

Árið 1873 gerði Joseph Jagger spilavítið frægt með því að „brjóta bankann“. Hann fann og hagnýtti sér galla í einu af rúllettuhjólum spilavítisins. Tæknilega séð var bankinn í þessu tilviki það fé sem borðið hafði í höndum croupiersins, spilastjórans. Samkvæmt grein í The Times seint á 19. öld var hægt að brjóta bankann oft með þessari aðferð. Lagið „The Man that Broke the Bank at Monte Carlo“ frá árinu 1892 er líklega samið til höfuðs Charles Wells sem braut bankann margoft í tveimur fyrri ferðum sínum til Monte Carlo, af þremur.

Breski njósnarinn James Bond, söguhetjan úr skáldsögum Ians Fleming og kvikmyndum byggðum á þeim, stundaði spilavítið þar mikið. Hverfið heitir eftir Karl III, Prins af Mónakó.

Mónakó
Landafræði Evrópu",Fyrir hvað er Mónakó þekkt?,"{'answer_start': array([137], dtype=int64), 'text': array(['spilavíti sín, glamúr, og það að frægt fólk virðist una sér vel þar'],
      dtype=object)}"
https://is.wikipedia.org/wiki/Tr%C3%BAarj%C3%A1tning%20m%C3%BAslima,Trúarjátning múslima,"Trúarjátning íslam er kölluð á arabísku šahādatān (sem þýðir nánast „tvær erfðaskrár“) og telst ein af fimm stoðum íslams. 

لا إله إلا الله ومحمد رسول الله

(á arabísku:) lā ilāhā illā-llāhu; muhammadur-rasūlu-llāhi
(á íslensku:) Það er enginn guð nema Guð; Múhameð er spámaður Guðs.

Til að gerast múslimi verður maður að hafa þessa setningu yfir (á arabísku) og trúa henni í vitna viðurvist. Það er ekki hægt að neyða neinn til að gerast múslimi, einungis sá sem virkilega óskar þess getur orðið það.

Hugtökin nabi (spámaður) og rasul (sendiboði) 
Oftast er Múhameð nefndur spámaður (prophet á ensku, profet á norrænu málunum), þó þetta sé rétt þýðing nær hún samt ekki hinni dýpri merkingu frumtextans. Í hugtakakerfi íslam er gerður greinarmunur á milli anbiyyā (fleirtala) og rusul:
 Nabi (fleirtala anbiyyā) er sá sem hefur fengið boð frá Guði og ber þau sem spámaður til fólks síns. Íslam telur þannig spámenn í þúsundatali. Þeir sem eru taldir meðal mestu anbiyyā eru t.d Abraham, Móses, Jesús og Nói.
 Rasul (fleirtala rusul eða mursalín) hefur fengið heilagan boðskap eða texta frá Guði, eða er beinlínis ‘Boðberi Guðs’. Hinn merkasti rasul í íslam og þar með sá merkasti af hinum fimm merkustu anbiyyā er Múhameð.

Tengt efni 
 «Shahadah, Confession of a Muslim»  frá Islamic Society of Greater Kansas City)
 «How to become a Muslim»  frá islamworld.net

Íslam",Hvernig get ég orðið múslimi?,"{'answer_start': array([324], dtype=int64), 'text': array(['hafa þessa setningu yfir (á arabísku) og trúa henni í vitna viðurvist'],
      dtype=object)}"
https://is.wikipedia.org/wiki/Elaine%20Cristina,Elaine Cristina,"Elaine Cristina (fædd sem Júlia Sánchez 13. maí 1950 í São Paulo í Brasilíu) er brasilísk leikkona.

Elaine Cristina, hóf leikferilinn 11 ára í þáttaröðinni A Herdeira de Ferleac. Fyrsta aðalhlutverk hennar var í Ontem, Hoje e Sempre á TV Excelsior.

Hún er systir leikkonunnar Gilmara Sanches. Hún var í fjörutíu ár gift leikaranum Flávio Galvão sem hún lék á móti í þáttaröðinni O Outro eftir sögu Aguinaldo Silva.

Kvikmyndir og sjónvarpsþættir

Sjónvarp 
 1965 - Ontem, Hoje e Sempre - Mônica
 1968 - Os Diabólicos - Elizabeth
 1972 - Bel-Ami - Ângela
 1972 - A Revolta dos Anjos - Diana
 1973 - A Volta de Beto Rockfeller - Ana Cristina
 1974 - Os Inocentes - Daisy
 1974 - Ídolo de Pano - Andréa
 1975 - A Viagem - Lisa
 1977 - O Profeta - Sônia
 1980 - A Deusa Vencida - Cecília
 1981 - Obrigado, Doutor - Isabel
 1983 - O Anjo Maldito - Débora
 1986 - Sinhá Moça - Baroness Cândida Ferreira
 1987 - O Outro - Ivete
 1989 - Kananga do Japão - Lizete
 1990 - Pantanal - Irma Braga Novaes
 2001 - O Direito de Nascer - Dona Conceição de Juncal
 2008 - Revelação - Olga
 2009 - Vende-se um Véu de Noiva - Eunice Baronese
 2013 - Chiquititas - Helena Kruguer

Kvikmyndir 
 1971 - Até o Último Mercenário - Mércia
 1976 - Senhora - Aurélia Camargo

Tilvísanir

Tenglar 
 

Brasilískir leikarar",Hvaða dag kom Elaine Cristina í heiminn?,"{'answer_start': array([40], dtype=int64), 'text': array(['13. maí 1950'], dtype=object)}"
https://is.wikipedia.org/wiki/Leitir.is,Leitir.is,"Leitir.is er íslensk leitargátt sem leitar í nokkrum íslenskum gagnasöfnum samhliða. Stærsta gagnasafnið er samskrá íslenskra bókasafna sem var áður sérstakt gagnasafn, Gegnir. Auk Gegnis leitar Leitir.is að greinum og bókum í rafrænum áskriftum íslenskra háskóla og í landsaðgangi. Önnur gagnasöfn sem eru tengd við Leitir.is eru Skemman, Hirslan, Sarpur og ljósmyndasöfn Akraness og Reykjavíkur.

Leitir.is byggir á hugbúnaðinum Primo frá ísraelska fyrirtækinu Ex Libris Group. Rekstur kerfisins er í höndum Landskerfis bókasafna. Vefurinn var opnaður árið 2011.

Saga 
Gegnir var sameiginlegt skráningarkerfi Landsbókasafns og háskólabókasafna á Íslandi og fyrsta tölvutæka samskrá safnanna. Hann var opnaður árið 1992. Borgarbókasafn skráði sínar bækur fyrst í gagnagrunn sem nefndist Fengur. Gegnir var fluttur í nýtt bókasafnskerfi, Aleph, frá fyrirtækinu Ex Libris árið 2001 um leið og skráningarkerfin tvö, Gegnir og Fengur, voru sameinuð undir nafni þess fyrrnefnda. Almenningur gat þá leitað í Gegni eftir efni á söfnunum um allt Ísland á vefsíðunni gegnir.is.

Tenglar
 Leitir.is
Elsta útgáfa Gegnis á Vefsafninu, frá 2003
Landskerfi bókasafna

Íslensk gagnasöfn
Íslensk bókasöfn","Fyrir utan Gegn, hvað finnur Leitir.is meira?","{'answer_start': array([208], dtype=int64), 'text': array(['greinum og bókum í rafrænum áskriftum íslenskra háskóla og í landsaðgangi'],
      dtype=object)}"
https://is.wikipedia.org/wiki/Patreksfj%C3%B6r%C3%B0ur,Patreksfjörður,"Patreksfjörður er þorp í Vesturbyggð við samnefndan fjörð sem er syðstur Vestfjarða. Aðalatvinnugreinar eru sjávarútvegur, fiskvinnsla og þjónusta. Íbúar voru 675 árið 2019.

Þéttbýli fór að myndast um 1900 á Vatneyri og Geirseyri sem óx nokkuð hratt mesta 20 öldina eftir því sem útgerð, fiskvinnsla og viðskipti með fiskafurðir óx.

Áður var verslunarstaðurinn á Vatneyri, sem er lág eyri þar sem eitt sinn var stöðuvatn eða sjávarlón. Lónið var grafið út árið 1946 og Patrekshöfn gerð þar. Núverandi byggð er hins vegar að mestu leyti á Geirseyri og var byggðin stundum kölluð Eyrarnar í fleirtölu. Vatneyri/Geirseyri var verslunarhöfn á tímum einokunarverslunarinnar. Vísir að þorpi tók að myndast með fyrstu þurrabúðunum þar um miðja 19. öld.

Landnám 
Fjörðurinn heitir eftir  í Suðureyjum. Landnámsmaðurinn Örlygur Hrappsson sem var frá Suðureyjum nefndi fjörðinn eftir honum.

Úr Landnámabók Sturlu:

Eftir vetursetu tók Örlygur sig upp úr Örlygshöfn í sunnanverðum Patreksfirði, sigldi suður fyrir Breiðafjörð og Snæfellsnes, inn Faxaflóa og settist að á Kjalarnesi.

Tengill 
 Vesturbyggð
 Tíðis

Tilvísanir 

Vesturbyggð
Íslensk sjávarþorp",Hver var nafnið á landnámsmanninum sem gaf firðinum nafn?,"{'answer_start': array([814], dtype=int64), 'text': array(['Örlygur Hrappsson'], dtype=object)}"
https://is.wikipedia.org/wiki/JavaScript,JavaScript,"Athugið að Java er annað og óskylt forritunarmál.

JavaScript (eða Jövuskrift) er forritunarmál sem er oft notað á vefsíðum. Það var upphaflega túlkað (ekki þarf að þýða það fyrirfram, en nú er algengast að sé þýtt á bak við tjöldin, JIT, svo það er ekki lengur hægvirkt) og æðra (líkist meira hugsunum mannsins en þeim ferlum sem tölvan keyrir að lokum). Það má bæði nota til að keyra litlar skriftur og stór hugbúnaðarverkefni. Jövuskrift náði mikilli útbreiðslu þar sem það var eina forritunarmálið sem var hægt að nota til að búa til gagnvirkar vefsíður án þess að notandi þyrfti að hlaða niður aukalegum hugbúnaði fyrir vafrann sinn. Þess vegna er Jövuskriftar-kóði notaður á flestum stærri vefsíðum í dag, þar getur það hvort tveggja framkvæmt litla útreikninga og keyrt heilu tölvuleikina. Jövuskrift er í dag notuð til að skrifa vefsíður, netþjóna, skriftur, forrit, og smáforrit.

JavaScript er stutt af vöfrum (en nú líka notað víðar) en ekki eina forritunarmálið sem hægt er að nota fyrir þá. Bæði er hægt að nota WebAssembly, sem nánast allir vafrar (þ.e. aðrir en Internet Explorer 11) styðja, beint en aðallega með því að nota önnur forritunarmál, s.s. C eða C++, sem þýðast yfir í það. Líka er hægt að nota önnur mál, s.s. TypeScript, sem þýðast yfir í JavaScript (og þar með hafa nákvæmlega sama stuðning í vöfrum), eða jafnvel öll þessi mál saman. Java var áður fyrr stutt vel í vöfrum, en ekki lengur, og þó svo að það eru líkindi milli Java og JavaScript eru það ólík og aðskilin mál sem hafa mjög mismunandi hönnun (þó bæði hlutbundin, er Java t.d. ekki byggt á prótótýpum).

Þó svo að nöfn forritunarmálanna JavaScript og Java séu svipuð, og svo málskipan og stöðluðu forritasöfnin, þá eru forritunarmálin alveg aðskilin og þau hafa mjög mismunandi í hönnun. Við hönnun JavaScript voru áhrifavaldarnir forritunarmálin Self og Scheme. Raðbundna sniðið (e. serialization format) JSON, sem er notað til að geyma gagnagrindur í skrám eða til að senda þær í gegnum netið, byggist á JavaScript (en hægt að nota JSON með hvaða forritunarmáli sem er).

Ásamt HTML og CSS er JavaScript eitt af megintækninni á bak við veraldarvefinn. JavaScript virkjar gagnvirkar vefsíður og er mikilvægur hluti vefforrita. Meirihluti vefsíðna nota það, og vinsælustu vafrarnir hafa sérstakar JavaScript vélar til að keyra kóðann.

Saga 
Árið 1995 var Netscape Navigator langvinsælasti vafrinn, en hann skorti skriftumál til að gera síður gagnvirkar. Brendan Eich hannaði þá fyrstu útgáfuna af Jövuskrift á 10 dögum. Málfarsreglum Jövuskriftar svipar nokkuð til forritunarmálsins Jövu, en þó er enginn skyldleiki á milli þeirra. Bæði eiga nöfnin að vísa til tegundar kaffibaunar sem kemur frá indónesísku eyjunni Jövu.

Í dag styðja í raun allir vafrar Jövuskrift, og hér áður fyrr var hægt að taka stuðningunn úr sambandi með stillingu en það er ekki almennur valmöguleiki lengur því mjög margar, ef ekki flestar, nútíma vefsíður nota málið og myndi brotna við það. Þess vegna var möguleikinn á að afvirkja tekinn út, og er í besta falli möguleiki eftir krókaleiðum, fyrir þá sem vilja eða þurfa.

Jövuskrift var stöðluð árið 1997 undir heitinu ECMAScript sem er nú orið að ISO-staðli.

Dæmi

Prentun 
Hægt er að láta upplýsingar birtast með eftirfarandi skipan:

console.log(""Góðan dag!"")

Hér þýðir console = mælitækjaborð, og log = að skrá.

Föll 
Skrifa má föll (functions) svona:

function Meðaltal (fyrsta_tala, önnur_tala) {
  return (fyrsta_tala + önnur_tala) / 2
}

console.log( Meðaltal(5, 8) )

Hér tekur fallið „Meðaltal“ inn tvær mismunandi tölur, finnur summu þeirra og deilir svo í tvennt. Síðasta lína kóðans prentar svo út meðaltal fimm og átta, sem er sex og hálfur.

Fibonacci-runan 
Hin fræga Fibonacci-runa (1, 1, 2, 3, 5, 8, 13, 21, 34, 55, 89, …) er fengin með því að summa saman tvær tölur og summa síðan síðustu töluna við nýju niðurstöðuna, og þannig endalaust áfram. Formleg stærðfræðileg skilgreining á rununni er fræg fyrir að vísa í sig sjálfa, hún lítur svona út:

Þessa skilgreiningu má setja upp í Jövuskrift: 
/*
  Þetta er fall sem skilar þeirri Fibonacci-tölu sem er númer X.
*/
function Fibonacci(númer) {
  /*
    Ef beðið er um Fibonacci-tölu númer 0 eða 1, þá skilum við bara 0 eða 1
  */
  if (númer < 2) {
    return númer
  }
  /*
    En annars köllum við í fallið sjálft.
    Ef beðið er um Fibonacci-tölu nr. 11 getum við fundið hana með 
    að finna Fibonacci-tölur nr. 10 og 9 og summa þær saman.
    Þær tölur þurfa að fara sömu leið til að finna gildi sitt, 
    og þannig koll af kolli þangað til gildi tölunnar er fundið.
  */
  return Fibonacci(númer - 1) + Fibonacci(númer - 2)
}

/*
  Fibonacci-tala nr. 11 er talan 89, og ef við biðjum 
  fallið um að finna tölu nr. 11 fæst einmitt útkoman 89.
*/
console.log( Fibonacci(11) )

Heimildir 

Vefforritunarmál","Hvaða merkingu hefur ""log"" í skipuninni ""console.log""?","{'answer_start': array([3332], dtype=int64), 'text': array(['að skrá'], dtype=object)}"
https://is.wikipedia.org/wiki/George%20R.R.%20Martin,George R.R. Martin,"George Raymond Richard Martin, fæddur George Raymond Martin (20. september, 1948) er bandarískur rithöfundur best þekktur fyrir bókaflokk sinn Söngur um ís og eld sem bandaríska kapalsjónvarpsstöðin HBO byggði síðar sjónvarpsþættina Game of Thrones á.

Uppvaxtarár
George R.R. Martin fæddist í Bayonne í fylkinu New Jersey. Faðir hans var hafnarverkamaður.  Fjölskylda móður hans hafði verið vel stæð en missti auð sinn í Heimskreppunni. Hann var minntur á missi ættarauðsins á hverjum degi þegar hann fór framhjá húsi og bryggju sem hafði einu sinni  verið í eigu fjölskyldu hans. Honum fannst að þó foreldrar hans væru fátækir þá væri uppruni þeirra tign og göfgi sem þau hefðu verði svipt.  George átti tvær systur Darleen og Janet. Móðir hans var að hálfu af írskum ættum en hann var einnig af frönskum, enskum welskum og þýskum ættum. Hann taldi sig einnig að fjórðungi af ítölskum ættum en DNA próf sýndi  ekki ítalskar rætur  heldur að hann var sennilega að fjórðungi Ashkenazi gyðingur.

Bandarískir rithöfundar",Hvaða dag kom George R.R. Martin í heiminn?,"{'answer_start': array([61], dtype=int64), 'text': array(['20. september, 1948'], dtype=object)}"
https://is.wikipedia.org/wiki/Les%20voleurs%20du%20Marsupilami,Les voleurs du Marsupilami,"Les voleurs du Marsupilami (íslenska: Gormdýrinu rænt) er fimmta Svals og Vals-bókin. Höfundur hennar var Franquin. Hún birtist sem framhaldssaga í teiknimyndablaðinu Sval árið 1952 og kom út á bókarformi árið 1954. Hún hefur enn ekki verið gefin út á íslensku.

Söguþráður 
Bókin er beint framhald af Baráttunni um arfinn og hefst á því að Svalur og Valur fá bakþanka yfir að hafa látið loka gormdýrið inni í dýragarði. Dýrinu er rænt og kemst þjófurinn undan þeim félögum á flótta eftir æsilegan eltingaleik í dýragarðinum.

Í ljós kemur að þjófurinn er snjall knattspyrnumaður, Valentin Mollet, sem var þvingaður til ódæðisins af fyrrum yfirmanni sínum, forstjóra í fjölleikahúsi Sabaglíónís. Svalur og Valur dulbúast sem starfsmenn fjölleikahússins, en eru stöðvaðir áður en þeim tekst að hafa upp á gormdýrinu, sem slær þegar í gegn hjá áhorfendum.

Félagarnir vita ekki sitt rjúkandi ráð, en rekast þá fyrir tilviljun á Sveppagreifann. Hann útbýr fyrir þá töfraseyði sem gerir mönnum kleyft að skipta litum. Svalur og Valur eru snarlega ráðnir í fjölleikahúsið sem undrabræðurnir Cam & Leon. Áður en Sval og Val tekst að endurheimta gormdýrið eru þeir handsamaðir af stjórnanda fjölleikahússins og þrjótum hans. Knattspyrnukappinn Valentin kemur til bjargar á síðustu stundu og með dyggri aðstoð gormdýrsins og Pésa tekst þeim að yfirbuga skúrkana.

Fróðleiksmolar 
 Um miðbik bókarinnar lenda Svalur og Valur á landamærastöð þar sem tollverðirnir gera þeim lífið leitt með því að skoða bílinn gaumgæfilega. Að lokum verða félagarnir svo reiðir á seinagangnum að þeir lenda í hörkuslagsmálum við embættismennina og dúsa í fangaklefa um nóttina. Daginn eftir sættast þeir og tollverðirnir yfir ölkrús og skilja sem mestu mátar.

 Sveppagreifinn kemur við sögu í bókinni, í annað sinn í bókaflokknum. Persóna hans er ekki fullmótuð og sama má segja um útlit hans. Þannig er hann íklæddur tennisfötum í stað gráu jakkafatanna sem fylgdu honum síðar meir.

 Fjölleikahús Sabaglíónís kemur við sögu í Valur á tryllitækinu, sem er aukasaga í bókinni Hrakfallaferð til Feluborgar.

Svalur og Valur",Hvernig var sagan upphaflega gefin út?,"{'answer_start': array([132], dtype=int64), 'text': array(['framhaldssaga í teiknimyndablaðinu Sval'], dtype=object)}"
https://is.wikipedia.org/wiki/Skautb%C3%BAningur,Skautbúningur,"Skautbúningur er íslenskur þjóðbúningur og kvenbúningur sem Sigurður Guðmundsson málari hannaði á árunum 1858 – 1860. Hann dregur nafn af skautafaldinum sem er oftast nefndur faldur.

Búningurinn var úr svörtu klæði, aðskorin treyja með löngum þröngum ermum. Pilsið var sítt og fellt allan hringinn en fellingar þéttari að aftan en framan. Hvít blúnda var í hálsmáli og framan á ermum. Treyjan var krækt saman neðst en tekin saman með nælu við hálsmál en höfð opin yfir barmi og undir var útsaumað eða blúndulagt peysubrjóst. Flauelsborðar í hálsmáli og framan ermum voru með gull- eða silfurbaldýruðum blómsveigum og neðan á pilsið var saumaður blómabekkur í sams konar blómum. Á höfði var hvítur faldur og yfir honum faldblæja og um faldinn var gyllt koffur. Um mittið var stokkabelti.

Árið 1857 kom út löng gagnrýnin ritgerð um íslenska kvenbúninga eftir Sigurð Guðmundsson málara  þar sem hann setti hann þar fram tillögur um breytingar á eldra hátíðabúningi kvenna, faldbúningnum. Greinin hafði mikil áhrif og var fyrsti skautbúningurinn brúðarbúningur í Reykjavík árið 1859 og þann 19. júní 1860 kom Sigurlaug Gunnarsdóttir í Skagafirði fram í skautbúningi.

Heimildir 
 Skautbúningur
  Gersemar og þarfaþing (Texti eftir Elsu E. Guðjónsson) 
 Skautbúningur Alexantrínu drottningar, Hlín, 1. Tölublað (01.01.1967), Blaðsíða 206

Þjóðbúningar
Íslenskur fatnaður",Hvað er uppruni nafnsins skautbúningur?,"{'answer_start': array([138], dtype=int64), 'text': array(['skautafaldinum sem er oftast nefndur faldur'], dtype=object)}"
https://is.wikipedia.org/wiki/%C3%86viskr%C3%A1,Æviskrá,"Æviskrá er stuttur æviþáttur eða æviágrip einstaklings (eða hjóna), þar sem gerð er grein fyrir helstu staðreyndum, til dæmis um nám, störf og fjölskyldu. 

Æviskrá getur ýmist verið örstutt upptalning helstu atriða, eða nokkurra blaðsíðna greinargerð um manninn. Yfirleitt er miðað við að æviferill mannsins liggi fyrir í heild, það er að hann sé látinn, en einnig getur verið um að ræða æviskrár samtíðarmanna. Þá er stundum hafður sá háttur á að viðkomandi gerir æviskrána sjálfur, samkvæmt ákveðinni forskrift, og hún svo yfirfarin og lagfærð af ritstjóra. 

Oft er æviskrám safnað saman í margra binda ritverk, sem takmarkast oftast við ákveðið svið, til dæmis starfsgrein eða hérað. 

Flestar þjóðir hafa gefið út margra binda verk með æviskrám þekktra einstaklinga (æviskrárrit eða ævisöguleg uppflettirit). Danir eiga til dæmis Dansk biografisk leksikon, sem komið hefur í þremur útgáfum, síðast 1979–1984, í 16 bindum. Þar má finna æviágrip margra Íslendinga frá fyrri öldum.

Skyldar æviskrám eru ferilskrár (latína: curriculum vitae), sem fólk tekur sjálft saman, til dæmis við undirbúning starfsumsóknar.

Nokkur íslensk æviskrárrit 
 Páll Eggert Ólason: Íslenskar æviskrár, 6 bindi. — Æviskrár þekktra Íslendinga frá upphafi, til um 1950. 
 Björn Magnússon: Vestur-Skaftfellingar, 4 bindi.
 Borgfirskar æviskrár.
 Skagfirskar æviskrár.
 Kennaratal, 5 bindi.
 Læknatal.
 Lögfræðingatal.

Tengt efni 
 Ævisaga
 Sjálfsævisaga

Sagnfræði
Ættfræði",Hvaða tvær greinar tengjast ævisögulegum skrifum?,"{'answer_start': array([1413], dtype=int64), 'text': array(['Ævisaga\n Sjálfsævisaga'], dtype=object)}"
https://is.wikipedia.org/wiki/Handknattleiks%C3%A1ri%C3%B0%201949-50,Handknattleiksárið 1949-50,"Handknattleiksárið 1949-50 var keppnistímabilið í íslenskum handknattleik sem hófst haustið 1949 og lauk sumarið 1950. Framarar urðu í fyrsta sinn Íslandsmeistarar í karlaflokki og kvennaflokki. Íslendingar léku á tímabilinu sína fyrstu karlalandsleiki.

Karlaflokkur

1. deild 
Framarar urðu Íslandsmeistarar í fyrsta sinn. Átta lið tóku þátt í Íslandsmóti karla og léku þau einfalda umferð í einni deild.

Kvennaflokkur

1. deild 
Framarar urðu Íslandsmeistarar í meistaraflokki kvenna í fyrsta sinn. Sigurður Magnússon var þjálfari liðsins. Leikin var einföld umferð í fimm liða deild, auk gestaliðs.

Reykvíska íþróttafélagið Skandinavisk boldklub tók þátt í mótinu sem gestalið. Liðið tapaði öllum leikjum sínum, en viðureignir þess voru ekki taldir með í lokastöðu.

Landslið 
Til stóð að halda heimsmeistaramót karla í handknattleik í Svíþjóð snemma árs 1950 og ákváðu Íslendingar að senda lið til keppni. Vegna þátttökuleysis var fallið frá því að halda þetta fyrsta HM, en ákveðið var að fara engu að síður í keppnisför. Ísland lék tvo formlega landsleiki í förinni, gegn Svíum og Dönum, þá fyrstu í sögunni. Síðar á árinu 1950 kom finnska landsliðið í heimsókn til Reykjavíkur. Það lék nokkra leiki í íþróttahúsinu Hálogalandi, en það var ekki löglegur völlur. Eini formlegi landsleikurinn í förinni var því leikinn utanhúss, á Melavelli.
 Svíþjóð - Ísland 15:7
 Danmörk - Ísland 20:6
 Ísland - Finnland 3:3
Handknattleikur á Íslandi",Hvað gerðist í fótboltaleiknum milli Íslands og Svíþjóðar árið 1950?,"{'answer_start': array([1367], dtype=int64), 'text': array(['15:7'], dtype=object)}"
https://is.wikipedia.org/wiki/Peterborough,Peterborough,"Peterborough (borið fram  eða ) er borg og þéttbýli í Austur-Englandi. Árið 2017 voru íbúar um það bil 199.000 manns. Borgin er í sögulegu sýslunni Cambridgeshire. Miðpunktur borgarinnar, ráðhúsið, liggur 121 km fyrir norðan Charing Cross í London. Áin Nene rennur gegnum borgina og þaðan til sjávar í Norðursjóinn um 48 km til norðausturs. Járnbraut tengir Peterborough öðrum stöðum í Austur-Englandi.

Landsvæði
Peterborough liggur á sléttu landssvæði og nokkrir punktar í borginni eru fyrir neðan sjávarmálið. Svæðið sem heitir „the Fens“ á ensku liggur austurlega. Peterborough liggur að Northamptonshire og Rutland í vestri, Lincolnshire í norðri og Cambridgeshire í suðri og austri.

Söguágrip
Mannabyggð á svæðinu hófst fyrir löngu, áður en bronsöldin hófst. Það eru sönnunargögn til þess sem má sjást á Flag Fen fornleifasvæðinu sem liggur eystra. Á þessu svæði má líka finna rómverskar rústir og fornminjar. Við komu Engilsaxa var klaustur stofnað, sem hét á þessum tíma Medeshamstede. Það heitir Dómkirkjan í Peterborough nú á dögum. Á 19. öld stækkaði íbúatala mikið við byggingu járnbrauta og Peterborough varð iðnaðarmiðstöð. Á þessum tíma var borgin sérstaklega þekkt fyrir framleiðslu múrsteina.

Upp úr seinni heimsstyrjöldinni var stækkun borgarinnar takmarkuð þar til hún varð New Town í sjöunda áratugnum. Íbúum fjölgar aftur og miðborgin er núna í endurreisn. Eins og í öðrum borgum á Bretlandi hefur iðnaðarstörfum fækkað vegna nýrra fjármála- og útdreifingarstarfa.

Íþróttir
Knattspyrnulið borgarinnar er Peterborough United, stofnað 1934.

Heimildir 

 

Borgir á Bretlandi
Borgir á Englandi",Í hvaða landi er Peterborough?,"{'answer_start': array([52], dtype=int64), 'text': array(['í Austur-Englandi'], dtype=object)}"
https://is.wikipedia.org/wiki/D%C3%BCsseldorf,Düsseldorf,"Düsseldorf er höfuðborg þýska sambandslandsins Norðurrín-Vestfalíu. Hún er næststærsta borgin í sambandslandinu með 620 þúsund íbúa (2018) og liggur í Ruhr-héraðinu. Hún er hluti af Rín-Ruhr-stórborgarsvæðinu.

Lega 
Düsseldorf er hafnarborg við Rín, gegnt borginni Neuss, og liggur við suðvesturenda Ruhr-héraðsins. Næstu borgir (utan Neuss) eru Duisburg til norðurs (20 km), Mönchengladbach til vesturs (20 km), Wuppertal til austurs (25 km) og Köln til suðurs (25 km).

Skjaldarmerki 
Skjaldarmerki Düsseldorfs er rautt ljón sem snýr til vinstri og heldur á bláu akkeri. Ljónið skartar blárri kórónu. Allt þetta er á hvítum grunni. Upprunalegt merki borgarinnar er akkerið og vísar til siglinga á Rín. Ljónið er tákn hertoganna frá Bergisch Land. Þessi tvö tákn (ljónið og akkerið) sameinuðust á miðri 18. öld en núverandi merki var hannað og samþykkt 1938.

Orðsifjar 
Borgin dregur nafn sitt af ánni Dussel, sem rennur í Rínarfljót í borginni. Dussel hét upphaflega Tussale, sem merkir árniður. Upphaflega hét borgin Dusseldorp, sem merkir Bærinn við ána Dussel.

Söguágrip

Upphaf 
1135 kemur þorpið Dusseldorp fyrst við skjöl sem Friðrik Barbarossa keisari sendi frá sér. Það er þá eitt af mörgum þorpum á svæðinu. Düsseldorf var þá lítill fiskibær við Rín. 1189 varð bærinn hluti af greifadæminu Berg (Bergisch Land). 1288 varð stórorrustan við Worringen. Þar leiddu saman hesta sína erkibiskupinn frá Köln og fylgismenn hans gegn Adolf V af Berg og fylgismenn hans. Erkibiskup reyndi að þenja út yfirráð sín, en beið ósigur í orrustunni. Adolf hélt greifadæmi sínu og veitti Düsseldorf borgarréttindi eftir sigurinn. Borgin dafnaði hins vegar hægt, sökum mikillar samkeppni við nálægar borgir, eins og Neuss og Köln. 1380 varð Vilhjálmur greifi af Berg að fursta og flutti aðsetur sitt í kjölfarið til Düsseldorf.

Frakkar 

1614 hertók Spánverjinn og hershöfðinginn Ambrosio Spinola, sem var á vegum keisarans, borgina, en þá hafði greifalínan dáið út. Eftir það varð hún hluti af greifadæminu Pfalz-Neuburg. Í spænska erfðastríðinu 1702 eyddu Frakkar nágrannaborgina Kaiserswerth, en létu Düsseldorf í friði. Frakkar hertóku borgina 1757 í 7 ára stríðinu. Frakkar voru aftur á ferð 1795 og héldu þeir borginni til 1801. Þeir mynduðu stórhertogadæmið Berg með Düsseldorf að höfuðborg. Stórhertogar voru fyrst Joachim Murat hershöfðingi, síðan Napoleon sjálfur og loks bróðursonur Napoleons, Napoleon Louis Bonaparte. Þetta stórhertogadæmi hélst við til falls Napoleons 1814. Þá voru prússar búnir að hertaka hertogadæmið. Ári seinna ákvarðaði Vínarfundinn að borgin og hertogadæmið skyldu tilheyra Prússlandi. Við það missti Düsseldorf status sinn sem höfuðborg sem hún hafði haft í rúm 400 ár.

Nýrri tímar 

Düsseldorf byrjaði ekki að vaxa og dafna fyrr en með iðnbyltingunni. Sérlega mikilvæg var Rínarhöfnin, sem lögð var 1831, og járnbrautartengingin sem komið var á 1838. 1850 voru fyrstu stáliðjurnar starfræktar. Borgin þandist úr og fór íbúafjöldi borgarinnar yfir 100 þús 1884. Næstu 20 árin tvölfaldaðist þessi tala og rúmlega það. Düsseldorf var þá orðin að leiðandi iðnaðarborg í prússneska ríkinu. Í heimstyrjöldinni fyrri var stór hluti iðnaðarins breytt í vopnaframleiðslu. Eftir tap Þjóðverja í stríðinu kom til uppreisnar í borginni. Fram á mitt ár 1919 var ástandið líkt borgarastyrjöld. Borgarráð flúði, en margir framámenn borgarinnar voru teknir í gíslingu. Bylting þessi átti að leiða til umbóta eins og gert var í Rússlandi 1917. Ástandið batnaði ekki fyrr en 1921 er Frakkar og Belgar hertóku borgina. Tveimur árum seinna hertóku Frakkar nánast allt Ruhr-héraðið sem nokkurs konar stríðsskaðabætur. Var þá Düsseldorf í höndum Frakka til 1925. Í heimstyrjöldinni síðari varð borgin fyrir gríðarlegum loftárásum, enda mikilvæg iðnaðarborg. Helmingur allra húsa eyðilagðist og 90% allra húsa hlutu skemmdir. Allar brýr yfir Rín eyðilögðust. Frá og með 28. febrúar 1945 lét bandarískur landher sprengjum rigna yfir borgina í sjö heilar vikur áður en hann hertók borgina nánast bardagalaust. Þá hafði íbúafjöldinn minnkað um helming. Bandaríkjamenn skiluðu borginni til Breta, enda var hún á breska hernámssvæðinu. Við endurreisn borgarinnar varð hún aftur að iðnaðarborg, en einnig að miðstöð þjónustu og verslunar. Hún varð að einni stærstu borg Þýskalands. Íbúafjöldinn náði hámarki 1962 er hann fór í rúm 700 þús. Síðan þá hefur hann dalað talsvert. 1965 var háskólinn í borginni stofnaður. Borgin dafnaði svo vel að hún er í dag ein af tveimur stórborgum Þýskalands sem er skuldlaus (hin er Dresden).

Íþróttir 

Félagið DEG Metro Stars er eitt allra besta íshokkílið Þýskalands. Það er margfaldur þýskur meistari og 2006 komst félagið í úrslitaleik í HM félagsliða. Á heimavelli þeirra fara gjarnan fram alþjóðlegir leikir. Hann hefur einnig verið vettvangur HM í íshokkí

Kvennaliðið DJK Agon 08 Düsseldorf er besta félagslið kvenna í körfubolta í Þýskalandi. Á 9. áratugnum var liðið níu sinnum meistari í röð, og hefur orðið meistari nokkrum sinnum síðar. Félagið komst tvisvar í úrslitaleik í HM félagsliða (1983 og 1986).

Elsta ruðningslið Þýskalands er Düsseldorfer Panther, sem er sexfaldur þýskur meistari, en það er oftar en nokkurt annað ruðningslið.

Aðalknattspyrnufélag borgarinnar er Fortuna Düsseldorf, sem varð þýskur meistari 1933 og bikarmeistari 1979 og 1980. Atli Eðvaldsson og Pétur Ormslev léku báðir með félaginu 1981-85. Á seinni árum leikur liðið í neðri deildum. Heimavöllur félagsins, Rheinstadion, er gjarnan notaður í landsleiki.

Eitt árangursríkasta íþróttalið borgarinnar er borðtennisfélagið Borussia Düsseldorf. Það er margaldur þýskur meistari, bikarmeistari og Evrópumeistari. Á HM félagsliða hefur félagið best náð 3. sæti. Árlega fer alþjóðlegt Evrópumót unglinga í borðtennis (Kids Open) fram í Düsseldorf. Mót þetta hefur verið haldið í 20 ár í Düsseldorf og eru þátttakendur um 1.500.

Árlega fer fram Maraþonhlaup í Düsseldorf í maímánuði. Á hlaupadegi er þá öll borgin í uppnámi, bæði út af viðburðinum og vegna umferðar. Hlaupið hefur farið fram árlega síðan 2003.

Viðburðir 

 Mesta hátíð borgarinnar er Karneval. Hér er um tímabil að ræða sem hefst í nóvember og nær hámarki í febrúar. Fólk fer í skrúðföt, fer í skrúðgöngur og heldur hátíðir, bæði innanhúss og utanhúss. Karneval í Düsseldorf hefur verið haldin síðan 1833.
 Japansdagurinn (Japan-Tag) er þýsk-japönsk hátíð sem haldin er árlega ýmist í maí eða júní. Hér er um útihátíð að ræða þar sem japönsk menning er í fyrirrúmi. Tónleikar fara fram með japönskum listamönnum, haldnar eru sýningar í japönskum íþróttagreinum (bardagagreinum), boðið er upp á japanskan mat og drykk og fleira. Hátíðinni lýkur með dansi og flugeldasýningu. Hátíð þessi hefur verið haldin síðan 2002 og er stærsta sinnar tegundar í heimi.
 Düsseldorfer Jazz-Rally er stærsta jazz-tónlistarhátíð Þýskalands. Hún stendur yfir í júní ár hvert og eru haldnir um 100 tónleikar meðan hún stendur. Tónleikarnir fara fram utandyra á ýmsum stöðum í miðborginni og er því hægt að labba á milli eins og hugurinn stendur til (af því er nafnið Rally dregið). Nokkrir af stærri tónleikunum eru á sérstöðum og þarf að greiða aðgang fyrir.
 Söngvakeppni evrópskra sjónvarpsstöðva var haldin í Düsseldorf árið 2011 og sigurvegarinn þar var Aserbaídsjan en flytjendurnir þeirra voru Ell og Nikki með lagið Running Scared. 43 lönd tóku þátt í keppninni og varð hún fantagóð! Setning Söngvakeppni evrópskra sjónvarpsstöðva var Feel your heart beat!

Frægustu börn borgarinnar 
 (1797) Heinrich Heine rithöfundur
 (1938) Heino, alþýðusöngvari

Byggingar og kennileiti 

 Benrath-kastalinn var reistur 1755-73 af kjörfurstanum Karl Theodor von der Pfalz sem sumaraðsetur, en þá voru Frakkar herrarnir í borginni. Kastalinn skemmdist lítilsháttar í loftárásum seinna stríðsins og tóku viðgerðir langan tíma. Í dag er tvenn söfn í húsinu, garðasafn og náttúrusafn. Það er einnig notað fyrir móttökur þjóðhöfðingja, t.d. hafa Mikhaíl Gorbatsjev og Elísabet II verið þar. Kastalinn er friðlýstur og búið er að sækja um að hann verði settur á heimsminjaskrá UNESCO.
 Lambertuskirkjan er sennilega elsta nústandandi bygging borgarinnar. Hún var reist á 12. öld og vígð 1159. Hún var helguð heilögum Lambertusi sem var drepinn í Jülich árið 705. Í þá daga voru jarðneskar leifar af heilögum Apollinaris varðveittar í kirkjunni og er hann síðan þá verndardýrlingur borgarinnar. Siðaskiptin fóru aldrei fram í Düsseldorf og því hefur hún ætíð verið kaþólsk. 1815 brann turninn og var því endurreistur. En viðurinn bognaði og snerist og því er turninn örlítið skakkur. Eftir að kirkjan hafði skemmst í loftárásum seinna stríðsins og byrjað var að gera við hana, barst ósk frá íbúum borgarinnar um að endurgera turnþakið þannig að það sé eins skakkt og áður hafði verið og var það gert.
 Gehry-Bauten er heiti á nýtískulegu blokkahverfi við Rínarbakka sem kanadíski arkítektinn Frank Gehry teiknaði. Aðalsmerki hans er að láta húsin virka skökk og snúin.

Tilvísanir

Heimildir 

Borgir í Þýskalandi",Í hvaða landi er Düsseldorf?,"{'answer_start': array([149], dtype=int64), 'text': array(['í Ruhr-héraðinu'], dtype=object)}"
https://is.wikipedia.org/wiki/Emb%C3%A6ttismissir%20%28Bandar%C3%ADkin%29,Embættismissir (Bandaríkin),"Bandaríska löggjafarvaldið hefur getu til að kæra opinbera starfsmenn fyrir brot í starfi, og kallast það embættismissir (e. impeachment). Í stjórnarskránni má finna ákvæði um embættismissi þar sem tryggð réttindi til þess að ákæra fyrir afglöp opinberra aðila í starfi. Samkvæmt henni eru brot sem gætu leitt til ákæru til embættismissis landráð, mútur og aðrir glæpir hvort sem er minni- eða meiriháttar. Meiriháttar brot og minniháttar glæpir hefur síðan verið túlkað sem almenn lögbrot, misnotkun á valdi, brot á almennu trausti eða annað sem meirihluti fulltrúadeildar telur brot miðað við aðstæður. 

Embættismissisferlið er bæði til á vettvangi fylkja þar sem ríkisstjórar og aðrir opinberir starfsmenn fylkja geta verið ákærðir og svo á vettvangi alríkisins þar sem forsetar og aðrir embættismenn hins opinbera eru ákærðir.

Ferli embættismissis alríkisins 
Það að reka opinberan embættismann úr starfi í Bandaríkjunum er gert í tveim skrefum: Fyrst er lögð fram ákæra til embættismissis af fulltrúadeildinni og síðan þarf sakfellingu í öldungadeild þingsins.

Fulltrúadeildin ein hefur völd til þess að ákæra embættismenn til embættismissis. Þegar til ákæru kemur hefur dómsmálanefnd (e. judicial committee) fulltrúadeildarinnar opinbera rannsókn á málinu og hún ákveður síðan hvort ástæða er til ákæru og af hverju. Ef ákveðið er að halda áfram með ákæruna taka við umræður og kosningar um hverja grein ákærunnar í fulltrúadeildinni. Viðkomandi er svo ákærður fyrir þær greinar sem meirihluti næst fyrir.

Þá fara fram réttarhöld sem öldungadeildin sér um þar sem sakfelling með 2/3 meirihluta er nauðsynleg ef reka á viðkomandi úr embætti. Varaforsetinn stýrir öldungadeildinni í öllum embættismissismálum nema þegar um er að ræða forseta en þá er það forseti hæstaréttar sem stýrir réttarhöldunum. Þetta er gert þar sem varaforsetinn hefur of mikilla hagsmuna að gæta þar sem hann yrði næsti forseti ef forsetinn yrði settur af. Embættismissisréttarhöld er ekki ósvipaður hefðbundnum réttarhöldum í Bandaríkjunum þar sem kviðdómur dæmir. Í embættismissisréttarhöldum eru öldungadeildarþingmenn kviðdómur en nokkrir aðilar eru valdir úr fulltrúadeildinni til að starfa sem saksóknarar í málinu. Viðkomandi embættismaður sem ákærður hefur verið er síðan með eigin verjendur. Komi til sakfellingar í öldungadeildinni er viðkomandi sjálfkrafa vísað úr embætti. Öldungadeildin getur einnig kosið um hvort banna eigi viðkomandi að starfa á opinberri skrifstofu í framtíðinni en þá þarf aðeins einfaldan meirihluta.

Saga embættismissis 
Ákvæði um embættismissi má finna í stjórnarskrá Bandaríkjanna frá árinu 1789. Það var Benjamin Franklin sem einna fyrstur mælti fyrir mikilvægi þess að koma á ákveðnu ferli til þess að víkja opinberum starfsmönnum úr starfi en hann taldi það heppilegra að til væri opinbert ferli til að reka fólk úr embætti fremur en að myrða það sem sögulega hefði verið notað til þess að losna við ýmsa embættismenn.

Mál 
Nítján embættismenn hafa verið kærðir til embættismissis en af þeim voru aðeins sjö sakfelldir. Meirihluti þeirra sem ákærðir eru til embættismissis eru alríkisdómarar eða fimmtán en allir þeir sem sakfelldir hafa verið voru alríkisdómarar. Aðrir sem ákærðir hafa verið eru þrír forsetar, ritari framkvæmdavalds (e. Cabinet secretary) og öldungadeildaþingmaður. Meðal þess sem ákært hefur verið fyrir er landráð, hlutdrægni í dómskerfinu, meinsæri, drykkjuskap og ólögmæta úrskurði, mútur og skattalagabrot.

Þrátt fyrir að fjórum sinnum hafi bandarískir forsetar á einn eða annan hátt komið við sögu embættismissis hefur enginn þeirra verið sakfelldur. 

Meðal þeirra sem forseta sem hafa komið við sögu embættismissis er John Tyler, Bandaríkjaforseti árin 1841–1845. Fulltrúadeildin lagði fram tillögu um að ákæra hann vegna máls er tengdist fylkisréttindum (e. state‘s rights issues) en tillagan var felld. 

Andrew Johnson, Bandaríkjaforseti á árunum 1865–1869, var ákærður þegar þingið taldi hann hafi brotið lög um fastráðningu embættismanna (e. Tenure of office act)  en hann var sýknaður í öldungadeildinni þar sem munaði einungis einu atkvæði og sat hann því áfram. 

Fulltrúadeildin var að ræða það að ákæra Richard Nixon, Bandaríkjaforseta frá 1969 til 1974, þegar hann sagði af sér frekar en að verða kærður til embættismissis. 

Bill Clinton, Bandaríkjaforseti 1993–2001, var ákærður af fulltrúadeildinni fyrir að bera ljúgvitni og fyrir að hindra réttvísina í hneykslismáli tengdu Monicu Lewinsky. Clinton var hins vegar sýknaður í öldungadeildinni.

Þann 24. september árið 2019 tilkynnti Nancy Pelosi, forseti fulltrúadeildar Bandaríkjaþings úr Demókrataflokknum, að fulltrúadeildin hygðist hefja formlegt ákæruferli gegn Donald Trump Bandaríkjaforseta vegna gruns um að hann hefði framið embættisbrot. Tilefnið var uppljóstrun um að Trump hefði þrýst á Volodimír Selenskij, forseta Úkraínu, til að fá úkraínsk stjórnvöld til að hefja rannsóknir á málum tengdum Joe Biden, fyrrum varaforseta Bandaríkjanna, og syni hans, Hunter Biden, sem stýrði gasfyrirtæki í Úkraínu á forsetatíð Baracks Obama. Fyrir símtal þeirra Selenskij hafði Trump gefið fyrirmæli um að stöðva greiðslu hundrað milljóna dollara hernaðaraðstoðar til Úkraínu. Fulltrúadeildin lagði formlega fram kæru gegn Trump þann 19. desember 2019. Öldungadeild Bandaríkjaþings, þar sem Repúblikanar voru í meirihluta, sýknaði Trump af ákærunni þann 5. febrúar 2020.

Trump var aftur ákærður fyrir embættisglöp þann 13. janúar árið 2021, þegar hann átti aðeins viku eftir í embætti. Ástæða kærunnar var ásökun um að Trump hefði egnt stuðningsmenn sína til að ráðast á Bandaríkjaþing þann 6. janúar sama ár. Trump er eini forseti Bandaríkjanna sem hefur verið kærður til embættismissis oftar en einu sinni. Réttarhöldum hans lauk ekki fyrr en eftir að kjörtímabili hans lauk, og var Trump þá aftur sýknaður af öldungadeild Bandaríkjaþings. Í þetta skipti kusu 57 þingmenn gegn Trump en 43 á móti, en tvo þriðju þingmanna þarf til að sakfella embættismann fyrir embættismissisréttarhöldum.

Tilvísanir

Heimildir

Tenglar
 A Short History of Impeachment
 Impeachment in the United States
 Tenure of Office Act
 Impeachment: The Unthinkable Process 

Bandarísk stjórnmál
Lögfræði",Hverjar voru ákærurnar gegn Bill Clinton?,"{'answer_start': array([4376], dtype=int64), 'text': array(['að bera ljúgvitni og fyrir að hindra réttvísina í hneykslismáli tengdu Monicu Lewinsky'],
      dtype=object)}"
https://is.wikipedia.org/wiki/Ni%C3%B0ar%C3%B3s,Niðarós,"Niðarós er sögulegt nafn á Þrándheimi (norska: Trondheim) og biskupsdæmi svæðisins.

Áin Nið (nú Nidelva eða Nia) rennur til sjávar í Þrándheimsfirði og var gott skipalægi í ósnum. Á víkingaöld byggðist þar upp kaupstaður, sem hlaut nafnið Niðarós. Skammt norðan við Niðarós var höfðingjasetrið Hlaðir, sem Hlaðajarlar eru kenndir við, þar hafði verið helgistaður heiðinna manna. Niðarós varð brátt höfuðstaður Þrændalaga og nálægra héraða, bæði í veraldlegum og kirkjulegum efnum.

Eftir að Ólafur Haraldsson Noregskonungur féll á Stiklastöðum árið 1030, urðu ýmis jarteikn, sem leiddu til þess að hann varð höfuðdýrlingur Norðmanna, og víðar um Norðurlönd. Biskupsstóll var settur í Niðarósi og dómkirkja reist á legstað Ólafs (Niðarósdómkirkja).

Árið 1153 fengu Norðmenn erkibiskup og var aðsetur hans í Niðarósi. Umdæmi hans náði yfir Noreg, og þau lönd sem þaðan höfðu byggst, allt frá Orkneyjum, Suðureyjum, Hjaltlandi og Færeyjum,  til Íslands og Grænlands. Varð það til þess að efla mjög Niðarós sem kirkjulega miðstöð. Þar var einnig konungsgarður, þar sem konungar Noregs bjuggu þegar þeir voru í Þrándheimi. 

Haustið 1239 sigldi Snorri Sturluson frá Niðarósi í banni Hákonar Hákonarsonar konungs. Þá mælti hann hin örlagaþrungnu orð: „Út vil ek!“

Tenglar 
 Dómkirkjan í Niðarósi; grein í Lesbók Morgunblaðsins 1941

Þrándheimur
Saga Noregs",Hvert var yfirráðasvæði erkibiskupsins?,"{'answer_start': array([840], dtype=int64), 'text': array(['Noreg, og þau lönd sem þaðan höfðu byggst, allt frá Orkneyjum, Suðureyjum, Hjaltlandi og Færeyjum,  til Íslands og Grænlands'],
      dtype=object)}"
https://is.wikipedia.org/wiki/%C3%8Dslandsm%C3%B3t%20karla%20%C3%AD%20%C3%ADshokk%C3%AD,Íslandsmót karla í íshokkí,"Íslandsmót Karla í Íshokkí er efsta deild í íshokkí á Íslandi - Hertz-deildin. Þrjú lið keppa í deildinni:  Skautafélag Akureyrar, Skautafélag Reykjavíkur og Fjölnir (áður Björninn en sameinaðist Fjölni 2018). Tímabilin 2014-2018 spilaði UMFK Esja einnig í deildinni.

Saga  
Íshokkí á Íslandi var upprunalega leikið á tjörnum og ám. Veðrið gerði erfitt fyrir að spila og gerðu aðstæður mjög krefjandi. 1987 var fyrsta vélfrysta skautasvellið byggt á Akureyri og síðan í Laugardalnum þremur árum síðar, árið 1990. Árið 1998 var reist Skautahöll í Laugardalnum, á Akureyri árið 2000 og svo í Egilshöll í Reykjavík 2003.
 
Fyrsta deildin í íshokkí var stofnuð 1991 með þremur liðum (SA, SR og Björninn) Deildin byrjar venjulega í september og lýkur í mars eða apríl.

Núverandi lið (2017-2018)  

Á Akureyri
 SA Víkingar - Lið Skautafélags Akureyrar  (21*)
 Í Reykjavík
 SR - Skautafélag Reykjavíkur (5*)
 Fjölnir (áður Björninn) (1*)

* (*)  Fjöldi Íslandsmeistara titla.

Fyrrverandi lið  
 Narfi frá Hrísey eða Narfi Ishokki (Spilaði á Akureyri)
 Húnar - Varalið/Aukalið Bjarnarins
 Fálkar - Varalið/Aukalið Skautafélags Reykjavíkur
 Jötnar - Varalið/Aukalið Skautafélags Akureyrar
UMFK Esja úr Reykjavík (æfði/spilaði í Laugardalnum)
Reykjavík, sameinað kvennalið SR og Fjölnis (spilar ekki í deildinni)

Íslandsmeistarar 
Tímabil:
 1991-1992 - Skautafélag Akureyrar 
 1992-1993 - Skautafélag Akureyrar 
 1993-1994 - Skautafélag Akureyrar 
 1994-1995 - Skautafélag Akureyrar 
 1995-1996 - Skautafélag Akureyrar 
 1996-1997 - Skautafélag Akureyrar 
 1997-1998 - Skautafélag Akureyrar 
 1998-1999 - Skautafélag Reykjavíkur 
 1999-2000 - Skautafélag Reykjavíkur 
 2000-2001 - Skautafélag Akureyrar 
 2001-2002 - Skautafélag Akureyrar 
 2002-2003 - Skautafélag Akureyrar 
 2003-2004 - Skautafélag Akureyrar 
 2004-2005 - Skautafélag Akureyrar 
 2005-2006 - Skautafélag Reykjavíkur 
 2006-2007 - Skautafélag Reykjavíkur 
 2007-2008 - Skautafélag Akureyrar 
 2008-2009 - Skautafélag Reykjavíkur 
 2009-2010 - Skautafélag Akureyrar 
 2010-2011 - Skautafélag Akureyrar
 2011-2012 - Björninn
 2012-2013 - Skautafélag Akureyrar
 2013-2014 - Skautafélag Akureyrar
 2014-2015 - Skautafélag Akureyrar
 2015-2016 - Skautafélag Akureyrar
 2016-2017 - UMFK Esja
2017-2018 - Skautafélag Akureyrar
2018-2019 - Skautafélag Akureyrar
2019-2020 -  Enginn Íslandsmeistari krýndur (deildinni aflýst vegna Covid)

Íslensk íshokkímót og -keppnir",Hvaða knattspyrnufélag sameinaðist Fjölni 2018?,"{'answer_start': array([172], dtype=int64), 'text': array(['Björninn'], dtype=object)}"
https://is.wikipedia.org/wiki/Smurbrau%C3%B0,Smurbrauð,"Smurbrauð eða smurt brauð (danska: smørrebrød) er brauð, yfirleitt rúgbrauð, sem hefur verið smurt með smjöri, smjörlíki eða öðru viðbiti og álegg  sett ofan á, svo sem ostur, lifrarkæfa eða pylsa. Smurbrauð getur verið aðalréttur, hluti máltíðar eða smáréttur milli mála og er mikilvægur þáttur í danskri matargerð.

Smurbrauð varð til vegna þarfar til að neyta matar utan heimilis. Frá fornu fari þurftu smalar, bændur, veiðimenn og aðrir sem voru að vinnu langt frá heimilinu að taka með sér nesti og þá var handhægt að hafa með sér brauð og ýmiss konar álegg. Ekki er neitt sérdanskt við slíkt nesti og það var ekki fyrr en í lok 19. öld að danskt smurbrauð varð til í þeirri sérdönsku mynd sem það hefur í dag, þar sem áleggi er staflað á smurðar brauðsneiðar (d. festsmørrebrød). Er slíkt smurbrauð sá danski réttur sem þekktastur er utan Danmerkur.

Þessar íburðarmiklu smurbrauðssneiðar voru fyrst bornar fram á smurbrauðsstofum í Kaupmannahöfn á 9. áratug 19. aldar og sést þeirra fyrst getið á matseðli veitingahússins Nimb í Tívolí 1883.

Ein þekktasta danska smurbrauðsstofan var stofnuð af Oskar Davidsen, en á matseðli hans voru 178 mismunandi tegundir af smurbrauði þegar mest var. Hann var langafi hinnar þekktu smurbrauðsjómfrúar Idu Davidsen og er fimmta kynslóðin nú tekin við smurbrauðsstofu fjölskyldunnar.

Jakob Jakobsson stofnandi Jómfrúarinnar við Lækjargötu í Reykjavík er fyrsti karlmaðurinn í heiminum til að útskrifast með fagbréf í smurbrauðsfaginu. Hann lærði hjá Idu Davidsen.

Tengt efni 
 Samloka

Dönsk matargerð",Frá hvaða tíma er fyrsta skráning um smurbrauð á matseðli Nimb veitingastaðarins?,"{'answer_start': array([1043], dtype=int64), 'text': array(['1883'], dtype=object)}"
https://is.wikipedia.org/wiki/Richard%20Thaler,Richard Thaler,"Richard H. Thaler (fæddur 12. september 1945) er bandarískur hagfræðingur og prófessor í atferlisvísindum og hagfræði við Booth School of Business í Chicago. Árið 2015 var Thaler forseti American Economic Association. Thaler hlaut Nóbelsverðlaunin í hagfræði árið 2017 fyrir framlög sín til atferlishagfræði. Árið 2018 var hann kjörinn meðlimur bandarísku Vísindaakademíunnar, The National Academy of Sciences.

Ævi 
Thaler fæddist í East Orange, New Jersey í gyðingafjölskyldu. Móðir hans, Roslyn var kennari og síðar fasteignasali á meðan faðir hans, Alan Maurice Thaler var tryggingafræðingur hjá Prudential Financial í Newark, New Jersey. Hann á þrjú börn frá sínu fyrsta hjónabandi og er nú giftur France Leclerc, fyrrum prófessor í markaðsfræði við háskólann í Chicago.

Thaler útskrifaðist frá Newark Academy, áður en hann lauk B.A. gráðu árið 1967 frá Case Western Reserve University. Hann lauk hlaut doktorsgráðu árið 1974 frá háskólanum í Rochester. Ritgerð hans ""The Value of Saving A Life: A Market Estimate"" var skrifuð undir handleiðslu Sherwin Rosen. 

Thaler stofnaði ásamt fleirum eignastýringafyrirtækið Fuller & Thaler Asset Management árið 1993.

Framlög til hagfræðinnar 
Thaler hefur starfað með hagfræðingum á borð við Daniel Kahneman, Amos Tversky að rannsóknum á raunverulegri efnahagslegri hegðun, bæði meðal neytenda og fjárfesta. Rannsóknir hans brúa hagfræði og sálfræði til að skilja hvað gerist þegar slakað er á klassískum forsendum hagfræðinnar um að einstaklingar séu full-upplýstir, skynsamir, og eigingjarnir. Í reynd hegði fólk sér ekki í samræmi við hinn skynsama og rökvísa homo-economicus.

Thaler er meðhöfundur ásamt Cass R. Sunstein að metsölubókinni Nudge (2008) þar sem hugtök atferlishagfræði eru notuð til að takast á við mörg af helstu vandamálum samfélagsins. Árið 2015 gaf hann út Misbehaving: The Making of Behavioral Economics. Hann hefur einnig skrifað eða ritstýrt fjórum öðrum bókum: Quasi-Rational Economics, The Winner's Curse: Paradoxes and Anomalies of Economic Life, og Advances in Behavioral Finance bindi I og II.

Richard H. Thaler fékk Nóbelsverðlaunin í hagfræði árið 2017 fyrir framlag sitt til atferlishagfræði.

Tilvísanir 

Bandarískir hagfræðingar
Nóbelsverðlaunahafar í hagfræði",Í hvaða ári fékk Thaler Nóbelsverðlaunin í hagfræði?,"{'answer_start': array([264], dtype=int64), 'text': array(['2017'], dtype=object)}"
https://is.wikipedia.org/wiki/Gu%C3%B0r%C3%BAn%20Stef%C3%A1nsd%C3%B3ttir,Guðrún Stefánsdóttir,"Guðrún Stefánsdóttir frá Fagraskógi (fædd 24. nóvember 1893, dáin 12. október 1980 var íslenskt ljóðskáld og ritstjóri.

Guðrún fæddist að Fagraskógi við Eyjafjörð árið 1893. Foreldrar hennar voru Ragnheiður Davíðsdóttir og Stefán Baldvin Stefánsson, alþingismaður og bóndi. Bróðir Guðrúnar var skáldið Davíð Stefánsson frá Fagraskógi. 

Guðrún lauk prófi frá Kvennaskólanum í Reykjavík árið 1913 en stundaði auk þess nám í Svíþjóð í eitt ár.

Árið 1940 stofnaði Guðrún tímaritið Nýtt kvennablað ásamt þeim Jóhönnu Þórðardóttur og Maríu Knudsen og kom það út til ársloka 1967. Jóhanna og María féllu báðar frá langt um aldur fram og eftir lát þeirra stóð Guðrún ein að ritstjórn blaðsins. Guðrún var afkastamikið ljóðskáld og birti kvæði sín í blöðum og tímaritum, einkum Nýju kvennablaði en sendi aldrei frá sér ljóðabók. Bók með úrvali kvæða hennar kom hins vegar út árið 2015 og hafði dótturdóttir hennar Ragnheiður Guðbjargar Hrafnkelsdóttir umsjón með útgáfunni og ritaði inngang.

Tilvísanir 

Fólk fætt árið 1893
Fólk dáið árið 1980
Íslensk ljóðskáld
Íslenskar konur",Hvaða tímarit var það sem Guðrún Stefánsdóttir gaf út?,"{'answer_start': array([480], dtype=int64), 'text': array(['Nýtt kvennablað'], dtype=object)}"
https://is.wikipedia.org/wiki/Listi%20yfir%20bresk%20dagbl%C3%B6%C3%B0,Listi yfir bresk dagblöð,"Þetta er listi yfir bresk dagblöð; það er að segja dagblöð sem koma út á Bretlandi.

Bresk dagleg blöð

Gæðablöð 
 Financial Times (s. 1888) — viðskiptablað
 The Daily Telegraph (s. 1855) / The Sunday Telegraph (s. 1961) — íhaldssamt blað
 The Guardian (s. 1821) / The Observer (s. 1791) — vinstriblað
 The Independent (s. 1986) / Independent on Sunday (s. 1990) — vinstriblað
 The Times (s. 1785) / The Sunday Times (s. 1822) — hægriblað

Æsifréttablöð 
 Daily Mail (s. 1896) / The Mail on Sunday (s. 1982) — íhaldssamt blað
 The Daily Mirror (s. 1903) / Sunday Mirror (s. 1915) — verkamannavinnublað
 Daily Star (s. 1978) / Daily Star Sunday
 The Sun (s. 1964) / News of the World (s. 1843) — hægriblað 
 The Morning Star (s. 1930) — jafnaðarstefnublað

Skosk dagleg blöð

Skosk gæðablöð 
 The Herald (s. 1783) / Sunday Herald (s. 1999)
 Scotland on Sunday (s. 1988)
 The Press and Journal (s. 1748)
 The Daily Telegraph er með skoskri útgáfu
 The Courier & Advertiser (s. 1801)
 The Scotsman (s. 1817)
 The Times er með skoskri útgáfu

Skosk æsifréttablöð 
 Daily Record (s. 1842) / Sunday Mail
 The Sunday Post
 The Sun, Daily Mail og Daily Express eru öll er með skoskrum útgáfum

Velsk blöð 
 The Western Mail (s. 1869)
 Y Cymro (s. 1932) — skrifað á velsku

Bresk dagblöð
Listar yfir dagblöð eftir löndum
Listar tengdir Bretlandi",Hvaða velskt dagblað er það elsta sem fjallað er um í þessari grein?,"{'answer_start': array([1199], dtype=int64), 'text': array(['The Western Mail'], dtype=object)}"
https://is.wikipedia.org/wiki/Kings%20Canyon-%C3%BEj%C3%B3%C3%B0gar%C3%B0urinn,Kings Canyon-þjóðgarðurinn,"Kings Canyon-þjóðgarðurinn (enska: Kings Canyon National Park) er þjóðgarður í Kaliforníu. Hann er í suður-Sierra Nevada-fjöllum og er tæpir 1900 ferkílómetrar að stærð. Evrópskir landnemar fóru fyrst um svæðið á miðri 19. öld. Maður að nafni John Muir vakti athygli á fegurð svæðisins og síðar kom það inn á borð yfirvalda. Þjóðgarðurinn var stofnaður árið 1940 til að vernda skógarlundi risarauðviðar. Áður var verndað svæði innan núverandi þjóðgarðs sem hét General Grant National Park en hann var stofnaður til að vernda stærsta tré í heimi; General Grant. 

Gljúfrið Kings Canyon, hvers landsvæði þykir svipa til Yosemitedal með sína graníttinda og er eitt dýpsta gljúfur Bandaríkjanna og nær 2500 metra dýpt. Austur af gljúfrinu eru Sierra Crest-tindarnir og ná þeir hæsta punkti þjóðgarðsins í North Palisade eða 4343 metra hæð. Minna er um stærri spendýr á þessu svæði en talsvert af nagdýrategundum og fuglum. Tjaldsvæði innan garðsins eru í rúmum 2000 metra hæð. Sequoia National Park sem er aðalvaxtarsvæði risarauðviðartrjáa á landamæri að Kings Canyon-þjóðgarðinum.

Heimild

Bandarískir þjóðgarðar
Þjóðgarðar í Kaliforníu",Hver er mesta dýpt gljúfursins í Kings Canyon?,"{'answer_start': array([698], dtype=int64), 'text': array(['2500 metra'], dtype=object)}"
https://is.wikipedia.org/wiki/Robert%20Hooke,Robert Hooke,"Robert Hooke (f. 18. júlí 1635, d. 3. mars 1703) var breskur eðlis- og efnafræðingur.

Faðir hans var John Hooke, umsjónamaður Allraheilagakirkju í Freshwater á Wighteyju. Robert átti þrjá bræður sem allir urðu að prestum. Er Robert sat við nám sitt fékk hann mikla höfuðverki og kom þetta í veg fyrir að hann gæti sótt nám með sama hætti og bræður hans. Foreldrar hans óttuðust að hann yrði ekki langlífur og leyfðu honum að haga námi sínu eftir eigin hentisemi. Átta ára gamall hélt hann til Christ Church við Oxford. Þar kynntist hann Robert Boyle. Árið 1662 var Hooke skipaður umsjónamaður tilrauna fyrir Hið Konunglega félag.

Meðal uppgötvanna Hookes var Lögmál Hookes um fjaðurmagn. Árið 1662 gaf Hooke út bókina Micrographia með skissum eftir hann af því sem hann hafði athugað með aðstoð smásjár. Bókin varð vinsæl og seldist vel frá byrjun. Í bókinni lýsir Hooke í fyrsta skiptið frumu og er enska heitið cell komið til vegna þess að honum þótti lögum og útlit frumunnar minna á herbergi munka í klaustrum, cellula. Sama ár og bók hans kom út tók hann stöðu prófessors í rúmfræði við Gresham-háskóla. Hooke var helsti aðstoðarmaður hins fræga arkitekts Christopher Wren og átti þátt í hönnun Monument, Hinnar konunglegu athugunarstöð við Greenwich, Bethlem-sjúkrahússins o.fl. Robert dó árið 1703, 68 ára að aldri.

Breskir eðlisfræðingar
Breskir efnafræðingar
Breskir arkitektar",Hvað kom fyrir Robert Hooke þegar hann var átta ára?,"{'answer_start': array([480], dtype=int64), 'text': array(['hélt hann til Christ Church við Oxford'], dtype=object)}"
https://is.wikipedia.org/wiki/Forskriftarvandinn,Forskriftarvandinn,"Forskriftarvandinn er vandi í siðspeki sem skoski heimspekingurinn David Hume vakti fyrst athygli á í riti sínu Ritgerð um mannlegt eðli. Hann veitti því athygli að margir tala um það sem ætti að vera á grundvelli fullyrðinga um það sem er. Það er að segja, þeir reyna að leiða gildisdóma af staðreyndum. En það viðist vera mikilvægur munur á lýsandi fullyrðingum (um það sem er, þ.e. um staðreyndir) annars vegar og á forskriftum (fullyrðingum um það sem ber) hins vegar.

Ef það er, til dæmis, staðreynd að skurðaðgerð geti eða jafnvel muni bjarga lífi manns, þá leiðir ekki af þeirri staðreynd að maður ætti að gangast undir aðgerðina. Til þess að komast að þeirri niðurstöðu þar að gefa sér gildisdóm sem forsendu í röksemdafærslunni, svo sem að lífið sé þess virði að því sé lifað. Ef maður gefur sér á hinn bóginn að lífið sé ekki þess virði að því sé lifað leiðir alls ekki af forsendunum að maður ætti að gangast undir aðgerðina enda þótt það sé óvefengjanleg staðreynd að aðgerðin muni bjarga lífi manns. 

Hume varar við því að breyta umræðuefninu á þennan hátt og fara að tala um hvernig eitthvað ætti að vera á grundvelli þess hvernig eitthvað er án þess að útskýra fyrst hvernig forskriftirnar eigi að leiða af staðhæfingum um staðreyndir.

En er hægt að fara að því að leiða „ber“ (forskriftir og gildi) af „er“ (staðreyndum)? Þessi spurning er nú miðlæg í siðfræðilegri orðræðu. Hume er venjulega eignuð sú skoðun það sé ekki hægt að leiða forskriftir eða gildi af staðreyndum. (Aðrir túlka Hume á þann veg að hann sé ekki að segja að það sé ekki hægt að leiða siðferðilegar staðhæfingar af staðhæfingum um staðreyndir, heldur að það sé ekki hægt að gera það nema á grundvelli mannlegs eðlis, þ.e. með hliðsjón af mannlegum tilfinningum.) Hume er sennilega einn fyrsti hugsuðurinn sem gerir skýran greinarmun á staðhæfingum um staðreyndir annars vegar og gildi hins vegar. Greinarmunurinn liggur nú til grundvallar félagsvísindunum. Enski heimspekingurinn G.E. Moore varði áþekka kenningu í upphafi 20. aldar með gagnrýni sinni á hluthyggju um gildi.

Tilvísanir

Heimildir og frekara lesefni 
 Searle, John R., „How to Derive 'Ought' From 'Is'“, Philosophical Review 73 (1964): 43-58.
 Searle, John R., The construction of social reality (New York: Free Press, 1995).

Siðfræði
Siðspeki",Í hverju var kenning G.E. Moores sambærileg við Hume?,"{'answer_start': array([2028], dtype=int64), 'text': array(['gagnrýni sinni á hluthyggju um gildi'], dtype=object)}"
https://is.wikipedia.org/wiki/K%C3%B3lumb%C3%ADa,Kólumbía,"Kólumbía er land í norðvesturhluta Suður-Ameríku með landamæri að Venesúela og Brasilíu í austri, Ekvador og Perú í suðri og Panama í norðvestri. Það á strönd að Karíbahafi í norðri og Kyrrahafinu í vestri. Kólumbía ræður yfir stórum eyjaklasa í Karíbahafi, San Andrés y Providencia, undan strönd Níkaragva.

Landið þar sem nú er Kólumbía var byggt frumbyggjum frá því í steinöld. Þar stóðu menningarsamfélögin Muisca, Quimbaya og Tairona. Spánverjar komu til landsins árið 1499 og lögðu það brátt undir sig. Þeir stofnuðu Varakonungsdæmið Nýja-Granada með höfuðborgina Bógóta. Varakonungsdæmið lýsti yfir sjálfstæði sem Stór-Kólumbía í kjölfar herfara Simón Bolívar 1819. Nokkrum árum síðar klufu Venesúela og Ekvador sig frá þessu ríki og eftir varð Lýðveldið Nýja-Granada. Panama klauf sig frá Kólumbíu árið 1903. Eftir síðari heimsstyrjöld leiddu pólitísk átök til tíu ára vopnaðra átaka, La Violencia. Stjórnarsamstarf frjálslyndra og íhaldsmanna batt endi á þessi átök en brátt hófst skæruhernaður við ýmsa vopnaða hópa og glæpasamtök sem hefur haldið áfram til þessa dags. 

Kólumbía er eitt af sautján löndum heims með mesta líffjölbreytni. Landið nær yfir regnskóga á Amasónsvæðinu, Andesfjöll og hitabeltisgresjur. Kólumbía er þriðja fjölmennasta ríki Rómönsku Ameríku og þriðja stærsta hagkerfið á eftir Brasilíu og Mexíkó. Flestar stærstu borgir landsins, eins og Bógóta og Medellín, standa á hásléttum í Andesfjöllum. Helstu útflutningsafurðir Kólumbíu eru olía og kol, en landið er líka þekkt fyrir framleiðslu smaragða, kaffis og pappírs meðal annars.

Heiti
Kólumbía dregur nafn sitt af landkönnuðinum Kólumbusi. Byltingarmaðurinn Francisco de Miranda sá fyrir sér að nafnið yrði notað yfir Nýja heiminn í heild sinni, sérstaklega þann hluta sem heyrði undir spænsk lög (sem á þeim tíma náði frá Mississippi til Patagóníu). Lýðveldið Kólumbía tók síðan nafnið upp árið 1819 þegar það var myndað úr löndum sem tilheyrðu Varakonungsdæminu Nýja-Granada (í dag löndin Kólumbía, Panama, Venesúela, Ekvador og norðvesturhluti Brasilíu). 

Þegar Venesúela, Ekvador og Cundinamarca urðu sjálfstæð ríki tók fyrrum héraðið Cundinamarca upp nafnið Nýja-Granada. Árið 1858 breytti Nýja-Granada nafni sínu í Sambandslýðveldið Granada. Árið 1863 var nafninu aftur breytt í Bandaríki Kólumbíu og árið 1886 tók landið upp núverandi heiti, Lýðveldið Kólumbía.

Landfræði 

Landslag í Kólumbíu skiptist í sex landsvæði sem hvert hefur sín einkenni: Andesfjöllin, Kyrrahafsströndin, Karíbahafsströndin, Llanos (slétturnar), Amasónskógurinn og eyjarnar sem eru bæði í Atlantshafi og Kyrrahafi. Landhelgi Kólumbíu nær að landhelgi Kosta Ríka, Níkaragva, Hondúras, Jamaíku, Haítí og Dóminíska lýðveldisins. Í norðvestri á Kólumbía landamæri að Panama, að Venesúela og Brasilíu í austri, og Ekvador og Perú í suðri. Mörk landhelginnar hafa verið staðfest með sjö samningum við nágrannaríki í Karíbahafi og þremur í Kyrrahafi. Landið liggur milli 12. og 4. breiddargráðu suður og 67. og 79. lengdargráðu vestur.

Kólumbía er hluti af Eldhringnum þar sem jarðskjálftar eru algengir og eldvirkni útbreidd. Innar í landinu eru Andesfjöllinn helsta einkenni á landslaginu. Flestir af stærstu þéttbýliskjörnum Kólumbíu eru í hálendinu inni í landinu. Handan við Kólumbíufjöll (í suðvestursýslunum Cauca og Nariño) skiptast fjöllin í þrjá fjallgarða (cordilleras): Cordillera Occidental sem liggur meðfram Kyrrahafsströndinni, Cordillera Central milli árdala Cauca og Magdalena, og Cordillera Oriental sem liggur norðaustur í átt að Guajira-skaga. Í Cordillera Occidental er borgin Santiago de Cali; í Cordillera Central eru borgirnar Medellín, Manizales, Pereira og Armenia; og í Cordillera Central eru borgirnar Bucaramanga og Cúcuta.

Fjöllin í Cordillera Occidental ná yfir 4.700 metra hæð og í Cordillera Central og Oriental ná þau 5.000 metra hæð. Bogotá liggur í 2.600 metra hæð og er hæsta borg heims af þessari stærðargráðu.

Austan við Andesfjöllin eru gresjur sem nefnast Llanos og eru hluti af ársléttu Órinókófljóts. Lengst í suðaustri er svo Amasónfrumskógurinn. Samanlagt eru þessi láglendissvæði yfir helmingur af landsvæði Kólumbíu, en þar búa innan við 6% landsmanna. Í norðri, við strönd Karíbahafsins, búa 21,9% landsmanna. Þar eru helstu hafnarborgir landsins, Barranquilla og Cartagena. Þar eru að mestu láglendar sléttur, en líka fjallgarðurinn Sierra Nevada de Santa Marta, þar sem eru hæstu tindar landsins (Pico Cristóbal Colón og Pico Simón Bolívar), og La Guajira-eyðimörkin. Ólíkt Karíbahafsströndinni er Kyrrahafsströndin dreifbýl og þakin þykkum gróðri. Baudó-fjöll liggja meðfram ströndinni nyrst. Helsta hafnarborgin við Kyrrahafsströndina er Buenaventura.

Helstu vatnsföll í Kólumbíu eru Magdalenufljót, Cauca-fljót, Guaviare-fljót, Atratofljót, Metafljót, Putumayo-fljót og Caquetá-fljót. Í Kólumbíu eru fjögur meginvatnasvið, við Kyrrahaf, Karíbahaf, Órinókófljót og Amasónfljót. Vatnsföll marka landamæri Kólumbíu að bæði Venesúela og Perú.

Náttúruverndarsvæði og þjóðgarðar ná yfir um 14.268.224 hektara svæði, sem er 12,77% af landinu. Skógeyðing í Kólumbíu er fremur lítil miðað við nágrannalöndin. Kólumbía fékk einkunnina 8,26/10 á Forest Landscape Integrity Index og er í 25. sæti af 172 löndum. Kólumbía býr yfir sjötta mesta endurnýjanlega vatnsforða heims.

Stjórnmál

Stjórnsýslueiningar 
Kólumbía skiptist í 32 héruð og eitt höfuðborgarumdæmi sem hefur sömu stöðu og hérað (Bogotá er líka höfuðstaður Cundinamarca-héraðs). Héruðin skiptast í sveitarfélög sem hvert hefur sinn höfuðstað, og sveitarfélögin skiptast svo í corregimientos í dreifbýli og comunas í þéttbýli. Hvert hérað er með héraðsstjóra og héraðsþing sem eru kosin í beinum kosningum til fjögurra ára. Hvert sveitarfélag er með sveitarstjórn og sveitarstjóra sem kosin eru í beinni kosningu. Auk þess eru corregimientos og comunas með sín eigin kjörnu þing. 

Auk höfuðborgarinnar eru fjórar aðrar borgir með sérstaka stöðu sem umdæmi vegna sérstöðu. Þetta eru Barnquilla, Cartagena, Santa Marta og Buenaventura. Sum héruð hafa sínar eigin stjórnsýslueiningar þar sem er mikið þéttbýli og borgir samliggjandi (til dæmis í Antioquia og Cundinamarca). Þar sem aftur er mikið dreifbýli, eins og í Amazonas, Vaupés og Vichada, eru aðrar sérstakar stjórnsýslueiningar eins og héraðs-corregimientos (blanda af sveitarfélagi og corregimiento).

Íbúar 
Kólumbía er 3. fjölmennasta ríki Rómönsku Ameríku, á eftir Brasilíu og Mexíkó, með um 48 milljónir íbúa. Í upphafi 20. aldar var íbúafjöldi Kólumbíu um 4 milljónir. Frá því snemma á 8. áratug 20. aldar hefur fæðingar- og dánartíðni minnkað og hægst á fjölgun íbúa. Árið 2016 er fjölgunin talin vera um 0,9%. 26,8% íbúa eru undir 15 ára aldri, 65,7% milli 15 og 64 ára og 7,4% 65 ára og eldri. Hlutfall eldri íbúa er farið að aukast verulega. Talið er að íbúar Kólumbíu verði um 55,3 milljónir árið 2050.

Stærstur hluti íbúa býr í borgum í Andesfjöllum og við Karíbahafsströndina. Þéttbýli er líka mest í Andesfjöllum. Í níu láglendishéruðum í austurhluta landsins, sem ná yfir 54% af flatarmáli landsins, búa innan við 6% íbúa. Kólumbía var áður sveitasamfélag en þéttbýlisvæðing var hröð um miðja 20. öld og landið er nú eitt það þéttbýlasta í Rómönsku Ameríku. Íbúar í þéttbýli voru 31% landsmanna árið 1938 en voru orðnir um 60% árið 1973. Árið 2015 var talið að 76% byggju í þéttbýli. Íbúum Bogotá hefur fjölgað úr 300.000 árið 1938 í um 8 milljónir í dag. 72 borgir eru með meira en 100.000 íbúa. Árið 2012 var fjöldi vegalauss fólks innan eigin lands mestur í heimi í Kólumbíu, eða 4,9 milljónir.

Lífslíkur voru 74,8 ár árið 2015 og barnadauði 13,1 á 1000 íbúa árið 2016. Árið 2015 voru 94,58% fullorðinna og 98,66% ungmenna læs. Kólumbía ver 4,49% vergrar landsframleiðslu í menntun.

Tungumál 
99,2% íbúa Kólumbíu tala spænsku. Auk spænsku eru 65 indíánamál, tvö kreólamál, romaní og kólumbískt táknmál töluð í landinu. Enska nýtur opinberrar stöðu á eyjunum San Andrés, Providencia og Santa Catalina.

Í gagnagrunninum Ethnologue eru 101 tungumál skráð í Kólumbíu, fyrir utan spænsku. Nákvæm tala er dálítið á reiki því sumir höfundar skrá mállýskur sem aðrir telja sérstök tungumál. Algengt er að tala um 71 tungumál sem töluð eru í landinu í dag - flest úr málaættunum chibcha-mál, tukanóamál, bora-witoto-mál, guajiboa-mál, aravakamál, karíbamál, barbakómál og salíbamál. Í dag tala um 850.000 manns frumbyggjamál.

Tilvísanir 

Kólumbía
Spænskumælandi lönd",Hvaða fjöll eru hæst í Kólumbíu?,"{'answer_start': array([4419], dtype=int64), 'text': array(['Pico Cristóbal Colón og Pico Simón Bolívar'], dtype=object)}"
https://is.wikipedia.org/wiki/Eftirlaunafrumvarpi%C3%B0,Eftirlaunafrumvarpið,"Eftirlaunafrumvarpið  var frumvarp sem var lagt fyrir Alþingi 10. desember árið 2003 og var það samþykkt hinn 15. desember sama ár og urðu að lögum  þegar forseti staðfesti þau hinn 20. desember. Þau sneru að hækkun eftirlauna forseta Íslands, ráðherra, alþingismanna og hæstaréttardómara. Frumvarpið var samþykkt með 30 atkvæðum, nei sögðu 14, 11 sátu hjá, 7 voru í leyfi og fjarstaddur var 1.  Eftirlaunafrumvarpið var mjög umdeilt á þingi og meðal almennings. Hefur það verið nefnt eftiraunaósóminn af sumum gagnrýnendum þess. Flutningsmenn voru Halldór Blöndal, Guðmundur Árni Stefánsson, Jónína Bjartmarz, Þuríður Backman, Sigurjón Þórðarson. 

Sumir hafa þó aldrei þegið þessi eftirlaun, Davíð Oddsson hefur til að mynda aldrei þegið þau þó svo hann hafi átt rétt á þeim frá október 2005. 

Eftir bankahrunið árið 2008 var málið tekið upp að nýju á þingi. Nýtt eftirlaunafrumvarp var svo samþykkt í desember sama ár og tóku lögin gildi 1. júlí 2009. Markmiðið með nýju lögunum var að færa lífeyriskjör ráðamanna nær því sem á við um almenning og koma þannig til móts við mikla gagnrýni sem hin lögin hlutu.

Tilvísanir

Tenglar 
 Davíð hringdi í Guðjón A. Kristjánsson og kynnti honum eftirlaunafrumvarpið; af Vb.is 
 Um eftirlaunafrumvarpið; af Eyjunni.is 

Íslensk stjórnmál
Þjóðfélagsleg hitamál á Íslandi",Hvenær var málið endurreist á Alþingi eftir fjármálakreppuna?,"{'answer_start': array([820], dtype=int64), 'text': array(['2008'], dtype=object)}"
https://is.wikipedia.org/wiki/Skriftabo%C3%B0%20%C3%9Eorl%C3%A1ks%20helga,Skriftaboð Þorláks helga,"Skriftaboð Þorláks helga var leiðarvísir skriftaföður eftir Þorlák Þórhallsson sem var ætlaðar til að leiðbeina prestum hvernig menn skyldu bæta fyrir ýmsar þær syndir sem menn játuðu í skriftarstól. Þorlákur Þórhallsson tók vígslu sem Skálholtsbiskup árið 1178 og er talinn hafa skrifað skriftaboðin snemma í biskupsdómi sínum.

Almennur hluti 
Skriftaboðin setja almennar reglur, einkum þessar: „Meira skal bjóða ávallt fyrir jafna synd auðgum en aumum, meira heilum en vanheilum, meira lærðum en ólærðum, meira meir vígðum en miður vígðum, meira sælum en vesælum, meira eldri en tvítugum en þeim er yngri eru.” Einnig er gert ráð fyrir meiri yfirbótum, ef brot eru framin á þeim tímum kirkjuársins, þegar sérstaklega á að hafa kristindóm hugfastan. Ástæða skiptir máli, hvort til dæmis er stolið fyrir illsku sakir eða vesældar. Einnig leiðrétting á broti, hvort þýfi er til dæmis skilað.

Sérstakur hluti 
Mestur hluti skriftaboðanna er upptalning á einstökum brotum og yfirbótum fyrir þau. Skírlífisbrot eru fyrirferðarmest. Þyngstar yfirbætur varða það, að fólk hafi átt mök við samkynja fólk og búfé. Ef skyldmenni hafa lagst hvort með öðru, er í alllöngu máli gerður greinarmunur á, hve náin þau eru, en allt eru þetta álitin alvarleg brot. „Fyrir það skal minnst bjóða [þ.e. sekta], sem misgert er vakandi manni, ef hann saurgast af blíðlæti við konu. Þetta er minnst sök. Meira ef hann saurgast af höndum sínum sjálfs.  Meira ef hann saurgast af tré boruðu. Mest af hann saurgast af annars karlmanns höndum“. Einnig er tekið á nokkrum annars konar brotum, til dæmis þetta:  Spúi einhver á páskum eða þá er hann hefur nýlega tekið Corpus Domini, þótt eigi sé á páskum, þá skal bjóða að fasta sex dægur eina, ef af ofáti einu saman þykir vera og engri annarri vanheilsu.

Biskups úrskurður 
Nokkur alvarlegustu brot skal prestur ekki útkljá í skriftum, heldur sjálfur biskupinn skriftir skepja: Ef maður misþyrmir móður sinni eða dóttur eða systur eða þeirri konu nokkurri, er nánari er en systrunga að frændsemi eða sé þvílík mein að sifjum, eða sé misþyrmt kirkju eða helgum stöðum, eða vekur maður kristnum mönnum heiftar blóð, eða misbýður nokkru mjög kennimönnum, eða bölvar maður föður sínum eða móður, eða móðir barni sínu, eða guðlastar maður, eða tekur maður nauðuga konu berlega, eða situr maður úti til fróðleiks, eða fremur maður galdra eða þá hluti nokkra, er magnaðir séu. Biskup áskildi sér einnig að fjalla um sum afglöp presta við messugerð.

Tegundir yfirbóta 
Yfirbætur fólust meðal annars í föstuhaldi, allt að áratug fyrir mestu brotin, því að halda sig frá altarissakramentinu, einnig allt að nokkrum árum, bænahaldi (fara til dæmis 50 sinnum með Faðirvorið), knébeðjaföllum (svo að bæði komi niður hné og olnbogar, ef fólk er heilbrigt), veita fátækum og slá sig jafnvel með píski eða belti.

Heimildir, ítarefni 
 Bogi Th. Melsteð: Íslendinga saga III, bls. 278-280, Kaupmannahöfn 1916-1930.
 Íslenzkt fornbréfasafn I, bls. 237-244, Kaupmannahöfn 1857-1876. Skoðað 1. september 2010 (pdf 64 MB).
 Magnús Stefánsson: „Kirkjuvald eflist”, Saga Íslands II, bls. 107, Reykjavík 1975.
 Sveinbjörn Rafnsson: „Skriftaboð Þorláks biskups”, Gripla V, bls. 77-114, Reykjavík 1982.

Lögfræði
Kristni",Hvaða tímabil er talið að Nýja testamentið hafi verið ritað?,"{'answer_start': array([301], dtype=int64), 'text': array(['snemma í biskupsdómi sínum'], dtype=object)}"
https://is.wikipedia.org/wiki/Burrhus%20Frederic%20Skinner,Burrhus Frederic Skinner,"Burrhus Frederic Skinner (20. mars 1904 — 18. ágúst 1990) var bandarískur sálfræðingur sem oft er talinn upphafsmaður róttækrar atferlishyggju. Kenningar hans höfðu mikil áhrif á sálfræði á 20. öld en voru mjög gagnrýndar fyrir miðja öld, meðal annars vegna þess að aðferðir hans þóttu ómannúðlegar, en mikilvægi hans hefur aukist á síðari tímum, til dæmis innan hugfræði.

Æviágrip 
Skinner fæddist í smábænum Susquehanna í Bandaríkjunum. Eftir að skólagöngu hans lauk ákvað Skinner að gerast rithöfundur en skrifaði lítið. Hann starfaði sem afgreiðslumaður í bókabúð þar sem hann komst m.a. í kynni við sálfræðikenningar Pavlovs og Watsons. 24 ára skráði hann sig í framhaldsnám í sálfræði við Harvard-háskóla. 

Skinner bjó til svokallað Skinnerbúr þar sem hann gat mælt viðbrögð rotta. Þar komst hann að því að hegðun rottanna stjórnaðist af afleiðingum sínum. Í framhaldinu setti Skinner fram kenninguna um virka skilyrðingu. Skinner fékk svo rannsóknarstyrk og gat þannig einbeitt sér að rannsóknum sínum. Þær birti hann árið 1938 í bók sinni Hegðun lífvera (en: The Behavior of Organisms). 

Þegar Skinner var 32 ára fékk hann starf sem kennari í Minnesota. Í Heimsstyrjöldinni síðari vann hann að rannsóknum á því hvernig ætti að fá dúfur til að stjórna flugskeytum. Þeim rannsóknum var hætt vegna þess að herinn fór að einbeita sér að ratsjám, en Skinner hélt þó áfram rannsóknum sínum á dúfum.

Árið 1948 var Skinner boðin staða við Harvard þar sem hann hélt fyrirlestra fyrir nýnema. Fyrirlestrarnir voru síðan gefnir út í bókinni Science and Human Behavior árið 1953. Af honum er sögð sú saga að dag einn árið 1953 hafi hann farið með dóttur sinni í skólann til að fylgjast með henni í stærðfræðitíma (það var feðradagur). Þar sá hann að aðferðir kennarans brutu í bága við nánast allar kenningar Skinners um árangursríkt nám. Í virkri skilyrðingu ræðst hegðunin af afleiðingum sínum. Umbuna verður fyrir rétta hegðun en hundsa ranga hegðun. Í skólanum voru viðbrögð við því sem nemendur gerðu aftur á móti handahófskennd, að mati Skinners. Sumir nemendur lærðu hratt og spændu í gegnum verkefni, sumir skildu lítið og gátu ekki leyst verkefnin. Þar sem kennarinn þurfti að hafa umsjón með tuttugu til þrjátíu nemendum gat hann ekki fylgt þeim öllum og nemendurnir fengu svörin seint, jafnvel ekki fyrr en næsta dag. 

Skinner hóf að einbeita sér að því hvernig menn læra og hvernig best væri að kenna þeim. Þremur árum síðar hafði hann búið til forrit þar sem verkefni voru bútuð niður eftir getu fólks og forritið líktist helst kennara sem hlýddi einum nemanda yfir í einu, sem virtist augljós framför frá þrjátíu manna bekk. Í byrjun voru gefnar vísbendingar sem smám saman fækkaði eftir því sem námsefnið þyngdist. Rannsóknir hans vöktu mikla athygli en vegna skorts á peningum, og sérstaklega vegna vanþróaðrar tölvutækni, náði það ekki mikilli útbreiðslu. Árið 1968, sama ár og Skinner gaf út bók um nám, var framleiðslu efnisins hætt.

Á síðari árum sneri Skinner sér að heimspekilegri vangaveltum og hann var virkur í ræðu og riti allt þar til hann lést. 

Áhrif Skinners voru mikil og hann er einn af frægustu sálfræðingum 20. aldar. Hann hafði mikil áhrif á sálfræðina og átti sinn þátt í að beina sjónum þeirra frá sálaraflskenningum og frá hinu dularfulla innra sálarlífi þess tíma og í átt að því mælanlega: Hegðun mannsins.

Skinner gagnrýndur 
Hugmyndir Skinners og annarra atferlissinna voru nær allsráðandi í sálfræði á fyrri hluta 20. aldar. Um miðbik aldarinnar fóru þó að heyrast gagnrýnisraddir. Málfræðingurinn Noam Chomsky er líklega einn þekktasti gagnrýnandi Skinners. Hann taldi að lögmál atferlissinna gætu ekki skýrt hvernig fólk lærði tungumál, og væru því ekki nægjanleg til að skýra allt mannlegt nám. Þessi atburður er oft talinn marka upphaf annarrar stefnu innan sálfræðinnar, hugfræðinnar.

Ritstörf 
 The Behavior of Organisms (1938)
 Walden Two (1948)
 Science and Human Behavior (1953)
 Verbal Behavior (1957)
 Beyond Freedom and Dignity (1971)

Tenglar 
 

Skinner, B.F.
Skinner, B.F.
Skinner, B.F.
Skinner, B.F.
Bandarískir húmanistar",Undir hvaða titli voru fyrirlestrar Skinners fyrir nýstúdenta gefnir út?,"{'answer_start': array([1542], dtype=int64), 'text': array(['Science and Human Behavior'], dtype=object)}"
https://is.wikipedia.org/wiki/%C3%8Dslenskt%20fornbr%C3%A9fasafn,Íslenskt fornbréfasafn,"Íslenskt fornbréfasafn – (latína: Diplomatarium Islandicum) – er heildarútgáfa á íslenskum fornbréfum og skjölum frá elstu tímum fram undir 1590. Meginhluti skjalanna er frá því eftir 1250. Komin eru út 16 bindi. Útgáfan er stafrétt og á því máli sem bréfin eru skrifuð á. Ítarlegar skrár fylgja hverju bindi, um mannanöfn, staðanöfn og atriðisorð. 

Fullur titill ritsins er: „Íslenzkt fornbréfasafn, sem hefir inni að halda bréf og gjörninga, dóma og máldaga og aðrar skrár, er snerta Ísland eða íslenzka menn.“ 

Hið íslenska bókmenntafélag gaf fornbréfasafnið út. Fyrsta bindið kom út 1857–1876 og 16. bindið 1952–1972. Fyrstu fjögur bindin og hluti af því fimmta voru gefin út í Kaupmannahöfn, en eftir það fluttist útgáfan til Reykjavíkur, eftir að útgáfu- og fræðastarfsemi þar var orðin öflugri.

Eftirtaldir aðilar hafa unnið að útgáfunni, en fleiri hafa komið að nafnaskrárgerð: 
 1. bindi: Jón Sigurðsson forseti.
 2.–11. bindi: Jón Þorkelsson forni, þjóðskjalavörður.
 12.–15. bindi: Páll Eggert Ólason sagnfræðingur, byggði að nokkru á vinnu Jóns Þorkelssonar.
 16. bindi: Björn Þorsteinsson sagnfræðingur.
Ákveðið var að gefa Bréfabók Guðbrands biskups út í sérstakri bók, og má líta á hana sem viðauka við Fornbréfasafnið:
 Bréfabók Guðbrands byskups Þorlákssonar, Rvík 1919–1942: Jón Þorkelsson og Páll Eggert Ólason sáu um útgáfuna.
Skjölunum er raðað í tímaröð innan hvers bindis, og því mynda hinar eldri bréfabækur ekki samfellda heild í útgáfunni. Einnig er nokkur skörun í tíma milli binda, þegar ný skjöl hafa komið í leitirnar. 
 
Málið á flestum skjölunum er íslenska. Ýmis bréf, einkum þau sem varða kirkjumál eða samskipti við önnur lönd, eru á latínu.

Í 16. bindinu, sem Björn Þorsteinsson sá um, eru nær eingöngu birt ensk (og þýsk) skjöl sem snerta sögu Íslands á 15. og 16. öld. Björn gaf einnig út ritið: Enskar heimildir um sögu Íslendinga á 15. og 16. öld, Hið íslenska bókmenntafélag, Rvík 1969, og má líta á það sem skýringarrit með 16. bindi Fornbréfasafnsins. 

Fornbréfasafnið eða Diplomatarium Islandicum (oft skammstafað DI) er ómissandi heimildasafn um sögu Íslands frá upphafi og fram yfir siðaskipti.

Heimildir 
 Íslenskt fornbréfasafn

Tenglar 
 Íslenskt fornbréfasafn - öll bindin á Bækur.is
Fyrstu ellefu bindin af Íslensku fornbréfasafni eru nú (2010) aðgengileg á vefsíðu Internet Archive:
 Íslenskt fornbréfasafn, 1. bindi. — Skjöl 834–1264.
 Íslenskt fornbréfasafn, 2. bindi. — Skjöl 1253–1350.
 Íslenskt fornbréfasafn, 3. bindi. — Skjöl 1269–1415.
 Íslenskt fornbréfasafn, 4. bindi. — Skjöl 1265–1449.
 Íslenskt fornbréfasafn, 5. bindi. — Skjöl 1330–1476.
 Íslenskt fornbréfasafn, 6. bindi. — Skjöl 1245–1491.
 Íslenskt fornbréfasafn, 7. bindi. — Skjöl 1170–1505.
 Íslenskt fornbréfasafn, 8. bindi. — Skjöl 1261–1521.
 Íslenskt fornbréfasafn, 9. bindi. — Skjöl 1262–1536.
 Íslenskt fornbréfasafn, 10. bindi. — Skjöl 1169–1542. Vantar titilblað, efnisyfirlit og nafna- og atriðisorðaskrár.
 Íslenskt fornbréfasafn, 11. bindi. — Skjöl 1310–1550. Vantar titilblað, efnisyfirlit og nafna- og atriðisorðaskrár.
 Íslenskt fornbréfasafn, 12. bindi. — Skjöl 1200–1554.
 Íslenskt fornbréfasafn, 13. bindi. — Skjöl 1555–1562.
 Íslenskt fornbréfasafn, 14. bindi. — Skjöl 1551–1567.
 Íslenskt fornbréfasafn, 15. bindi. — Skjöl 1567–1570.
 Íslenskt fornbréfasafn, 16. bindi. — Skjöl 1415–1589.

Tengt efni 
 Diplomatarium Norvegicum
 Lovsamling for Island

Sagnfræði
Saga Íslands",Í hvaða tungumáli eru meginhluti skjala Íslenska fornbréfasafnsins?,"{'answer_start': array([520], dtype=int64), 'text': array(['íslenska'], dtype=object)}"
https://is.wikipedia.org/wiki/J%C3%B3n%20Sigurbj%C3%B6rnsson%20-%20Fj%C3%B3rt%C3%A1n%20s%C3%B6ngl%C3%B6g%20eftir%20fj%C3%B3rt%C3%A1n%20%C3%ADslenska%20h%C3%B6funda,Jón Sigurbjörnsson - Fjórtán sönglög eftir fjórtán íslenska höfunda,"Jón Sigurbjörnsson - Fjórtán sönglög eftir fjórtán íslenska höfunda  er 33 snúninga LP hljómplata gefin út af SG - hljómplötum árið 1977. Á henni syngur Jón Sigurbjörnsson íslensk sönglög. Ólafur  Vignir  Albertsson píanóleikari annast undirleik.

Lagalisti
Sjá, dagar koma  - Lag - texti: Sigurður Þórðarson — Davíð Stefánsson
Útlaginn - Lag - texti: Knútur R. Magnússon — Davíð Stefánsson
Nirfillinn - Lag - texti: Karl O. Runólfsson — Davíð Stefánsson 
Sumargleði - Lag - texti: Þórarinn Guðmundsson — Gestur
Bikarinn - Lag - texti: Markús Kristjánsson — Jóhann Sigurjónsson
Sverrir konungur - Lag - texti: Sveinbjörn  Sveinbjörnsson — Grímur Thomsen 
Ásareiðin - Lag - texti: Sigvaldi Kaldalóns — Grímur Thomsen
Bára blá - Lag - texti: Íslenskt þjóðlag í útsetningu Jóns Ásgeirssonar — Magnús Grímsson
Hvítflibbaþræll - Lag - texti: Jón Ásgeirsson — Steinn Kristjánsson
Fögur sem forðum - Lag - texti: Árni Thorsteinsson — Guðmundur Guðmundsson
Kæra vor - Lag - texti: Björgvin Guðmundsson — Þorsteinn Erlingsson
Í dag  - Lag - texti: Sigfús Halldórsson — Sigurður Sigurðsson frá Arnarholti
Í fögrum dal - Lag - texti: Emil Thoroddsen — Jón Thoroddsen 
Norður við heimskaut - Lag - texti: Þórarinn Jónsson — Kristján Jónsson

Textabrot af bakhlið plötuumslags 
 

SG-hljómplötur
Hljómplötur gefnar út árið 1977",Hver er höfundur lagsins Bikarinn?,"{'answer_start': array([536], dtype=int64), 'text': array(['Markús Kristjánsson'], dtype=object)}"
https://is.wikipedia.org/wiki/Hry%C3%B0juverkin%207.%20j%C3%BAl%C3%AD%202005%20%C3%AD%20London,Hryðjuverkin 7. júlí 2005 í London,"Hryðjuverkin 7. júlí 2005 voru hryðjuverkaárásir, skipulagðar og framkvæmdar af Al-Kaída hryðjuverkasamtökunum, sem gerðar voru þriðjudaginn 7. júlí 2005 og beindust gegn Lundúnum á Bretlandi. Um háannatíma, klukkan 8:50, sprungu þrjár sprengjur á 50 sekúnda fresti í þremur lestum neðanjarðarlestakerfis Lundúnaborgar. Fjórða sprengjan sprakk klukkan 9:47 í strætisvagni í Tavistock Square. Í sprengingunum létu 50 manns lífið og fjórir hryðjuverkamenn og slasaðist 700 manns. Þær ollu truflunum í samgöngukerfið Lundúna og fjarskiptakerfið landsins. Þær varu stærstu og mannskæðustu hryðjuverk í sögu Lundúna.

Atburðir

Árásir á neðanjarðarlestakerfi Lundúnarborgar 

klukkan 8:50 — Þrjár sprengjur sprungu á 50 sekunda millibili:
 Fyrsta sprengjan sprakk á grunnlest sem stefndi austur á Circle-leið, númer 204, frá Liverpool Street til Aldgate. Átta mínútum síðar fór lest frá King’s Cross St. Pancras. Þegar sprengingin bar við var þriðji vagn lestarinnar 90 m frá Liverpool Street stöðinni. Brautin Hammersmith and City-leiðarinnar frá Liverpool Street til Aldgate voru bilaðar.
 Önnur sprengjan sprakk í öðrum vagni grunnlestar sem var að leið vestur á Circle-leið, númer 216. Lestin hafði naumlega farið frá brautarpalli 4 á Edgware Road og var að fara til Paddington. Átta mínútur síðar fór lestin úr King’s Cross St. Pancras. Það voru nokkrir aðrar lestir nálægt þegar sprengingin bar við. Lest var á Circle-leiðina sem var að stofna austur biluð næstum því lestin. Veggur hrundi í kjölfarið. Það voru tvær aðrar lestir á Edgware Road, óþekkt lest á brautarpall 2 og lest á Hammersmith and City-leiðina sem var að stofna austur og hafði naumlega var að koma á brautarpall 1.
 Þriðji sprengjan sprakk á djúp lest á Piccadilly-leiðina sem var að stofna suður, númer 311, sem var að ferðast frá King’s Cross St. Pancras til Russell Square. Sprengjan sprakk um það bil ein mínúta eftir lestin hafði farin úr stöðinni, þá lestin hafði farin 450 m. Sprengingin bar við á bakhluta fyrsta vagnsins lestar, sem orsakaði skaða á fyrsta vagn og einnig á annar vagn. Göngin voru bilaðar einnig.

Í byrjun fólk hélt að voru þær sex sprengingar í staðinn fyrir þrjár á neðanjarðalestarkerfi. Með sprengjan í strætisvagni, fréttir skýrðu frá sjö spregjum höfðu sprungnar. Hverning sem var villan leiðrétt samdægurs. Sætti þetta sprengingin bar við á milli stöðva, þess vegna voru sárt fólk að koma upp frá báðum stöðvum, sem gaf í skyn að þær voru atvik á hver stöð.

Árás í tvílyftum strætisvagni 
 klukkan 09:47 — Sprengingin bar við í Tavistock Square í númer 30 Dennis Trident 2 tvílyftum strætisvagni, skráningarnúmer LX03BUF, sem hafði verið í þjónustu þá yfir tvö ár, og var starfaður af Stagecoach London sem var á leiðinni frá Marble Arch til Hackney Wick.

Áðan strætisvagninn hafði farinn framhjá King’s Cross svæðið, sem hann fór frá Hackney Wick til Marble Arch. Á Marble Arch strætisvagninn snéri til að byrja að fara á leiðinni frá Marble Arch til Hackney Wick. Hann fór úr Hackney Wick klukkan 9:00 og kom á Euston strætisvagnsstöð klukkun 9:35 hvar margmenni voru að fara úr neðanjarðarlestakerfi og voru að ganga um borð strætisvagnar. Strætisvagninn beindi í aðra átt af lögreglum, að sögn því hafa verið vegir lokaðir í King’s Cross svæðinu. Fólk sem hafa verið flutt á brott frá neðanjarðarlestakerfinu voru að halda áfram til að ganga um borð strætisvagninn. Þegar sprengingin bar við strætisvagninn var að fara í gegnum Tavistock Square.

Sprengingin reif efsti hluta strætisvagns frá farartækinu og hún eyðilagði bakhluta strætisvagnsins. Fólkið sem var vitna um atvikinu sögðu „helmingur strætisvagns var að fljúga í loftinu“.

Sprengjan sprakk gerðist utan við bygginguna British Medical Association á Upper Woborn Place, og læknar í byggingunni gátu hjálpa þeim fólk sem voru slasað. BBC Radio 5 útvarpsstöð og The Sun dagblað skýrðu frá tveimur slösuðum farþegum sögði að þeir sáu mann sprakk í strætisvagni. Fréttir fundu mann með sprengjuna í strætisvagninum til að vera Hasib Hussain.

Hryðjuverk í Bretlandi
Al-Kaída",Hvaða dag áttu hryðjuverkaárásirnar 7. júlí 2005 sér stað?,"{'answer_start': array([128], dtype=int64), 'text': array(['þriðjudaginn 7. júlí 2005'], dtype=object)}"
https://is.wikipedia.org/wiki/Marinkjarni,Marinkjarni,"Marinkjarni (fræðiheiti Alaria esculenta) er brúnþörungur sem vex neðst í fjörum þar sem brims gætir. Hann er algengur á 5 m dýpi en hefur fundist allt niður í 20 m dýpi. Marinkjarni er brúnn á litinn. Stilkur marinkjarna er fremur stuttur en blaðið sem vex upp af stilkinum er 2 til 3 m langt með greinilegri miðtaug.

Nytjar
Marinkjarni er notaður í fóður og mat, til fjörubeitar og sem áburður og sem efni í hár- og húðvörur. Marinkjarni hefur  verið mikið nýttur á Íslandi. Úr honum voru bökuð kjarnabrauð. Marinkjarni er bragðgóður og næringarríkur, hann er náskyldur þaranum Undaria pinnatifida sem á japönsku heitir Wakame. Marinkjarni hefur því verið kallaður á ensku ""Atlantic Wakame"". Marinkjarni er næringarríkastur á vorin og í byrjun sumars. Marinkjarna má borða eins og snakk og bragði svipar til harðfisks. 

Marinkjarni er talinn henta í ræktun en frá fornu fari hefur honum verið safnað í fjörum. Aðeins er hægt að nálgast hann á stórstraumsfjöru. Marinkjarni er þurrkaður á ýmsan hátt svo sem með blæstri eða sólþurrkaður á snúrum. Hægt er að bleyta aftur upp þurrkaðan marinkjarna. Marinkjarna má frysta og hann geymist um 10 daga í ísskáp.

Heimildir
 fjaran og hafið (námsvefur Menntamálastofnun)
 Eydís Mary Jónsdóttir, Fjörunytjar á Suðurnesjum, Náttúrustofa Reykjaness 2011
 Helgi  Guðmundsson, Um slafak og marinkjarna, Fróðskaparrit - 18. nummar (01.01.1970)

Þari
Botnþörungar",Hver er mesta dýpt sem sjávargróður hefur fundist á?,"{'answer_start': array([160], dtype=int64), 'text': array(['20 m'], dtype=object)}"
https://is.wikipedia.org/wiki/Hinrik%203.%20Englandskonungur,Hinrik 3. Englandskonungur,"Hinrik 3. (1. október 1207 – 16. nóvember 1272) var konungur Englands í fimmtíu og sex ár á 13. öld, eða frá 1216 til dauðadags. Hann var fyrsti barnakonungur Englands síðan Aðalráður ráðlausi varð konungur 978.

Barnakonungur 
Hinrik fæddist í Winchester-kastala og var af samtíðarmönnum oftast kallaður Henry of Winchester. Hann var elsti sonur Jóhanns konungs landlausa og seinni konu hans, Ísabellu af Angoulême. Hann var krýndur þegar eftir dauða föður síns, níu ára gamall, en þar sem öll krúnudjásnin, þar á meðal konungskórónan, höfðu skömmu áður glatast var látið nægja að setja einfaldan gullbaug á höfuð hans og erkibiskupinn af Kantaraborg var ekki viðstaddur eins og venja var, þar sem hann hafði gengið í lið með Loðvík, krónprinsi Frakklands, sem hafði ráðist inn í England og unnið vænan hluta þess af Jóhanni landalausa. Hinrik var því krýndur öðru sinni 1220.

Fjöldi enskra aðalsmanna hafði snúist á sveif með Loðvík gegn Jóhanni, sem var mjög óvinsæll, en þegar hann var látinn vildu þeir flestir fremur styðja innlendan konung en erlendan og ríkisstjórar Hinriks hétu því þegar að stýra landinu í samræmi við Magna Carta, sem Jóhann hafði reynt að fella úr gildi. Leið því ekki á löngu uns Loðvík sá sitt óvænna og hvarf úr landi.

Simon de Montfort 

Ríkisstjórnartíð Hinriks var friðsöm framan af en þegar hann tók sjálfur við ríkisstjórnartaumunum leitaðist hann við að efla vald konungs gegn aðalsmönnum en þeir stóðu fastir á móti. Hann kvæntist franskri drottningu, Elinóru af Provence, og átti frönsk hálfsystkini. Margir franskir ættmenn þeirra hjóna og aðrir Frakkar komust til mikilla metorða við hirð hans. Þetta varð til þess að baka honum óvinsældir meðal enskra aðalsmanna. 

Helsti andstæðingur hans, Simon de Montfort, var raunar franskur sjálfur og hafði verið í hópi þeirra Frakka sem konungurinn hóf til metorða. Árið 1238 giftist hann Elinóru, systur Hinriks konungs, með samþykki konungs en þó leynilega. Elinóra hafði áður verið gift jarlinum af Pembroke en varð ekkja sextán ára að aldri og vann þá skírlífisheit, sem hún rauf með því að giftast de Montfort. Það vakti því ólgu þegar uppskátt varð um hjónabandið; erkibiskupinn af Kantaraborg fordæmdi það og Ríkharður jarl af Cornwall, bróðir Hinriks konungs og Elinóru, gerði uppreisn. Hinrik greiddi honum háa fjárhæð til að friður kæmist á en smátt og smátt varð ósætti með Hinrik og Simon og konungur sagði hann hafa dregið systur sína á tálar og þvingað sig til að samþykkja ráðahaginn.

Borgarastyrjöldin 

Simon de Montfort varð með tímanum leiðtogi þeirra aðalsmanna sem vildu reyna að draga úr valdabrölti Hinriks og festa Magna Carta í sessi. Deilan varð smátt og smátt harðari og árið 1263 hófst borgarastyrjöld. De Montfort og menn hans náðu fljótt mestöllu Suðaustur-Englandi á vald sitt og í orrustunni við Lewes, 14. maí 1264, voru Hinrik konungur og ríkisarfinn, Játvarður, handsamaðir og hafðir í stofufangelsi. Hinrik var áfram konungur en þó aðeins að nafninu til. 

Játvarður slapp nokkru síðar, safnaði saman liði konungssinna, stappaði stálinu í það og tókst að vinna sigur á de Montfort í orrustunni við Evesham 1265, þar sem de Montfort féll. Borgarastyrjöldinni lauk þó ekki endanlega fyrr en 1267

Trúrækni Hinriks 
Hinrik tók þá aftur við stjórn ríkisins. Hann var mjög trúrækinn og þegar hann var á ferðalögum gengu þau oft hægt því konungurinn vildi hlýða á messu oft á dag. Einhvern tíma þegar hann heimsótti Loðvík 9. Frakkakonung, mág sinn, þótti Loðvík honum sækjast ferðin svo hægt að hann lét reka alla presta burt frá leiðinni sem Hinrik fór. 

Hann hafði sérstakt dálæti á Játvarði góða Englandskonungi, sem var tekinn í helgra manna tölu 1161, og lét elsta son sinn heita eftir honum. Hann lét endurbyggja Westminster Abbey í gotneskum stíl, Játvarði helga til dýrðar. Hinrik var þekktur Gyðingahatari og fyrirskipaði að Gyðingar í Englandi skyldu bera sérstakt einkennismerki.

Hjónaband og börn 
Þann 14. janúar 1236 giftist Hinrik fegurðardísinni Elinóru af Provence, dóttur Ramón 4. Berenguer, greifa af Provence. Hún var mjög óvinsæl í Englandi þar sem hún flutti marga ættingja sína með sér til Englands og konungur var talinn hygla þeim óhóflega mikið. 

Þau áttu fjögur börn sem komust upp: Játvarð 1. Englandskonung, Margréti Skotadrottningu, konu Alexanders 3. Skotakonungs, Beatrice, konu Jóhanns 2. hertoga af Bretagne og Játmund krossbak, jarl af Lancaster.

Heimildir 
 

Plantagenetætt
Konungar Englands",Með hverjum gekk Hinrik 3. í hjónaband?,"{'answer_start': array([1493], dtype=int64), 'text': array(['Elinóru af Provence'], dtype=object)}"
https://is.wikipedia.org/wiki/Robert%20Hooke,Robert Hooke,"Robert Hooke (f. 18. júlí 1635, d. 3. mars 1703) var breskur eðlis- og efnafræðingur.

Faðir hans var John Hooke, umsjónamaður Allraheilagakirkju í Freshwater á Wighteyju. Robert átti þrjá bræður sem allir urðu að prestum. Er Robert sat við nám sitt fékk hann mikla höfuðverki og kom þetta í veg fyrir að hann gæti sótt nám með sama hætti og bræður hans. Foreldrar hans óttuðust að hann yrði ekki langlífur og leyfðu honum að haga námi sínu eftir eigin hentisemi. Átta ára gamall hélt hann til Christ Church við Oxford. Þar kynntist hann Robert Boyle. Árið 1662 var Hooke skipaður umsjónamaður tilrauna fyrir Hið Konunglega félag.

Meðal uppgötvanna Hookes var Lögmál Hookes um fjaðurmagn. Árið 1662 gaf Hooke út bókina Micrographia með skissum eftir hann af því sem hann hafði athugað með aðstoð smásjár. Bókin varð vinsæl og seldist vel frá byrjun. Í bókinni lýsir Hooke í fyrsta skiptið frumu og er enska heitið cell komið til vegna þess að honum þótti lögum og útlit frumunnar minna á herbergi munka í klaustrum, cellula. Sama ár og bók hans kom út tók hann stöðu prófessors í rúmfræði við Gresham-háskóla. Hooke var helsti aðstoðarmaður hins fræga arkitekts Christopher Wren og átti þátt í hönnun Monument, Hinnar konunglegu athugunarstöð við Greenwich, Bethlem-sjúkrahússins o.fl. Robert dó árið 1703, 68 ára að aldri.

Breskir eðlisfræðingar
Breskir efnafræðingar
Breskir arkitektar",Hvaða bók gaf Robert Hooke út árið 1662?,"{'answer_start': array([720], dtype=int64), 'text': array(['Micrographia'], dtype=object)}"
https://is.wikipedia.org/wiki/Norr%C3%A6na%20h%C3%BAsi%C3%B0,Norræna húsið,"Norræna húsið er stofnun hýst í samnefndu húsi í Vatnsmýrinni í Reykjavík, sem á að stuðla að samvinnu og efla tengsl Íslands og hinna Norðurlandanna. 

Byggingin var hönnuð af finnska arkitektinum Alvar Aalto, fullbyggð 1968 og opnuð almenningi þann 24. ágúst sama ár. Þar má finna bókasafn, veitingastaðinn AALTO Bistro og sali, sem leigðir eru til sýninga-, ráðstefnu- og fundahalda — auk ýmissa annara viðburða allan ársins hring. Húsið er opið alla daga vikunnar og almennt enginn aðgangseyrir að neinum viðburðum sem Norræna húsið sjálft stendur fyrir. Rekstur hússins er greiddur sameiginlega af Norrænu ráðherranefndinni.  

Norræna húsið er bæði bakhjarl og þátttakandi í helstu menningarviðburðum Íslands svo sem Kvikmyndahátíðinni í Reykjavík, Bókmenntahátíð Reykjavíkur, Iceland Airwaves, Listahátíð Reykjavíkur og Norræna tískutvíæringnum en Norræna húsið átti frumkvæðið að þeim viðburði. Fram að þessu hefur Norræna húsið einnig skipulagt og haft frumkvæði af margvíslegum menningarviðburðum og sýningum.

Bókasafn Norræna hússins er stærst sinnar tegundar á Norðurlöndum. Þar er að finna bækur og blöð á sjö norrænum málum: dönsku, finnsku, færeysku, grænlensku, norsku, samísku og sænsku. Þar er einnig hægt að fá lánaðar hljóðbækur og DVD-myndir og hlaða niður rafbókum í gegnum heimasíðu safnsins. Í safninu er einnig Artótek með grafíkmyndum eftir norræna listamenn, sem hægt er að fá að láni. Barnahellir í bókasafninu er sérsniðinn að þörfum yngri kynslóðarinnar og fjölskyldum þeirra.

Á fyrstu árum Norræna hússins voru kennslustundir í húsinu hjá nemendum við Háskóla Íslands sem lærðu norræn tungumál.

Forstjóri Norræna hússins síðan 2. janúar 2019 er Sabina Westeholm. 

Í kjölfar Alþingiskosninga vorið 2009 fóru viðræður um myndun ríkisstjórnar Samfylkingar og Vinstrihreyfingarinnar - græns framboðs fram í Norræna húsinu.

Tengt efni 
 Norðurlandahúsið í Færeyjum.
 Norræna ráðherranefndin
 Norræna stofnunin í Finnlandi
 Barna- og unglingabókmenntaverðlaun Norðurlandaráðs

Tengill 
 Heimasíða Norræna hússins 
 Heimasíða AALTO Bistro

Tilvísanir

Norðurlönd
Íslenskar ríkisstofnanir
Byggingar í Reykjavík
Norræna ráðherranefndin",Hvaða aðra hluti en bækur er hægt að fá að láni í bókasafninu?,"{'answer_start': array([1239], dtype=int64), 'text': array(['hljóðbækur og DVD-myndir'], dtype=object)}"
https://is.wikipedia.org/wiki/Tr%C3%B3p%C3%ADdeild%20karla%20%C3%AD%20knattspyrnu%201994,Trópídeild karla í knattspyrnu 1994,"Árið 1994 var Íslandsmótið í knattspyrnu haldið í 83. skipti. ÍA vann sinn 15. titil. Styrktaraðili mótsins var Trópí.

Lokastaða deildarinnar 

 Útskýringar: L = Leikir spilaðir, U = Leikir sigraðir, J = Leikir sem lauk með jafntefli, T = Tapaðir leikir, Sk = Mörk skorðuð, Fe = Mörk fengin á sig, Mm = Markamunur

Töfluyfirlit 

|}

Markahæstu menn 

Skoruð voru 267 mörk, eða 2,967 mörk að meðaltali í leik.

Félagabreytingar

Félagabreytingar í upphafi tímabils

Upp í Trópídeild karla 
  Breiðablik
  Stjarnan

Niður í 2. deild karla 
  Fylkir
  Víkingur

Félagabreytingar í lok tímabils

Upp í Trópídeild karla 
  Grindavík
  Leiftur

Niður í 2. deild karla 
  Stjarnan
  Þór

Úrslit deildarbikarsins 
 28. ágúst 1994
  KR 2 - 0 Grindavík 
 Dómari: Eyjólfur Ólafsson
 Áhorfendur: 5339
Markaskorarar: Rúnar Kristinsson '54, Einar Þór Daníelsson '73

Fróðleikur 
 Eiður Smári Guðjohnsen dvaldi í 9 daga hjá Barcelona og æfði þar frá 13. febrúar til 22. febrúar.
 Eiður Smári Guðjohnsen fór til PSV á reynslu í eina viku þann 28. ágúst 1994
 Undir lok tímabilsins hafði Birkir Kristinnsson markvörður ekki misst af leik, og leikið 180 leiki í röð frá 1984, með Fram og ÍA, án þessa að fá á sig spjald, en það eru 16 200 mínútur.
 Flest mörk í leik: 5 - Sumarliði Árnason ÍBV - Þór 6-1
 Tólf erlendir leikmenn léku í Trópídeild karla 1994, fjórum fleiri en árið áður. 6 komu frá Serbíu, 2 frá Bosníu og 1 frá Svartfjallalandi, Tékklandi, Slóvakíu og Skotlandi.
 Skorað var hjá Þórði Þórðarsyni, markmanni ÍA á 139 mínútna fresti á tímabilinu.
 KR vann sinn fyrsta bikar frá árinu 1968, sinn fyrsta í 26 ár, í knattspyrnu karla.

Tilvísanir

Heimild 
 http://www.rsssf.com/tablesi/ijshist.html
 http://www.rsssf.com/tablesi/ijstops.html
 http://www.rsssf.com/tablesi/ijs94.html
 Íslensk Knattspyrna '94, Víðir Sigurðsson, Útgáfa: Skjaldborg

Úrvalsdeildir karla í knattspyrnu á Íslandi",Hvar fór Íslandsmót karla í knattspyrnu fram árið 1994?,"{'answer_start': array([50], dtype=int64), 'text': array(['83.'], dtype=object)}"
https://is.wikipedia.org/wiki/Bad%20Teacher,Bad Teacher,"Bad Teacher er bandarísk gamanmynd frá árinu 2011. Myndin er leikstýrð af Jake Kasdan og handritið er skrifað af Lee Eisenberg og Gene Stupnitsky. Cameron Diaz, Justin Timberlake, og Jason Segel fara með aðalhlutverk í myndinni sem frumsýnd var þann 22. júní á Íslandi og þann 24. júní í Bandaríkjunum.

Söguþráður 
Elizabeth Halsey er kennari sem er bara alveg sama. Hún er orðljót, óforskömmuð og óviðeigandi fyrir allan peninginn. Á skólatíma bölvar hún á nemendu sína, dettur í það og reykir gras. Hún ætlar að giftast ríkum unnusta sínum en þegar hann lætur hana róa reynir hún að næla sér í nýja varakennarann við skólann, Scott Delacorte, sem er ríkur og myndalegur. Helstu keppinautar hennar eru annar kennari, Amy og hugmyndin um fyrrverandi kærustu Scott, sem var í meira lagi brjóstgóð. Hún telur sig líklegri til að vinna hylli Scott með því að fara í brjóstaaðgerð og til þess að afla fjár fyrir henni þarf hún, versti kennari skólans, að fá nemendur sína til að ná hæstu einkunnum í skólanum. Auk þess þarf hún að losna við óþolandi leikfimikennarann Russell sem er ástfanginn af henni, keppinautinn Amy, og sína eigin slæmu siði.

Leikendur 
 Cameron Diaz sem Elizabeth Halsey
 Justin Timberlake sem Scott Delacorte
 Jason Segel sem Russell Gettis
 Lucy Punch sem Amy Squirrell
 John Michael Higgins sem Wally Snur
 Molly Shannon sem Melody
 Eric Stonestreet sem Kirk
 Phyllis Smith sem Lynn Davies
 Thomas Lennon sem Carl Halabi
 Noah Munck sem Tristan
 Matthew J. Evans sem Garrett Tiara

Heimildir 

Kvikmyndir frumsýndar 2011
Bandarískar kvikmyndir",Hvaða hlutverk fer Scott Delacorte með í kvikmyndinni Bad Teacher?,"{'answer_start': array([161], dtype=int64), 'text': array(['Justin Timberlake'], dtype=object)}"
https://is.wikipedia.org/wiki/Listi%20yfir%20h%C3%A1sk%C3%B3la%20%C3%A1%20Bretlandi,Listi yfir háskóla á Bretlandi,"Þetta er listi yfir háskóla á Bretlandi.

Háskólinn í Aberdeen
Háskólinn í Abertay Dundee
Háskólinn í Aberystwyth
Anglia Ruskin-háskóli, Cambridge og Chelmsford
University of the Arts London
Camberwell College of Arts
Central Saint Martins College of Art and Design 
Chelsea College of Art and Design
London College of Communication 
London College of Fashion
Wimbledon College of Art
Aston-háskóli, Birmingham
Háskólinn í Bangor
Háskólinn í Bath
Bath Spa-háskóli
Háskólinn í Bedfordshire, Luton og Bedford
Háskólinn í Birmingham
Birmingham City-háskóli
Birmingham Conservatoire
Háskólinn í Bolton
Háskólinn í Bournemouth
Háskólinn í Bradford
Stjórnunarháskólinn í Bradford
Háskólinn í Brighton
Háskólinn í Bristol
Brunel-háskóli, Uxbridge og London
Háskólinn í Buckingham
Nýi háskólinn í Buckinghamshire, High Wycombe
Háskólinn í Cambridge
Canterbury Christ Church-háskóli, Canterbury, Thanet, Tunbridge Wells og Chatham
Háskólinn í Cardiff
Cardiff International Academy of Voice
Cardiff University School of Medicine
Háskólinn í Mið-Lancashire, Preston
Háskólinn í Chester, Chester og Warrington
Háskólinn í Chichester
City-háskólinn í London
Cass Business School
City Law School
Háskólinn í Coventry
Háskólinn í Cranfield, Cranfield, Shrivenham og Silsoe
University for the Creative Arts, Canterbury, Epsom, Farnham, Maidstone og Rochester
Háskólinn í Cumbria
De Montfort-háskóli, Leicester
Háskólinn í Derby
Háskólinn í Dundee
Háskólinn í Durham, Durham og Thornaby-on-Tees
Háskólinn í Austur-Anglíu, Norwich
Háskólinn í Austur-London
Edge Hill University, Ormskirk
Háskólinn í Edinborg
Moray House School of Education
Edinburgh Napier-háskóli
Háskólinn í Essex, Colchester og Southend-on-Sea
Háskólinn í Exeter
Camborne School of Mines
Háskólinn í Glamorgan, Cardiff, Trefforest og Glyntaff
Háskólinn í Glasgow
Glasgow Caledonian-háskóli
Háskólinn í Gloucestershire, Cheltenham, Gloucester og London
Háskólinn í Greenwich
Glyndŵr-háskóli, Wrexham
Heriot-Watt-háskóli, Edinborg og Galashiels
Háskólinn í Hertfordshire, Hatfield 
Háskólinn í Huddersfield, Huddersfield og Barnsley
Háskólinn í Hull, Hull og Scarborough
Hull York Medical School (HYMS)
Imperial College London
Imperial College í Wye
Royal School of Mines
Keele-háskóli
Háskólinn í Kent, Canterbury og Medway
Kingston-háskóli
Velski háskólinn í Lampeter
Háskólinn í Lancaster 
Háskólinn í Leeds
Leeds Trinity & All Saints
Leeds Metropolitan-háskóli
Háskólinn í Leicester
Háskólinn í Lincoln, Lincoln, Hull, Riseholme og Holbeach
Háskólinn í Liverpool
Liverpool School of Tropical Medicine
Liverpool Hope University
Liverpool John Moores University
Háskólinn í London
Birkbeck, University of London
Central School of Speech and Drama
Courtauld Institute of Art
Goldsmiths, University of London
Heythrop College
Institute of Cancer Research
Institute of Education
King's College London
Institute of Psychiatry (IOP)
London Business School 
London School of Economics and Political Science (LSE)
London School of Hygiene and Tropical Medicine 
Queen Mary, University of London
Royal Academy of Music
Royal Holloway, University of London, Egham
Royal Veterinary College
St George's, University of London
School of Advanced Study
Institute for the Study of the Americas
Institute of Advanced Legal Studies
Institute of Classical Studies
Institute of Commonwealth Studies
Institute of English Studies
Institute of Germanic & Romance Studies
Institute of Historical Research
Institute of Musical Research
Institute of Philosophy
Warburg Institute
School of Oriental and African Studies (SOAS)
School of Pharmacy, University of London
University College London (UCL)
Eastman Dental Institute
Institute of Archaeology
Institute of Child Health
Institute of Neurology
School of Slavonic and East European Studies (SSEES)
University Marine Biological Station, Millport
London Metropolitan-háskóli
London South Bank-háskóli
Háskólinn í Loughborough
Háskólinn í Manchester
Viðskiptaháskólinn í Manchester
Manchester Metropolitan-háskóli
Middlesex-háskóli, London
Háskólinn í Newcastle
Velski háskólinn í Newport
Háskólinn í Northampton
Northumbria-háskóli, Newcastle-upon-Tyne
Háskólinn í Nottingham
Nottingham Trent University
Open University, Milton Keynes
Háskólinn í Oxford
Oxford Brookes-háskóli
Peninsula College of Medicine and Dentistry
Háskólinn í Plymouth
Háskólinn í Portsmouth
Queen's University Belfast
Belfast Bible College
Queen Margaret University, Edinborg
Háskólinn í Reading
Henley Business School
Robert Gordon-háskóli, Aberdeen
Roehampton-háskóli, London
Royal College of Art, London
St Andrews-háskóli
Háskólinn í Salford
Schiller International University, London
Háskólinn í Sheffield
Sheffield Hallam-háskóli
Háskólinn í Southampton
Southampton Solent-háskóli
Háskólinn í Staffordshire, Stoke-on-Trent, Stafford og Lichfield
Stirling-háskóli, Bridge of Allan
Háskólinn í Strathclyde, Glasgow
Háskólinn í Sunderland
Háskólinn í Surrey, Guildford
Háskólinn í Sussex, Falmer og Brighton
Swansea Metropolitan University
Háskólinn í Swansea
Háskólinn í Teesside, Middlesbrough
Thames Valley-háskóli, Ealing, Slough og Reading
Tónlistarháskólinn í London
Ulster-háskóli, Coleraine, Jordanstown, Magee og Belfast
Velski háskólinn
University of Wales Institute, Cardiff (UWIC)
Warwick-háskóli, Coventry
Háskólinn í Westminster, London
Háskólinn í Vestur-Englandi, Bristol
Háskólinn í Vestur-Skotlandi, Ayr, Hamilton, Dumfries og Paisley
Háskólinn í Winchester
Háskólinn í Wolverhampton
Háskólinn í Worcester
Háskólinn í York
York St John-háskóli

Háskólar á Bretlandi",Í hvaða borg er Háskóli Vestur-Skotlands staðsettur?,"{'answer_start': array([5372], dtype=int64), 'text': array(['Ayr, Hamilton, Dumfries og Paisley'], dtype=object)}"
https://is.wikipedia.org/wiki/%C3%9Allen%20d%C3%BAllen%20doff,Úllen dúllen doff,"Úllen dúllen doff er ein vinsælasta úrtalningarromsa sem börn nota á Íslandi og hefur hún verið það lengi. Eitt algengasta form romsunnar er
Úllen dúllen doff
kikke lane koff
koffe lane bikke bane
úllen dúllen doff.
Einnig er til útgáfan
Úllen dúllen doff
kikki lani koff
koffi bani kikki lani (bikki bani)
úllen dúllen doff
og
Úllen dúllen dú
koffe ralle kú
koffe ralle búkke balle
úllen dúllen dú.

Þessi íslenska romsa hefur þá sérstöðu að ekki er talið úr með því að benda heldur kreppa allir hnefana og rétta fram hendurnar. Viðkomandi sem telur úr slær með krepptum hnefanum á alla hnefana um leið og hann fer með romsuna, og sá hnefi sem hann slær á síðast er lagður fyrir aftan bak. Svona er haldið áfram þangað til aðeins einn hnefi er eftir.

Saga
Þessi romsa kom snemma til Íslands, en í handriti sem talið er hafa verið skrifað í kringum 1860 eftir Brynjólf Jónsson er minnst á svipaða romsu:

Á öðrum tungumálum
Hið íslenska afbrigði er vafalaust komið frá Norðurlöndunum. Í dönsku bókinni Anna Erslevs Legebog frá árinu 1904 er romsan:
 Ullen dullen dof
 fingen fangen fof
 fof for alle Mærkepanden
 E B ba buf.

Í norsku bókinn Gøy i barneselskap frá árinu 1964 stendur:
 Ole dole doff
 kinkliane koff
 koffliane birkebane
 Ole dole doff.

Í sænsku bókinni Svenska folklekar och danser (Tillhagen og Dencker) er romsan mjög lík okkar:
 Ole dole doff
 kinke lane koff
 koffe lane binke bane
 ole dole doff.

Höfundar bókarinnar Svenska folklekar och danser segja að þessi romsa sé einnig þekkt í Þýskalandi og að orðin hafi líklega afbakast af latnesku töluorðunum unum sem merkir „einn“, duo sem merkir „tveir“, og quinque sem merkir „fimm“. Orðið unum á þá að hafa orðið að „úllen“, duo að „dúllen“ og quinque að „kikke“. Þetta getur verið rétt þótt undarlegt megi þá teljast að sleppt hafi verið „þremur“ og „fjórum“ eða tres og quattuor en í stað þeirra komi orðið „doff“.

Fróðleiksmolar
 Ole, Dole og Doffen eru nöfn Ripp, Rapp og Rupp, frændum Andrésar andar á norsku.

Sjá einnig
Atti katti nóa

Heimildir

Ytri tenglar

Íslenskar romsur
Romsur","Hvernig heita Rippur, Rappur og Ruppur á norsku?","{'answer_start': array([1908], dtype=int64), 'text': array(['Ole, Dole og Doffen'], dtype=object)}"
https://is.wikipedia.org/wiki/George%20R.R.%20Martin,George R.R. Martin,"George Raymond Richard Martin, fæddur George Raymond Martin (20. september, 1948) er bandarískur rithöfundur best þekktur fyrir bókaflokk sinn Söngur um ís og eld sem bandaríska kapalsjónvarpsstöðin HBO byggði síðar sjónvarpsþættina Game of Thrones á.

Uppvaxtarár
George R.R. Martin fæddist í Bayonne í fylkinu New Jersey. Faðir hans var hafnarverkamaður.  Fjölskylda móður hans hafði verið vel stæð en missti auð sinn í Heimskreppunni. Hann var minntur á missi ættarauðsins á hverjum degi þegar hann fór framhjá húsi og bryggju sem hafði einu sinni  verið í eigu fjölskyldu hans. Honum fannst að þó foreldrar hans væru fátækir þá væri uppruni þeirra tign og göfgi sem þau hefðu verði svipt.  George átti tvær systur Darleen og Janet. Móðir hans var að hálfu af írskum ættum en hann var einnig af frönskum, enskum welskum og þýskum ættum. Hann taldi sig einnig að fjórðungi af ítölskum ættum en DNA próf sýndi  ekki ítalskar rætur  heldur að hann var sennilega að fjórðungi Ashkenazi gyðingur.

Bandarískir rithöfundar",Hverjar voru skoðanir George R.R. Martin á ætterni sína?,"{'answer_start': array([652], dtype=int64), 'text': array(['tign og göfgi'], dtype=object)}"
https://is.wikipedia.org/wiki/Lordi,Lordi,"Lordi er finnsk þungarokkshljómsveit sem sigraði í söngvakeppni evrópskra sjónvarpsstöðva árið 2006. Sveitin er þekkt fyrir að koma ávallt fram í skrímslabúningum, raunar neita þeir alfarið að láta taka af sér myndir eða fara í viðtöl án búninganna. Nafnið er samsvarandi enska orðinu „lord“ sem getur þýtt ýmislegt í íslensku.

Sveitin hefur verið starfandi síðan 1992 en gaf út sína fyrstu plötu 2002. 2006 tók hún svo þátt í undankeppni Eurovision í Finnlandi með lagi „Hard Rock Hallelujah“ sem hún sigraði með nokkrum yfirburðum. Hljómsveitin var þó nokkuð umdeild sem framlag Finna í aðalkeppninni í Aþenu bæði í Finnlandi sem og annars staðar í Evrópu, t.d. neitaði Kýpur að spila myndbandið við lag þeirra. Sveitin hefur verið sökuð um djöfladýrkun en herra Lordi, söngvari hennar, hefur vísað því á bug enda hefur hún m.a. sent frá sér lög eins og „The Devil is a Loser“ (djöfullinn er aumingi). Lordi vann þó keppnina með 292 stigum, 44 fleiri en lagið sem var í öðru sæti, og mesta stigafjölda sem hefur sést í keppninni frá upphafi. Þetta var einnig fyrsti sigur Finnlands í Eurovision sem aldrei hafði lent í hærra sæti en því sjöunda.

Meðlimir

Núverandi 
 Mr. Lordi (Tomi Putaansuu) - söngur (1996-)
 Amen (Jussi Sydänmaa) - gítar (1996-)
 Hiisi - bassi (2019-) 
 Mana - trommur (2012-) 
 Hella - hljómborð (2012-)

Fyrrverandi 
 G-stealer (Sami Keinänen) - bassi (1996-1999)
 Magnum (Sami Wolking) - bassi (1999-2002)
 Kalma (Niko Hurme) - bassi (2002-2005)
 Enary (Erna Siikavirta) - hljómborð (1996-2005)
 Kita (Sampsa Astala) - trommur (2000-2010)
 Otus (Tonmi Lillman)- trommur (2010-2012)
 Awa (Leena Peisa) - hljómborð (2005-2012) 
 OX (Samer el Nahhal) - bassi (2005-2019)

Útgefið

Plötur 
 Bend Over And Pray The Lord (1997) (Ekki Seld)
 Get Heavy (2002)
 The Monsterican Dream (2004)
 The Monster Show (samblanda af Get Heavy & Monsterican Dream sem seld var í Bretlandi) (2005)
 The Arockalypse (2006)
 Deadache (2008)
 Zombilation (2009)
 Babez For Breakfast (2010)
 Scarchives Vol. 1 (2012)
 To Beast or Not To Beast (2013)
 Scare Force One (2014)
 Monstereophonic – Theaterror vs. Demonarchy (2016)
 Sexorcism (2018)
 Killection (2020)
 Lordiversity (2021)

 Smáskífur 
 Would You Love a Monsterman? (2002)
 Devil is a Loser (2003)
 Blood Red Sandman (2004)
 My Heaven is Your Hell (2004)
 Hard Rock Hallelujah (2006)
 It Snows In Hell (2006)
 Whos Your Daddy? (2006)
 They Only Come Out At Night (2007)
 Beast Loose In Paradise (2008)
 Bite It Like a Bulldog (2008)
 Deadache (2008)
 This Is Heavy Metal (2010)
 Rock Police (2010)
 The Riff (2013)
 Hug You Hardcore (2016)
 Your Tongue’s Got the Cat (2018)
 Naked in My Cellar (2018)
 Shake the Baby Silent (2019)
 I Dug a Hole in the Yard for You (2019)
 Like A Bee To The Honey (2020)
 Believe Me (2021)

Tónlistarmynbönd 
 Devil is a Loser
 Would You Love a Monsterman?
 Blood Red Sandman
 Hard Rock Hallelujah
 It Snows In Hell
 Whos Your Daddy
 Would You Love a Monsterman 2006 version
 Bite It Like a Bulldog
 This Is Heavy Metal
 The Riff
 Scare Force One
 Hug You Hardcore	
 Naked in My Cellar
 I Dug a Hole in the Yard for You
 Believe Me

Tenglar 

lordi.fi 

Finnskar þungarokkshljómsveitir
Þátttakendur í söngvakeppni evrópskra sjónvarpsstöðva",Hver sér um bassaleik í hljómsveitinni Lordi?,"{'answer_start': array([1256], dtype=int64), 'text': array(['Hiisi'], dtype=object)}"
https://is.wikipedia.org/wiki/6.%20n%C3%B3vember,6. nóvember,"6. nóvember er 310. dagur ársins (311. á hlaupári) samkvæmt gregoríska tímatalinu. 55 dagar eru eftir af árinu.

Atburðir 
 1362 - Guglielmo de Grimoard varð Úrbanus 5. páfi.
 1632 - Svíar sigruðu her keisarans í orrustunni við Lützen en konungur þeirra Gústaf 2. Adolf féll.
 1796 - Dómkirkjan í Reykjavík vígð. Hún var 8 ár í byggingu og var síðan endurbyggð 1848 og endurbætur gerðar 1879.
 1796 (gamli stíll, 17. nóvember samkvæmt gregorísku tímatali) - Katrín mikla Rússakeisaraynja dó og Páll 1. sonur hennar varð keisari.
 1816 - James Monroe vann sigur á Rufus King í forsetakosningum í Bandaríkjunum.
 1860 - Abraham Lincoln var kjörinn Bandaríkjaforseti.
 1864 - Bókasafn Akraness var stofnað.
 1918 - Talið var að þriðjungur Reykvíkinga hefði veikst af spænsku veikinni.
 1920 - Hríseyjarviti tekinn í notkun.
 1921 - Átta aldir voru liðnar frá andláti Jóns Ögmundssonar, fyrsta biskups á Hólum. Var þess minnst með minningarhátíð í Landakotskirkju.
 1943 - Í tímaritinu Genetics birtist grein eftir Salvador Luria og Max Delbrück þar sem þeir greina frá tilraun sinni og sýna fram á að stökkbreytingar eru slembiháðar, en koma ekki til vegna aðlögunar.
 1954 - Veitingahúsið Naustið opnað í Reykjavík. Naustið var fyrst veitingahúsa til að bjóða upp á Þorramat á Þorranum.
 1975 - Sex Pistols léku á sínum fyrstu tónleikum í menntaskóla í London.
 1975 - Græna gangan: 300.000 sjálfboðaliðar gengu frá Marokkó til Vestur-Sahara til stuðnings við tilkall Marokkó til þessarar fyrrum nýlendu Spánar.
 1983 - Þorsteinn Pálsson var kjörinn formaður Sjálfstæðisflokksins næstur á eftir Geir Hallgrímssyni, en hann gaf ekki kost á sér áfram.
 1984 - Ronald Reagan sigraði Walter Mondale með yfirburðum í forsetakosningunum í Bandaríkjunum.
 1985 - Íran-kontrahneykslið: Bandarískir fjölmiðlar sögðu frá því að Ronald Reagan hefði samþykkt vopnasendingu til Írans.
 1986 - Mesta þyrluslys sögunnar varð þegar Boeing 234LR Chinook-þyrla brotlenti austan við Sumburgh-flugvöll í Bretlandi og 45 fórust. 
 1989 - Fyrsti fundurinn í Efnahagssamstarfi Asíu- og Kyrrahafsríkjanna var haldinn í Ástralíu.
 1990 - Nawaz Sharif tók við embætti sem forsætisráðherra Pakistan.
 1994 - Tugir fórust í flóðum í Piemonte á Ítalíu.
 1995 - Fyrsta skjákortið frá 3dfx Interactive var kynnt á ráðstefnunni COMDEX.
 1997 - Svartbók kommúnismans kom út í Frakklandi.
 2003 - Fyrsta útgáfa Linuxdreifingarinnar Fedora kom út.
 2007 - 50 létust í sjálfsmorðssprengjuárás í Mazar-i-Sharif í Afganistan, þar á meðal 6 þingmenn.
 2008 - Jigme Khesar Namgyal Wangchuk var krýndur konungur Bútan.
 2010 - Þjóðfundur um stjórnarskrá á Íslandi 2010 hófst.
 2016 - Orrustan um Raqqa í Norður-Sýrlandi hófst.
 2018 - Þingkosningar voru haldnar í Bandaríkjunum. Repúblikanar juku við meirihluta sinn á öldungadeildinni en Demókratar unnu meirihluta í fulltrúadeildinni.

Fædd 
 15 eða 16 - Agrippina yngri, rómversk aðalskona (d. 59).
 1479 - Jóhanna Kastilíudrottning (Jóhanna vitskerta) (d. 1555).
 1494 - Súleiman mikli, soldán Ottómanaveldisins (d. 1566).
 1661 - Karl 2. Spánarkonungur (d. 1700).
 1665 - Jón Halldórsson í Hítardal, íslenskur sagnaritari (d. 1736).
 1862 - Dr. Jón Stefánsson, íslenskur fræðimaður (d. 1952).
 1876 - Þorkell Þorkelsson, íslenskur eðlisfræðingur (d. 1961).
 1908 - Teizo Takeuchi, japanskur knattspyrnumaður (d. 1946).
 1938 - Seishiro Shimatani, japanskur knattspyrnumaður (d. 2001).
 1943 - Einar Bollason, íslenskur körfuboltaþjálfari.
 1946 - Katrín Fjeldsted, íslenskur stjórnmálamaður og læknir.
 1949 - Ariel Henry, haítískur stjórnmálamaður og læknir.
 1954 - Mango, ítalskur söngvari (d. 2014).
 1961 - Daníel Smári Guðmundsson, íslenskur hlaupasérfræðingur og hlaupaþjálfari.
 1970 - Ethan Hawke, bandarískur leikari.
 1979 - Ingibjörg Dögg Kjartansdóttir, íslenskur blaðamaður.
 1988 - Thomas Neuwirth, öðru nafni Conchita Wurst, austurrískur söngvari og dragdrottning.

Dáin 
 1121 - Jón Ögmundsson, fyrsti biskup á Hólum í Hjaltadal.
 1406 - Innósentíus 7. páfi (f. um 1336).
 1632 - Gústaf 2. Adolf Svíakonungur (f. 1594).
 1650 - Vilhjálmur 2. Óraníufursti (f. 1626).
 1656 - Jóhann 4. Portúgalskonungur (f. 1603).
 1672 - Heinrich Schütz, þýskt tónskáld (f. 1585).
 1836 - Karl 10. Frakkakonungur (f. 1757).
 1893 - Pjotr Iljitsj Tsjaíkovskíj, rússneskt tónskáld (f. 1840).
 1940 - Bjarni Sæmundsson, íslenskur náttúrufræðingur (f. 1867).
 1982 - Shiro Teshima, japanskur knattspyrnumaður (f. 1907).
 1989 - Margarete Buber-Neumann, þýskur kommúnisti (f. 1901).
 1993 - Joseph Serchuk, pólskur gyðingur (f. 1919).
 1998 - Niklas Luhmann, þýskur félagsfræðingur  (f. 1927).
 2007 - Guðmundur Jónsson, íslenskur söngvari (f. 1920).

Nóvember",Hvaða ár fæddist sultaninn Súleiman?,"{'answer_start': array([2975], dtype=int64), 'text': array(['1494'], dtype=object)}"
https://is.wikipedia.org/wiki/Atari,Atari,"Atari Inc var bandarískt fyrirtæki stofnað af Nolan Bushnell og Ted Dabney 27 júní 1972 og var það einn af fyrstu framleiðendum leikjatölva í heiminum. Nolan Bushnell seldi fyrirtækið til Warner Communications árið 1976. Árið 1984 var hugbúnaðar og spilakassadeildir fyrirtækisins teknar út og stofnað nýtt fyrirtæki í kring um þær kallað Atari Games sem var selt til Namco ári seinna. Aðalreksturinn var hinnsvegar seldur Idek Tramielski (eða Jack Tramiel) að mestu leiti og var fyrirtækið endurnefnt Atari Corp. Atari Corp var lagt niður 1996 og eignir fyrirtækisins teknar yfir af JTS. Hasbro Interactive keypti síðan vörumerkið af JTS árið 1998. Árið 2001 eignaðist Infogrames að lokum vörumerkið þegar það tók yfir eignir Hasbro Interactive. Infogrames tilkynnti svo í maí 2009 að nafni Infogames yrði breytt og hér eftir kallast Atari SA.

Leikjatölvur

Leikjatölvur

ATARI Pong  (1975-1977) 

Pong kom á markaðinn árið 1975 og var heimilisúgáfa af Pong spilakassanum sem Atari gaf út árið 1972. Var Pong fyrsta sérhæfða leikjavélin fyrir heimili sem Atari gaf út en tækið var tengt við venjuleg sjónvörp. Við hönnun á vélinni var notast við nafnið ""Darlene"" en slíkar nafnagiftir áttu eftir að verða notaðar á margar vélar sem Atari gerði. Fyrsta árið sem vélin var í sölu var hún aðeins fáanleg undir nafninu Tele-Games Pong og var seld í verslunum Sears í Bandaríkjunum. Mörg af þeim fyrirtækjum sem seinna meir áttu eftir að verða stór nöfn sáu hve vélin seldist vel og settu á markaðinn vélar sem svipaði til Pong, en þar má nefna fyrirtæki eins og Konami, sem gaf út sinn fyrsta leik sem kallaðist Maze. Nintendo gerðu einnig sína eigin útgáfu af Pong fyrir heimamarkaðinn. Atari átti eftir að gefa út nokkrar útgáfur af Pong næstu árin, svo sem Pong Doubles og Super Pong sem báðar komu út árið 1976. Árið 1977 komu svo Super Pong Pro-Am, Super Pong Pro-Am Ten, Ultra Pong og Ultra Pong Doubles. Leikurinn Pong var hannaður af Allan Alcorn og heimilisútgáfan var hönnuð af Allan Alcorn og Harold Lee.

ATARI Stunt Cycle  (1977) 
Atari gaf út Stunt Cycle á sama tíma og Evel Knievel faraldur gekk yfir Bandaríkin, en var leikurinn fyrst gefinn út í spilakassa. Einnig var gerð sérhæfð heimilisútgáfa af Stunt Cycle og innihélt hún fjórar mismunandi útgáfur af leiknum, en þær voru Stunt Cycle, Motocross, Enduro og DragRace. Í leiknum var spilendum gert kleypt að framkvæma sín eigin áhættustökk. Lengi stóð til að gera útgáfu af leiknum fyrir Atari 2600 leikjatölvuna, en var hann aldrei kláraður. Leikurinn var hannaður að Bob Polari.

ATARI Video Pinball  (1977-1978) 
Atati gaf einnig út sérhæfða leikjavél fyrir Video Pinball árið 1977 en vélinni var fyrst og fremst ætlað að selja hinn vinsæla Breakout leik inn á heimili. Í vélinni voru í raun þrír mismunandi leikir sem voru Video Pinball í fjórum mismunandi útgáfum, ásamt Baskeball, og svo hinum fornfræga Breakout í tveimur útgáfum, hinum seinni kallaður Break Away. Vélin var fáanleg í þrem mismunandi útgafum sem voru allar eins, fyrir utan útlitið. Fyrsta vélin var fáanleg svört með viðarlit, en seinna kom svo út önnur útgáfa með rjómahvítum lit. Þriðja útgáfan var svo seld í Sears og kallaðist Sears Pinball Breakaway. Video Pinball leikirnir áttu seinna meir eftir að vera fáanlegir á Atari 2600.

ATARI VCS 2600  (1977-1992) 

Atari VCS eins og hún hét upprunalega en er betur þekkt í dag sem Atari 2600, var raunverulega fyrsta leikjatölvan sem Atari markaðsetti sem var ekki sérhæfð leikjatölva. Við þróun vélarinnar var vélin kölluð ""Stella"". Atari 2600 gat spilað mismunandi leiki með því að skipta út leikjum á þar tilgerðum leikjakubbum, sem innihéldu leikina. Fram til ársins 1975 hafði það reynst þrautinni þyngra, en með tilkomu MOS 6502 örgjörvans árið 1975 breytist það. Strax árið 1975 hóf Atari þróun á vélinnni og kom hún út í takmörkuðu upplagi sumarið 1977. Það var svo loks haustið 1977 sem vélin var gefin út á heimsvísu. Vélin seldist þó ekki í takt við vonir Atari til að byrja með og var það í raun ekki fyrr en Atari gerði samning við Namco um útgáfu af Space Invaders fyrir vélina sem salan hófst fyrir alvöru. Atari tók þá ákvörðun í framhaldi að tryggja það að leikir sem voru vinsælir í  spilakössum skildu koma út fyrir vélina. Atari 2600 átti eftir að koma út í þó nokkrum útgáfum á líftíma sínum en vélin var framleidd í einu eða öðru formi allt fram til ársins 1992, en vel rúmlega 30 milljón eintök hafa selst af vélinni. Eldri eintök af vélunum eru alltaf þekkjanlegar vegna viðarlits framan á vélunum, en endurhannaðar seinni útgáfur af vélinni er oftast þekktar undir nafninu Atari 2600 Jr.

ATARI Touch Me (1978) 
Atari Touch Me er lítil leikjavél og sú fyrsta sem Atari framleiddi sem hægt var að halda á og ferðast með. Vélin er hönnuð eftir spilakassa sem Atari gaf upprunlega út árið 1974. Auðveldast er að lýsa vélinni sem ""Simon Says"" leikjatölvu þar sem fjórir mismunandi litaðir takkar lýsast upp og spila hver sinn tón í ákveðinni röð sem síðan þarf að herma eftir. Í hvert skipti sem röð er kláruð bætist við nýr tónn í röðina. Leiknum lýkur svo þegar spilarinn gerir mistök eða klárar tónaröðina.

ATARI 5200 SuperSystem  (1982-1984) 

Atari 5200 kom út árið 1982 og var henni ætlað að taka við af hinni vinsælu Atari 2600. Upprunlega höfðu Atari 400 og Atari 800 tölvurnar sem komu út árið 1979 verið þróaðar sem arftaki af Atari 2600, en þeim var á endanum breytt í heimilistölvur þar sem Atari ákvað að keppa á þeim markaði í ljósi vindsælda heimilitölva svo sem Commodore Pet, Apple 2 og Tandy TRS80. Atari tók þó seinna þá ákvörðun að gefa út nýja leikjatölvu og var hún hönnuð með svipuðu innvolsi og heimilistölvurnar og hlaut hún  nafnið ""Pam"" í þróunarferlinu. Atari 5200 var þó ekki samhæfð við heimilistölvurnar og virkuðu leikir framleiddir fyrir Atari 400/800 ekki fyrir Atari 5200. Vélin var heldur ekki samhæfð við Atari 2600 leiki og leiddi til þess að ný úgáfa af vélinni kom út, en sú útgáfa af vélinni gat spilað Atari 2600 ef notast var við millistykki sem Atari gaf út, þekkt sem Atari VCS Cartridge Adaptor. Leikjaúrval vélarinnar að miklu leiti sömu leikirnir og fyrir hina eldri Atari 2600, nema með uppfærði grafík og hljóði, en margir leikjanna voru orðnir gamlir og ekki lengur eins vinsælir og þeir höfðu áður verið. Atari ákvað árið 1984 að hætta framleiðslu á vélinni og þess í stað einblína á gerð nýrrar leikjatölvu sem þegar var í þróunn, og leiðrétta þannig þau mistök sem voru gerð við hönnun á Atari 5200. Atari 5200 seldist aðeins í um milljón eintökum og var hún aldrei markaðsett fyrir utan Bandaríkin. Árið 1983 og 1984 varð algert hrun í sölu á leikjum og leikjavélum í Bandaríkjunum og hefur Atari 5200 ávallt verið talin eitt helsta fórnarlamb hrunsins.

ATARI 7800 ProSystem  (1986-1992) 

Atari 7800 hafði verið í hönnun árin 1983-1984 en hún var fyrsta Atari vélin sem var hönnuð utan fyrirtækisins. Stóð til að gefa hana út í júní árið 1984, og reyndar var hún fáanleg í takmörkuðu upplagi það ár. Atari 7800 var samhæfð við alla Atari 2600 leiki sem fáanlegir voru og var það gert vegna þess hve neikvæð viðbrögð neytenda höfðu verið þegar Atari 5200 kom á markaðinn. Seinkun varð hinsvegar til þess að vélin kom ekki á markað á tilsettum tíma og þá vegna sölu á Atari til nýrra eigenda. Í framhaldi  þurfti að endurskoða ýmsa samningu sem lutu að gerð vélarinnar. Að lokum tveimur árum seinna árið 1986 kom vélin loks út fyrir almennan markað bæði í Bandaríkjunum og Evrópu. Vélin var í harðri samkeppni við Nintendo Entertainment System og Sega Master System sem þegar höfðu komið á markaðinn. Leikjaúrval Atari 7800 var ansi dræmt fyrsta árið og fyrst og fremst endurgerðir á eldri leikjum sem þegar höfðu verið til fyrir aðrar Atari. Vélin seldist þó ágætlega og var fáanleg allt fram til ársins 1992. Um 3.5 milljónir eintaka seldust af vélinni. Í Bandaríkjunum er vélin þekkt sem Atari 7800 ProSystem en í Evópu og annarstaðar er hún kölluð einfaldlega Atari 7800.

ATARI  Lynx  (1989-1995) 

Atari hafði árið 1978 gefið út litla leikjatölvu sem hægt var að halda á og kallaðist Touch Me. Síðan þá hafði Atari látið slíkar vélar vera, en árið 1989 breyttist það þegar Atari setti á markaðinn hina 16 bita Atari Lynx. Upprunlega var vélin hönnuð af fyrirtæki sem hét Epyx og var kölluð Handy Game. Epyx átti ekki möguleika á að markaðssetja vélina vegna rekstrarörðugleika og leitaði því eftir fyrirtækjum sem höfðu burði til að annast framleiðslu og markaðssetningu. Epyx hafði samband við nokkur fyrirtæki þar á meðal Nintendo og Sega, en hvorug þeirra hafði áhuga. Að lokum var gerður samningur við Atari, og sá Atari um framleiðslu og markaðssetningu á vélinni undir Atari Lynx nafninu. Stuttu seinna fór Epyx í gjaldþrot og eignaðist Atari þá hönnunina. Vélin var upprunalega gerð af hönnuðum sem unnu við þróun Commodore Amiga tölvunnar og þurfti Atari að notast við Commodore Amiga vélar við þróun á leikjum fyrir Atari Lynx. Salan á Atari Lynx hófts ágætlega en náði þó aldrei himinháðum hæðum. Tveirum árum eftir útgáfu vélarinnar höfðu selst um 800.000 þúsund stykki. Vélin var endurhönnuð árið 1991 og gefin út Atari Lynx II með betri endingu á rafhlöðum og var minni og handhægari. Atari Lynx var langt á undan sinni samtíð og var vélin seld alveg fram til ársins 1995, en áætlað að um 7 milljónir eintaka hafi selst af vélinni.

ATARI Jaguar (1993-1996) 

Hönnun á Atari Jaguar hófst tveimur árum fyrir útgáfu vélarinnar, en fyrirtækið Flare Technology voru fengnir til að hanna tvær tölvur fyrir Atari, annarsvegar Atari Panther sem keppa skildi við Super Nintendo og Sega Megadrive, og hinnsvegar Atari Jaguar sem átti að vera fullkomnari en allar aðrar leikjavélar á markaðinum. Þróun á Atari Jaguar var hinsvegar það hröð að hætt var við gerð á Atari Panther og útgáfudegi Atari Jaguar flýtt. Vélin kom svo út í lok árs 1993. Atari lenti strax í erfiðleikum með vélina en erfitt þótti að þróa leiki á vélina þar sem hún þótti töluvert flókin. Fáir aðilar gerðu þar af leiðandi leiki fyrir vélina og ekki var mikið um gerð leikja heldur innan Atari. Aðeins voru gefnir út 67 leikir fyrir vélina á líftíma hennar og gerði Atari tilraun til að framlengja hann með því að gefa út Atari Jaguar CD geisladrif og lækka verðið en allt kom fyrir ekki. Að lokum þegar Sega Saturn og Sony Playstation komu á markaðinn var ljóst að dagar Atari Jaguar voru taldir. Aðeins seldust um 250.000 eintök af vélinni og varð hún ein af ástæðum þess að Atari var tekið til gjaldþrotaskipta árið 1996 og selt. Atari Jaguar hefur þann vafasama heiður að vera síðasta tölvan sem Atari framleiddi og seldi.

Heimilistölvur 8 bita

Heimilistölvur

ATARI 400 og ATARI 800 (1979-1983) 

Upphaf Atari 400/800 má rekja aftur til apríl 1977 þegar Apple II kom á markaðinn. Atari tók þá ákvörðun að hefja þróun á heimilstölvu. Stella sem kom seinna út á árinum sem Atari VCS var grunnurinn að þeirri hönnun. Undir lok ársin 1977 var þróunferli vélarinnar hrundið af stað af fullri alvöru. Ákveðið var að gera 3 útgáfur af vélinni og fengu þær nafnið ""Colleen"" sem seinna varð að Atari 800, Candy sem varð að Atari 400, og ""Elizabeth"" sem aldrei kom út, en sú vél átti að vera með 13"" skjá. Upprunalega var ""Candy"" hugsuð sem arftaki af Atari VCS, sem leikjatölva með engu lyklaborði en seinna var fallið frá þeirri hugmynd og kom vélin út með snertilyklaborði. Í nóvember 1979 komu vélarnar svo loks á markað sem Atari 400 og Atari 800. Atari 400 var hugsuð sem blanda af leikjatölvu og heimilistölvu og innihélt 8k minni sem var þó fljótlega aukið í 16k, á meðan Atari 800 sem var hugsuð sem heimilistölva fyrst og fremst innihélt 16k sem var einnig uppfært fljótlega og þá í 48k.  

 
 1200XL
 600XL
 800XL
 65XE
 130XE
 800XE
 XE einnig þekkt sem XEGS

16/32 Bita einkatölvur
 ST
 STF
 STFM
 Mega ST
 STE
 Mega STE
 TT
 Stacy
 Falcon

32 Bita Vinnustöðvar
 Abaq (einnig kölluð Atari Transputer Workstation eða Atari ATW 800)
 TT Unix Workstation

Tenglar 

www.atari.com

Bandarísk fyrirtæki
Bandarískir tölvuframleiðendur
Tölvuleikjafyrirtæki",Hvenær var Atari 5200 fyrst gefin út?,"{'answer_start': array([5151], dtype=int64), 'text': array(['1982'], dtype=object)}"
https://is.wikipedia.org/wiki/DNA%20samfella,DNA samfella,"DNA samfella (eða samfella) er basaröð litingabúts og röðin fæst þegar stökum DNAröðum, til dæmis úr bútaraðgreiningu á erfðamengi er raðað saman í lengri raðir. Þessar raðir brúa til dæmis heilt gen eða genasvæði. Í sýninu er fjöldi eintaka er af hverjum litning eða litningahluta þannig að einstakir bútar eru raðgreindir oftar en einu sinni. DNA-ið er einnig brotið niður handahófskennt. Þetta tvennt veldur því að einstakar DNA raðir hafa samsvörun sín á milli, og saman þekja þær erfðamengið (eða svæðið sem verið er að raðgreina).

DNA grind (scaffold) 
Þegar samfellum úr bútaraðgreiningu er raðað saman út frá öðrum upplýsingum en basaröð myndast grind (e. scaffold eða supercontig). Notast er við genakort, raðgreind mRNA og aðrar tiltækar upplýsingar til að raða samfellum í rétta röð og í réttri stefnu í stærri grind sem samsvarar oft heilum litningum eða litningsörmum. Í grindinni eru göt milli samfella sem hægt er að reyna að fylla upp í ef vilji og fjármagn er fyrir hendi. Hægt að staðsetja grindur á litninga til dæmis með litningalitun. Þegar erfðamengi telst raðgreint að fullu á ein genagrind að mynda einn litning eða litningsarm. Slíkt er sjaldgæft.

Erfðafræði

DNA-raðgreining",Hvað felst í hugtakinu DNA samfella?,"{'answer_start': array([31], dtype=int64), 'text': array(['basaröð litingabúts'], dtype=object)}"
https://is.wikipedia.org/wiki/M%C3%B3l,Mól,"Mól er grunnmælieining SI-kerfisins fyrir efnismagn (""fjöldi af efni""), táknuð með mol. Eitt mól er skilgreint sem nákvæmlega 6,022 140 76×1023 einingar, t.d., atóma, sameinda, jóna eða rafeinda.

Núverandi skilgreining var tekin upp í nóvember 2018, leysir af eldri skilgreiningu (ekki sú fyrstu) en samkvæmt þeirri er mól fjöldi agna sem samsvarar fjölda frumeinda í 12 grömmum af kolefnissamsætunni 12C. Þessi fjöldi er kenndur við ítalska vísindamanninn Amadeo Avogadro og nefnist Avogadrosartala (stundum einnig tala Loschmidts).

Deilur vegna mólsins 
Lengi vel voru eðlisfræðingar og efnafræðingar ósammála um hvernig bæri að skilgreina mól. Samtök eðlisfræðinga skilgreindu mól sem þann fjölda súrefnisatóma sem höfðu massann 16 g í gasi af 16O, en samtök efnafræðinga skilgreindu mól sem þann fjölda súrefnisatóma sem hefði massann 16 g í náttúrulegu súrefni. Þar sem súrefni kemur fyrir á jörðinni sem fleiri en ein samsæta var nokkur munur á þessum skilgreiningum. Þar að auki breytist samsætuhlutfall súrefnis í náttúrulegu súrefni með tímanum sem gerir það að verkum að skilgreining út frá náttúrulegu súrefni verður háð ákveðnum tímapunkti. Sá ágreiningur hefur nú verið lagður til hliðar og báðar fylkingarnar styðjast við SI-skilgreiningu.

Alþjóðlegi móldagurinn 
Alþjóðlegi móldagurinn er 23. október. Bandarísku mólsamtökin (á ensku: National Mole Day Foundation) halda ráðstefnu ár hvert þann 23. október kl. 06:02 (e.h.) til að fagna skilgreiningu mólsins. 1 mól er u.þ.b. 6,02×1023 einingar og því var ákveðið að halda ráðstefnuna kl. 6:02 (e.h.) þann 23. október (10/23 skv. bandarískri ritvenju).

Tenglar 
Heimasíða bandarísku mólsamtakanna (National Mole Day Foundation)

SI grunneiningar
Efnafræði
Efnafræðihugtök",Hvað er skilgreining samtaka efnafræðinga á móli?,"{'answer_start': array([797], dtype=int64), 'text': array(['þann fjölda súrefnisatóma sem hefði massann 16 g í náttúrulegu súrefni'],
      dtype=object)}"
https://is.wikipedia.org/wiki/Kristinn%20Gu%C3%B0brandsson,Kristinn Guðbrandsson,"Kristinn Guðbrandsson (13. júní 1922 – 6. september 2000) var einn af stofnendum fyrirtækisins Björgunar ehf sem hóf starfsemi sína á að bjarga skipum af strandstað. Seinna haslaði fyrirtækið, með Kristinn í fararbroddi, sér völl á sviði dælingar byggingarefnis úr sjó ásamt að sinna hafnardýpkunum. Kristinn var framkvæmdastjóri frá stofnun Björgunar 1952 til 1981, en gerðist þá forstjóri fyrirtækisins til dauðadags. Kristinn var einn af frumkvöðlum í fiskeldi á Íslandi með stofnun fyrirtækjanna Tungulax og seinna Ísnó sem varð mjög umsvifamikið í ræktun á hafbeitarlaxi. Leitin að gullskipinu er þó sennilega þekktasta framtak Kristins en hann var forystumaður í hópi manna sem leituðu áratugum saman að hollenska indíafarinu Het Wapen van Amsterdam. Het Wapen strandaði sem kunnugt er á Skeiðarársandi árið 1667. Hápunktur leitarinnar var árið 1983 þegar gullskipsmenn töldu sig hafa fundið flakið og settu niður mikið stálþil utan um þann stað sem skipið var talið vera. Í ljós kom að um þýskan togara var að ræða.

Íslenskir athafnamenn",Hvaða fyrirtæki var Kristinn Guðbrandsson meðstofnandi að?,"{'answer_start': array([95], dtype=int64), 'text': array(['Björgunar ehf'], dtype=object)}"
https://is.wikipedia.org/wiki/Nick%20Hornby,Nick Hornby,"Nick Hornby (17. apríl 1957) er enskur skáldsagna– og ritgerðahöfundur sem býr í London. Hann skrifar gjarnan um þráhyggjur og sitthvað tengt eigin áhugamálum: íþróttir og tónlist. Sum ritverk hans hafa verið notuð í kvikmyndir.

Útgefin rit

Skáldsögur 
(1995) High Fidelity ISBN 0-14-029346-9
(1998) About a Boy ISBN 0-14-100733-8
(2002) How to Be Good ISBN 0-14-028701-9
(2005) A Long Way Down ISBN 0-670-88824-9

Óskálduð rit 
 (1992) Fever Pitch ISBN 0-14-029344-2
 (2003) 31 Songs ISBN 0-14-101340-0
 (2004) The Polysyllabic Spree ISBN 1-932416-24-2

Greinasöfn sem hann ritstýrði 
 (1993) My Favourite Year: A Collection of Football Writing ISBN 0-7538-1441-2
 (1996) The Picador Book of Sportswriting ISBN 0-330-33133-7
 (2000) Speaking with the Angel (2000) ISBN 0-14-029678-6

Kvikmyndir 
 1997 Fever Pitch — leikstýrt af David Evans
 2000 High Fidelity — leikstýrt af Stephen Frears
 2002 About a Boy — leikstýrt af Chris og Paul Weitz
 2005 Fever Pitch — leikstýrt af Farrelly brothers

Tenglar 
 
 Opinber síða Hornby  hjá útgefanda hans Penguin Books
 BBC News 2002: Movie hype helps Hornby
 BBC News 2003: Hornby wins writers group prize
Viðtal við Hornby í NPR þættinum Fresh Air (15. júní 2005)
Viðtal við Hornby í NPR þættinum Fresh Air (17. maí 2002)
Viðtal hjá Spike Magazine

Hornby, Nick",Hvaða bók eftir Nick Hornby sem er ekki skáldskapur var gefin út árið 2003?,"{'answer_start': array([478], dtype=int64), 'text': array(['31 Songs'], dtype=object)}"
https://is.wikipedia.org/wiki/%C3%8Dsabella%20af%20Angoul%C3%AAme,Ísabella af Angoulême,"Ísabella af Angoulême (1188 – 31. maí 1246) var drottning Englands frá 24. ágúst árið 1200 til 19. október 1216, þegar maður hennar, Jóhann landlausi, lést. Hún var einnig greifynja af Angoulême, sem hún erfði eftir föður sinn.

Ísabella var einkadóttir Aymer Taillefer, greifa af Angoulême, og Alísu af Courtenay. Langafi hennar í móðurætt var Loðvík 6. Frakkakonungur. Ísabella hafði ung að aldri verið heitin Hugh le Brun, greifa af Lusignan, en Jóhann landlausi tók sér hana fyrir konu ári eftir að hann fékk hjónaband sitt og Ísabellu af Gloucester gert ógilt. Hin nýja drottning var þá tólf ára að aldri og þegar orðlögð fyrir fegurð en brúðguminn 33 ára. Englandskonungar höfðu landeignir sínar í Frakklandi að léni frá Frakkakonungi og Filippus 2. Frakkakonungur notaði það að Jóhann hafði gifst stúlku sem lofuð var öðrum lénsmanni hans sem eina helstu átylluna fyrir því að taka allar frönsku lendurnar undir sig.

Sagt er að Jóhann hafi verið ákaflega ástfanginn af barnungu drottningunni sinni og vanrækt stjórn ríkisins af þeim sökum. Samkomulag þeirra var þó ekki gott, bæði vegna aldursmunarins og ekki síður vegna þess að þau voru bæði mjög skapmikil.

Ísabella var orðin 19 ára þegar fyrsta barn hennar fæddist og var það Hinrik, sem síðar varð konungur. Alls eignuðust þau Jóhann fimm börn sem öll lifðu til fullorðinsára. Um leið og Jóhann dó í október 1216 lét Ísabella krýna Hinrik son sinn. Ári síðar skildi hún hann eftir í umsjá ríkisstjórans, jarlsins af Pembroke, og sneri heim til Angoulême, sem hún hafði erft eftir föður sinn 1202.

Um vorið 1220 giftist hún æskuunnusta sínum, Hugh 10. af Lusignan. Áður hafði reyndar verið ákveðið að elsta dóttir hennar, Jóhanna, ætti að giftast honum og hafði hún verið alin upp við hirð hans, en þegar Hugh sá Ísabellu aftur, jafnfagra og fyrr, kaus hann hana fremur. Jóhanna var í staðinn heitbundin Alexander 2. Skotakonungi og giftist honum 1221, þá tæplega ellefu ára. 

Ísabella og Hugh eignuðust níu börn sem öll komust upp. Ísabella var hégómagjörn og sætti sig aldrei við að hafa lækkað úr tign, úr drottningu niður í greifafrú. Árið 1241 móðgaðist hún ákaflega þegar Blanka ekkjudrottning, móðir Loðvíks 9. Frakkakonungs, virti hana ekki viðlits, og tók ásamt eiginmanni sínum og ýmsum óánægðum aðalsmönnum þátt í samsæri gegn Frakklandskonungi. Það mistókst þó og Hugh samdi frið við konunginn en árið 1244 voru tveir matreiðslumenn konungs handteknir og sakaðir um að hafa reynt að eitra fyrir konungi. Þeir játuðu að hafa verið keyptir til þess af Ísabellu. Hún flúði þá og leitaði skjóls í Fontevraud-klaustri, þar sem hún lést 31. maí 1246.

Sum barna Ísabellu og Hughs settust að í Englandi undir verndarvæng Hinrik 3., hálfbróður síns.

Heimildir 
 

Drottningar Englands
Plantagenetætt","Með hverjum var elsta dóttir Ísabellu, Jóhanna að nafni, trúlofuð?","{'answer_start': array([1868], dtype=int64), 'text': array(['Alexander 2. Skotakonungi'], dtype=object)}"
https://is.wikipedia.org/wiki/Almennings%C3%AD%C3%BEr%C3%B3ttadeild%20Fram,Almenningsíþróttadeild Fram,"Almenningsíþróttadeild Fram er íþróttadeild sem stofnuð var innan Knattspyrnufélagsins Fram árið 2003. Hún heldur utan um ýmis konar starfsemi sem ekki fellur undir hefðbundnar keppnisíþróttir

Sagan og starfið
Árið 2003 varð Fram fyrst reykvískra íþróttafélaga til að stofna sérstaka almenningsíþróttadeild. Var það í samræmi við íþróttastefnu Reykjavíkurborgar, sem kveður á um að íþróttafélög skuli bjóða upp á slíka starfsemi og helst innan sérstakra deilda.

Í raun var deildin aðeins framhald á starfsemi sem þegar fór fram á vegum félagsins. Frá 1995 var starfandi leikfimihópur í tengslum við íþróttahús og tækjasal Fram. Jafnframt höfðu verið skipulagðir skokk- og stafgönguhópar fyrir Framara og aðra íbúa hverfisins.

Almenningsíþróttadeildin er í dag starfrækt á tveimur stöðum: í Safamýri og í Grafarholti.  Á báðum stöðum heldur deildin úti Íþróttaskóla Fram fyrir börn á aldrinum 3-6 ára. Skóli þessi var upphaflega stofnsettur af handknattleiksdeild Fram árið 1993.

Veturinn 2010-11 mun Fram senda lið til keppni í 2. deild Íslandsmóts karla í körfuknattleik undir merkjum almenningsíþróttadeildar. Verður það í fyrsta sinn sem Framarar tefla fram liði í þeirri íþrótt frá því að körfuknattleiksdeildin lognaðist út af á níunda áratugnum.

Íþróttafélög í Reykjavík",Hvernig íþróttaskóla rekur deildin?,"{'answer_start': array([855], dtype=int64), 'text': array(['Íþróttaskóla Fram'], dtype=object)}"
https://is.wikipedia.org/wiki/Salalaug,Salalaug,"Sundlaugin Versölum eða Salalaug er ein af tveimur sundlaugum í Kópavogi. Hún er staðsett að Versölum 3. Við sundlaugina er íþróttamiðstöð með  4.095 fermetra íþróttasal með fimleikaðstöðu fyrir Íþróttafélagið Gerplu. Laugin opnaði 22. apríl 2005 og helgina þar á eftir var ókeypis fyrir alla í sundlauginna.

Aðalsundlaugin er 25x15 m að stærð og dýptin er frá 1 m – 1,6 m. Hitastigið er um 29°. Iðulaugin er eitt af einkennum Versala-laugarinnar. Þar eru nuddstútar og legubekkir og rúmgott svæði fyrir þá sem vilja slaka á. Hitastigið er um 38°. Innilaugin er 16.67x10 m að stærð og 0,75-0,9 m að dýpt. Hitastigið er 33-34°. Laugin er tilvalin fyrir ungabörn og yngri sungesti og í henni fer fram skólasund yngri barna grunnskólanna. Í sundlauginni Versölum er einnig að finna rennibraut, tvo heita potta og svokallað vatnsorgel.

Tengt efni 
 Kópavogur
 Sundlaug Kópavogs
 Sundlaugar á Íslandi

Tenglar 
 Heimasíða Salalaugar
 Versalir, íþróttamiðstöð í Salahverfi Verkís

Heimild 

Sundlaugar í Kópavogi",Hvað kostar það að komast inn í Versalir sundlaug?,"{'answer_start': array([563], dtype=int64), 'text': array(['16.67x10 m'], dtype=object)}"
https://is.wikipedia.org/wiki/Orka,Orka,"Orka er grundvallarstærð sem hvert eðlisfræðilegt kerfi hefur að geyma. Orka er skilgreind sem magn vinnu sem þarf til að breyta ástandi eðlisfræðilegs kerfis. Til dæmis þarf K = ½mv² vinnu til að hraða byssukúlu frá núll hraða í hraða v — og kallast því stærðin ½mv² hreyfiorka byssukúlunnar. Önnur dæmi eru raforkan sem geymd er í rafhlöðu, efnaorkan sem er í matarbita eða bensíni, varmaorka vatnshitara, stöðuorka upphækkaðs vatns á bak við stíflu og hreyfiorka bíls á ákveðnum hraða. 

Það er auðveldlega hægt að breyta orku úr einni mynd yfir í aðra. Sem dæmi, ef rafhlaða er notuð til að knýja rafmagnshitara, breytist efnaorka í raforku, sem svo aftur breytist í varmaorku. Eða, með því að láta upphækkað vatn renna niður á við, breytist stöðuorka þess í hreyfiorku hreyfils, sem svo breytist í raforku með hjálp rafals. Orkuvarðveislulögmálið segir að í lokuðu kerfi haldist heildarorka kerfisins, sem samsvarar samanlögðum hlutorkugildum þess, föst. Þetta lögmál stafar af tímahliðrunarsamhverfu eðlisfræðilegra ferla, sem merkir að þeir eru óháðir byrjunartíma.

Einingar

Alþjóðlegar og skyldar einingar 
Alþjóðlega SI-einingin fyrir bæði orku og vinnu er júl (J), sem að skýrð er til heiðurs James Prescott Joule og rannsóknum hanns á vinnugildi varma. Í grunndvallaratriðum er 1 J skilgreint sem 1 newton-metri og, samkvæmt grunneiningum SI kerfisins, er 1 J það sama og 1 kg m2 s−2.

Orkueiningin sem notuð er í kjarneðlisfræði er rafeindarvolt (eV). Eitt eV jafngildir 1,60217653×10−19 J.

Taka má fram að snúningsátak, sem yfirleitt er tjáð í newton-metrum, hefur sömu stærð og er það ekki tilviljun: snúningsátak upp á einn newton-metra beitt á eina bogamálseiningu þarf nákvæmlega eitt júl (newton-metra) af orku.

Aðrar orkueiningar 
Meðal breskra og bandarískra eininga fyrir bæði orku og vinnu má telja fet-pund-kraft (1,3558 J), bresku varmaeininguna (Btu) sem hefur nokkrar mismunandi skilgreiningar í kringum 1055 J og hestaflsstund (2,6845 MJ).

Algeng orkueining til að mæla raforku, svo sem á rafmagnsreikningum, er kílóvattstund (kW h).

Varmaorkueiningin kaloría er aðallega notuð í næringarfræði og jafngildir þeim varma sem þarf til að auka hita eins gramms af vatni um 1°C við 1 loftþyngd. Þessi skilgreining gefur nokkuð misjöfn gildi eftir hitastigi vatnsins. Þetta veldur því að til eru nokkrar einingar sem hafa sama nafnið, „hitaeining“, en lítillega misjöfn orkugildi. Oft er miðað við að hita vatnið um 1 °C frá 14,5 °C í 15,5 °C. Þá jafngildir ein kaloría u.þ.b. 4,186 J. Vegna smæðar einingarinnar er í daglegu tali oftast talað um kílókaloríur. Algengt að þær séu kallaðar kaloríur sem eykur enn á ruglinginn.

Varmaflutningur

Vinna 

Vinna (W) er skilgreind sem ferilheildi krafts F yfir vegalengd s:

Þessi jafna segir að vinna () jafngildi heildi innfeldis krafts () á hlut og örsmæðarstaðsetningar hlutsins ().

Varmi 

Varmi er orkugildi sem tengist breytingu á hitastigi eða efnisástandi efnis. Í efnafræði er varmi magn orku sem gefið efnaferli gleypir í sig (innvermið efnahvarf) eða lætur frá sér (útvermið efnahvarf).

Samband varma og orku er svipað og vinnu og orku. Varmi flæðir frá svæðum með hærra hitastig yfir í svæði með lægra hitastig. Allt efni hefur ákveðið magn innri orku sem er mælikvarði á tilviljunarkennda hreyfingu frumeinda og sameinda þeirra. Þessi innri orka er í beinu hlutfalli við hitastig hlutarins. Þegar tveir hlutir með mismunandi hitastig komast í varmasnertingu, deila þeir með sér innri orku þar til hitastig þeirra jafnast. Algengt er að varma sé ruglað saman við innri orku, en það er munur á þeim: varminn sem flæðir frá umhverfinu í kerfið ásamt vinnunni sem umhverfið framkvæmir á kerfið jafngildir aukningu innri orku þess. Varmaorka getur flutzt á þrjá vegu: með varmaleiðni, varmaburði og geislun.

Varðveisla orkunnar 
Fyrsta lögmál varmafræðinnar segir að samanlagt innstreymi orku inn í kerfi verður að jafngilda samanlögðu útstreymi ásamt aukningu innri orku þess. Þetta lögmál, orkuvarðveislulögmálið svokallaða, er eitt mest notaða og mikilvægasta lögmál eðlisfræðinnar, en er þó iðulega brotið tímabundið (líkindafræðilega) í skammtafræði. Setning Noethers tengir varðveislu orkunnar við tímaóbreytni eðlisfræðilegra lögmála.

Dæmi um breytingu og varðveislu orku er pendúll. Á hæsta punkti hans er hreyfiorkan núll og stöðuorkan í hámarki. Við lægsta punkt er hreyfiorkan í hámarki og jafngildir lækkun stöðuorkunnar frá hápunkti. Ef gengið er út frá því að ekkert viðnám sé til staðar varðveitist orkan og pendúllinn sveiflast að eilífu. (Í reynd varðveitist sú orka sem tiltæk er fyrir stórsæja hreyfingu aldrei fullkomlega þegar kerfið breytir um stöðu; vegna áhrifa viðnáms breytist hún smám saman í varma).

Annað dæmi er sprenging þar sem efnafræðileg stöðuorka breytist leifturhratt í hreyfiorku og varma.

Tegundir orku

Hreyfiorka 

Hreyfiorka er sú orka sem felst í hreyfingu hlutar.

Jafnan segir að hreyfiorkan () jafngildi heildi innfeldis hraða () hlutar og örsmæðarskriðþunga hans ().

Fyrir hraða langt undir ljóshraða má nota nálgun Newtons:

þar sem

 Eh er hreyfiorka
 m er massi hlutarins
 v er hraði hlutarins

Nær ljóshraða er notast við afstæðisformúluna:

þar sem

 v er hraði hlutarins
 m er kyrrstöðumassi hlutarins
 c er hraði ljóssins í tómarúmi (299.792.458 m/s).

 er samanlögð orka hlutarins
 er orka kyrrstöðumassans.

Skrifa má afstæðisformúluna á formi Taylorraðar svo:

Liðir raðarinnar frá 2. lið að telja lýsa fráviki hreyfiorkunálgunar Newtons frá hinu afstæðilega gildi.

Stöðuorka 

Stöðuorka kerfis er orka sem stafar af kröftum sem verka á milli eininga þess og afstöðu þeirra.

Kraftarnir geta verið rafkraftur, segulkraftur eða þyngdarkraftur.

Fyrir einangrað kerfi sem samanstendur af tveimur föstum hlutum sem beita hvor annan krafti () og liggja á x-ás, skilgreinist stöðuorka þeirra sem:

þar sem krafturinn milli hlutanna breytist eingöngu með vegalengd () og er heildað eftir línu sem tengir hlutina saman.

Til að sýna betur fram á samband krafts og stöðuorku má taka sem dæmi sama kerfi tveggja hluta sem liggja á x-ás. Ef stöðuorka annars þeirra í punktinum  er , þá er krafturinn sem verkar á hlutinn í þeim punkti:

Stefna kraftsins milli tveggja hluta er í átt breytingar stöðuorku og stærð hans er í beinu hlutfalli við breytingahraðann (afleiðuna). Stór kraftur tengist miklum stöðuorkumun miðað við gefna vegalengd, lítill kraftur litlum.

Þessar tvær skilgreiningar, stöðuorku útfrá á krafti og krafts útfrá stöðuorku, sýna hvernig hugtökin kraftur og stöðuorka eru nátengd. Tveir hlutir sem beita hvor annan krafti hafa stöðuorku, hvor í kraftsviði hins. Ef kerfi samanstendur af tveim hlutum sem beita hvor annan krafti, kemur fram í því stöðuorka.

Vegna þess að allir kraftar eru fall af vegalengd, mun sérhver breyting á innbyrðis afstöðu kerfis með stöðuorku annaðhvort minnka hana eða auka. Þegar stöðuorka kerfis minnkar, breytist hún í aðra tegund orku, t.d. hreyfiorku. „Geyma“ má stöðuorku svo sem þyngdarstöðuorku, fjöðrunarorku, efnaorku, kyrrstöðumassaorku eða raforku og leysa síðar úr læðingi.

Um stöðuorku hlutar í þyngdarsviði jarðar gildir:

þar sem m e massi hlutarins, g þyngdarhröðun jarðar og h hæð hlutarins frá núllpunkti. Hann má skilgreina eftir hentugleikum. Fyrir hlut sem fellur alla leið til jarðar er yfirborð jarðar eðlilegur núllpunktur. Fyrir vatn í fossi getur verið eðlilegra að skilgreina yfirborð hylsins sem fossinn fellur í sem núllpunkt; hreyfiorka vatnsins rétt áður en það fellur í hylinn jafngildir í góðri nálgun hreyfiorku þess á fossbrúninni plús stöðuorku þess þar, reiknað frá yfirborði hylsins. Í raunhæfum reikningum er ""absolút"" gildi stöðuorku yfirleitt aldrei gagnleg stærð, heldur mismunur stöðuorkugilda í tveimur punktum.

Innri orka 

Innri orka er hreyfiorkan sem tengist hreyfingu sameinda og stöðuorkan sem tengist snúnings-, titrings- og raforku atómanna í sameindunum. Innri orka kerfis er eitt ástandsfalla þess.

 
Eðlisfræði",Hvaða mælieiningu fyrir orku er viðhöfð í kjarneðlisfræði?,"{'answer_start': array([1446], dtype=int64), 'text': array(['rafeindarvolt (eV)'], dtype=object)}"
https://is.wikipedia.org/wiki/Juscelino%20Kubitschek,Juscelino Kubitschek,"Juscelino Kubitschek de Oliveira (12. september 1902 – 22. ágúst 1976), einnig kallaður JK, var brasilískur stjórnmálamaður og læknir sem var 21. forseti Brasilíu frá 1956 til 1961. Stjórnartíð hans einkenndist af efnahagsfarsæld og pólitískum stöðugleika. Kubitschek er sér í lagi þekktur fyrir að hafa skipað byggingu nýrrar höfuðborgar, Brasilíu.

Æviágrip
Juscelino Kubitschek var kominn af tékkneskum innflytjendum. Faðir hans lést þegar hann var barnungur en móðir hans, sem var kennslukona, sá til þess að hann gengi menntaveginn þrátt fyrir að hún ætti erfitt með að kosta hann til náms. Kubitschek byrjaði að vinna fyrir sér strax og hann hafði aldur til og vann samhliða námi sem símritari í nokkur ár. Hann lauk læknisprófi þegar hann var 25 ára gamall og fór síðan í framhaldsnám í París, Berlín og Vín.

Þegar Kubitschek sneri heim úr náminu settist hann að í Belo Horizonte, höfuðborg fylkisins Minas Gerais. Hann vann þar aðallega við skurðlækningar og var talinn einn færasti skurðlæknir landsins. Hann hafði ekki haft mikinn áhuga á stjórnmálum á námsárum sínum en þetta breyttist þegar Getúlio Vargas komst til valda í Brasilíu á fjórða áratugnum. Kubitschek hreifst af Vargas, sér í lagi af aðgerðum hans til að koma á umbótum í þágu landbúnaðarverkafólks. Hann hætti því læknastörfum og hóf feril í stjórnmálum. Kubitschek varð fyrst fulltrúi fylkisstjórans í Minas Gerais, svo þingmaður og þar næst borgarstjóri í Belo Horizonte. Loks varð hann fylkisstjóri Minas Gerais.

Kubitschek gat sér gott orð sem borgarstjóri og fylkisstjóri í Minas Gerais. Stjórn hans þótti umbótasinnuð og atorkusöm, sér í lagi í menntamálum, heilbrigðismálum og öðrum félagsmálum.

Getúlio Vargas fyrirfór sér árið 1954 og fráfall hans skildi eftir sig tómarúm meðal stuðningsmanna hans. Enginn þótti sjálfsagður arftaki hans sem leiðtogi Jafnaðarmannaflokks Vargasar en að endingu var það Kubitschek sem var valinn sem forsetaefni hans í næstu kosningum, sem voru haldnar þann 3. október 1955. Í kosningunum voru fjórir í framboði og Kubitschek hlaut þeirra flest atkvæði, eða alls 3.600.000 sem nam 36 prósentum. Hann var þar með kjörinn forseti Brasilíu.

Tilteknir aðilar innan Brasilíu vildu ekki að Kubitschek tæki við forsetaembætti þar sem hann var náinn Vargas, sem hafði komist upp á kant við brasilíska herinn á síðustu valdaárum sínum. Jafnframt stóð þeim uggur af nýkjörnum varaforseta, João Goulart, sem var talinn langt til vinstri og hafði notið stuðnings kommúnista í kosningunum. Fráfarandi forsetinn Café Filho var meðal þeirra sem vildu koma í veg fyrir embættistöku Kubitscheks en brasilíski herinn undir forystu Henrique Teixeira Lott hershöfðingja skarst í leikinn og veik Filho og fylgismönnum hans úr embætti stuttu fyrir lok kjörtímabilsins til að tryggja að Kubitschek gæti tekið við forsetaembættinu.

Kunnasta verkið sem unnið var á forsetatíð Kubitschek var bygging nýrrar höfuðborgar, Brasilíu, í stað gömlu höfuðborgarinnar Rio de Janeiro. Hugmyndin um að hvetja Brasilíumenn til að flytja til vesturhluta landsins með því að flytja höfuðborgina þangað hafði fyrst komið fram þegar Brasilía varð lýðveldi árið 1889 en Kubitschek var ákveðinn í að gera hugmyndina að veruleika. Þegar hann tók við embætti árið 1956 lofaði Kubitschek því að hann hefja starfið við byggingu nýju höfuðborgarinnar strax á næsta ári.

Arkitektinn Oscar Niemeyer var fenginn til að hanna flestar byggingar borgarinnar í nútímalegum stíl. Undir lok embættistíðar Kubitschek var búið að færa byggingar ríkisstjórnarinnar til Brasilíu og ljúka um þriðjungi heildarframkvæmdanna. 

Kubitschek var þakkað fyrir mesta uppgangstímann í sögu Brasilíu fram til hans tíma en stjórnarhættir hans voru einnig tengdir við óðaverðbólgu sem fylgdi í kjölfarið. Kubitschek lét af völdum eftir kjörtímabil sitt árið 1961 við miklar vinsældir en eftir embættistíð hans varð til mikill pólitískur óstöðugleiki í Brasilíu sem stuðlaði að því að brasilískir herforingjar frömdu valdarán árið 1964. Kubitschek hugðist bjóða sig aftur fram til forseta í næstu kosningum en nýja herforingjastjórnin lét svipta hann kjörgengi í tíu ár og banna starfsemi stjórnmálaflokka.

Fyrrum forsetinn Kubitschek var áfram vinsæll leiðtogi stjórnarandstöðunnar á tíma einræðisins í Brasilíu. Kubitschek lést þann 22. ágúst árið 1976 þegar rúta keyrði á bifreið hans á hraðbraut í Rio de Janeiro. Atvikið var talið slys en árið 2013 leiddi rannsóknarnefnd líkur að því að Kubitschek hefði verið myrtur og að bílstjóri rútunnar hefði fengið borgað fyrir að gangast við ábyrgð á dauða hans. Árið 2014 ályktaði sannleiksnefnd hins vegar að dauði Kubitschek hefði verið slys.

Tilvísanir

Forsetar Brasilíu",Hverjar voru rætur Juscelino Kubitschek?,"{'answer_start': array([385], dtype=int64), 'text': array(['kominn af tékkneskum innflytjendum'], dtype=object)}"
https://is.wikipedia.org/wiki/Fj%C3%A1rkl%C3%A1%C3%B0i,Fjárkláði,"Fjárkláði er sjúkdómur af völdum fjárkláðamítils (Psoroptes ovis) sem leggst á sauðfé.

Fjárkláðar á Íslandi 
Fjárkláði hefur tvisvar sinnum borist til Íslands, 1760 og 1855, í bæði skiptin með innfluttu fé. Olli fyrri kláðinn gríðarlegu tjóni, en við honum var brugðist með niðurskurði. Var honum útrýmt fyrir árið 1780 en hann kom fyrst upp á fjárræktarbúinu á Elliðavatni við Reykjavík og barst með enskum hrútum sem komu þangað til kynbóta. 60% fjár í landinu var skorið niður og skortur varð á mjólk, kjöti og ull. Heildartala fjár í landinu var því 40 þúsund.

Í seinna skiptið, fjárkláðanum síðari, kom kláðinn með enskum lömbum og tók það ný 20 ár að berjast við veikina. Miklar deilur urðu á Alþingi Íslendinga í þetta skipti um hvernig bregðast skyldi við. Kláðinn var læknaður að mestu leyti með skipulagðri böðun á sauðfé en var ekki útrýmt að fullu. Fram á síðustu ár hafa komið upp fjárkláðatilfelli. 

Seinni kláðafaraldurinn varð til þess að settar voru upp varnarlínur á heiðum og í byggðum og varðmenn voru í skálum allt sumarið fram að göngum og ráku frá línunum, þegar mest lét vorum um 80 manns við slíkt eftirlit í einu. Því fé sem kom af sýktum svæðum yfir varnarlínuna var lógað strax og tök voru á. Varnargirðingar sem settar voru upp árið 1937 eftir að mæðiveiki barst til landsins og skiptu því í svæði gegndu sama hlutverki. Lengstar urðu þær um 2000 kílómetra langar.

Heimildir 
 Halldór Pálsson. 1983. „Stefnur í sauðfjárrækt hér á landi“ Um sauðfé. Búnaðarfélag Íslands, Reykjavík.
 Hjalti Gestsson. 1997. Sauðfjárræktin á Suðurlandi. Þættir úr sögu fjárræktarinnar á 20. öld. Búnaðarsamband Suðurlands, Selfossi.
 Jón Torfason og Jón Viðar Jónmundsson. Íslenska sauðkindin. Bókaútgáfan Hofi, Hofi.

Tilvísun

Búfjársjúkdómar",Hvað voru varnargirðingarnar langar sem reistar voru árið 1937?,"{'answer_start': array([1371], dtype=int64), 'text': array(['um 2000 kílómetra'], dtype=object)}"
https://is.wikipedia.org/wiki/Bjarni%20Benediktsson%20%28f.%201970%29,Bjarni Benediktsson (f. 1970),"Bjarni Benediktsson (f. 26. janúar 1970) er núverandi utanríkisráðherra Íslands, fyrrum fjármálaráðherra Íslands, formaður Sjálfstæðisflokksins og fyrrum forsætisráðherra Íslands.

Bjarni hefur verið formaður Sjálfstæðisflokkins og oddviti í Suðvesturkjördæmi frá árinu 2009 og setið á Alþingi frá 2003. Bjarni hefur fimm sinnum haft betur gegn keppinautum á landsfundum Sjálfstæðisflokksins.

Menntun 
Bjarni útskrifaðist úr Menntaskólanum í Reykjavík árið 1989, lauk námi í lögfræði frá Háskóla Íslands 1995, stundaði nám í þýsku og lögfræði í Þýskalandi 1995 – 1996, LL.M.-gráða (e. Master of Laws) frá Háskólanum í Miami í Bandaríkjunum 1997 og varð löggiltur verðbréfamiðlari árið 1998. Hann starfaði sem fulltrúi sýslumannsins í Keflavík árið 1995 og sem lögfræðingur Eimskipafélags Íslands á árunum 1997 – 1999. Bjarni var lögmaður með eigin rekstur á Lex lögmannsstofu 1999 – 2003 og var faglegur framkvæmdastjóri Lex 2002 – 2003.

Þingstörf 
Bjarni hefur setið á Alþingi fyrir Suðvesturkjördæmi frá árinu 2003. Bjarni var fjármálaráðherra í ríkisstjórn Sjálfstæðisflokks og Framsóknarflokks 2013-2017, forsætisráðherra í ríkisstjórn Sjálfstæðisflokks, Viðreisnar og Bjartrar framtíðar frá janúar til nóvember 2017 og fjármálaráðherra að nýju í ríkisstjórn Sjálfstæðisflokks, VG og Framsóknarflokks frá 30. nóvember 2017.

Bjarni var formaður allsherjarnefndar Alþingis á árunum 2003 – 2007 og formaður utanríkismálanefndar á árunum 2007 – 2009. Hann sat í stjórnarskrárnefnd af hálfu flokksins á árunum 2004 – 2007 og ennfremur árið 2009.

Bjarni sat í fjárlaganefnd Alþingis 2003 – 2007, var í iðnaðarnefnd á árunum 2003 – 2004, heilbrigðis- og trygginganefnd 2004 – 2005, utanríkismálanefnd 2005-2009 og efnahags- og skattanefnd frá 2007. Bjarni var formaður Íslandsdeildar VES-þingsins 2003 – 2005 og hefur setið í Íslandsdeild þingmannanefndar EFTA frá 2005. Hefur setið í fjölda nefnda á vegum ráðuneyta, svo sem nefnd um ytri endurskoðun laganáms við Háskóla Íslands, nefnd um endurskoðun laga um ríkisborgararétt og nefnd um endurskoðun jafnréttislaga.

Utanríkismál
Bjarni er stuðningsmaður aukinnar samvinnu við Bandaríkin, hann hefur lýst yfir „vilja til þess að efla enn frekari tengsl þessara vinaþjóða í framtíðinni. Ný tækifæri og nýjar áskoranir, hvort sem er í viðskiptum milli landanna, ferðamennsku, menningar- og menntamálum, öryggis- og varnarmálum eða málefnum tengdum norðurskautinu eiga að vera okkur hvatning til þess að styrkja böndin enn frekar.“ 

Bjarni sat hjá við atkvæðagreiðslu á Alþingi um að Ísland viðurkenndi sjálfstæði Palestínu í nóvember 2011, og benti á að ESB hefði Hamas-samtökin á lista yfir hryðjuverkasamtök og í því ljósi hefði hann „mikla fyrirvara við að það sé skynsamlegt að stíga þetta stóra skref núna.”  Hann studdi álit minnihluta Sjálfstæðismanna um að óvíst sé að „friðvænlegra verði á svæðinu með viðurkenningu Palestínu sem sjálfstæðs og fullvalda ríkis á þessum tímapunkti.” Í yfirlýsingunni sagði jafnframt: „Minni hlutinn bendir á að möguleg áhrif almennrar viðurkenningar á sjálfstæði og fullveldi Palestínu á sjálfar friðarviðræðurnar milli Palestínumanna og Ísraelsmanna eru órannsökuð.”

Viðskiptalíf 
Bjarni Benediktsson var stjórnarformaður N1 og BNT á árunum 2005 – 2008. Hann lét af stjórnarformennsku eftir bankahrunið á Íslandi haustið 2008 vegna þess að hann taldi fulla þörf á að helga stjórnmálum alla krafta sína.

Í byrjun desember 2009 skýrði DV frá því að Bjarni hefði í febrúar 2008 skrifað undir samning í umboði eigenda félagsins Vafnings. Flókin viðskiptaflétta fólst í því að félagið Vafningur fékk lánaða 10,5 milljarða króna til þess að endurfjármagna félagið Þáttur International sem var í eigu Milestone og bræðranna Einars og Benedikts Sveinssona. Benedikt er faðir Bjarna. Bjarni sjálfur hefur sagt aðkomu sína hafa verið „fólgin í því að veita Glitni veð í hlutafélaginu Vafningi til tryggingar á láni sem Glitnir hafði veitt því. Aðra aðkomu að málinu hafði ég ekki“. 

Í umfjöllun DV er haldið fram að Þáttur International hafi með þessum hætti greitt 15 milljarða króna skuld við bandaríska bankann Morgan Stanley og varnað því að bandaríski bankinn hafi leyst til sín 7% hlut félagsins í Glitni. Bjarni var ásakaður í fjölmiðlum um slæma, jafnvel ólöglega viðskiptahætti.

Í kjölfar hrunsins kannaði Rannsóknarnefndin hversu margir þingmenn hefðu fengið lán hærri en hundrað milljónir króna á tímabilinu 2005 til falls bankanna í október 2008. Bjarni Benediktsson reyndist þá skulda 174 milljónir. 

Bjarni Benediktsson stofnaði aflandsfyrirtækið Falson & co á Seychelle-eyjum árið 2006. Það fyrirtæki hélt utan um fjárfestingu Bjarna auk tveggja annarra Íslendinga í fasteignaverkefni í Dúbaí.

Formennska í Sjálfstæðisflokknum 
Bjarni var kjörinn formaður Sjálfstæðisflokksins á landsfundi 29. mars 2009, er Geir H. Haarde hvarf af vettvangi stjórnmála. Hann tilkynnti um formannsframboð sitt, eftir að Geir tilkynnti um ákvörðun sína að hætta, 31. janúar. Bjarni sigraði Kristján Þór Júlíusson í formannskjörinu. Bjarni hlaut 990 atkvæði, tæp 60%, en Kristján Þór 688, tæp 40%. Aðrir fengu minna. Þrír aðrir höfðu lýst yfir áhuga á formannssætinu.

Stuttu eftir að Bjarni hafði verið kosinn til formennsku í Sjálfstæðisflokknum bárust fréttir um það í fjölmiðlum að Sjálfstæðisflokkurinn hefði tekið á móti styrkjum frá FL Group (sem heitir Stoðir í dag) og Landsbanka Íslands upp á samtals 50 milljónir króna. Þetta mál var nefnt Styrkjamálið, Bjarni taldi alla ábyrgð vera á þáverandi framkvæmdastjórum flokksins sem hefðu samkvæmt honum átt að vita af styrkjunum, þá Kjartan Gunnarsson og Andra Óttarsson. Hann dró síðar til baka ummæli sín og sagði fráleitt að draga nafn Kjartans í atburðarrásina, hann hefði ekkert haft með þessi mál tengd styrkjum að gera.

Bjarni var endurkjörinn formaður á landsfundi 26. júní 2010. Bjarni hlaut 573 atkvæði í kjörinu eða 62% greiddra atkvæða en Pétur H. Blöndal alþingismaður fékk 281 atkvæði eða 30%. Alls greiddu 925 atkvæði í kjörinu en auðir seðlar voru 50. Aðrir hlutu færri atkvæði.

Á landsfundi Sjálfstæðisflokksins sem haldinn var 17.-20. nóvember 2011 bauð Hanna Birna Kristjánsdóttir sig fram til formanns gegn Bjarna. Bjarni hlaut 727 af 1323 greiddum atkvæðum. Hann hlaut því 55 prósent kosningu. Hanna Birna fékk 577 atkvæði og rúmlega 44 prósent atkvæða. Á landsfundi 2013 var hann svo kjörinn með tæplega 80% atkvæða.

Bjarni var endurkjörinn formaður Sjálfstæðisflokksins í vali milli þeirra Guðlaugs Þórs Þórðarsonar þann 6. nóvember 2022. Bjarni hlaut tæp sextíu prósent atkvæða.

Ráðherraferill

Ríkisstjórn Bjarna og uppreist æru-málið

Eftir þingkosningar 29. október 2016 myndaði Bjarni ríkistjórn með Viðreisn, og Bjartri framtíð. Ráðuneyti Bjarna Benediktssonar tók við völdum 11. janúar 2017. Ráðuneyti Bjarna hrundi þegar Björt framtíð dró sig úr stjórnarsamstarfinu í september sama ár eftir að upplýst var um að ríkisstjórnin hefði veitt dæmdum barnaníðingi, Hjalta Sigurjóni Haukssyni, uppreist æru samkvæmt meðmælum frá föður Bjarna, Benedikt Sveinssyni. Bjarni hafði vitað frá því í júlí sama ár að faðir hans væri meðal umsagnaraðila Hjalta. Meðlimir Bjartrar framtíðar kölluðu málið „alvarlegan trúnaðarbrest“ innan ríkisstjórnarinnar. 

Hrun stjórnarinnar leiddi til þess að boðað var til alþingiskosninga í kjölfarið í október 2017. Ríkisstjórn VG, Sjálfstæðisflokks og Framsóknarflokks undir forsæti Katrínar Jakobsdóttur var mynduð í nóvember 2017. Bjarni varð þá að nýju fjármálaráðherra.

Íslandsbankasalan og afsögn Bjarna sem fjármálaráðherra

Eftir að Bjarni varð fjármálaráðherra að nýju hóf hann árið 2021 að selja eignarhluta ríkisins í Íslandsbanka. Fyrsti hluti sölunnar fór fram með almennu hlutafjárútboði á dögunum 7. til 15. júní þar sem 22,5 prósenta hlutur í bankanum var seldur. Sala á 22,5 prósenta eignarhluta ríkisins í Íslandsbanka til viðbótar hófst með tilboðsfyrirkomulagi þann 22. mars 2022.

Framkvæmd útboðsins 2022 var harðlega gagnrýnd eftir að listi yfir kaupendur var birtur í apríl sama ár. Meðal annars var gagnrýnt að Benedikt Sveinsson, faðir Bjarna, hefði verið meðal þeirra sem fengu að kaupa eignarhlut í bankanum á verði undir markaðsgengi. Í skýrslu um bankasöluna sem birt var þann 26. júní 2023 var komist að þeirri niðurstöðu að bankinn hefði ekki farið að lögum við söluna í hlutabréfunum og að brotin hefðu verið bæði alvarleg og kerfislæg. Bankinn var sagður hafa villt um fyrir Bankasýslunni og var dæmdur til að greiða 1,2 milljarða króna í sekt, þá hæstu í sögu Íslands.

Þann 10. október 2023 gaf umboðsmaður Alþingis út álit á aðkomu Bjarna á sölu ríkisins á Íslandsbanka. Hann komst þar að þeirri niðurstöðu að Bjarni hefði verið vanhæfur samkvæmt stjórnsýslulögum til að samþykkja sölu á eignahlut ríkisins í bankanum þar sem faðir hans var meðal kaupenda. Ekki væru forsendur til að staðreyna staðhæfingar Bjarna um að hann hefði ekki vitað af þátttöku föður síns í útboðinu. Þá taldi umboðsmaður að þar sem Bjarni hefði ekki fylgst með því hvernig sölumeðferðin horfði við kröfum stjórnsýslureglar um sérstakt hæfi hefði stjórnsýsla Bjarna „ekki verið í nægi­lega góðu sam­ræmi við stjórn­un­ar- og eft­ir­lits­skyldu hans“.

Bjarni tilkynnti afsögn sem fjármálaráðherra þann 10. október 2023 vegna niðurstöðu umboðsmanns um vanhæfi hans við sölu Íslandsbanka. Bjarni tilkynnti fjórum dögum síðar að hann myndi taka við embætti utanríkisráðherra og að Þórdís Kolbrún Reykfjörð Gylfadóttir yrði nýr fjármálaráðherra.

Bjarni er annar ráðherrann í íslenskri stjórnmálasögu sem hefur gegnt öllum þremur helstu ráðherraembættum; forsætisráðherra, fjármálaráðherra og utanríkisráðherra.

Einkalíf 
Eiginkona Bjarna er Þóra Margrét Baldvinsdóttir og eiga þau saman fjögur börn.

Árið 2015 leiddi gagnaleki í ljós að Bjarni hafði verið skráður notandi á vefsíðunni Ashley Madison, sem er tengslavefur fyrir gift fólk eða fólk í samböndum sem hyggst halda framhjá maka sínum. Bjarni hafði verið skráður þar undir notendanafninu „IceHot1“. Í yfirlýsingu hjónanna sögðust Bjarni og Þóra hafa skráð sig saman á vefinn upp á grín.

Tilvísanir

Tenglar 

 Vefsíða Bjarna
 Lánasafn nýju bankanna afar lélegt
 Bjarni vill afnema verðtrygginguna
 Bjarni talar um tengsl sín við viðskiptalífið
 Kom ekki nálægt fasteignabraskinu
 Um ætt Bjarna í DV
 Stendur ekki til að yfirheyra Bjarna; af Vísi.is 25. jan. 2010
 Stóra plottið: Bjarni og félagar söfnuðu 45 milljörðum 
 Bjarni Ben í braski: Veðsetti bréfin í Vafningi (Myndir) 
 Bjarni Ben: Turninn í Makaó innlegg Wernersbræðra 
 Bjarni: Stýrði og átti í BNT en segir Vafning ekki koma sér við 
 Dómgreind mín brást ekki, Rúv.is 14. febrúar 2012

Fjármálaráðherrar Íslands
Formenn Sjálfstæðisflokksins
Forsætisráðherrar Íslands
Fólk nefnt í Panamaskjölunum
Íslenskir lögfræðingar
Stúdentar úr Menntaskólanum í Reykjavík
Þingmenn Sjálfstæðisflokksins",Hvaða útlendskt fyrirtæki kom Bjarni Benediktsson á fót?,"{'answer_start': array([4550], dtype=int64), 'text': array(['Falson & co'], dtype=object)}"
https://is.wikipedia.org/wiki/J%C3%B3hannes,Jóhannes,"Jóhannes er íslenskt karlmannsnafn.

Nafnið er upphaflega hebreskt, יְהוֹחָנַן (umritað: Yehôḥānān) sem þýðir „Guð er náðugur“.

Þaðan færðist nafnið yfir í grísku sem Ιωάννης (Ioannes) og þaðan í latínu sem Johannes.

Dreifing á Íslandi

Tengd nöfn 
 Jóhann (stytting)
 Jóhanna (kvenmannsnafn)
 Jens (stytting)
 Jensína (kvenmannsnafn)
 Jói (stytting)
 Jóa (stytting)
 Jón (stytting)
 Jóna (stytt kvenmannsnafn)
 Jónína (kvenmannsnafn)
 Hannes (stytting)
 Hans (stytting)
 Hansína (kvenmannsnafn)

Erlendar útgáfur 
 Bretónska: Yann
 Enska: Johannes, John, Shaun, Shawn
 Esperanto: Johano
 Franska: Jean
 Færeyska: Jóhannes, Jóannes
 Gríska: Ιωάννης
 Hebreska: Yoḥanan
 Ísraelsk hebreska: Yochanan
 Hollenska: Johannes
 Ítalska: Giovanni, Gianni
 Norska: Johannes
 Portúgalska: João
 Pólska: Jan
 Rússneska: Иван (Ívan)
 Slóvenska: Johan, Ján
 Spænska: Juan
 Sænska: Johan
 Tékkneska: Jan
 Þýska: Johannes

Þekktir nafnhafar 
Jóhannes Páll 2.
Johannes Kepler
Jóhannes Sveinsson Kjarval
Jóhannes Jósefsson
Jóhannes Jónsson
Jóhannes úr Kötlum
Jóhannes Nordal
Jóhannes Gijsen
Ólafur Jóhannes Einarsson

Heimildir 

 

 

Íslensk karlmannsnöfn",Hvaða nafn er notað á hebresku fyrir Jóhannes?,"{'answer_start': array([68], dtype=int64), 'text': array(['יְהוֹחָנַן'], dtype=object)}"
https://is.wikipedia.org/wiki/Tsuga%20dumosa,Tsuga dumosa,"Himalajaþöll, (fræðiheiti) Tsuga dumosa, eða á kínversku, Yunnan tieshan (einfölduð kínv. = 云南铁杉 , hefðbundin kínv. = 雲南鐵杉   framb. = Yúnnán tiěshān), er tegund af barrtrjám ættuð frá austur Himalajafjöllum. Þar vex hún í hlutum Nepal, Indlands, Bútan, Búrma , Víetnam, Tíbet, og Kína. Innan búsvæðis þess er það notað í byggingar sem og húsgögn. Í Evrópu og Norður-Ameríku, kemur hún einstöku sinnum fyrir sem prýðistré og var fyrst flutt til Bretlands 1838.

Lýsing
Tsuga dumosa er tré sem verður 20 til 25 metra há og einstaka sinnum að 40m há. Þvermálið í brjósthæð er oft 40 til 50 sm, en getur orðið meir en 100 sm. Krónan á litlum trjám er egglaga. Eldri tré eru oft með marga stofna upp af einum eða tvem aðalstofnum, særstaklega ræktuð. Króna fullvaxinna trjáa er breið, óreglulega pýramýdalaga og gisin. Börkurinn er svipaður og á gömlu lerki: nokkuð bleikleitur til grábrúnn og með breiðum og grunnum og flögnuðum sprungum. Greinarnar eru skástæðar til hornréttar. Smágreinarnir eru rauðbrúnar eða grágular á fyrsta ári og hærðar. Tveggja til þriggja ára greinar grábrúnar eða dökkgráar með blaðörum. Timbrið er fínlegt brúngult og beinum æðum.

Útbreiðsla og búsvæði
Tsuga dumosa vex almennt í Himalajafjöllum. Í Indlandi, hún kemur fyrir frá Uttarakhand í vestri til Arunachal Pradesh í austri. Svæðið nær áfram suðaustur til norður Búrma og Víetnam, og norðaustur til suðaustur Tíbet og í Kína, þar sem hún kemur fyrir í norðaustur Yunnan og suðaustur Sichuan. Yfirleitt er hún þar á fjallshlíðum og árdölum í 2300 til 3500 metra hæð. Í Víetnam finnst hún bara yfir 1500 metra hæð, á Hoang Lien Son fjalli. Þar vex hún í bland við Rhododendron spp. og Abies pindrow, þó hún geti einnig verið í hreinum skógi. Hún er aðlöguð svæðum með köldu loftslagi og mikilli úrkomu og raka.

Tilvísanir

Þallarætt",Hvenær var rhododendron fyrst flutt til Bretlands?,"{'answer_start': array([454], dtype=int64), 'text': array(['1838'], dtype=object)}"
https://is.wikipedia.org/wiki/Supergirl,Supergirl,"Supergirl eru bandarískir sjónvarpsþættir sem hófu göngu sína haustið 2015. Þættirnir byggja á DC Comics karakternum Supergirl sem Otto Binder og Al Plastino sköpuðu árið 1959. Supergirl, einnig þekkt sem Kara Zor-El, er frænka Kal-El, sem margir þekkja sem Clark Kent eða Superman, og er eins og frændi hennar frá plánetunni Krypton.

Söguþráður
Kara Zor-El er 13 ára þegar Krypton er við það að tortímast. Foreldrar hennar senda hana því í geimskipi til jarðar til þess að gæta kornungs frænda síns Kal-El. Á leiðinni lendir hún hins vegar í háska og endar í Phantom Zone fangelsinu og er föst þar í 24 ár. Þegar skipið hennar kemst loks til jarðar hefur frændi hennar vaxið úr grasi og er orðinn Superman. Kara er því send til að búa með Danvers hjónunum sem eiga eina dóttur, Alex, en þær Kara verða síðar meir eins og mjög nánar systur. Þættirnir hefjast 11 árum eftir þessa atburði. Kara hefur látið lítið fyrir sér fara í öll þessi ár en þegar óvæntir atburðir gerast neyðist hún til að nýta ofurkrafta sína og verða ofurhetjan sem henni var ætlað að vera.

Hlutverk

Melissa Benoist sem Kara Danvers/Kara Zor-El/Supergirl: 24 ára kona frá plánetunni Krypton sem sættist við ofurkrafta sína og verður Supergirl. Þegar þættirnir hefjast vinnur hún sem aðstoðarmaður Cat Grant hjá fyrirtækinu CatCo en síðar verður hún fréttaritari hjá sama fyrirtæki. Sem Supergirl hjálpar hún systur sinni og öðrum sem vinna hjá DEO stofnuninni til að koma í veg fyrir árásir geimvera.
Mehcad Brooks sem James ""Jimmy"" Olsen/Guardian: Fyrrverandi ljósmyndari hjá blaðinu Daily Planet og vinur Clark Kent. Hann er vinur og samstarfsmaður Köru hjá CatCo. Í annarri seríu þáttana verður James ofurhetjan Guardian þrátt fyrir að hafa enga ofurkrafta.  
Chyler Leight sem Alex Danvers: systir Köru. Hún er vísindamaður og fulltrúi hjá CEO stofnuninni. Alex er vinnur náið með J'onn J'onzz.
Jeremy jordan sem Winslow ""Winn"" Schott, Jr: Besti vinur Köru sem vinnur hjá sem tækni sérfræðingur hjá CatCo. Í 2. seríu hættir Winn störfum hjá CatCo til að verða fulltrúi hjá DEO.
David Harewood sem J'onn J'onzz/Martian Manhunter: Yfirmaður DEO sem breytir sér Hank Henshaw, þáverandi yfirmann DEO, sem lést við að góma J'onn. Sem Hank Henshaw bætir J'onn starfsemi DEO til hins betra. J'onn er frá plánetunni Mars og er síðasti græni marsbúinn.
Calista Flockhart sem Cat Grant: Stofnandi CatCo og yfirmaður Köru. Hún getur verið mjög ákveðin og trúir því að hún hafi ákveðinn eignarétt yfir Supergirl þar sem fréttir um ofurhetjuna birtust fyrst hjá CatCo.
Chris Wood sem Mon-El: Prins frá plánetunni Daxam, sem er systur pláneta Krypton. Mon-El hefur svipaða ofurkrafta og Supergirl og Superman. Hann verður síðar kærasti Köru.
Floriana Lima sem Maggie Sawyer: lögreglukona sem hefur mikinn áhuga á málum sem tengjast geimverum. Hún verður vinkona og síðar kærasta Alex.
Katie McGrath sem Lena Luthor: Framkvæmdarstjóri L-Corp og hálfsystir Lex Luthor, aðal óvinur Superman. Hún reynir hvað sem hún getur að sanna fyrir fólki að hún sé ekki illa innrætt eins og bróðir hennar. Lena verður síðar góð vinkona Köru.
Odette Annable sem Samantha Arias/Reign: Hún kemur frá Krypton en hefur alla sína tíð trúað því að hún sé mennsk. Samantha er einstæð móðir sem á dótturina Ruby. Annað sjálf Samönthu er illkvendið Reign sem er ætlað að koma Köru fyrir kattarnef.

Heimildir 

Sjónvarpsþættir",Með hverjum er Kara í sambandi?,"{'answer_start': array([2550], dtype=int64), 'text': array(['Mon-El'], dtype=object)}"
https://is.wikipedia.org/wiki/Beno%C3%AEt%20Mandelbrot,Benoît Mandelbrot,"Benoît B. Mandelbrot (fæddur 20. nóvember 1924 í Varsjá í Póllandi, lést 14. október 2010) er pólskættaður franskur stærðfræðingur. Hann er að stórum hluta ábyrgur fyrir þeim áhuga sem fólk hefur í dag á rúmfræði brotamynda, eða fractal geometry. Hann sýndi fram á að brotamyndir koma fram á mörgum stöðum bæði í stærðfræði og annars staðar í náttúrunni.

Hann fæddist árið 1924 inn í fjölskyldu með ríka menntahefð. Þó svo að faðir hans hafi verið fatakaupmaður, þá var móðir hans læknir. Sem ungur strákur var honum kynnt fyrir stærðfræði af tveimur frændum sínum. Þegar fjölskylda hans fluttist til Frakklands árið 1936 tók frændi hans, Szolem Mandelbrojt, sem var þá prófessor í stærðfræði hjá Frakklandsháskóla, við umsjón á menntun hans. Þar var honum kynnt verk G.H.Hardy mjög vel, og með því öðlaðist Mandelbrot vissa andstyggð á hagnýtri stærðfræði, sem hefur síðan elst af honum.

Á námsárunum stundaði hann nám við Lycée Rolin háskólann í París fram að seinni heimsstyrjöld, og í Lyon háskóla og École Normale háskóla eftir seinni heimsstyrjöld. Hann stundaði þar nám undir Paul Lévy. Að lokinni doktorsgráðu sinni fór hann í California Institute of Technology og svo seinna til Princeton, þar sem að hann stundaði frekara viðbótarnám undir leiðsögn John von Neumann. 

Árið 1958 hætti hann svo námi og kennslu tímabundið og hóf vinnu hjá IBM í Bandaríkjunum, en þar gerði hann sína merkilegustu uppgötvun. Árið 1945 hafði frændi hans kynnt honum fyrir ritgerð Gaston Julia um brotamyndir, þar sem að hann lagði fram jöfnuna . Mandelbrot þótti ritgerðin heldur tilkomulítil, líklegast vegna andstyggðar sinnar á hagnýtri stærðfræði, en um 1970 lenti hann í því að þurfa að endurskoða greinina.

Sagan segir að Mandelbrot hafi verið falið það verkefni að finna út hvers vegna gagnatap varð í netsnúrum sem lágu víðsvegar um höfuðstöðvar IBM. Hann hafði hugsað málið í nokkra daga og rætt málið við samstarfsmenn sína, sem að sögðu gagnatapið líklegast til komið vegna þess að fólk með skrúfjárn væri að fikta í netkerfinu hér og þar í byggingunni.

Mér er alveg sama um menn með skrúfjárn, ég vil finna aðferð til þess að reikna út hvers vegna þeir eru að þessu og hvenær ég get átt von á þeim., var hans svar.

Í framhaldi áttaði hann sig á því að gagnatapið var í raun vegna rafsegulsviðs sem snúrurnar gáfu frá sér, og að gagnatapið var útreiknanlegt, samkvæmt formúlunni . Þetta fékk hann til þess að þróa Mandelbrot mengið, sem Julia mengið getur verið reiknað út frá.

Tilvitnannir 
 Vísindin væru eyðilögð ef, líkt og íþróttir, þær væru settar í samkeppni fram yfir allt annað, og ef að það væri lagt til einföldunar á reglunum að flokka allar greinar niður í þröngt skilgreindar sérgreinar. Hinir fáu vísindamenn sem að eru flakkarar af eigin vali eru nauðsynlegir til þess að viðhalda vitsmunalegt heilbrigði hinna skilgreindu vísindagreina. - úr Who's Who

 Verandi tungumál skal stærðfræði ekki eingöngu notuð til þess að staðhæfa, heldur einnig, meðal annars, til þess að tæla. - Fractals : Form, chance and dimension (San Francisco, 1977).

 Ský eru ekki kúlur, fjöll eru ekki keilur, strandlengjur eru ekki hringir, tré eru ekki slétt, né heldur ferðast elding eftir beinni línu.

Ítarefni og heimildir 
 Heimasíða Benoit Mandelbrots 
 Ferilsskrá Benoit Mandelbrots 
 Mandelbrot á MacTutor 
 B. Mandelbrot, Comment j'ai decouvert les fractales, La Recherche (1986)
 M. Barnesley, Fractals are Everywhere

Mandelbrot, Benoît B.","Eftir að Mandelbrot útskrifaðist, hvar starfaði hann þá?","{'answer_start': array([1350], dtype=int64), 'text': array(['IBM í Bandaríkjunum'], dtype=object)}"
https://is.wikipedia.org/wiki/Sm%C3%A1virkjun,Smávirkjun,"Smávirkjun eða bændavirkjun er lítil vatnsaflsvirkjun. Smávirkjun getur verið heimarafstöð ætluð til raforkuframleiðslu til eigin nota á sveitabæ eða sumarbústað en getur einnig selt orku inn á dreifikerfi rafmagnsveitna. Margar heimarafstöðvar voru byggðar á fyrri hluta 20. aldar og um 1950 höfðu verið byggðar um 530 heimarafstöðvar. Þeim fækkaði svo með rafvæðingu sveitanna og árið 1992 voru 175 smávirkjanir í notkun á Íslandi (minni en 300 kw). Á árunum 2000 til 2009 voru byggðar um 30 smávirkjanir.

Litlar virkjanir eru flokkaðar eftir þremur meginþáttum en það eru uppsett afl, virkjuð fallhæð og hvort virkjun sé rennslisvirkjun eða með miðlunarlóni. Ef uppsett afl er undir 100 kW er virkjunin örvirkjun en smávirkjun  ef uppsett afl er á bilinu 100 til 300 kW og lítil virkjun ef uppsett afl er allt að 1000 kW.  Fallhæð undir 50 telst lítil fallhæð en meðalfallhæð er á bilinu 50-250 m og mikil fallhæð er meira en 250 m. Rennslisvirkjun er virkjun sem nýtir árvatn sem rennur hjá eftir náttúrulegum aðstæðum en er ekki með miðlunarlóni.

Heimildir 
 Litlar vatnsaflsvirkjanir (Iðnaðarráðuneytið apríl 2010) 
 Leiðbeiningar um mælingar á vatnsrennsli í smáám og lækjum

Virkjanir á Íslandi",Hversu margar litlar rafstöðvar voru starfandi á Íslandi árið 1992?,"{'answer_start': array([397], dtype=int64), 'text': array(['175'], dtype=object)}"
https://is.wikipedia.org/wiki/Bojko%20Borisov,Bojko Borisov,"Bojko Metodiev Borisov (búlgarska: Бойко Методиев Борисов; f. 13. júní 1959) er búlgarskur stjórnmálamaður sem var forsætisráðherra Búlgaríu frá 2009 til 2013, 2014 til 2017, og 2017 til 2021. Borisov er formaður hægrisinnaða GERB-flokksins og var áður borgarstjóri Sófíu frá 2005 til 2009.

Borisov er einnig fyrrum atvinnumaður í knattspyrnu og hefur spilað með knattspyrnuliðinu FC Vitosha Bistritsa. Árið 2013 varð hann elsti leikmaður sögunnar í atvinnumannadeild í Búlgaríu þegar hann lék í 54 mínútur með annarrar deildar liði Vitosha Bistritsa, þá 54 ára gamall.

Æviágrip
Bojko Borisov hefur starfað sem slökkviliðsmaður og á yngri árum vann hann jafnframt sem lífvörður Todors Zhívkov, síðasta kommúnistaleiðtoga Búlgaríu. Hann starfaði hjá búlgarska innanríkisráðuneytinu frá 2001 til 2005.

Árið 2005 var Borisov þingframbjóðandi fyrir Þjóðarhreyfingu fyrrverandi búlgarska keisarans Símons 2.. Hann náði kjöri en ákvað að halda áfram störfum í innanríkisráðuneytinu frekar en að taka sæti á þingi. Borisov var kjörinn borgarstjóri  Sófíu síðar sama ár. Árið 2009 leiddi Borisov nýja hægriflokkinn GERB (nafnið er búlgörsk skammstöfun fyrir nafnið „Borgarar í þágu evrópskrar þróunar Búlgaríu“) til sigurs í þingkosningum og varð forsætisráðherra Búlgaríu. Hann sagði af sér í mars 2013 vegna fjöldamótmæla gegn bágu efnahagsástandi og spillingu í landinu. Þegar kosningar voru haldnar á ný í maí sama ár hlaut GERB um þriðjung atkvæða.

Borisov sagði aftur af sér og kallaði til snemmbúinna þingkosninga í janúar árið 2017 eftir að frambjóðandi GERB-flokksins bað ósigur í forsetakosningum Búlgaríu í nóvember árið áður á móti Rumen Radev, frambjóðanda Sósíalistaflokksins. GERB fékk flest atkvæði í kosningunum sem haldnar voru í mars 2017 og Borisov sneri því aftur á forsætisráðherrastól að þeim loknum.

Á þriðja kjörtímabili sínu frá árinu 2017 átti Borisov í harðsvírugum deilum við Radev forseta, sem sakaði Borisov um að leyfa spillingu að blómstra í Búlgaríu og um að reyna að vængstífa stjórnarandstöðuna. Borisov sakaði Radev á móti um að reyna að grafa undan ríkisstjórninni með því að beita neitunarvaldi sínu ítrekað gegn lagafrumvörpum GERB-flokksins.

Í júní 2020 brutust út fjöldamótmæli gegn stjórn Borisovs sem vörðuðu ýmis spillingarmál. Kveikjan að mótmælunum varð þegar öryggislögreglan NSO stöðvaði búlgarskan þingmann á leið á baðströnd við Svartahaf nærri heimili Ahmeds Dogans, fyrrverandi leiðtoga Réttinda- og frelsishreyfingarinnar. Dogan var sakaður um að sölsa undir sig land í eigu hins opinbera og þiggja vernd á kostnað búlgarskra skattgreiðenda. Eftir að Rumen Radev lét þau orð falla að Dogan ætti ekki að njóta friðhelgi frá ákæru gerðu saksóknarar rassíu á skrifstofur forseta og handtóku tvo starfsmenn hans. Mótmælendurnir kröfðust afsagnar Borisovs og sökuðu hann um valdníðslu og spillingu, auk þess sem hann og ríkissaksóknarinn Ívan Gesjev voru sakaðir um að ganga mála olígarka sem réðu landinu á bak við tjöldin. Auk þess var óánægja víðtæk vegna viðbragða stjórnarinnar við alþjóðlega kórónaveirufaraldrinum, en smittíðni í landinu hafði hækkað verulega eftir að stjórnin lét aflétta samkomutakmörkunum.

Borisov stakk upp á breytingum á stjórnarskrá Búlgaríu til að koma til móts við mótmælendurna en tillögur hans féllu í grýttan jarðveg. Borisov hafnaði kröfum um afsögn sína og sat til loka kjörtímabils síns árið 2021, en baðst lausnar eftir að GERB tapaði verulegu fylgi í kosningum í apríl. Vegna pattstöðu sem myndaðist á búlgarska þinginu eftir kosningarnar voru þær endurteknar tvisvar á árinu, fyrst í júlí og síðan í nóvember. Staða GERB-flokksins batnaði þó ekki þegar kosningarnar voru endurteknar.

Einkahagir
Borisov er fráskilinn og á eitt barn með fyrrverandi konu sinni.

Önnur sambýliskona Borisovs til langs tíma var Tsvetelina Borislavova, heiðursræðismaður Íslands í Búlgaríu og lengi viðskiptafélagi Björgólfs Thors Björgólfssonar, sem rak um skeið með henni fjárfestingabankann EIBank.

Tilvísanir

Búlgarskir knattspyrnumenn
Forsætisráðherrar Búlgaríu",Hvaða tengsl voru á milli Björgólfs Thors Björgólfssonar og Tsvetelínu Borislavovu?,"{'answer_start': array([3868], dtype=int64), 'text': array(['viðskiptafélagi'], dtype=object)}"
https://is.wikipedia.org/wiki/Ernst%20Trygger,Ernst Trygger,"Ernst Trygger (f. 27. október 1857, d. 23. september 1943) var sænskur stjórnmálamaður og forsætisráðherra Svíþjóðar 1923-1924. Hann var íhaldsmaður og sá leiðtogi íhaldsmanna á millistríðsárunum sem eina mest bar á. Auk þess að gegna embætti forsætisráðherra var Trygger utanríkisráðherra Svíþjóðar frá 1928-1930.  

Trygger sem var lögfræðingur að mennt varð prófessor í lögfræði við Uppsalaháskóla árið 1889. Árið 1898 var Trygger kosinn á þing og sat hann á þingi til 1937. Trygger varð fljótt áberandi á þingi og var einn helsti leiðtogi hægrimanna á fyrstu áratugum tuttugustu aldar. Árið 1909 var hann kosinn leiðtogi íhaldsmanna í neðri deild þingsins og þegar þingflokkur íhaldsmanna, Þjóðarflokkurinn, eða Þjóðarflokks neðri deildar þingsins, (s. Första kammarens nationella parti, Nationella partiet), var myndaður árið 1912 með sameiningu Sameinaða hægriflokksins (s. Förenade högerpartiet) og Miðjuflokks neðri deildar þingsins (s. Första kammarens moderata parti) varð Trygger formaður flokksins. Hann gegndi því embætti frá 1913 til 1923 þegar hann gegndi embætti forsætisráðherra, og aftur frá 1924 til 1933 þegar hann lét af þingmennsku. Þjóðarflokkurinn sameinaðist Bænda- og borgaraflokknum (s. Lantmanna- och Borgarpartiet) árið 1935 sem mynduðu Hægriflokkinn (s. Högerns riksdagsgrupp). Annar helsti leiðtogi íhaldsmanna á þessum árum var Arvid Lindman, leiðtogi þingflokks íhaldsmanna í efri deild þingsins.

Eftir að önnur ríkisstjórn Hjalmar Branting féll árið 1923 var Trygger falið að mynda minnihlutastjórn. Stjórn Trygger sat fram að kosningum 1924 en þá juku sósíaldemókratar mjög við fylgi sitt og að kosningum loknum myndaði Branting þriðju ríkisstjórn sína.

Heimildir 
 

Forsætisráðherrar Svíþjóðar",Hvaða starfi gegndi Tryggvi á árunum 1928 til 1930?,"{'answer_start': array([272], dtype=int64), 'text': array(['utanríkisráðherra Svíþjóðar'], dtype=object)}"
https://is.wikipedia.org/wiki/Michael%20Jackson%20%28a%C3%B0greining%29,Michael Jackson (aðgreining),"Michael Jackson (1958–2009) var bandarískur söngvari, lagahöfundur og dansari þekktur sem „konungur poppsins“.

Michael Jackson, Mike Jackson eða Mick Jackson getur einnig átt við:

Fólk

Skemmtanaiðnaður 

 Michael Jackson (útvarpsfréttaskýrandi) (1934–2022), þulur bandarísks útvarpsþáttar, KABC og KGIL, Los Angeles
 Michael Jackson (rithöfundur) (1942–2007), kynnir Beer Hunter, bjór og viskí sérfræðingur
 Mick Jackson (leikstjóri) (fæddur 1943), breskur kvikmynda- og sjónvarpsleikstjóri, þekktur fyrir The Bodyguard
 Michael J. Jackson (fæddur 1948), enskur leikari frá Liverpool, þekktastur fyrir hlutverk sitt í Brookside
 Michael Jackson (sjónvarpsstjóri) (fæddur 1958), breskur sjónvarpsframkvæmdastjóri
 Mick Jackson (höfundur) (fæddur 1960), breskur rithöfundur, þekktur fyrir The Underground Man
 Mike Jackson (ljósmyndari) (fæddur 1966), breskur abstrakt- og landslagsljósmyndari, þekktur fyrir ljósmyndir af Poppit Sands.
 Michael Jackson (leikari) (fæddur 1970), kanadískur leikari
 Mike Jackson (kvikmyndaframleiðandi) (fæddur 1972), bandarískur kvikmyndaframleiðandi og hæfileikastjóri
 Michael R. Jackson (fæddur 1981), bandarískt leikskáld, tónskáld og textasmiður

Tónlistarmenn 

 Mike Jackson (tónlistarmaður) (1888-1945), bandarískur djass píanóleikari og tónskáld
 Mike Jackson (ástralskur skemmtikraftur) (fæddur 1946), fjölhljóðfæraleikari, lagahöfundur og barnaskemmtikraftur 
 Mick Jackson (söngvari) (fæddur 1947), enskur söngvari og lagasmiður
 Michael Gregory (djass gítarleikari) (fæddur 1953), bandarískur djass gítarleikmaður, áður nefndur Michael Gregory Jackson
 Mike og Michelle Jackson, ástralskt fjölhljóðfæradúett
 Michael Jackson (enska söngvari) (fæddur 1964), breskur söngvari í þungarokkshljómsveitinni Satan/Pariah
 Oh No (tónlistarmaður), áður Michael Woodrow Jackson (fæddur 1978), bandarískur rappari
 Michael Lee Jackson, gítarleikari
 Mick Jackson, bassaleikari í bresku hljómsveitinni Love Affair (1950-)

Hermenn 

 Michael Jackson (bandarískur hermaður) (1734–1801), hermaður frá Massachusetts, særður við Bunker Hill
 Mike Jackson (breskur herforingi) (fæddur 1944), fyrrverandi yfirmaður breska hersins
 Salman Raduyev eða Michael Jackson (1967-2002), téténskur stríðsherra

Stjórnmálamenn og embættismenn 

 Mike Jackson (stjórnmálamaður frá Texas) (fæddur 1953), repúblikani í öldungadeild Texas
 Michael P. Jackson (fæddur 1954), aðstoðarframkæmdarstjóri bandarískra heimavarna, 2005–2007
 Michael W. Jackson (fæddur 1963), umdæmissaksóknari í Alabama
 Michael A. Jackson (stjórnmálamaður) (fæddur 1964), frá sýslu Prince George, Maryland
 Mike Jackson (stjórnmálamaður í Oklahoma) (fæddur 1978), meðlimur í fulltrúadeild Oklahoma

Íþróttamenn

Bandarískur fótbolti 

 Michael Jackson (varnarleikmaður) (fæddur 1957), bandarískur varnarleikmaður NFL (1979–1986).
 Michael Jackson (útherji) (1969–2017), bandarískur stjórnmálamaður og útherji í NFL.
 Mike Jackson Sr. (fæddur 1997), bandarískur fótboltamaður

Fótbolti 

 Mike Jackson (fótboltamaður, fæddur 1939), skoskur fótboltamaður og knattspyrnustjóri
 Michael Jackson (fótboltakona, fædd 1963) (Mariléia dos Santos), brasilísk fótboltakona í kvennadeild.
 Mike Jackson (fótboltamaður, fæddur 1973), enskur fótboltamaður fæddur í Liverpool
 Michael Jackson (fótboltamaður, fæddur 1980), enskur fótboltamaður fæddur í Cheltenham

Aðrar íþróttir 

 Mike Jackson (örvhentur kastari) (fæddur 1946), bandarískur hafnaboltaleikmaður
 Mike Jackson (körfubolti) (fæddur 1949), bandarískur atvinnumaður í körfubolta (1972-1976)
 Michael Jackson (körfubolti) (fæddur 1964), bandarískur NBA atvinnumaður í körfubolta, Sacramento Kings (1987–1990)
 Mike Jackson (rétthentur kastari) (fæddur 1964), bandarískur hafnaboltaleikmaður
 Michael Jackson (ruðningsdeild) (fæddur 1969), ruðningsleikmaður Bretland, Wakefield Trinity, Halifax
 Mike Jackson (glímukappi) (fæddur 1949), bandarískur atvinnuglímukappi
 Mike Jackson (bardagaóþróttamaður) (fæddur 1985), bandarískur bargdagaíþróttamaður í blönduðum íþróttum

Annað fólk 

 Michael A. Jackson (tölvunarfræðingur) (fæddur 1936), hugbúnaðarsmiður
 Michael Jackson (mannfræðingur) (fæddur 1940), Nýja-Sjáland, prófessor í félagslegri mannfræði og rithöfundur
 Mike Jackson (bifvélar) (fæddur 1949), fyrrverandi forstjóri Mercedes-Benz í bandaríkjunum og forstjóri AutoNation
 Mike Jackson (kerfisfræðingur) (fæddur 1951), breskur skipulagshugmyndafræðingur og ráðgjafi
 Michael Jackson (morðingi) (fæddur 1954), bandarískur dæmdur morðingi
 Mike Jackson (verslun) (fæddur 1954), fyrrverandi formaður og framkvæmdastjóri rekstrar í Supervalu
 Michael Jackson (biskup) (fæddur 1956), Kirkja Írlands, Erkibiskup í Dublin, Írlandi, frá 2011
 Michael Jackson (blaðamaður), Niueeyskur blaðamaður og fyrrverandi stjórnmálamaður
 Michael Jackson, bandarískur glæpamaður ásamt Tiffany Cole

Persónur 

 Mike Jackson (persóna), persóna í Psmith bókunum eftir P. G. Wodehouse

Lög 

 „Michael Jackson“, lag eftir Cash Cash úr The Beat Goes On
 „Michael Jackson“, lag eftir Das Racist úr Relax
 „Michael Jackson“, lag eftir Fatboy Slim, B-hlið af „Going Out of My Head“
 „Michael Jackson“, lag eftir The Mitchell Brothers
 „Michael Jackson“, lag eftir Negativland úr Escape from Noise",Hver ritaði bókina Maðurinn undir jörðu?,"{'answer_start': array([716], dtype=int64), 'text': array(['Mick Jackson (höfundur)'], dtype=object)}"
https://is.wikipedia.org/wiki/Hentai,Hentai,"Hentai (japanska: 変態 eða へんたい) er japanskt orð sem þýðir „undarleg ásjón“ eða „undarlegheit“. Hinsvegar í talmáli getur það þýtt „perri“ og er notað í mörgum tungumálum sem heiti yfir erótíska tölvuleiki og manga og anime sem sýna gróft kynferðislegt efni. Í japönsku er þetta orð hinsvegar aldrei notað til að lýsa erótísku efni, heldur eru hugtökin „jū hachi kin“ (18禁; bannað sölu ungmenna þ.e.a.s. yngri en 18), „ecchi/H anime“ (kynferðislegt/klámfengið anime) „eroanime“ (エロアニメ; blanda af orðunum erotic og anime), eða „seinen“ (成年; fullorðins, sem ekki ætti að rugla saman við 青年, seinen sem þýðir „unglingar“).

Hugtakið „hentai“ er oft notað (utan Japan) til að lýsa klámfengnum teiknimyndum, sem er ekki endilega anime eða manga.

Bakgrunnur 

Í japönsku er orðið hentai kanji sem samanstendur af 変 (hen sem þýðir „undarlegt“ eða „óhefbundið“) og 態 (tai sem þýðir „útlit“), sem mætti gróflega þýða sem „öfuguggi“ eða „pervert“. Það er aldrei notað til að lýsa klámfengnu efni, heldur aðeins til að lýsa persónu.

Tengt efni 

 Anime
 Manga

Tenglar 
 Hentai: Þróun
 Samanburður á enskri og japanskri notun orðisinns Hentai
 Stutt saga 'Hentai'-s, eftir Mark McLelland

Japönsk hugtök
Klám","Í hvaða samhengi er orðið ""hentai"" yfirleitt notað fyrir utan Japan?","{'answer_start': array([663], dtype=int64), 'text': array(['til að lýsa klámfengnum teiknimyndum'], dtype=object)}"
https://is.wikipedia.org/wiki/David%20Cameron,David Cameron,"David William Donald Cameron (f. 9. október 1966) er breskur þingmaður og fyrrverandi forsætisráðherra Bretlands og leiðtogi Íhaldsflokksins. Cameron var 43 ára þegar hann tók við embættinu og er því næst yngsti forsætisráðherrann í sögu Bretlands á eftir Robert Jenkinson sem var 42 ára þegar hann tók við embætti.

Cameron nam heimspeki, stjórnmálafræði og hagfræði við Oxford-háskóla og útskrifaðist með fyrsta flokks einkun. Að námi loknu vann hann ýmis trúnaðarstörf fyrir Íhaldsflokkinn og stofnanir tengdar honum en starfaði síðan í sjö ár hjá fjölmiðlafyrirtækinu Carlton Communications.

Fyrsta framboð Cameron til þingsetu á breska þinginu kom til í þingkosningunum 1997 þegar hann bauð sig fram í kjördæminu Stafford en náði ekki kjöri. Í kosningunum 2001 náði hann þó á þing fyrir kjördæmið Witney í Oxfordshire. Tveimur árum síðar var hann kominn í framlínu flokksins í þinginu og fyrir kosningarnar 2005 stýrði hann stefnumótunarvinnu Íhaldsflokksins.

Cameron sigraði í leiðtogakjöri íhaldsmanna árið 2005 en hann var af mörgum talinn vera ungur og hófsamur stjórnmálamaður sem gæti mögulega náð til yngri kjósenda. Undir hans forystu náði íhaldsflokkurinn loks forskoti á Verkamannaflokkinn í skoðannakönnunum, í fyrsta skiptið frá stórsigri Verkamannaflokksins undir forystu Tony Blair árið 1997. Í þingkosningunum 6. maí 2010 fengu íhaldsmenn flest atkvæði og flest þingsæti en náðu þó ekki hreinum meirihluta. Þann 11. maí sagði Gordon Brown af sér sem forsætisráðherra og fékk Cameron þá umboð til að mynda nýja ríkisstjórn í samstarfi með Frjálslyndum demókrötum.

Eftir Bretar kusu að ganga úr Evrópusambandinu í þjóðaratkvæðagreiðslu sagði hann af sér. Theresa May tók við af honum í embætti forsætisráðherra þann 13. júlí 2016.

Heimild 
 

Cameron, David
Cameron, David",Hvar bauð Cameron sig fram í alþingiskosningunum 1997?,"{'answer_start': array([719], dtype=int64), 'text': array(['Stafford'], dtype=object)}"
https://is.wikipedia.org/wiki/Juan%20Ponce%20de%20Le%C3%B3n,Juan Ponce de León,"Juan Ponce de León (1474 – júlí 1521) var spænskur landkönnuður og landvinningamaður (conquistador). Hann var útnefndur fyrsti landstjóri Puerto Rico af spænsku krúnunni. Hann fór fyrstur Evrópubúa í landkönnunarleiðangur til Flórída, sem hann gaf nafn eftir fyrstu siglingu sína þangað árið 1513. Á seinni tímum hefur sprottið upp sú saga að hann hafi verið í leit að æskulindinni en engar samtímaheimildir bera vitni um slíkt svo líklegt þykir að sagan sé tómur uppspuni.

Ponce de León sneri aftur til suðvesturhluta Flórída árið 1521 og stóð fyrir fyrstu tilraun Spánverja til að stofna varanlega nýlendu á svæðinu, sem nú tilheyrir Bandaríkjunum. Frumbyggjum af Calusa-þjóðerni leist illa á þessa innrás Spánverja og börðust gegn þeim af hörku. Ponce de León særðist illa í átökunum og hætt var við stofnun nýlendunnar þegar hann dó úr sárum sínum eftir heimkomuna til Kúbu. Hann var grafinn í Puerto Rico og gröf hans má nú finna í dómkirkju San Juan Bautista í San Juan.

Tilvísanir

Spænskir landkönnuðir
Spænskir landvinningamenn",Á hvaða stað var sagt að Ponce de León hafi leitað að lind æskunnar í seinni tíma frásögnum?,"{'answer_start': array([385], dtype=int64), 'text': array(['engar samtímaheimildir bera vitni um slíkt'], dtype=object)}"
https://is.wikipedia.org/wiki/Tianjin%20Binhai%20al%C3%BEj%C3%B3%C3%B0aflugv%C3%B6llurinn,Tianjin Binhai alþjóðaflugvöllurinn,"Alþjóðaflugvöllur Tianjin Binhai (IATA: TSN, ICAO: ZBTJ) (kínverska: 天津滨海国际机场; rómönskun: Tiānjīn Bīnhăi Guójì Jīchǎng) er meginflughöfn Tianjin, borghéraðs Alþýðulýðveldisins Kína. Flugvöllurinn er ein helsta flugmiðstöð Kína. Hann þjónar bæði innanlands- og millilandaflugi og er stór í framflutningum. 

Flugvöllurinn er staðsettur í Dongli hverfinu um 13 kílómetra frá miðborg Tianjin. og 30 kílómetrum frá nýju höfninni I borginni. Þrátt fyrir nafnið Binhai er flugvöllurinn ekki í því svæði við höfnina sem nú er kallað Binhai. Þar er iðnþróunarsvæði Tianjin sem ætlað er að endurtaka þá þróun sem sést hefur í Shenzhen borg og Pudong-hluta Sjanghæ borgar.
Flugvöllurinn hefur þrjár farþegamiðstöðvar og þrjár flugbrautir.  

Árið 2019 afgreiddi flugvöllurinn meira en 23.6 milljónir farþega og um 260 þúsund tonn af farmi.

Saga 

Fyrsti flugvöllur borgarinnar var byggður á umráðasvæði Breta í borginni árið 1920. Forveri núverandi flugvallar var Tianjin Zhangguizhuang flugvöllurinn var síðan byggður árið 1939. Hann hefur verið þróaður síðan. Árið 1979 var aðalbraut flugvallarins lengd í 3.200 metra og 50 metrar á breidd. Tíu árum síðar var samþykkt heildarendurskoðun á flugvellinum. Þá var flugstöðvarbyggingin stækkuð verulega. Árið 1995 fékk flugvöllurinn núverandi heiti. Hann var þá með tvær flugbrautir og tvær farþegamiðstöðvar. 

Vegna nálægðar við flugvöll höfuðborgarinnar Beijing var þróun Tianjin flugvallar lengi takmörkuð.
Árið 2005 hófst breikkun fyrstu flugbrautarinnar í 75 metra og hún lengd í 3.600 metra. Árið 2009 lauk flugvellinum framkvæmdum við aðra flugbraut.

Smíði nýrrar farþegamiðstöðvar hófst árið 2005 og var tekin í notkun árið 2008. Hún var þrefalt stærri en fyrsta stöðin. 

Árið 2019 var hafist handa við enn eina stækkunina með því að byggja þriðju farþegamiðstöðina um 400.000 fermetra að stærð. Að auki er þriðja flugbrautin á teikniborðinu. Á sama tíma er verið að byggja upp lestartengingar við flugvöllinn.

Fyrirhuguð er 25 ferkílómetra stækkun flugvallarins í 80 ferkílómetra. Þá er gert ráð fyrir að flugvöllurinn svipi til Schiphol flugvellinum í Amsterdam hvað stærð varðar og muni þá geta annað um 500.000 tonna farm og 200.000 flug á ári. Áætlanir gera ráð fyrir að árið 2040 nái farþegaflutningar Tianjin-flugvallar um 40 milljónum farþega.

Samgöngur við flugvöllinn 

Strætisvagnar og gott vegakerfi tengja flughöfnina við borgina og nærliggjandi svæði. Í uppbyggingu er  snarlestarkerfi sem mun tengja flughöfnina við miðborg Tianjin.

Flugfélög 

Flugvöllurinn er aðalmiðstöð og safnvöllur fyrir heimaflugfélagið Tianjin Airlines og Okay Airways. Að auki er flugvöllurinn mikilvægur áhersluflugvöllur fyrir Air China.
Alþjóðaflug eru aðallega á vegum Korean Air, Asiana Airlines, All Nippon Airways, Japan Airlines og LOT Polish Airlines.

Alls starfa á flugvellinum 49 farþegaflugfélög og 1o farmflugfélög.

Flugleiðir 

Flestir áfangastaðir flugvallarins eru innan Kína, þar sem hann þjónar flestum stærri borgum landsins. Flugvöllurinn hefur ýmsa alþjóðlega áfangastaði, svo sem Dæmi um borgir eru Singapúr, Bangkok, París, Taípei, Tókíó, Vladívostok, Kúala Lúmpúr, og Varsjá.

Tölfræði

Tenglar 

 Tianjin borg
 Kínverskur (og enskur) vefur Tianjin Binhai alþjóðaflugvallarins .
 Vefsíða Travel China Guide um Tianjin Binhai flugvöllinn.. Almennar upplýsingar, kort af flugvellinum, samgöngur almenningsvagna á flugvöllinn o.fl.

Heimildir 
 
 
 
 

 
Flugvellir í Kína",Hvaða alþjóðlegar borgir eru í boði frá Tianjin flugvelli?,"{'answer_start': array([3067], dtype=int64), 'text': array(['Singapúr, Bangkok, París, Taípei, Tókíó, Vladívostok, Kúala Lúmpúr, og Varsjá'],
      dtype=object)}"
https://is.wikipedia.org/wiki/Robert%20Hooke,Robert Hooke,"Robert Hooke (f. 18. júlí 1635, d. 3. mars 1703) var breskur eðlis- og efnafræðingur.

Faðir hans var John Hooke, umsjónamaður Allraheilagakirkju í Freshwater á Wighteyju. Robert átti þrjá bræður sem allir urðu að prestum. Er Robert sat við nám sitt fékk hann mikla höfuðverki og kom þetta í veg fyrir að hann gæti sótt nám með sama hætti og bræður hans. Foreldrar hans óttuðust að hann yrði ekki langlífur og leyfðu honum að haga námi sínu eftir eigin hentisemi. Átta ára gamall hélt hann til Christ Church við Oxford. Þar kynntist hann Robert Boyle. Árið 1662 var Hooke skipaður umsjónamaður tilrauna fyrir Hið Konunglega félag.

Meðal uppgötvanna Hookes var Lögmál Hookes um fjaðurmagn. Árið 1662 gaf Hooke út bókina Micrographia með skissum eftir hann af því sem hann hafði athugað með aðstoð smásjár. Bókin varð vinsæl og seldist vel frá byrjun. Í bókinni lýsir Hooke í fyrsta skiptið frumu og er enska heitið cell komið til vegna þess að honum þótti lögum og útlit frumunnar minna á herbergi munka í klaustrum, cellula. Sama ár og bók hans kom út tók hann stöðu prófessors í rúmfræði við Gresham-háskóla. Hooke var helsti aðstoðarmaður hins fræga arkitekts Christopher Wren og átti þátt í hönnun Monument, Hinnar konunglegu athugunarstöð við Greenwich, Bethlem-sjúkrahússins o.fl. Robert dó árið 1703, 68 ára að aldri.

Breskir eðlisfræðingar
Breskir efnafræðingar
Breskir arkitektar",Á hvaða ári fæddist Robert Hooke?,"{'answer_start': array([17], dtype=int64), 'text': array(['18. júlí 1635'], dtype=object)}"
https://is.wikipedia.org/wiki/Hjarta,Hjarta,"Hjarta er líffæri sem finnst í flestum dýrum og hefur það hlutverk að dæla blóði um æðakerfið. Hjartað viðheldur þannig hringrás blóðsins. Blóðið ber súrefni og næringarefni til allra fruma í líkamanum og flytur í burtu úrgangsefni til útskilnaðar.

Mannshjarta er staðsett í brjóstholinu á milli lungnanna til vinstri fyrir ofan þindina, í skjóli á bak við bringubeinið og rifbeinin. Stærð þess er á við krepptan hnefa. Í konum vegur það um 250-300g en í körlum um 300-350g. Í mannslíkamanum eru að meðaltali 5 lítrar af blóði.

Gerð

Hjartavöðvinn 
Þrjú meginlög eru í hjartavöðvanum: Þunn hjartahimna (latína: epicardium) úr fituvef og bandvef er utan um hjartavöðvann. Miðlagið er hjartavöðvinn (myocardium) en hann er gerður úr sérstökum hjartavöðvavef og myndar þykkasta hluta veggjarins. Innsta lagið er hjartaþelið (endocardium) sem er örþunnt og slétt lag af innþekjufrumum sem klæðir hjartað að innan. Ásamt því að þekja hjartahólfin þekja þessar innþekjufrumur einnig hjarta- og æðalokurnar og allar æðar í blóðrásarkerfinu.

Utan um hjartað liggur tvöfaldur teygjanlegur poki úr bandvef sem kallast gollurshús (pericardium). Ytra lagið er samvaxið skilrúmi milli lungnanna, heldur hjartanu á sínum stað og kemur í veg fyrir að það þenjist of mikið út. Innra lagið liggur utan um hjartað sjálft. Á milli laganna er vökvi til að minnka núning við samdrátt hjartans milli aðliggjandi líffæra.

Hjartavöðvinn er einstakur að gerð. Hann líkist þverrákóttum vöðvum en er samt stjórnað af ósjálfráða taugakerfinu. Hjartavöðvafrumur eru greinóttar með aðeins einn kjarna og liggja mjög þétt saman til að tryggja hraðan boðflutning um hjartað. Þéttriðið net sem hjartafrumurnar mynda veldur því að rafboð sem valda samdrætti berast hratt í gegnum allar frumurnar. 

Vöðvafrumur eru myndaðar úr örmjóum samsíða próteinþráðum sem kallast aktín og mýósín. Aktín- og mýósínþræðirnir raða sér reglubundið upp svo áferðin á vöðvanum verður rákótt. Við vöðvasamdrátt dragast þessir þræðir ekki saman heldur ganga þeir á víxl og valda vöðvasamdrætti. Vöðvafrumurnar í hjartanu vinna því saman að því að dæla blóðinu. Þegar þær eru í slaka geta þær lengst og þá geta hjartahólfin þanist út þegar þau fyllast af blóði. Þegar þræðirnir dragast svo saman styttast þeir og blóðið dælist út í æðarnar.

Þar sem hjartavöðvinn dregst stöðugt saman, þurfa hjartavöðvafrumurnar að vera úthaldsmiklar. Þess vegna innihalda þeir mikið magn hvatbera og öndunin er nær eingöngu loftháð. Í hvatberum fer fram frumuöndun, en þar eru ensím sem brjóta niður lífræn efni og mynda adenosínþrífosfat (ATP) sem er orkuforði frumunnar.

Hólf 

Hjartað er holur vöðvi með fjögur hólf sem skiptist í hægri og vinstri helminga. Efri hólfin kallast gáttir (atrium) en neðri hólfin kallast hvolf (ventriculum). Súrefnissnautt blóð frá líkamanum berst til hægri gáttar gegnum holæðar og þaðan er blóðinu dælt í hægri hvolf sem dælir því svo til lungnanna. Frá lungunum berst svo súrefnisríkt blóð til vinstri gáttar sem sér um að dæla blóðinu niður í vinstra hvolf. Frá vinstra hvolfi er blóðinu dælt upp ósæðina sem sér um að flytja súrefnisríka blóðið til alls líkamans. Það má því segja að hjartað er í raun tvær dælur sem starfa saman samtímis, önnur sem dælir blóði til lungna og hin til vefja líkamans.

Vegna ólíkra hlutverka hólfanna er þykkt hjartaveggjanna mismunandi eftir hólfum. Gáttirnar sem sjá um dæla blóðinu í neðri hjartahólfin eru svipaðar að þykkt, en þykkt hvolfanna er mismunandi þó þau séu að dæla sama magni blóðs. Muninn á þykktinni má rekja til þess að hægra hvolf þarf ekki jafn mikinn kraft þar sem lungnablóðrásin er styttri og hefur því minna viðnám. Vinstra hvolfið þarf að vinna gegn meira viðnámi til að dæla blóðinu út til líkamans og þarf því meiri kraft.

Blóðinu úr hægra hvolfi er dælt um lungnaslagæð til lungnanna þar sem loftskipti fara fram. Frá vinstra hvolfi er blóðinu hins vegar dælt mun lengri leið þar sem það fer um ósæðina í sífellt minni slagæðar sem flytja blóðið til alls líkamans. Vinstra hvolfið er því með töluvert þykkari veggi en hægra hvolfið, þar sem meiri vöðvamassa þarf til að dæla blóðinu lengri leið.

Á milli hjartahólfanna er skilrúm (septum) sem er vöðvaveggur sem kemur í veg fyrir að blóð flæði á milli vinstri og hægri hliðar hjartans. Á fósturstigi er gat á milli gáttanna, nefnt sporgat (foramen ovale), til þess að beina mestu af blóðinu fram hjá lungunum á meðan engin loftskipti fara fram. Þá er beint flæði á milli hægri og vinstri gáttar sem lokast strax eftir fæðingu vegna þrýstingsaukningar í vinstri gátt (septum primum). Á milli hvolfanna er skilrúmið (septum intraventriculare) þykkara en á milli gáttanna þar sem kraftur hvolfanna er mun meiri.

Hjartalokur 

Í hjartanu eru fjórar hjartalokur sem sjá um að beina blóðinu í gegnum og frá hjartanu í eina átt, frá gátt til hvolfs og frá hvolfi til lungnaæðar og ósæðar. Hjartalokurnar eru gerðar úr lagi af hjartaþeli sem er styrkt með bandvef og er það uppistaða hvers flipa fyrir sig. Þessar hjartalokur eru eins konar einstefnulokar. Ef þessar lokur verða fyrir skemmdum veldur það auknu álagi á hjartað og truflar starfsemi þess. 

Í hægri hluta hjartans er þríblöðkuloka (valva atrioventricularis dextra) og í vinstri hluta er míturloka (valva atrioventricularis sinistra) sem aðskilja gáttir og hvolf. Í stóru slagæðunum sem flytja blóð frá hjartanu liggur lungnaæðarloka (valva trunci pulmonalis) á milli lungnaslagæðar og hægra hvolfs, og ósæðarloka (valva aortae) á milli ósæðar og vinstra hvolfs.

Ákveðinn meginmunur er á milli þess hvort lokan liggi á milli gátta og hvolfa eða hvort hún liggi á milli hvolfa og æða. Þríblöðkulokan er gerð úr þremur flipum og er staðsett á milli hægri gáttar og hægra hvolfs og míturlokan sem er gerð úr tveimur flipum er staðsett á milli vinstri gáttar og vinstra hvolfs. Þær eru báðar gerðar úr flipum úr hjartaþeli og bandvef sem eru svo tengdir með bandvef (chordae tendineae) við totuvöðva (musculi papillares). Totuvöðvarnir eru fastir við veggi hvolfanna og taka þátt í opnun og lokun þeirra. Þegar hvolfin dragast saman dragast totuvöðvarnir einnig saman og og loka á milli gáttar og hvolfs og koma þannig í veg fyrir að blóðið flæði aftur inn í gáttina.

Tvær lokur eru staðsettar á milli hvolfa og æða. Þær eru lungnaæðaloka og ósæðarloka. Báðar lokurnar eru með þrjá flipa sem eru eins uppbyggðir, en þó smærri en í lokunum á milli gátta og hvolfa. Þessar lokur hafa hins vegar enga totuvöðva sem taka þátt í opnun og lokun heldur stjórnast eingöngu af þrýstingi blóðsins. Þegar hvolfin dragast saman opnast þessar lokur vegna aukins þrýstings. Þegar hvolfin slakna og þrýstingur er orðin meiri í æðinni vill blóðið flæða til baka í þau, en í staðinn rekst það á lokuflipana sem lokast við það.

Rafleiðnikerfi 

Net sérhæfðra vöðvafruma sér um samdrátt hjartavöðvans. Í hægri gátt hjartans eru svokallaðar gangráðsfrumur í sínushnút (nodus sinuatrialis). Boð frá honum valda því að gáttir dragast saman og blóðið dælist niður í hvolfin. Afskautun í sínushnút sendir rafboð eftir brautum til gátta- og skiptahnúts eða AV-hnúts (nodus atrioventricularis).  Þar hægist á boðunum í stutta stund. Þessi töf í skiptahnút veldur því að gáttir og hvolf eru ekki að dragast saman samtímis. Frá skiptahnút fara boðin í gegnum hisknippi og þráðaknippi til hægra og vinstra hvolfs. Þau dragast saman og dæla blóði úr hjartanu út í æðarnar. 

Hægt er að sjá þennan flutning rafboða um hjartavöðvann hjartalínuriti (EKG) og hægt er að lesa úr línuritinu hvort starfsemi hjartans sé eðlileg. Hjartalínuritið nemur rafbreytingar við hvern hjartslátt. Hjartalínuritið sýnir P-bylgju sem kemur fram við samdrátt gátta, QRS-mynd sem táknar samdrátt hvolfanna og T-bylgju sem vísar til slökunar á hvolfunum.

Kransæðar 

Hjartað er sístarfandi og þarf að meðaltali 8-10 ml af súrefni á hverri mínútu. Hjartað þarf því mikla næringu sem það fær frá æðum sem umlykja það og kallast kransæðar. Kransæðarnar greinast frá ósæðinni rétt eftir að hún kemur frá vinstra hvolfi. Kransæðarnar skiptast í hægri og vinstri kransæðar sem greinast svo í smærri æðar sem mynda æðanet umhverfis hjartað. Vinstri kransæðin nærir fremri, efri hluta og hluta af aftari hluta vinstri hluta hjartans, en sú hægri sér um hægri hluta sem og hluta af aftari hluta vinstri helmings. 

Æðanetið í hjartanu er umfangsmikið. Það tryggir nægilegt súrefni í vöðvann og bregst við mismikilli súrefnisþörf hjartans háð því hvað einstaklingur gerir hverju sinni. Súrefnissnautt blóð frá hjartavöðvanum fer svo til hægri gáttar með bláæð sem kallast kransstokkur (sinus coronarius).

Starfsemi 
Hjartað er í raun tvær dælur sem starfa saman og er stjórnað með rafboðum sem valda samhæfðum samdrætti. Allir vefir líkamans þurfa súrefni (O2) til að starfa sem kemst til þeirra með slagæðakerfi líkamans. Súrefnissnautt blóð sem flytur úrgangsefni eins og koldíoxíð (CO2) berst frá vefjunum líkamans eftir bláæðum í átt til hjarta. 

Bláæðar sameinast þegar nær dregur hjartanu í stærri æðar og blóðið berst að lokum með tveimur holæðum, efri og neðri holæð (vena cava superior og vena cava inferior) inn í hægri gátt hjartans. Blóðið flæðir beint inn í hægri gáttina. Þaðan fer það í gegnum þríblaðalokuna til hægra hvolfs. Þegar hjartað dregst saman fer blóðið upp frá hægra hvolfi upp til lungna í gegnum lungnaslagæð. Lungnaæðaloka er staðsett við upphaf lungnaslagæðar og kemur í veg fyrir að blóðið renni til baka til hjartans. 

Hringrásin á milli lungna og hjarta kallast lungnablóðrás. Hún sér um að skila úrgangsefnum frá líkamanum og koma súrefni að nýju í blóðið í gegnum loftskipti í lungunum. Hringrásin skilar af sér súrefnisríku blóði að nýju til hjartans svo hjartað geti dælt því áfram til vefja líkamans.

Frá lungunum berst súrefnisríkt blóð í gegnum lungnabláæðar sem eru fjórar talsins til vinstri gáttar. Blóðið flæðir frá vinstri gátt í gegnum míturlokuna ofan í vinstra hvolf. Við samdrátt hjartans fer blóðið frá vinstra hvolfi upp í gegnum ósæðarlokuna í ósæðina (aorta). Á milli vinstri hvolfs og ósæðar er ósæðarloka sem veldur því að blóðið streymir ekki til baka til hjartans. 

Ósæðin er stærsta slagæð líkamans. Þegar hún kemur út frá hjartanu kallast hún rismeginæð (aorta ascendens) og þar greinast frá henni kransæðar hjartans sem sjá um að næra hjartavöðvann. Næst kemur ósæðarboginn (arcus aorta), en í honum greinast frá æðinni þrjár megingreinar sem sjá um að koma næringu upp til höfuðs og háls og til efri útlima. Þær æðar sem greinast frá ósæðarboganum kallast arms- og höfuðslagæðin (truncus brachiocephalicus) og flytja blóð til hægri hliðar höfuðs og háls og í hægri efri útlim. Vinstri hálsslagæð (arteria carotis communis sinistra) flytur blóð til vinstri hliðar höfuðs og háls og vinstri neðanviðbeinsslagæð (arteria subclavia sinistra) sem flytur blóð til vinstri efri útlims. Þriðji hluti ósæðar sem greinist frá ósæðarboganum er fallmeginæð (aorta descendens) sem greinist svo í fleiri greinar. Þessi hluti sér um að koma súrefnisríku blóði til innri líffæra, bols og neðri útlima.

Hjartsláttur/púls 
Ef hlustað er á hjarta með hlustunarpípu heyrast tvö hljóð. Fyrra hjartahljóðið er þegar lokurnar milli gátta og hvolfa skella aftur við samdrátt hvolfanna og seinna hjartahljóðið er þegar lokurnar á milli hvolfa og stóru slagæðanna skella aftur þegar þrýstingurinn í æðunum er orðin meira en í hvolfunum.

Hjartslætti er stjórnað af boðum frá ósjálfráða taugakerfinu bæði frá drifkerfi og sefkerfi þess. Ósjálfráða taugakerfið veldur því að hjartsláttur eykst þegar við bregðumst við ytra áreiti eins og hræðslu og kvíða. Púls segir til um hve oft hjartað slær á mínútu. Hjá meðalmanni slær hjartað 70 sinnum á mínútu í hvíld og dælir þá um 5 lítrum af blóði á sama tíma. Hjartað slær örar við áreynslu til að koma meiri næringu í vöðva líkamans. Hjá vel þjálfuðu íþróttafólki getur afkastageta hjartans aukist í 40 lítra á mínútu og það slegið hraðast rúmlega 200 slög við mikla áreynslu. Íþróttafólk í góðu formi getur verið með hvíldarpúls alveg niður í 30-40 slög á mínútu. 

Hægt er að reikna hámarkspúls einstaklings með formúlunni 220 mínus lífaldur. Þegar talað er um þjálfunarpúls er átt við þann púls sem æskilegt er að æfa við eftir því hvaða markmið við ætlum að setja með þjálfuninni. Út frá markmiðum eins og að auka þol eða brenna fitu, skal miða við púls sem er 50-85% hærri en vinnupúls, allt eftir því hvert markmiðið er.

Blóðþrýstingur 

Þegar hjartað dælir blóði um slagæðar líkamans veldur það þrýstingi en blóðþrýstingur er nauðsynlegur til að viðhalda blóðrásinni til líffæranna. Þegar lesið er af blóðþrýstingsmæli koma upp tvær tölur sem sýna efri og neðri mörk. Oft er miðað við að eðlilegur blóðþrýstingur fullorðinna sé 120/80 mmHg. Efri mörkin teljast innan eðlilegs ramma á bilinu 95-140 mmHg og neðri mörkin á bilinu 60-90 mmHg. Ef tölurnar eru hærri eða lægri er talað um lágþrýsting eða háþrýsting. 

Fyrri talan er útfallsfasi eða systóla og lýsir því hversu mikill þrýstingur kemur á æðar þegar hjartað slær og blóðið fer út í slagæðarnar. Síðari talan er aðfallsfasi eða díastóla og lýsir því hve mikill þrýstingur er á æðunum þegar hjartað er í hvíld á milli slaga og þenst út af blóði. Hækkun á blóðþrýstingi er einn stærsti áhættuþáttur á hjarta- og æðasjúkdómum. Hækkun um hverja 20/10 mmHg eykur línulega dánarlíkur einstaklings og því mikilvægt að fylgjast vel með. Það hefur sýnt sig að meðhöndlun háþrýstings fækkar heilablóðföllum um 40% og hjartaáföllum um 15-20%.

Hjarta- og æðasjúkdómar 
Hjarta- og æðasjúkdómar eru ein algengasta dánarorsök fólks í heiminum í dag. Hjarta- og æðasjúkdómar er samheiti yfir þá sjúkdóma sem hafa áhrif á starfsemi hjarta- og æðakerfisins. Algengar tegundir eru sjúkdómar af völdum æðakölkunar, hjartsláttaróreglu, hjartagalla og sjúkdómar í hjartavöðvanum.  

Samkvæmt vef Landlæknisembættisins eru hjarta- og æðasjúkdómar um 50% af aldursstöðluðum dánarorsökum á Vesturlöndum. Um 14 milljón manna deyja á hverju ári af þeirra völdum. Með því að breyta um lífstíl, borða hollari mat, hreyfa sig meira og hætta reykingum, er hægt að hafa mjög mikil áhrif á áhættuþætti hjartasjúkdóma.

Æðakölkun er þegar þykktaraukning verður í æðavegg sem veldur þrengingu í æð eða kölkun á vegg þannig að hann missir teygjanleika sinn. Ef um þykktaraukningu er að ræða safnast kólesteról og fita innan á æðaveggi sem á endanum hindrar blóðflæði í æðunum og eykur álagið á hjartað. Ýmislegt getur valdið æðakölkun, en helstu áhættuþættirnir eru hækkandi aldur, reykingar, hátt kólesteról og háþrýstingur. Fjölskyldusaga getur líka spilað inn í og kyn, en karlmenn eru líklegri til að fá hjartasjúkdóma en konur. Æðakölkun getur valdið alvarlegum áföllum eins og heilablóðfalli og hjartaáfalli.

Hjartaáfall verður þegar næring til hjartans stöðvast og það fær ekki það súrefni sem það þarfnast. Algengasta ástæða hjartaáfalla er kransæðastífla. Þá er um að ræða alvarlega æðakölkun í einni af kransæðunum sem getur leitt til kransæðastíflu og jafnvel dauða.

Hjartsláttaóregla og hjartabilun eru dæmi um sjúkdóma í hjartavöðva. Hjartsláttaóregla verður þegar truflun verður á takti eða hraða hjartsláttar. Óreglan getur verið alveg meinlaus en líka mjög alvarleg. Oft verður hjartabilun í kjölfar kransæðastíflu, en ýmsir aðrir sjúkdómar geta haft áhrif og valdið hjartabilun.

Heimildir 

Hjarta- og æðakerfið
Líffæri",Hvaða starfsemi sinnir hjartað?,"{'answer_start': array([67], dtype=int64), 'text': array(['að dæla blóði um æðakerfið'], dtype=object)}"
https://is.wikipedia.org/wiki/1937,1937,"Árið 1937 (MCMXXXVII í rómverskum tölum)

Á Íslandi 

 20. júní - Alþingiskosningar haldnar.
 11. júlí - Bein Miklabæjar-Solveigar voru flutt frá Miklabæ og jarðsett í kirkjugarðinum í Glaumbæ.

Fædd
 21. janúar - Óðinn Valdimarsson, söngvari.
 3. maí - Birgir Lúðvíksson, fv. formaður Knattspyrnufélagsins Fram (d. 2021).

Dáin
 4. desember - Elín Briem, stofnandi Hússtjórnarskóla Reykjavíkur og höfundur Kvennafræðarans (f. 1856).

Erlendis 

Fædd
 21. febrúar - Haraldur 5. Noregskonungur
 1. mars - Gos, belgískur myndasöguhöfundur.
 28. apríl - Saddam Hussein, forseti Irak (d. 2006)
 11. október - Bobby Charlton, enskur knattspyrnumaður.
21. desember - Jane Fonda, bandarísk leikkona og aðgerðasinni. 
 31. desember - Anthony Hopkins, velskur leikari.

Dáin
 6. júní - Adalbert Deșu, rúmenskur knattsyrnumaður (f. 1909).
 28. desember - Maurice Ravel, franskt tónskáld (f. 1875)

Nóbelsverðlaunin 
 Eðlisfræði - Clinton Joseph Davisson, George Paget Thomson
 Efnafræði - Walter Norman Haworth, Paul Karrer
 Læknisfræði - Albert Szent-Györgyi von Nagyrapolt
 Bókmenntir - Roger Martin du Gard
 Friðarverðlaun - Lord Edgar Algernon Robert Gascoyne Cecil

1937",Hvaða dag kom Saddam Hussein í heiminn?,"{'answer_start': array([539], dtype=int64), 'text': array(['28. apríl'], dtype=object)}"
https://is.wikipedia.org/wiki/H%C3%A1vella,Hávella,"Hávella (fræðiheiti: Clangula hyemalis) er norðlæg kafönd sem einnig er algeng varptegund á Íslandi. Hún er með algengustu heimskautaöndum heims.

Lýsing 
Sennilega er engin íslenskur fugl með fleiri búninga en hávellan, en er hún gjörólík í ásýndum að sumri og að vetri. Sumarbúningur karlfulsins er að mestu leyti dökkbrúnn að ofan, á bringu og á kolli. Andlit og kviður er hvítt. Á veturna er blikinn gjörólíkur. Þá er hann að mestu hvítur með nokkrum dökkbrúnum skellum á vængjum, bringu og hálsi. Aðalskraut karlsins eru tvær langar stélfjaðrir sem hann lætur stundum standa út í loftið á fallegan hátt. Þaðan er enska heiti tegundarinnar dregið, Long-tailed Duck. Lengd karlfuglsins er um 55 cm, en kvenfuglinn, sem ekki er með langar stélfjaðrir, er um 40 cm. Kvenfuglinn er ekki með eins dramatísk búningaskipti. Hún er oftast dökkbrún á baki og kolli, en ljós annars staðar.

Lifnaðarhættir 
Hávellan verpur aðallega við vötn og tjarnir. Á Íslandi er hún gjarnan á hálendinu, ekki síst á Mývatni og nálægum tjörnum. Á veturna halda fuglarnir sig oftast á sjónum allt umhverfis landið. Kollan ein sér um ungauppeldið, en stundum getur kolla tekið að sér fleiri unga en sína eigin. Má þá oft sjá eina eða fleiri kollur með fjölda unga.

Útbreiðsla 

Hávellan er hánorræn tegund og verpir allt í kringum norðurskautið, þ.e. nyrst í Síberíu, heimskautasvæði Kanada og Alaska, og víða með ströndum Grænlands. Í Evrópu verpir hávellan nyrst í Skandinavíu og eitthvað suður með Noregsströndum. Á Íslandi verpir hún um nær allt land. Á veturna fer hluti stofnins eitthvað suður á bóginn. Stórar vetrarstöðvar eru við strendur Eystrasalts og Norðursjávar. Í Ameríku er hávellan alger farfugl. Vetrarstöðvarnar eru bæði við Kyrrahaf (allt suður til Kaliforníu) og við Atlantshaf (suður til Flórída). Á Íslandi heldur hávellan sig að mestu við strendurnar á veturna. Hávellan er ákaflega algeng. Talið er að vetrarfuglarnir í Eystrasalti einu saman séu um 4 milljónir.

Orðsifjar 
Orðið hávella er eflaust komið af söng eða pípi fuglsins, sem oft heyrast langar leiðir. Fuglarnir eru sérlega raddmiklir og heyrist oft meira í þeim en öðrum öndum. Latneska heiti tegundarinnar er clangula hyemalis. Clangula er dregið af latneska sagnorðinu clango, sem merkir að öskra eða hrópa, enda gefa karlfuglarnir frá sér einkennileg blísturhljóð. Hyemalis er dregið af orðinu hiems, sem merkir vetur, enda lifir tegundin í hánorðri.

Tilvísanir

Heimildir 
 
 Guðmundur Ólafsson. Fuglar í náttúru Íslands. Mál og menning. 1988.
 Heinzel, Fitter, Parslow. Pareys Vogelbuch. Parey. 1972.
 Hávellur á Fljótsdalshéraði 2012
 Hávella (Fuglavefurinn) 

Íslenskir fuglar
Andaætt",Hvernig er ungum hávellum alið upp?,"{'answer_start': array([1094], dtype=int64), 'text': array(['Kollan'], dtype=object)}"
https://is.wikipedia.org/wiki/Sikileyjarv%C3%B6rn,Sikileyjarvörn,"Sikileyjarvörn er skákbyrjun, sem hefst á leiknum 1.e4 c5. Sikileyjarvörn er algengasta svar svarts við 1. e4 og um það bil fjórðungur allra skáka hefjast með sikileyjarvörn. Elstu heimildir um sikileyjarvörn eru frá sextándu öld frá skákmönnunum Giulio Polerio og Gioachino Greco.

Algengast er að hvítur leiki hinni svokölluðu opnu sikileyjarvörn sem hefur framhaldið 2.Rf3 og 3.d4. Einnig er nokkuð vinsælt að leika lokaðri sikileyjarvörn (2.Rc3), Alapin afbrigði (2.c3), Grand-Prix árás (2.f4 eða 2.Rc3 og 3.f4) eða Smith-Morra bragði (2.d4 cxd4 3.c3).

Opin sikileyjarvörn kallast staðan sem kemur upp eftir að hvítur leikur 1. e4 2. Rf3 3. d4. Um það bil 75% af skákum þar sem tefld er sikileyjarvörn er tefld opin sikileyjarvörn. Opin sikileyjarvörn er flókin og einkennist af því að c-peði svarts er skipt upp fyrir d-peð hvíts.

Opin Sikileyjarvörn 
Yfir 75% af skákum þar sem tefld er sikileyjarvörn er leikið 2.Rf3 þar sem svartur hefur þrjá aðalmöguleika í sínum öðrum leik. Þeir eru: 2...d6, 2...Rc6 og 2...e6. Afbrigði þar sem hvítur leikur svo d4 eru þekkt undir samheitinu opnar sikileyjarvarnir. Eftir 4. Rxd4 er yfirleitt leikið 4...Rf6 og 5. Rc3 en þó er þetta ekki algilt. Stöður sem koma upp í opinni sikileyjarvörn eru oftar en ekki flóknar enda er markmiðið með sikileyjarvörn að skapa ójafnvægi á borðinu. Einkennandi við stöður í opinni sikileyjarvörn er að hvítur hefur mikið pláss kóngsmegin á borðinu. Í staðinn hefur svartur meirihluta miðborðspeða og hálf opna c-línu sem er uppspretta svarts að gagnáras drottningarmegin.

2...d6 3.d4 cxd4 4.Rxd4 Rf6 5.Rc3 
 5...a6, Najdorf afbrigði.
 5...g6, drekaafbrigði.
 5...Rc6, klassíkska afbrigðið.
 5...e6, Scheveningen afbrigði.

2...Rc6 3.d4 dxc4 4.Rxd4 
 4...Rf6 5.Rc3 e5, Shveshvikov afbrigði.
 4...g6, hraðaður dreki.
 4...e5, Kalashnikov afbrigði.

2...e6 3.d4 cxd4 4.Rxd4 
 4...Rc6, Taimanov afbrigði.
 4...a6, Kan afbrigði.
 4...Rf6 5.Rc3 Rc6, Fjögurra riddara afbrigði.
 4...Rf6 5. Rc3 Db6, Gaw-Paw afbrigði

ECO-Kóðar 
1.e4 c5: Sikileyjarvörn (B20-B99)
 B20 Sikileyjarvörn
 B21 Sikileyjarvörn, Grand-Prix árás og Smith-Morra gambítur
 B22 Sikileyjarvörn, Alapin afbrigði
 B23 Sikileyjarvörn, lokuð
 B24 Sikileyjarvörn, lokuð
 B25 Sikileyjarvörn, lokuð
 B26 Sikileyjarvörn, lokuð, 6.Be3
 B27 Sikileyjarvörn
 B28 Sikileyjarvörn, O'Kelly afbrigði
 B29 Sikileyjarvörn, Nimzovich-Rubinstein árás
 B30 Sikileyjarvörn
 B31 Sikileyjarvörn, Nimzovich-Rossolimo árás (með ...g6, án ...d6)
 B32 Sikileyjarvörn
 B33 Sikileyjarvörn, Sveshnikov (Lasker-Pelikan) afbrigði
 B34 Sikileyjarvörn, hraðað drekaafbrigði, uppskipti afbrigðið
 B35 Sikileyjarvörn, hraðað drekaafbrigði, Nútímaafbrigðið með Bc4
 B36 Sikileyjarvörn, hraðað drekaafbrigði, Maróczy Bind
 B37 Sikileyjarvörn, hraðað drekaafbrigði, Maróczy bind, 5...Bg7
 B38 Sikileyjarvörn, hraðað drekaafbrigði, Maróczy bind, 6.Be3
 B39 Sikileyjarvörn, hraðað drekaafbrigði, Breyer afbrigði
 B40 Sikileyjarvörn
 B41 Sikileyjarvörn, Kan afbrigði
 B42 Sikileyjarvörn, Kan, 5.Bd3
 B43 Sikileyjarvörn, Kan, 5.Rc3
 B44 Sikileyjarvörn
 B45 Sikileyjarvörn, Taimanov afbrigði
 B46 Sikileyjarvörn, Taimanov afbrigði
 B47 Sikileyjarvörn, Taimanov (Bastrikov) afbrigði
 B48 Sikileyjarvörn, Taimanov afbrigði
 B49 Sikileyjarvörn, Taimanov afbrigði
 B50 Sikileyjarvörn
 B51 Sikileyjarvörn, Canal-Sokolsky árás
 B52 Sikileyjarvörn, Canal-Sokolsky árás, 3...Bd7
 B53 Sikileyjarvörn, Chekhover afbrigði
 B54 Sikileyjarvörn
 B55 Sikileyjarvörn, Prins afbrigði, Feneyja árás
 B56 Sikileyjarvörn
 B57 Sikileyjarvörn, Sozin (ekki Scheveningen) 
 B58 Sikileyjarvörn, Klassísk
 B59 Sikileyjarvörn, Boleslavsky afbrigði, 7.Rb3
 B60 Sikileyjarvörn, Richter-Rauzer
 B61 Sikileyjarvörn, Richter-Rauzer, Larsen afbrigði, 7.Dd2
 B62 Sikileyjarvörn, Richter-Rauzer, 6...e6
 B63 Sikileyjarvörn, Richter-Rauzer, Rauzer árás
 B64 Sikileyjarvörn, Richter-Rauzer, Rauzer árás, 7...Be7 vörn, 9.f4
 B65 Sikileyjarvörn, Richter-Rauzer, Rauzer árás, 7...Be7 vörn, 9...Rxd4
 B66 Sikileyjarvörn, Richter-Rauzer, Rauzer árás, 7...a6
 B67 Sikileyjarvörn, Richter-Rauzer, Rauzer árás, 7...a6 vörn, 8...Bd7
 B68 Sikileyjarvörn, Richter-Rauzer, Rauzer árás, 7...a6 vörn, 9...Be7
 B69 Sikileyjarvörn, Richter-Rauzer, Rauzer árás, 7...a6 vörn, 11.Bxf6
 B70 Sikileyjarvörn, drekaafbrigði
 B71 Sikileyjarvörn, dreki, Levenfish afbrigði
 B72 Sikileyjarvörn, dreki, 6.Be3
 B73 Sikileyjarvörn, dreki, klassískur, 8.O-O
 B74 Sikileyjarvörn, dreki, klassískur, 9.Rb3
 B75 Sikileyjarvörn, dreki, Júgóslavnesk árás
 B76 Sikileyjarvörn, dreki, Júgóslavnesk árás, 7...O-O
 B77 Sikileyjarvörn, dreki, Júgóslavnesk árás, 9.Bc4
 B78 Sikileyjarvörn, dreki, Júgóslavnesk árás, 10.O-O-O
 B79 Sikileyjarvörn, dreki, Júgóslavnesk árás, 12.h4
 B80 Sikileyjarvörn, Scheveningen afbrigði
 B81 Sikileyjarvörn, Scheveningen, Keres árás
 B82 Sikileyjarvörn, Scheveningen, 6.f4
 B83 Sikileyjarvörn, Scheveningen, 6.Be2
 B84 Sikileyjarvörn, Scheveningen (Paulsen), klassíska afbrigðið
 B85 Sikileyjarvörn, Scheveningen, klassíska afbrigðið með ...Dc7 og ...Rc6
 B86 Sikileyjarvörn, Sozin árás
 B87 Sozin með ...a6 og ...b5
 B88 Sikileyjarvörn, Sozin, Leonhardt afbrigði
 B89 Sikileyjarvörn, Sozin, 7.Be3
 B90 Sikileyjarvörn, Najdorf afbrigði
 B91 Sikileyjarvörn, Najdorf, Zagreb (Fianchetto) afbrigði (6.g3)
 B92 Sikileyjarvörn, Najdorf, Opocensky afbrigði (6.Be2)
 B93 Sikileyjarvörn, Najdorf, 6.f4
 B94 Sikileyjarvörn, Najdorf, 6.Bg5
 B95 Sikileyjarvörn, Najdorf, 6...e6
 B96 Sikileyjarvörn, Najdorf, 7.f4
 B97 Sikileyjarvörn, Najdorf, 7...Db6 þar á meðal eitraða peðs afbrigðið
 B98 Sikileyjarvörn, Najdorf, 7...Be7
 B99 Sikileyjarvörn, Najdorf, 7...Be7 aðal línan

Skákbyrjanir
Sikileyjarvörn",Hver er ECO-kóðinn fyrir Sikileyjarvörnina?,"{'answer_start': array([2028], dtype=int64), 'text': array(['B20-B99'], dtype=object)}"
https://is.wikipedia.org/wiki/Boris%20Johnson,Boris Johnson,"Alexander Boris de Pfeffel Johnson betur þekktur sem Boris Johnson (fæddur 19. júní 1964) er breskur stjórnmálamaður og fyrrverandi forsætisráðherra Bretlands. Hann hafði áður verið borgarstjóri Lundúna og utanríkisráðherra Bretlands. Hann er einnig blaðamaður og rithöfundur, var t.d. ritstjóri stjórnmálatímarits The Spectator. Boris var kosinn þingmaður fyrir Henley árið 2001, og var skuggamenntamálaráðherra til ársins 2008 þegar hann bauð sig fram til borgarstjóra Lundúna. Hann var settur inn í starf borgarstjóra þann 4. maí 2008 og gegndi því starfi til ársins 2016 þegar Sadiq Khan tók við af honum.

Johnson var utanríkisráðherra frá 2016 til 2018, þegar hann sagði af sér vegna Brexit-málefna. Eftir að Theresa May tilkynnti afsögn sína úr formannsembætti Íhaldsflokksins í maí 2019 bauð Johnson sig fram til að taka við af henni. Hann vann sigur í formannskjöri flokksins í júlí sama ár og tók við af May sem formaður og forsætisráðherra þann 24. júlí.

Johnson sagði af sér sem leiðtogi Íhaldsflokksins í júní 2022 vegna hneykslismála. Liz Truss tók við af honum sem forsætisráðherra Bretlands þann 6. september 2022.

Æviágrip
Boris Johnson fæddist í New York í Bandaríkjunum og bjó um hríð í Brussel í Belgíu sem barn. Johnson gekk í Eton og Oxford-háskóla og nam þar latínu og gríska fornfræði.

Johnson hóf starfsferil sinn í blaðamennsku og vann lengi sem blaðamaður og sem ritstjóri tímaritsins The Spectator. Hann er einnig höfundur nokkurra bóka, má þar nefna skáldsöguna Seventy-two Virgins (2004) og sagnfræðiverkin The Dream of Rome (2006) og The Churchill Factor (2014). Johnson var rekinn úr fyrsta blaðamannsstarfi sínu hjá The Times fyrir að skálda tilvitnun í frétt sem hann skrifaði. Á blaðamannsferli sínum varð Johnson síðar alræmdur fyrir að semja falsfréttir sem gjarnan voru þó skrifaðar í kímnum tón, sér í lagi um Evrópusambandið. Meðal annars skrifaði hann fréttir þar sem hann hélt því ranglega fram að Evrópusambandið hygðist láta banna breskar kartöfluflögur með rækjukokteilsbragði og skylda aðildarríki sín til að framleiða smokka í staðlaðri hámarksstærð.

Johnson hóf virka þátttöku í breskum stjórnmálum árið 2001 þegar hann var kjörinn í neðri deild breska þingsins fyrir Íhaldsflokkinn í kjördæminu Henley-on-Thames.

Á þessum tíma sat Íhaldsflokkurinn í stjórnarandstöðu og Johnson var skuggamenningarmálaráðherra flokksins í formannstíð Michaels Howard. Árið 2004 var Johnson sviptur því embætti eftir að upp komst að Johnson hafði haldið fram hjá eiginkonu sinni í nokkur ár með greinahöfundinum Petronellu Wyatt og að Wyatt hefði orðið ólétt eftir hann en látið rjúfa meðgönguna. Johnson hafði logið því að Howard og að almenningi að framhjáhaldið hefði aldrei átt sér stað. Þegar David Cameron varð formaður Íhaldsflokksins árið 2005 fékk Johnson aftur sæti í skuggaríkisstjórninni og varð skuggaráðherra æðri menntarmála.

Borgarstjóri Lundúna (2008–2016)
Árið 2007 ákvað Johnson að bjóða sig fram í embætti borgarstjóra Lundúna gegn Ken Livingstone, sitjandi borgarstjóra úr Verkamannaflokknum. Johnson vann sigur í kosningunum næsta ár og tók við af Livingstone sem borgarstjóri þann 4. maí 2008.

Sem borgarstjóri Lundúna lagði Johnson mikla áherslu á að gera borgina aðgengilegri fyrir reiðhjól. Undir lok borgarstjóratíðar hans árið 2016 hafði 10,3 millj­ón­um reiðhjóla verið komið í umferð á götum borgarinnar í gegnum hjólaleigu borgarinnar. Johnson og fylgismenn hans hafa einnig bent á árangur á sviði af­brota, hús­næðismála og sam­göngu­mála á þessum tíma sem merki um farsæla stjórn hans. Aftur á móti var Johnson gagnrýndur fyrir ýmis mál eins og verulega framúrkeyrslu í kostnaði á byggingu leikvangs fyrir sumarólympíuleikanna 2012. Einnig sætti hann gagnrýni fyrir Garden Bridge-verk­efnið, þar sem 53,5 millj­ón­um punda var varið í fyrirhugaða byggingu göngubrúr yfir Tempsá. Þrátt fyrir allan kostnaðinn var að endingu hætt við verkefnið áður en hafið var að byggja brúna. 

Árið 2015 hélt bandaríski forsetaframbjóðandinn Donald Trump því fram að á borgarstjóratíð Johnsons væru stórir hlutar af Lundúnaborg orðnir „bannsvæði“ fyrir lögreglu vegna fjölda meintra íslamskra öfgamanna sem þar héldu til. Johnson brást við með því að saka Trump um „sláandi fávisku“ og kallaði hann óhæfan til að gegna embætti forseta Bandaríkjanna.

Árið 2016 kallaði David Cameron forsætisráðherra til þjóðaratkvæðagreiðslu um aðild Bretlands að Evrópusambandinu. Johnson slóst seint í hóp þeirra sem mæltu með útgöngu úr Evrópusambandinu en eftir að hafa tekið þá ákvörðun að styðja útgöngu varð hann einn af helstu talsmönnum hreyfingarinnar. Í kosningabaráttunni var hann stórorður og bar Evrópusambandið meðal annars saman við Þýskaland nasismans og keisaraveldi Napóleons, sem hann sagði hafa stefnt að sömu markmiðum og ESB með vofeiflegum afleiðingum. 

Áður en Johnson tilkynnti þátttöku sína í útgönguherferðinni hafði hann skrifað óbirta grein þar sem hann studdi áframhaldandi veru Bretlands í Evrópusambandinu. Þetta hefur leitt til ásakana um að Johnson hafi stutt útgönguherferðina fremur til að geta velt Cameron úr formannssæti Íhaldsflokksins en af sérstakri pólitískri sannfæringu.

Utanríkisráðherra (2016-2018)
Í þjóðaratkvæðagreiðslunni þann 23. júní 2016 kusu Bretar með naumum meirihluta að yfirgefa Evrópusambandið. Í kjölfarið sagði David Cameron af sér sem formaður Íhaldsflokksins og Johnson bauð sig fram til að taka við af honum sem flokksformaður og forsætisráðherra. Johnson dró hins vegar framboð sitt til baka eftir að Michael Gove, samstarfsmaður hans og annar af helstu foringjum útgönguherferðarinnar, gaf einnig kost á sér í formannskjörinu. Niðurstaðan varð sú að Theresa May var kjörin formaður flokksins og tók við embætti forsætisráðherra þann 13. júlí 2016. May útnefndi Johnson utanríkisráðherra í ríkisstjórn sinni.

Johnson sagði af sér sem utanríkisráðherra þann 9. júlí árið 2018 vegna ósættis með samninga May við Evrópusambandið um það hvernig útgöngu Bretlands úr ESB skyldi háttað. Theresa May neyddist til að boða afsögn sína sem formaður Íhaldsflokksins í maí næsta ár eftir að hafa ítrekað mistekist að fá samþykki þingsins fyrir útgöngusamningum sínum við Evrópusambandið. Johnson bauð sig fram til formanns á ný og vann formannskjörið með um tveimur þriðju atkvæða gegn Jeremy Hunt, eftirmanni sínum í embætti utanríkisráðherra. Johnson tók við af May sem formaður og forsætisráðherra þann 24. júlí.

Forsætisráðherra Bretlands (2019–2022)

Sem forsætisráðherra lagði Johnson ríka áherslu á að Bretland skyldi yfirgefa Evrópusambandið á tilsettum tíma þann 31. október 2019 hvort sem samningur um framtíðarsamband landsins við ESB næðist eða ekki. Þann 28. ágúst lýsti Johnson því yfir að hann hygðist biðja Elísabetu drottningu að fresta þingfundum breska þingsins í aðdraganda útgöngunnar. Andstæðingar Johnsons gagnrýndu þingfrestunina harðlega og vændu Johnson um að reyna að koma í veg fyrir að þingið fengi neitt um það sagt hvort samningur yrði gerður eða ekki. Þann 1. september missti Johnson nauman meirihluta sinn í neðri málstofu breska þingsins þegar þingmaðurinn Phillip Lee sagði sig úr Íhaldsflokknum og gekk til liðs við Frjálslynda demókrata í miðri ræðu forsætisráðherrans. Johnson reyndi í kjölfarið að boða til nýrra þingkosninga en þingið hafnaði tillögu hans í tvígang.

Þann 11. september 2019 dæmdi skoskur dómstóll þingfrestun Johnsons ólöglega. Hæstiréttur Bretlands staðfesti dóminn þann 24. september næstkomandi og þingið var kallað saman á ný. Johnson tókst eftir samningaviðræður við fulltrúa Evrópusambandsins að ná fram nýjum samningi við ESB um útgönguskilmála Bretlands þann 17. október en Lýðræðislegi sambandsflokkurinn, sem varði minnihlutastjórn Johnsons falli, var fljótur að lýsa yfir andstöðu við samninginn. Þegar atkvæði voru greidd um nýja samninginn á breska þinginu þann 22. október hafnaði þingið tímaáætlun Johnsons, sem gerði ráð fyrir að samningurinn yrði afgreiddur á þremur dögum svo Bretland gæti yfirgefið Evrópusambandið á tilsettum tíma. Fáeinum dögum áður hafði þingið samþykkt frumvarp þess efnis að stjórnin yrði skylduð til að sækja um útgöngufrest ef samningur hefði ekki verið samþykktur fyrir tilsettan útgöngudag. Því neyddist Johnson til að senda Evrópusambandinu beiðni um útgöngufrest þrátt fyrir að hafa áður sagst vilja fremur „liggja dauður í skurði“ en að fresta útgöngunni úr ESB frekar.

Þann 29. október samþykkti breska þingið tillögu Johnsons um að gengið skyldi til nýrra þingkosninga þann 12. desember 2019. Í kosningunum vann Íhaldsflokkurinn stórsigur og hlaut rúman þingmeirihluta í neðri málstofu breska þingsins. Bretland yfirgaf Evrópusambandið formlega með samningsskilmálum Johnsons þann 31. janúar árið 2020. Á aðfangadag sama ár tókst stjórn Johnsons að semja um verslunarsamning við ESB sem felur í sér að engir toll­ar eða inn­flutn­ingskvót­ar verði á flestar vör­ur sem flutt­ar verða á milli Bret­lands og Evr­ópu­sam­bands­ins. Aftur á móti tryggir samningurinn ekki áframhaldandi ferðafrelsi né aðgang breskra fjármálafyrirtækja að innri markaði ESB, auk þess sem Norður-Írland verður áfram bundið af tollareglum ESB og lögsögu Evrópudómstólsins og skip Evr­ópu­sam­bands­ríkja munu áfram hafa nokkurn aðgang að breskum fiskimiðum. Jafnframt verður Bretlandi skylt að tryggja með eigin eftirlitsstofnun áfram sams konar leikreglur og tíðkast innan ESB fyrir framleiðslu og sölu á vörum.

Þann 23. mars árið 2020 setti Johnson útgöngubann í Bretlandi vegna alþjóðlega kórónaveirufaraldursins. Johnson veiktist sjálfur af COVID-19-sjúkdómnum og fór í einangrun vegna þess þann 27. mars. Hann var fluttur á gjörgæslu vegna veirunnar þann 6. apríl en náði sér að endingu af veikinni og sneri aftur til starfa þann 27. apríl.

Erfiðleikar og afsögn Johnsons
Frá árinu 2021 komu upp nokkur pólitísk hneykslismál sem höfðu mjög neikvæð áhrif á vinsældir Johnsons og stjórnar hans. Upplýst var um að þingmaðurinn Owen Paterson hefði brotið reglur þingsins um varnir gegn hagsmunaárekstrum í samskiptum sínum við sérhagsmunahópa. Hann hafði verið ráðinn í hlutastarf sem ráðgjafi fyrirtækis og átt í samskiptum við heilbrigðisráðherra Bretlands á vegum þess til að tryggja fyrirtækinu um 480 milljóna punda samninga um kaup á sýnatökubúnaði fyrir COVID-19. Hann hafði einni starfað fyrir norður-írskan pylsuframleiðanda og átt samskipti við opinberar stofnanir fyrir hans hönd. Þingnefnd mælti með því að Paterson yrði rekinn frá þingsetu í þrjátíu daga í refsingarskyni en Johnson greip inn í atburðarásina, frestaði brottrekstrinum og skipaði nýja nefnd til að fara yfir málið. Eftir að þetta leiddi til mótmæla sagði Paterson sjálfur af sér að eigin frumkvæði og Johnson viðurkenndi að hafa gert mistök við meðferð málsins.

Erfiðasta málið sem kom upp á þessum tíma var Partygate-hneykslið svokallaða. Árið 2021 var upplýst um að Johnson hafði árið áður ítrekað haldið fjölmenn drykkjusamkvæmi á Downingstræti með starfsfólki forsætisráðuneytisins þrátt fyrir að þá hafi verið í gildi strangar samkomutakmarkanir og aðrar sóttvarnareglur vegna kórónuveirufaraldursins. Tvö teiti voru haldin þar daginn fyrir útför Filippusar prins, eiginmanns Elísabetar drottningar, sem leiddi til þess að forsætisráðuneytið varð að biðja drottninguna afsökunar. Eftir rannsókn á teitunum var Johnson sjálfur sektaður fyrir brot gegn sóttvarnarreglum með því að hafa verið viðstaddur eitt teitið og varð þannig fyrsti forsætisráðherra í sögu Bretlands til að vera sektaður fyrir lögbrot.

Þann 6. júní 2022 var kosið um vantrauststillögu gegn Johnson innan Íhaldsflokksins vegna hneykslismálanna og ósigra flokksins í nokkrum aukakosningum. Johnson stóð af sér vantrauststillöguna en aðeins með naumindum.

Í lok júní kom upp annað hneykslismál sem snerist um ásakanir á hendur Chris Pincher, varaformanni þingflokks Íhaldsflokksins, um kynferðislega áreitni. Eftir að spurðist út um ásakanirnar lýsti Johnson því yfir að hann hefði ekki vitað af ásökununum þegar hann skipaði Pincher varaformann og lét ráðherra í stjórn sinni hafa það eftir sér í fjölmiðlum. Þann 4. júlí greindi BBC hins vegar frá því að Johnson hefði vitað af ásökununum, sem hann viðurkenndi síðan og baðst afsökunar fyrir skipun Pinchers.

Á næstu dögum sagði fjöldi ráðherra af sér í mótmælaskyni gegn forsætisráðherranum. Að lokum neyddist Johnson þann 7. júlí til að tilkynna að hann myndi segja af sér sem leiðtogi Íhaldsflokksins. Hann gaf þó út að hann hygðist halda áfram sem forsætisráðherra fram á haust, þegar nýr leiðtogi yrði kjörinn á landsfundi flokksins.

Liz Truss var kjörin nýr leiðtogi Íhaldsflokksins þann 5. september 2022. Hún tók við af Johnson sem forsætisráðherra Bretlands daginn eftir.

Johnson sagði af sér sem þingmaður þann 9. júní 2023 í kjölfar útgáfu skýrslu um Partygate-málið.

Tilvísanir

Borgarstjórar Lundúna
Breskir blaðamenn
Forsætisráðherrar Bretlands
Leiðtogar breska Íhaldsflokksins
Utanríkisráðherrar Bretlands",Hvaða stöðu hafði Boris Johnson áður en hann tók við sem forsætisráðherra?,"{'answer_start': array([182], dtype=int64), 'text': array(['borgarstjóri Lundúna og utanríkisráðherra Bretlands'],
      dtype=object)}"
https://is.wikipedia.org/wiki/Marinkjarni,Marinkjarni,"Marinkjarni (fræðiheiti Alaria esculenta) er brúnþörungur sem vex neðst í fjörum þar sem brims gætir. Hann er algengur á 5 m dýpi en hefur fundist allt niður í 20 m dýpi. Marinkjarni er brúnn á litinn. Stilkur marinkjarna er fremur stuttur en blaðið sem vex upp af stilkinum er 2 til 3 m langt með greinilegri miðtaug.

Nytjar
Marinkjarni er notaður í fóður og mat, til fjörubeitar og sem áburður og sem efni í hár- og húðvörur. Marinkjarni hefur  verið mikið nýttur á Íslandi. Úr honum voru bökuð kjarnabrauð. Marinkjarni er bragðgóður og næringarríkur, hann er náskyldur þaranum Undaria pinnatifida sem á japönsku heitir Wakame. Marinkjarni hefur því verið kallaður á ensku ""Atlantic Wakame"". Marinkjarni er næringarríkastur á vorin og í byrjun sumars. Marinkjarna má borða eins og snakk og bragði svipar til harðfisks. 

Marinkjarni er talinn henta í ræktun en frá fornu fari hefur honum verið safnað í fjörum. Aðeins er hægt að nálgast hann á stórstraumsfjöru. Marinkjarni er þurrkaður á ýmsan hátt svo sem með blæstri eða sólþurrkaður á snúrum. Hægt er að bleyta aftur upp þurrkaðan marinkjarna. Marinkjarna má frysta og hann geymist um 10 daga í ísskáp.

Heimildir
 fjaran og hafið (námsvefur Menntamálastofnun)
 Eydís Mary Jónsdóttir, Fjörunytjar á Suðurnesjum, Náttúrustofa Reykjaness 2011
 Helgi  Guðmundsson, Um slafak og marinkjarna, Fróðskaparrit - 18. nummar (01.01.1970)

Þari
Botnþörungar",Hvernig smakkast marinkjarni?,"{'answer_start': array([800], dtype=int64), 'text': array(['svipar til harðfisks'], dtype=object)}"
https://is.wikipedia.org/wiki/Skrautreynir,Skrautreynir,"Skrautreynir (Sorbus decora) ,  er lauffellandi runni eða smávaxið tré frá norðaustur Norður Ameríku. Hann verður 4-10 metra hár. Útbreiðsla er í Labrador til Ontario og Manitoba, suður til Nýja-Englands, New York, Wisconsin og Minnesota.

Lýsing
Skrautreynir er nauðalíkur hinum náskylda knappareyni (Sorbus americana).  Eins og knappareynir, er skrautreynir með  samsett laufblöð og oft stóra klasa af blómum og síðar berjum. Hinsvegar er eitt sem einkennir skrautreyni: klístruð brum. Börkurinn er fyrst grágrænn og sléttur. Seinna verður hann hrein grár og verður flögóttur með aldrinum.

Nytjar
Skrautreynir er oft ræktaður sem skrauttré vegna harðgeris, blómfegurðar, haustlitar og stórra klasa berja.

Ný tegund 
Grænlandsreynir (Sorbus groenlandica) hefur áður verið talinn undirtegund skrautreynis, undir nafninu Sorbus decora var. groenlandica, en er nú talinn sem sjálfstæð tegund.

Tilvísanir

Ytri tenglar
Sorbus decora Information
Sorbus decora Info 
 Interactive Distribution Map for Sorbus decora 

Lauftré
Reynisætt",Af hverju er algengt að fólk rækti skrautreyni?,"{'answer_start': array([649], dtype=int64), 'text': array(['harðgeris, blómfegurðar, haustlitar og stórra klasa berja'],
      dtype=object)}"
https://is.wikipedia.org/wiki/Taflf%C3%A9lag%20Vestmannaeyja,Taflfélag Vestmannaeyja,"Taflfélag Vestmannaeyja var stofnað árið 1926.

Stofnun félagsins 
  
Stofnfundur Taflfélags Vestmannaeyja var haldinn sunnudaginn 29. ágúst 1926, en um þetta segir í Skeggja 4. september 1926: ""Taflfélag var stofnað hér s.l. sunnudag. Meðlimir eru þegar orðnir allmargir.""  Hermann var formaður, en Kristinn Ólafsson, Reyni, bæjarstjóri var ritari og Magnús Bergsson, Tungu, gjaldkeri. Stofnendur félagsins voru níu einstaklingar: 
 Sigurður Sveinsson, Sveinsstöðum 
 Magnús Jónsson, Bergsstöðum 
 Kristinn Ólafsson, Reyni 
 Magnús Bergsson, Tungu 
 Sigurður Þórðarson, Gerði 
 Sigurbjörn Sveinsson, Sólbergi 
 Halldór Guðjónsson, kennari, Sólbergi 
 Hermann Benediktsson, Godthaab 
 Ólafur Magnússon, Sólvangi 
Ólafur og Kristinn á Reyni, sem þá var hér bæjarstjóri, munu hafa verið frumkvöðlar að stofnun félagsins. 

Fyrsti formaður félagsins var kosinn Hermann Benediktsson. 
Fljótlega bættust fleiri í félagið og 2. september 1926 voru neðangreindir ellefu einstaklingar teknir inn í félagið: 
 Þórhallur Gunnlaugsson, Símstöð 
 Stefán Guðlaugsson, Gerði 
 Jóhann P. Jónsson, Grímsstöðum 
 Magnús Sveinsson, Reykholti 
 Kjartan Guðmundsson, (ljósmyndari) 
 Þorsteinn Steinsson, Sólnesi 
 Karl Sigurhansson, Brimnesi 
 Gunnar Jónatansson, Stórhöfða 
 Hjalti Jónatansson, Stórhöfða (16 ára) 
 Jón Bjarnason, Valhöll 
 Geir Guðmundsson, Geirlandi

Á fyrsta mótinu, þar sem átta félagsmenn tefldu, urðu Ólafur Magnússon og Halldór Guðjónsson efstir og jafnir með 6 vinninga af 7 mögulegum. Á fundi hinn 13. október 1926 voru samþykkt lög fyrir félagið og er hér til gamans úrdráttur úr þeim: 1. gr. Nafn félagsins er Taflfélag Vestmannaeyja 2. gr. Tilgangur félagsins er að auka og efla útbreiðslu tafllistarinnar í Vestmannaeyjum 13. gr. Ef veðjað er um skákir í félaginu, skal helmingur af veðfénu renna í verðlaunasjóð 15. gr. Um hver áramót skal félagið halda Skákþing Vestmannaeyja.  Er taflfélagsmönnum og öllum öðrum búsettum mönnum í Vestmannaeyjum heimil þátttaka. Skulu verðlaun veitt og hlýtur sigurvegarinn nafnbótina Skákkonungur Vestmannaeyja.

Fljótlega komst tala félaga í 44.
Á aðalfundi í febrúar 1929 er valin sveit í símakappskák sem háð var við Taflfélag Reykjavíkur 24. febrúar.  Þessir tefldu fyrir TV í þeirri keppni:
 Hermann Benediktsson,  Godthaab 
 Magnús Bergsson
 Halldór Guðjónsson, kennari Sólbergi
 Gunnar Jónatansson, Stórhöfða
 Hjalti Jónatansson, Stórhöfða
 Kristján Kristófersson
 Kjartan Guðmundsson (ljósmyndari)
 Kjartan Jónsson
 Karl Sigurhansson, Brimnesi
 Jóhann Gunnar Ólafsson, (síðar bæjarstjóri)

Stóð skákin frá laugardagskvöldi til kl. 10 á sunnudagsmorgni og unnu Reykvíkingar með 4,5 v á móti 3,5 v.,, en tvær skákir voru óútkljáðar.

2. febrúar 1930 var haldinn aðalfundur í félaginu og var stjórnin endurkjörin í einu hljóði en einnig kom fram að stjórnin hefði farið fram á það við TR að 12 menn úr 2. flokki tefldu næstu laugardagsnótt en tekið var fram að ekki væri enn komið svar frá Reykvíkingunum.  Þá var samþykkt hverjir myndu tefla í þessari keppni og voru það allir sömu menn og tefldu árinu áður nema Magnús Bergsson en þessir bættust við hópinn:
 Pétur Ísleifsson, Nýjahúsi
 Guðmundur Eggertz
 Karl Ólafsson, Ólafshúsum

Upp úr þessu virðist svo sem starf félagsins hafi dalað og margar ástæður sagðar fyrir því, m.a. húsnæðisvandamál, kreppan, útbreiðsla bridge íþróttarinnar, flutningur félagsmanna (Stórhöfðabræðra) upp á land og fleira.  Varð nú fimm til sex ára hlé á starfsemi félagsins og það var ekki fyrr en 1936, hinn 3. september sem félagið virðist lifna við að nýju, þegar boðað er til fundar að Hótel Berg fyrir það fólk sem áhuga hefði fyrir skáklist.

Blómaskeiðið eftir 1936 

Hinn 11. október 1936 var síðan haldinn aðalfundur TV og Karl Sigurhansson, Brimnesi kosinn formaður félagsins, en aðrir í stjórn Hjálmar Theódórsson ritari og Gísli Finnsson gjaldkeri. Segir í frétt í Víði 27. febrúar 1937 um endurreisn félagsins haustið 1936, ""sem búið er að liggja niðri og ekkert hafði starfað síðan árið 1930"".

Taflfélagið var lífgað við á aðalfundinum haustið 1936 og þá voru líka ýmis framfaramál á dagskrá t.d. var samþykkt að senda Skákfélagi Keflavíkur áskorun í keppni og koma á bréfaskákum við önnur skákfélög inn- og útlend.  Þá var bókað um að fengist hafi innflutningsleyfi á skákritum fyrir allt að 100 krónur og gilti leyfið til áramóta.  Loks var samþykkt að sækja um í Skáksamband Íslands.  Heiðursfélagi var kosinn Sigurbjörn Sveinsson, Sólbergi.  Sunnudaginn 15. nóvember 1936 tefldi Hjálmar Theódórsson frá Húsavík samtímaskák við 13 menn úr Taflfélagi Vestmannaeyja og vann 9 en tapaði 4 skákum.

Af minnistæðum mönnum sem tefldu með félaginu á árunum eftir 1936 voru nefndir Karl Sigurhansson, sem tefldi skák á vetrum og var einn besti langhlaupari landsins.  Hjálmar Theódórsson frá Húsavík var aðaldriffjöðurin í félaginu og hafði, þegar þarna var, gerst ársmaður hjá Helga Ben., hann var mikill félagsmálamaður og kappsamur og varð síðar skákmeistari Norðurlands og komst í landsliðsflokk.  Þá er Björn Kalman lögfræðingur minnisstæður en hann hafði teflt í Ameríku um aldamótin og var á fyrstu árum aldarinnar einn af sterkustu skákmönnum þjóðarinnar. Hjalti í Vitanum hafði góðan stíl og Rafn Árnason frá Gröf var mikið efni.  Hann gerðist farmaður og féll frá fyrir aldur fram.

Í þessa tíð tíðkuðust símskákir, sem stóðu frá kl. 21 að kvöldi til 8 að morgni eða þegar símstöðin var lokuð og var þá oft glatt á hjalla og Loftur kennari, sem var símstjóri félagsins, lét marga vísuna fljúga eftir línunni.  Á þessum árum hafði félagið um tíma aðsetur í herbergi á Vesturhúsum til æfinga.

Símskákin við Keflvíkingana fór fram nóttina 17. október og unnu Eyjamenn með 7,5 á móti hálfum vinningi Keflvíkinganna.  Viku seinna var háð símskák við Taflfélag Hafnarfjarðar og unnu TV menn þá viðureign einnig 5,5 á móti 2,5 vinningi.

Sveit TV á móti Keflvíkingum var skipuð eftirtöldum:
 1. borð Hjálmar Theódórsson
 2. borð Karl Sigurhansson
 3. borð Halldór Guðjónsson
 4. borð Hermann Benediktsson  
 5. borð Sigurður Finnsson
 6. borð Karl Ólafsson
 7. borð Ársæll Sigurðsson
 8. borð Þorgrímur Einarsson

En á móti Hafnfirðingum tefldu sömu menn með þessum breytingum: 
 3. borð Vigfús Ólafsson 
 6. borð Björn Kalman

En þeir Sigurður og Þorgrímur tefldu ekki.  

Það sýnir best eldhug manna um þetta leyti að á árinu 1937 var lagt í það stórvirki að fá þýska skákmeistarann Ludvik Engels, sem staddur var í Reykjavík, hingað til þess að kenna skák í tvær vikur.  Hann varð frægur er hann vann skák af heimsmeistaranum Aljekín.  Til þess að fá hann hingað var leitað til ýmissa velunnara í bænum og safnað fé til greiðslu kostnaðar af komu Engels og gekk sú söfnun framar öllum vonum.  Engels tefldi hér nokkur fjöltefli og það fyrsta við 23 menn úr félaginu, þar sem hann vann 16 skákir, tapaði 5 og gerði 2 jafntefli.  Þegar Engels fór, var hann leystur út með gjöfum og borð, Loftur Guðmundsson, rithöfundur, flutti þakkarávarp bæði á íslensku og þýsku.

Þannig var mikill uppgangur í félaginu allt þar til 1939, þegar svo virðist sem starfið hafi lagst niður á nýjan leik, því ekkert er skráð í fundargerðarbækur þar til 8. október 1944, þegar félagið er endurvakið enn á ný.

Í lok stríðsins 
Á fundinum er kosinn stjórn félagsins og kemur þá formannsstarfið í hlut Halldórs Ó. Ólafssonar, en fyrrverandi formaður, Karl Sigurhansson, er gjaldkeri og Vigfús Ólafsson ritari.  Á fundinum skýrði Ragnar Halldórsson, tollvörður frá því að hann hafi góða von með að hægt verði að fá skákklukkur frá Akureyri.

Þótt eyður komi í skráða starfsemi félagsins, bæði hluta ársins 1937 og allt árið 1938 og aftur 1940 allt fram í október 1944, þá var vitað að alltaf öðru hvoru var verið að tefla á þessum árum.  Þó er unnt að ímynda sér að stríðsárin hafi breytt ansi miklu í sambandi við allt félagslíf, því nú verður atvinna það mikil að allir hafa meira en nóg að starfa.

Skömmu eftir fundinn 1944 er byrjað að heyja kappskákir milli austur- og vesturbæjar og er þá teflt á 10 borðum, en ekki er getið um úrslit.  Þá er byrjað að skipta mönnum í flokka, í fyrsta flokki eru 9 menn, þá er í öðrum flokki A og B sveit með 8 menn og í þriðja flokki eru 6 menn.  Þarna er að myndast sterkur kjarni góðra skákmanna og úr þessum kjarna verður til eitt sterkasta lið, sem Eyjamenn hafa eignast um áraraðir.

Hinn 2. júní 1945 fer héðan fríður flokkur skákmanna til að keppa við skákmenn á Suðvesturlandinu.  Farið var með m/b Gísla Johnsen VE 100 og lagt af stað kl. 7 um morguninn til Stokkseyrar og var komið þangað kl. 12 á hádegi.  Daginn eftir var keppt við sameinað lið Selfoss og Stokkseyrar og unnu Eyjamenn með 3,5 á móti 2,5 vinningum.  Um kvöldið var haldið til Reykjavíkur og 4. júní keppt við Taflfélag Hafnarfjarðar og fóru leikar 4:4.  Hinn 5. júní var teflt við vistmenn á Vífilsstöðum og þar vannst sigur með 5,5 vinningum gegn 2,5. Þann 6. júní var teflt við Taflfélag Keflavíkur og vann TV með 9 vinningum á móti 4 og loks var sest hinn 7. júní á móti liði Reykvíkinga og gert jafntefli 4-4.  Árangurinn var því stórkostlegur, en liðið var skipað eftirtöldum : 
 1 borð Vigfús Ólafsson
 2 borð Friðbjörn Benónýsson 
 3 borð Árni Stefánsson
 4 borð Rafn Árnason, Gröf 
 5 borð Karl Sigurhansson, Brimnesi  
 6 borð Halldór Ó. Ólafsson, Arnardrangi  
 7 borð Gísli Stefánsson
 8 borð Ragnar Halldórsson
 Varam. Þórður Þórðarson, Fagrafelli

Hingað komu 10 menn úr Taflfélagi Reykjavíkur 1. september 1945 og meðal þeirra Eggert Gilfer sem var einn sterkasti skákmaður landsins þá og tefldi hann m.a. fjöltefli á 17 borðum, vann 12 skákir og tapaði 5.  Sveitakeppni sem fór fram milli bæjanna fór þannig að Reykvíkingar sigruðu með 6,5 vinningi á móti 2,5.

Eftir þetta fellur úr heill áratugur, þar sem ekkert er skráð í bækur en hinn 15. september 1957 er skráður stofnfundur Taflfélags Vestmannaeyja haldinn í Breiðabliki.

Þá var það á þjóðhátíðinni 1950 sem fór fram keppni í skák milli íþróttafélaganna Þórs og Týs með lifandi mönnum við mikla hrifningu áhorfenda.
Konungur og drottning fyrir Þór voru Bjarni Eyjólfsson, Austurvegi og Svanhildur Guðmundsdóttir, Heimagötu 29, en fyrir Tý voru þau Sigurjón Ingvarsson, Vallargötu 4 og Margrét Ólafsdóttir, Flötum 14.
Þegar Svana var drepin sem drottning í þessari skák þá sagði einhver henni að koma, því nú væri hún úr leik. ""Nei, það má ég ekki, hann Bjarni þarf kannski að nota mig aftur"", ansaði Svana.
Skákin stóð í 45 mínútur og endaði með jafntefli, fyrir Þór stýrði Árni Stefánsson hvítu mönnunum en Vigfús Ólafsson fyrir Tý.

Endurreisn félagsins 1957 

Taflfélag Vestmannaeyja var endurvakið um miðjan september 1957 eftir 12 ára svefn.  Það var strax frá upphafi heilmikill kraftur í félaginu. Fyrsti formaður þess var Kristján Tryggvi Jónasson, rennismiður Hásteinsvegi 56. Félagið fékk aðstöðu fyrir skákæfingar og skákmót voru haldin í Breiðabliki.  Það hús byggði Gísli J. Johnsen, kaupmaður og konsúl árið 1908, en hann flutti frá Eyjum í heimskreppunni á fjórða áratug síðustu aldar.  Þá var teflt í eldri og yngri flokkum og voru í félaginu nokkrir peyjar við fermingaraldur og yngri. Þar voru t.d. þeir Árni Óli Ólafsson, í Suðurgarði, Sigurgeir Jónsson í Þorlaugargerði, þeir bræður Óli Árni Vilhjálmsson og Þór Í Vilhjálmsson á Burstafelli, Andri Valur Hrólfsson á Landagötunni, Arnar Einarsson á Helgafellsbraut Björn Ívar Karlsson (eldri) sem þá var fluttur í Heiðarhvamm við Helgafellsbraut.  Nokkru síðar bættust í hópinn þeir Páll Árnason síðar múrari, Guðmundur Pálsson í Héðinshöfða, Guðni Guðmundsson frá Landlyst, þeir bræður Jóhann Pétur, Þorkell og Valur í Sandprýði og Einar B. Guðlaugsson Hásteinsvegi 20.

Öflugt starf fram að gosi 

Mikill kraftur var í félaginu á þessum tíma og t.d. var á árinu 1958 boðið upp á fjöltefli við Vigfús Ólafsson á Hótel HB, sunnudaginn 26. október 1958 og var þátttökugjaldið 10. kr. samkvæmt auglýsingu í Fylki 24 s.m.

Á Haustmóti félagsins 1958 sigraði Gísli Stefánsson í I flokki og færðist upp í meistaraflokk, 2 sæti varð Jón Hermundsson og í 3 sæti Björn Ívar Karlsson (eldri). Í II flokki sigraði Richard Þorgeirsson, í öðru sæti varð Gústaf Finnbogason og í 3 sæti Herbert Sveinbjörnsson. Í unglingaflokki urðu hlutskarpastir Arnar Sigurmundsson og Árni Ólafsson og í einvígi þeirra á milli sigraði Arnar og fluttist upp í II flokk. 

Símskák fór fram á milli Taflfélaganna í Vestmannaeyjum og Akranesi 11. janúar 1959 og unnu Eyjamenn með 7,5 vinningum gegn 3,5.  Þeir sem tefldu fyrir TV voru þeir Árni Stefánsson (1) (þáv. skákmeistari), Vigfús Ólafsson (0,5) Karl Sigurhansson (0,5) Jón Hermundsson Gísli Stefánsson (1)Gústaf Finnbogason (0,5) (þáv. formaður) Ríkharð Þorgeirsson (1) Arnar Sigurmundsson Björn Ívar Karlsson (eldri) (1) Guðmundur Stefánsson (1) og Borgþór Árnason.

Frá starfi Taflfélagsins segir í Fylki 1. desember 1961 að félagið hafi hafið starfsemi sína í Breiðabliki, 6. október með Haustmóti og hafi þátttakendur verið 20 og tefldar 8 umferðir.  Efstu menn voru þeir Gísli Stefánsson 7 vinninga, Jón Hermundsson 6,5 vinninga Gústaf Finnbogason 5 vinninga og Bjarni Helgason með 5 vinninga. Skákþingið hófst 3. desember, en handhafi bikarsins var þá Karl Ólafsson.

Unglingaverðlaun 1963 Einar Óttó Högnason.

Í júní 1968 stóð félagið fyrir komu rússneska stórmeistarans Vasjukow, sem þá sigraði á Reykjavíkurskákmótinu og var boðið upp á fjöltefli, í matstofunni í Drífanda, og kostaði þáttakan 100 kr samkvæmt frétt í Fylki. Sagan um skák Einars Sigurfinnssonar og Vasjukow er skemmtileg þar sem meistarinn drap mann með framhjáhlaupi og Einar hafði aldrei séð þetta áður, en Helgi Ólafsson horfði á undrun hans vegna þessa.

Í viðtali við Einar B. Guðlaugsson formann félagsins í Fylki í febrúar 1969 segir hann frá starfi félagsins. Á meistaramótinu það ár voru 17 þáttakendur í I og II flokki. Í 2 flokki sigraði Friðrik Guðlaugsson með 6 vinninga, í 2-3 sæti voru þeir Helgi Ólafsson og Guðmundur Guðmundsson með 5 vinninga. Í I flokki urðu þeir Arnar Sigurmundsson og Sigurjón Jónsson með 6 vinninga af 8 og í einvígi þeirra sigraði Arnar. Á hraðskákmóti það ár sigraði Einar B. Guðlaugsson í öðru sæti varð Andri Valur Hrólfsson og þriðji Sigurjón Jónsson. Á þessum tíma tefldu félagsmenn í matstofunni hjá honum Sigurjóni. Spurður um áhugann sagði Einar að áhuginn væri mun minni nú (1969) heldur en þegar félagið var endurreist 1957, en þá voru 25-30 virkir, en nú mun færri og alltof fáir bætist í hópinn.

Starfið eftir gos 

Hinn 16. september 1976 stóð félagið fyrir fjöltefli stórmeistarans J. Timman á 37 borðum. Timman vann 35 skákir, en gerði jafntefli við þá Jón Sveinsson og Össur Kristinsson formann félagsins.
Frá árinu 1975 hafa félagsmenn TV teflt við skákmenn Flugleiða vor og haust.  16 og 17. október 1976 fór keppni við Flugleiðamenn fram í Reykjavík og var teflt á 10 borðum og sigruðu Flugleiðamenn í ""rólegri skák 12-8 og í hraðskák 106,5 - 93,5.
Haustmót TV 1976, keppendur 18, sigurvegari var Björn Ívar Karlsson (eldri) með 7,5 vinn., 2. Össur Kristinsson og í 3 sæti varð Ólafur Hermannsson.
Fyrsta þátttaka í deildakeppni Skáksambandsins var 1976 og tefldi sveit félagsins í 2 deild og varð neðst í þeirri deild.
Skákþing Vestmannaeyja 1977; 1. Kári Sólmundarson 8,5 vinn. 2. Björn Ívar Karlsson (eldri) 8 vinn. 3. Össur Kristinsson 7,5 vinn.  Unglingameistari Vestmannaeyja 1977 varð Ólafur Hermannsson.
Jólahraðskákmót 30. des. 1977, 18 keppendur.
Hraðskákmeistaramót Vestmannaeyja 1977, 18 keppendur. 1. Kári Sólmundarson 16,5 vinn. 2. Arnar Sigurmundsson 11,5 vinn. 3-4. Þórarinn Ingi Ólafsson og Ólafur Hermannsson 11 vinn.
Í lok mars 1977 stóð félagið fyrir klukkufjöltefli við tékkneska skákmeistarann dr. Alster á 10 borðum. Alster tapaði einni skák fyrir Birni Ívari Karlssyni. Leiðrétting. Dr. Alster tapaði einnig fyrir Jóni Sveinsyni í Kóngsgambit í 24.leikjum

Húsnæðismál 1957-1982 

Í september 1957 hóf félagið starfsemi sína að Breiðabliki og var yfirleitt teflt á efri hæð sunnanmegin, en þar var áður kennslustofa. Ef mikil þátttaka var á skákmótum, var brugðið á það ráð að fara með yngri flokka í önnur herbergi í húsinu.  Í Breiðabliki var verið í mörg ár. Skákþing Vestmannaeyja 1959 var þó haldið í mötuneyti Vinnslustöðvarinnar að Strandvegi 50, jarðhæð.
Árið 1965 fór starfsemin úr Breiðabliki niður á 2 hæð hússins Gefjun við Strandveg. Sá hluti hússins var rifinn 1980. Í Gefjun var verið til 1966 en þá var flutt í matstofuna í hússins Drífanda að Bárustíg 2 og verið þar þar til farið var í félagsheimilið við Heiðarveg 1969 og fékk félagið aðstöðu á gangi hússins til að byrja með, þ.e. á ganginum beint á móti innganginum í bæjarleikhúsið á 2. hæð hússins.  Árið eftir lá leiðin niður í sal undir leikssviðinu. Léleg loftræsting var í þessum sal og hann var gluggalaus. Kunnu menn því aldrei almennilega við sig í þessu húsnæði. En 1972 fékk Taflfélagið ágætis aðstöðu í sal á efstu hæð Félagsheimilisins, ýmist í minni salnum eða þeim stærri og fór það eftir þátttöku. Skákkennsla barna og unglinga fór fram í þessum sölum, en á þessum tíma þ.e. 1972 var starfsemi félagsins í miklum blóma. Þegar eldgosið kom upp í Heimaey 23. janúar 1973 var skákþing Vestmannaeyja 1973 rétt að ljúka. Eins og gefur að skilja hafði eldgosið mjög slæm áhrif á starfsemi félagsins. Áhöld félagsins, þ.e. töfl og klukkur voru tekin í notkun af björgunarmönnum og var víða teflt á svefnstöðum björgunarmanna. Týndist meirihluti áhalda félagsins í gosinu, þó ekki fundargerðarbækur o.þ.h. En félagið fékk tjónið bætt úr Viðlagasjóði eftir gosið.
Þegar félagið hóf aftur starfsemi eftir gos um áramótin 1973-74 var farið rólega af stað. Mikið vantaði af gömlum félögum og skiluðu margir sér ekki til Eyja eftir gosið. Þeir sem komu til baka fóru af stað og var fengið húsnæði í Eyverjasalnum í Samkomuhúsinu 1974. Þessi salur var nýinnréttaður og aðstaða góð, en ekki hugsuð til frambúðar, þar sem salurinn var ætlaður undir aðra starfsemi. Þá var starfsemin flutt í Alþýðuhúsið í lítinn en góðan sal á 2. hæð hússins. Í þeim sal var félagið þar til flutt var að nýju í Félagsheimilið við Heiðarveg 1982.

Tíundi áratugurinn 
Á landsmótinu í skólaskák vorið 2001 varð Björn Ívar Karlsson (yngri) í öðru sæti í eldri flokki. Þá lenti Björn Ívar Karlsson (yngri) í öðru sæti á unglingameistaramóti Íslands sem haldið var á Akureyri í byrjun nóvember 2001.
Haustmót 2001: Sigurvegari varð Sverrir Unnarsson, en í öðru sæti urðu þeir Sigurjón Þorkelsson og Ágúst Örn Gíslason jafnir. Á Skákþingi Akureyrar 2002 sigraði Björn Ívar Karlsson (yngri). Í október 2002 kom bandaríski skákmaðurinn og pókerspilarinn Ylon Schwartz til Eyja og sigraði á hraðmóti sem sett var upp í tilefni af komu hans.  31. ágúst 2003 varð Björn Ívar Karlsson (yngri) Norðurlandameistari með Menntaskólanum á Akureyri. Hinn 2. nóvember 2003 Björn Ívar Karlsson (yngri) tók þátt á HM ungmenna.

Húsnæðiskaup 2004 

Hinn 17. september 2004 festi Taflfélagið kaup á neðri hæð hússins að Heiðarvegi 9A, af Hvassafelli ehf., en þar hafði áður verið til húsa verslun.  Ekki þarf að taka fram að þetta var í fyrsta skipti sem félagið var í eigin húsnæði og þarna var því unnt að geyma gögn félagsins og tól.  Þessi gjörningur átti sinn þátt í stöðugleika félagsins næstu ár á eftir.  Hæðin er 113,5 fermetrar og tók félagið lán kr. 6.260.000 frá Sparisjóð Vestmannaeyja fyrir kaupunum, sem endurgreiðast eiga á 25 árum. Jafnframt þessu þá gerði félagið samning við Vestmannaeyjabæ þar sem bærinn mun styrkja félagið en það annast kennslu grunnskólabarna og í því sambandi var þinglýst kvöð á húsnæðið varandi bann við frekari veðsetningum og sölu eignarinnar.

Blómaskeið 2003-11 

Á árunum eftir 2003 reis upp mikill áhugi á skák hjá yngri aldurshópum í Vestmannaeyjum og á næstu árum urðu krakkar úr félaginu fremstir á landsvísu ár eftir ár. Reyndar var haldið svokallað sýsluskákmót hér 10. maí 2001 af frumkvæði sýslumannsins. Það má einnig segja að á Jólamóti 2002 hafi margir af þessum strákum mætt á eitt af sínum fyrstu mótum, en á því móti sigraði Alexander Gautason í öðru sæti var Nökkvi Sverrisson í þriðja sæti Sindri Freyr Guðjónsson, í fjórða sæti varð Hallgrímur Júlíusson og í fimmta sæti varð Kristófer Gautason sem reyndar var skráður á leikskólanum Sóla. Þarna voru einnig mættir bræðurnir Bjartur Týr Ólafsson og Ólafur Freyr Ólafsson. Þarna sáust því nöfn þessara sem mest voru áberandi á næstu árum og héldu uppi árangri í barnaflokkum félagsins næstu 7-9 árin.
  En það sem mætti segja að hafi markað upphafið af þessum mikla uppgangi er líklega svokallaða skákævintýri, sem haldið var í Eyjum tvö ár í röð; 2004 og 2005 með þátttöku mikils fjölda krakka úr Eyjum og ofan af landi. Frumkvöðlar af þessu öllu saman sem með góðri samvinnu gerðu allt þetta mögulegt voru þeir þrír sem skipuðu stjórn TV á þessum tíma; Magnús Matthíasson, Karl Gauti Hjaltason og Sverrir Unnarsson, sem hver um sig sinnti afmörkuðu sviði uppbyggingarinnar.  Árangurinn lét ekki á sér standa, krakkar í Eyjum hópuðust í skák og það var ""inn"" að rústa skákmótum og má segja að krakkar úr Eyjum hafi um tíma verið skelfingaralda í augum skákkrakka á höfuðborgarsvæðinu, þegar þau mættu á mótin og tóku með sér alla góðmálma sem voru í boði. Hér skal stiklað á nokkrum mótum og viðburðum á þessu tímabili og tekur e.t.v. nokkur tíma að safna þessum upplýsingum saman:

 2001 Sýsluskákmót Vestmannaeyja, 10. maí, 1-3 bekkur (14), Alexander Gautason, 4-5 bekkur (11), Karl Rúnar Martinsson, 6-10 bekkur (11), Þórhallur Friðriksson.
 2002 Jólamót barna í Eyjum, 1. Alexander, 2. Nökkvi, 3. Sindri Freyr 4. Hallgrímur.
 2003 Skólaskákmót Vestmannaeyja, 1 sæti eldri flokki Sæþór Örn Garðarson, 1 sæti í yngri flokki Bjartur Týr.
 2003 Kjördæmismót Suðurlands í Vík í Mýrdal, 3 sæti eldri flokki Sæþór Örn Garðarson, 4 sæti í yngri flokki Nökkvi og Sindri Freyr.
 2004 25. apríl, Unglingameistari Vestmannaeyja: Alexander Gautason.
 2004 Sigurvegari mótaraðar barna: Ágúst Sölvi Hreggviðsson.
 2004 Bikarkeppni barna í Eyjum: Bjartur Týr.
 2004 17. apríl, Kjördæmismót Suðurlands í Eyjum, 17. apríl. Yngri flokkur: 2 sæti: Nökkvi, 3 sæti: Alexander.
 2005 Íslandsmót barna, 15-16. janúar, 1 sæti, Nökkvi Sverrisson, 50 keppendur, 9 krakkar frá TV.
 2005 Íslandsmót barnaskólasveita, 12-13. febrúar, 3 sæti, Barnaskóli Vestmannaeyja með 25 vinn. af 36, Nökkvi, Alexander, Sindri Freyr og Hallgrímur, C sveitin var í 11 sæti og B sveitin í 17 sæti.
 2005 Hraðskákmeistaramót Suðurlands, Selfossi 20. febrúar, 1 sæti eldri flokki Nökkvi, 2 sæti yngri flokki Hafsteinn,  
 2005 Vinamót Sala og Eyja í Kópavogi, 19. mars, Sveitakeppni: 1 sæti, A sveit TV, Nökkvi, Alexander, Sindri Freyr og Hallgrímur 1-2. bekkur: 1 sæti Kristófer, 3-4. bekkur: 1 sæti Sindri Jóhanns.
 2005 Tívolísyrpa Íslandsbanka, 20. mars, Yngsti flokkur: 1 sæti Sindri Jóhanns.
 2005 Skólaskákmót Suðurlands á Selfossi 24. apríl, 1-7. bekkur: 1 sæti Sindri Freyr Guðjónsson, 3. sæti Hallgrímur Júlíusson
 2005 Suðurlandsmót barnaskólasveita Hellu 13 mars, 1 sæti, Barnaskóli Vestmannaeyja A, Nökkvi, Alexander, Sindri Freyr og Hallgrímur 2 sæti, Barnaskóli Vestmannaeyja B, Bjartur Týr, Kristófer, Hannes Jóh. og Sindri Jóh.
 2005 Íslandsmót Unglingasveita, Garðabæ 26. nóvember, 6 sæti með 16 vinn., Barnaskóli Vestmannaeyja A, Nökkvi, Ágúst Sölvi, Alexander og Sindri Freyr. B sveitin varð í 12 sæti af 17 sveitum með 14 vinn.
 2006 Íslandsmót barna, Reykjavík 21. mars, 6-12 sæti Ársæll Ingi og Ólafur Freyr. Ársæll varð efstur í sínum aldursflokki; 1997. Á mótinu voru 112 keppendur, 11 frá TV.
 2006 Íslandsmót barnaskólasveita, 25-26. mars, 2 sæti, Barnaskóli Vestmannaeyja A með 28,5 vinn. af 36: Nökkvi, Alexander, Sindri Freyr og Hallgrímur 4 sæti, Barnaskóli Vestmannaeyja B með 21,5 vinn.: Bjartur Týr, Ólafur Freyr, Daði Steinn og Nökkvi Dan. C sveit skólans varð í 15 sæti með 15 vinn. og Hamarsskóli varð í 12 sæti með 16,5 vinn.
 2006 Sunnudagsmótaröð TV, vorið 2006, 1 sæti með 250 stig Nökkvi, 2 sæti með 240 stig Ágúst Sölvi, 3 sæti með 228 stig Hallgrímur, keppendur voru 32 talsins yfir veturinn.
 2006 Deildakeppni barna, veturinnn 2005-06, 1 sæti með 23 stig Nökkvi, 2 sæti með 22,5 stig Alexander, 3 sæti með 22,5 stig Ágúst Sölvi, keppendur voru 30 talsins í 3 deildum og var keppt mánaðarlega heil umferð (nóv., des., jan og mars).
 2006 Íslandsmót grunnskólasveita, 1-2. apríl, 4 sæti, Barnaskóli Vestmannaeyja A með 21,5 vinn. af 36 mögulegum: Nökkvi, Alexander, Hallgrímur og Sindri Freyr varam: Bjartur Týr
 2006 Evrópumót barnaskólasveita, Varna í Búlgaríu 21-28. júní, 5 sæti U12 Barnaskóli Vestmannaeyja með 13,5 vinn. af 28 mögulegum, Nökkvi (2 vinn), Alexander (3,5 vinn), Sindri Freyr (3 vinn) og Hallgrímur (5 vinn) varamaður Kristófer. Sveitin keppti fyrst við A Búlgaríu (1-3), Rússland (1,5-2,5), vann svo B Búlgaríu (3,5-0,5), Hvíta Rússland (1,5-2,5), gerði jafnt við Makedóníu (2-2), sigraði Þýskaland (3,5-0,5) og Kína (0,5-3,5) 
 2006 Íslandsmót Unglingasveita, Garðabæ 25. nóvember, 4 sæti, Barnaskóli Vestmannaeyja A, Nökkvi, Bjartur Týr, Alexander, Hallgrímur,  og Sindri Freyr. B sveitin var í 8 sæti af 17 sveitum.
 2007 8. janúar, Taflfélag Vestmannaeyja hlýtur Fréttapýramída Eyjafrétta.
 2007 Íslandsmót barna, 27. janúar, 1 sæti með 7/8 vinn., Kristófer Gautason, 3 sæti með 6,5 vinn. Daði Steinn Jónsson, 68 keppendur, x krakkar frá TV.
 2007 Íslandsmót barnaskólasveita, 30. mars - 1. apríl, 1 sæti, Barnaskóli Vestmannaeyja A: Nökkvi, Alexander, Sindri Freyr og Hallgrímur með 30,5 vinn af 36. Í 6 sæti, Barnaskóli Vestmannaeyja B. Á mótinu kepptu 22 sveitir.
 2008 Íslandsmót barna, 26. janúar, 1 sæti með x/x vinn., Kristófer Gautason, Þetta er annað árið í röð sem Kristófer vinnur titilinn og er það í fyrsta skipti sem sami krakki vinnur mótið tvö ár í röð. xxx keppendur, x krakkar frá TV.
 2008 Íslandsmót U15 ára, Vestmannaeyjum 18. október, 2 sæti í mótinu í heild og Íslandsmeistari Pilta Nökkvi Sverrisson með 7,5 vinn. af 9. (76 keppendur þar af 62 úr TV) TV sigraði í 7 árgöngum af 10.
 2008 Íslandsmót unglingasveita, 22. nóvember, 3 sæti, Sveit Taflfélags Vestmannaeyja: Nökkvi, Daði Steinn, Bjartur Týr og Ólafur Freyr.
 2008 Íslandsmet í þátttöku á stúlknamóti, Vestmannaeyjum 2. desember, 65 stúlkur og konur tóku þátt í móti í Vestmannaeyjum (eldra met 49), Sigurvegari var Thelma Halldórsdóttir.
 2009 Netskákmót, 5. mars, Eyjar á móti völdu liði ofan af landi 7-5. 
 2009 Íslandsmót barnaskólasveita, Reykjavík xx. xxx, 2 sæti, Barnaskóli Vestmannaeyja, Daði Steinn, Kristófer, Ólafur Freyr og Valur Marvin, voru efstir í undankeppni allra liða í Rimaskóla.
 2009 Maraþon, 14-15. mars, Vestmannaeyjum, 98 þátttakendur, 1429 skákir. 
 2009 Fjöltefli, 4. apríl, Vestmannaeyjum, Stuart Conquest (2549) stórmeistari frá Skotlandi hélt fjöltefli. 
 2009 Skólaskákmót Suðurlands á Hvolsvelli 24. apríl, 1-7. bekkur: 1 sæti Daði Steinn Jónsson, 8-10 bekkur: 1 sæti Nökkvi Sverrisson.
 2010 Landsmót í Skólaskák á Akureyri 3. maí, 1-7. bekkur: 7 sæti Daði Steinn Jónsson, 8-10 bekkur: 3 sæti Nökkvi Sverrisson.
 2009 Vestmannaeyjamót stúlkna, 5. maí (28 keppendur), Vestmannaeyjameistari stúlkna: Thelma Halldórsdóttir.
 2009 Meistaramót Skákskóla Íslands, 24. maí, 14 ára og yngri: 1 sæti Nökkvi, 12 ára og yngri: 1 sæti Kristófer.
 2009 Norðurlandamót barnaskólasveita, Vestmannaeyjum 18-20 september, 2 sæti Barnaskóli Vestmannaeyja Daði Steinn Jónsson, Kristófer Gautason, Ólafur Freyr Ólafsson og Valur Marvin Pálsson, varamaður: Nökkvi Dan Elliðason.
 2010 Íslandsmót barnaskólasveita, Smáralind 21. mars, 2 sæti með 25 vinn. af 32, Barnaskóli Vestmannaeyja, Kristófer, Sigurður Arnar, Róbert Aron og Hafdís.
 2010 Íslandsmót barna, Vestmannaeyjum, 27. mars, 31 keppandi, 2 sæti Sigurður Arnar 3 sæti Jörgen Freyr.
 2010 Vestmannaeyjamót stúlkna, 13. apríl (16 keppendur), Vestmannaeyjameistari stúlkna: Indíana Kristinsdóttir.
 2010 Skólaskákmót Suðurlands á Flúðum 2. maí, 1-7. bekkur: 1 sæti Kristófer Gautason, 8-10 bekkur: 1 sæti Nökkvi Sverrisson.
 2010 Íslandsmeistaramótið í Skólaskák - Reykjavík 7-9.maí, 1 sæti í yngri flokki Kristófer Gautason með 10 vinn. af 11 mögulegum.
 2010 Íslandsmót Pilta, Reykjavík 1. nóvember, 2-3 sæti Daði Steinn Jónsson.

Félagið og skólarnir í Eyjum náðu um árabil flestum þeim titlum sem unnt var að vinna, m.a. Suðurlandsmeistaratitlum, Íslandsmeistaratitlum og tvisvar urðu sveitir héðan í 2 sæti á Norðurlandamótum og náðu að auki 2007 fimmta sætinu á EM í Varna í Búlgaríu.

Íslandsmeistaratitlar í barnaflokkum:
 2005 Nökkvi Sverrisson, Íslandsmeistari barna
 2007 Barnaskóli Vestmannaeyja Íslandsmeistari barnaskólasveita, Nökkvi Sverrisson, Alexander Gautason, Sindri Freyr Guðjónsson og  Hallgrímur Júlíusson.
 2007 Barnaskóli Vestmannaeyja, 2 sæti á Norðurlandamótinu í Örsundsbro í Svíþjóð (sama sveit)  
 2007 Kristófer Gautason, Íslandsmeistari barna
 2008 Barnaskóli Vestmannaeyja, Íslandsmeistari barnaskólasveita, Kristófer Gautason, Daði Steinn Jónsson, Ólafur Freyr Ólafsson og  Valur Marvin Pálsson og þátttaka á Norðurlandamótinu á Álandseyjum það haust.
 2008 Kristófer Gautason, Íslandsmeistari barna
 2008 Nökkvi Sverrisson,, Íslandsmeistari Pilta
 2009 Barnaskóli Vestmannaeyja, 2 sæti á Norðurlandamótinu í Eyjum (sama sveit)
 2010 Kristófer Gautason, Íslandsmeistari í Skólaskák, yngri flokki
 2013 Nökkvi Sverrisson,, Meistari Skákskóla Íslands

Þátttaka ungmenna frá Vestmannaeyjum á NM, EM og HM
 2002 NM - xxx, Björn Ívar Karlsson (yngri) í x flokki
 2007 NM - Reykjavík, Nökkvi Sverrisson í D flokki og Kristófer Gautason í E flokki.
 2009 NM - Færeyjum, Nökkvi Sverrisson í C flokki.
 2009 HM - Tyrklandi, 12-22 nóvember Kristófer Gautason 4,5 vinn. í 12 ára og yngri.
 2010 NM - Vesterás, Svíþjóð, Kristófer Gautason í D flokki og Róbert Aron Eysteinsson í E flokki.
 2011 NM - Ósló, Noregi, Nökkvi Sverrisson 3 sæti í B flokki.
 2012 NM - Espoo, Finnlandi, Nökkvi Sverrisson keppti í A flokki.

Eins og áður sagði var upphafið af blómaskeiði í unglingastarfinu 2003-2010 án nokkurs vafa þegar forsvarsmenn TV ákváðu snemma árs 2004 að blása til stórmóts fyrir börn og unglinga á grunnskólaaldri.  Undirbúningur fór strax á fullt skrið.  Meðal annars var gerður sérhannaður verðlaunapeningur fyrir mótið og fengju allir þátttakendur pening til minningar, sem var algjör nýjung á skákmótum og átti vafalítið þátt í vinsældum mótsins.  Þá var gefið út sérstakt skákblað sem einnig var einstakt á barnaskákmótum. Mótið hófst á fjöltefli við Helga Ólafsson stórmeistara.

Fyrsta skákævintýrið fór fram vorið 2004 og var keppt í 5 flokkum einstaklinga auk þess sem sá keppandi sem fékk hæst vinningshlutfall var útnefndur Ævintýrakóngur.  Þá var keppni í teikningum sem tengdust mótinu og Eyjum, pílukasti og spurningakeppni á lokahófinu samanstóð af glæsilegri verðlaunaafhendingu með mikilli viðhöfn. Keppendur voru 88 sem var framar öllum vonum og mikill fjöldi krakka úr Eyjum tók þátt.  Hingað komu allir sterkustu skákkrakkar á landinu og fengu krakkarnir í Eyjum verðugt verkefni, sem þurfti og átti auðvitað að leysa.  TV hlaut þó aðeins tvenn verðlaun, silfur og brons í yngsta flokknum, en það snérist heldur betur við næsta ár, enda uppsveiflan rétt að hefjast.
Árið eftir var mótið stækkað enn frekar, bætt við einum einstaklingsflokki,  sveitakeppni í tveimur flokkum og bætt við leikjakeppnum s.s. boltakasti, skákþrautakeppni og skákorðakeppni og ýmislegt annað útfært nánar. Mótið hófst á fjöltefli við Henrik Danielsen stórmeistara í TV.

Og það var eins og við manninn mælt; mótið 2005 var risamót með 110 keppendum og það sem meira var að Eyjamenn sigruðu eftirminnilega í yngstu aldursflokkunum og hlutu 3 gull, 2 silfur og 2 brons og unnu sveitakeppni yngri liða sem og brons í þeim flokki. Þetta var byrjunin á uppgangi þeirra krakka sem áttu eftir að láta mikið að sér kveða næstu árin í barnaskákmótum.

Skákævintýri 2004:
 1-2 bekkur (14) 1. Hrund Hauksdóttir, Hróknum, 2. Ólafur Freyr Ólafsson TV, 3. Kristófer Gautason TV.
 3-4 bekkur (38) 1. Mikael Luis Gunnlaugsson, Hróknum.
 5-6 bekkur (20) 1. Hjörvar Steinn Grétarsson, Hellir.
 7-8 bekkur ( 7) 1. Ingvar Ásbjörnsson, Hróknum.
 9-10 bekkur ( 9) 1. Atli Freyr Kristjánsson
 Spurningakeppni skákliða 1. Taflfélag Vestmannaeyja.
 Ævintýrakóngur : Mikael Luis Gunnlaugsson, Hróknum (94% vinn.)

Skákævintýri 2005:
 1-2 bekkur (15) 1. Kristófer Gautason TV, 9 vinn., 2. Ársæll Ingi Guðjónsson TV 7,5 vinn, 3. Nökkvi Dan Elliðason TV, 6,5 vinn.
 3 bekkur (26) 1. Daði Steinn Jónsson TV, 7 vinn., 3. Valur Marvin Pálsson TV, 6,5 vinn.
 4 bekkur (14) 1. Brynjar Ísak Arnarson TG, 8,5 vinn.
 5 bekkur (16) 1. Alexander Gautason TV, 7 vinn., 2. Hallgrímur Júlíusson TV, 6,5 vinn.
 6-7 bekkur (27) 1. Hjörvar Steinn Grétarsson Helli, 8 vinn.
 8-10 bekkur (12) 1. Sverrir Þorgeirsson, Haukum, 7,5 vinn.
 Sveitakeppni 1-6 bekkjar (16): 1. Taflfélag Vestmannaeyja A 18 vinn/20.
 Sveitakeppni 7-10 bekkjar ( 8): 1. Fjölnir A 22,5 vinn/28.
 Spurningakeppni skákliða ( 8) 1. Hellir.
 Ævintýrakóngur : Kristófer Gautason, TV (100% vinn.)

Íslandsmót skákfélaga 

Skáksamband Íslands stendur fyrir Íslandsmóti skákfélaga í tveimur hlutum yfir veturinn þar sem skákfélög senda sveitir sínar til keppni.  Um nokkurt skeið hefur verið teflt í 4 deildum og hefur Taflfélag Vestmannaeyja yfirleitt teflt fram 3-4 sveitum.  A sveitin, sem skipuð er 8 mönnum, hefur um nokkurt skeið keppt í 1 deild og náð þar góðum árangri.  Helsti burðarás sveitarinnar um langt skeið hefur verið stórmeistarinn Helgi Ólafsson, en einnig Björn Ívar Karlsson (yngri), Þorsteinn Þorsteinsson sem hefur verið liðsstjóri sveitarinnar frá því haustið 2008, Páll Agnar Þórarinsson og Henrik Daníelsen stórmeistari auk þess sem félagið hefur á stundum styrkt liðið með erlendum stórmeisturum.

Árangur A sveitar á Íslandsmótinu
 1999 x sæti (2 deild)  
 2000 x sæti (2 deild),
 2001 x sæti (2 deild)
 2002 6 sæti (2 deild)
 2003 2 sæti (2 deild) - upp um deild  
 2004 4 sæti (1 deild)
 2005 3 sæti (1 deild)
 2006 x sæti (1 deild)
 2007 2 sæti (1 deild)  
 2008 8 sæti (1 deild) - fall
 2009 1 sæti (2 deild); Luis Galego, Jan Johansson, Þorsteinn Þorsteinsson, Páll A Þórarinsson, Sævar Bjarnason, Björn Ívar Karlsson og Lárus Knútsson (sh).
 2010 2 sæti (1 deild); Alexey Dreev (sh), Helgi Ólafsson, Michael Hoffmann (fh), Igor A Nataf, Sebastian Maze, Nils Grandelius (sh), Páll A Þórarinsson, Þorsteinn Þorsteinsson, Björn Ívar Karlsson, Sævar Bjarnason (fh) og Björn Freyr Björnsson (fh).
 2011 2 sæti (1 deild); Mikhail Gurevich (fh), Jon L Hammer, Tomi Nyback (sh), Jan Gustafsson (sh), Kamil Miton (sh), Helgi Ólafsson, Sebastian Maze (fh), Igor A Nataf (fh), Ingvar Þór Jóhannesson, Páll A Þórarinsson, Kristján Guðmundsson, Þorsteinn Þorsteinsson og Björn Ívar Karlsson.
 2012 3 sæti (1 deild); Mikhail Gurevich (fh), Jon L Hammer (sh), Helgi Ólafsson, Henrik Danielsen, Sebastian Maze (sh), Ingvar Þór Jóhannesson, Masha Klinova (fh), Páll A Þórarinsson, Kristján Guðmundsson, Þorsteinn Þorsteinsson og Björn Ívar Karlsson.
 2013 4 sæti (1 deild); Jon L Hammer (fh), Tomi Nyback (sh), Kamil Miton (fh), Helgi Ólafsson, Nils Grandelius (sh), Sebastien Maze, Rafal Antoniewski (fh), Henrik Danielsen, Sigurbjörn Björnsson, Ingvar Þór Jóhannesson og Björn Ívar Karlsson.

Formannatal T.V. 
 
Félagið hefur starfað óslitið frá árinu 1957, en fyrir þann tíma komu nokkur ár þar sem starfið lagðist alveg niður í nokkur ár í senn.
Formannstíð Karls Gauta frá 2007 til 2013 eða í 6 heil ár er lengsta samfellda formannstíð í sögu félagsins, en  Sigurjón Þorkelsson gegndi embættinu í rúm 5 ár (frá 1990) og bæði  Össur Kristinsson (frá 1974) og Einar B. Guðlaugsson (frá 1967) gegndu því í tæp 5 ár. Sá sem hefur gegnt embættinu lengst allra er Sigurjón Þorkelsson eða í 12 ár samanlagt á fjórum aðskildum tímabilum. Bæði Stefán Gíslason (samtals 3 ár) og Sævar Halldórsson (samtals 2 1/2 ár) hafa einnig gegnt embættinu tvisvar hvor.  

 29. ágúst 1926 Hermann Benediktsson, Godthaab  
 11. október 1936 Karl Sigurhansson, Brimnesi 
 8. október 1944 Halldór Ó. Ólafsson, Arnardrangi 
 15. september 1957 Kristján Tryggvi Jónasson
 21. september 1958 Gústaf Finnbogason  
 7. október 1962 Arnar Sigurmundsson
 12. september 1965 Óli Á. Vilhjálmsson 
 1. október 1967 Einar B. Guðlaugsson
 13. september 1972 Andri Valur Hrólfsson  
 5. október 1974 Össur Kristinsson
 20. september 1979 Ólafur Hermannsson 
 22. september 1982 Guðmundur Búason 
 15. september 1984 Sævar Halldórsson  

 9. mars 1986 Ágúst Ómar Einarsson
 28. september 1986 Sævar Halldórsson
 17. september 1987 Sigurjón Þorkelsson 
 16. september 1989 Stefán Gíslason
 27. september 1990 Sigurjón Þorkelsson 
 13. október 1995 Stefán Gíslason
 22. september 1997 Sigurjón Þorkelsson 
 18. september 1998 Ágúst Örn Gíslason 
 19. september 1999 Sigurjón Þorkelsson 
 15. september 2003 Magnús Matthíasson  
 5. júní 2007 Karl Gauti Hjaltason
 5. júní 2013 Ægir Páll Friðbertsson

Heiðursfélagar 
 
 11. október 1936 Sigurbjörn Sveinsson, Sólbergi.
 xx. xxxxx 200x Sigmundur Andrésson bakari.

Skákmeistari Vestmannaeyja 
Í upphafi var sá sem sigraði í Skákmeistaramóti Vestmannaeyja, kallaður Taflkonungur Vestmannaeyja eins og greindi í fyrstu lögum félagsins frá 1926. Þannig segir í grein í Skeggja, 23. desember 1926 (bls. 103): ""Kappskák var háð hér nýlega og fóru leikar svo, að stud. med. Ólafur Magnússon varð hlutskarpastur og hlaut, auk verðlauna, nafnið ""Taflkóngur Vestmannaeyja"", hafði hann 14 vinninga, næstur var Daníel Sigurðsson 10 vinninga og 3 Guðni Jónsson, Vegamótum („Guðni í Ólafshúsum“) stud. theol. 9,5 vinn"".

Þá segir í minningargrein um Ólaf Magnússon, Sólvangi að hann hafi oftast verið Taflkonungur Vestmannaeyja frá stofnun félagsins til andláts síns 1930. Vitað er að hann sigraði 1926, en ekki hafa fundist óyggjandi heimildir um árin 1927, 28, 29 og engar um sigurvegara 1930, sem hefur þá varla verið Ólafur. 

Sá sem oftast hefur orðið meistari er Sigurjón Þorkelsson, eða 11 sinnum, en næstir koma þeir Kári Sólmundarson, 9 sinnum, Björn Ívar Karlsson, 5 sinnum, en þeir Einar B. Guðlaugsson, Sverrir Unnarsson, og Arnar Sigurmundsson, hafa unnið titilinn 4 sinnum hver. Lengstur tími frá því sami maður vann titilinn fyrst og síðan aftur er hjá Sigurjóni Þorkelssyni, eða fyrst 1986 og síðast 2006 eða 20 ár, næstur kemur Arnar Sigurmundsson, (fyrst 1964 og síðast 1979) eða 15 ár) síðan kom tveir sem hafa gert þetta á áratug, þeir Kári Sólmundarson (1975 og 1985) og  Björn Ívar Karlsson (2001 og 2011). Þá er gaman að segja frá því að meðal meistara má sjá nokkur skyldmenni, t.d. Björn Ívar yngri og eldri, en sá yngri er sonarsonur þess eldri, einnig má finna þarna feðgana Sverri Unnarsson og Nökkva Sverrisson.
 1926 Ólafur Magnússon, Sólvangi
 1927-29 Ólafur Magnússon, Sólvangi (óvíst um fjölda titla Ólafs) 
 1936 Hjálmar Ólafsson
 1958 Árni Stefánsson, Stórhöfða 
 1958 Árni Stefánsson, Stórhöfða 
 1959 Árni Stefánsson, Stórhöfða 
 1960 Karl Ólafsson
 1961 Bjarni Helgason
 1962 Jón Hermundsson  
 1963 Jón Hermundsson
 1964 Arnar Sigurmundsson 
 1965 Einar B. Guðlaugsson 
 1966 Einar B. Guðlaugsson  
 1967 Einar B. Guðlaugsson 
 1968 Einar B. Guðlaugsson 
 1969 Arnar Sigurmundsson 
 1970 Arnar Sigurmundsson
 1971 Björn Ívar Karlsson (eldri)
 1972 Helgi Ólafsson 
 1973 Helgi Ólafsson
 1974 Össur Kristinsson
 1975 Kári Sólmundarson 
 1976 Kári Sólmundarson 
 1977 Kári Sólmundarson 
 1978 Kári Sólmundarson
 1979 Arnar Sigurmundsson  
 1980 Kári Sólmundarson 
 1981 Kári Sólmundarson
 1982 Kári Sólmundarson 
 1983 Guðmundur Búason 
 1984 Kári Sólmundarson 
 1985 Kári Sólmundarson  
 1986 Sigurjón Þorkelsson
 1987 Stefán Þór Sigurjónsson  
 1988 Sigurjón Þorkelsson 
 1989 Sigurjón Þorkelsson
 1990 Ágúst Ómar Einarsson 
 1991 Sigurjón Þorkelsson 
 1992 Sigurjón Þorkelsson  
 1993 Sigurjón Þorkelsson
 1994 Ægir Óskar Hallgrímsson  
 1995 Ægir Óskar Hallgrímsson
 1996 Sigurjón Þorkelsson 
 1997 Sigurjón Þorkelsson
 1998 Ágúst Ómar Einarsson 
 1999 Sverrir Unnarsson 
 2000 Sverrir Unnarsson
 2001 Björn Ívar Karlsson (yngri)
 2002 Sigurjón Þorkelsson  
 2003 Sigurjón Þorkelsson
 2004 Ægir Páll Friðbertsson 
 2005 Sverrir Unnarsson
 2006 Sigurjón Þorkelsson 
 2007 Sverrir Unnarsson
 2008 Björn Ívar Karlsson (yngri)
 2009 Björn Ívar Karlsson (yngri) 
 2010 Björn Ívar Karlsson (yngri) 
 2011 Björn Ívar Karlsson (yngri)
 2012 Nökkvi Sverrisson

Jólamót TV á jóladag 
 
 2001 Björn Ívar Karlsson (yngri),
 2002 Björn Ívar Karlsson (yngri),
 2003 Sigurjón Þorkelsson, 
 2004 Sigurjón Þorkelsson, 
 2005 Björn Ívar Karlsson (yngri), 
 2006 Björn Ívar Karlsson (yngri),
 2007 xx xxxxson,
 2008 xxi xson, 
 2009 xxl xxxson,
 2010 Björn Ívar karlsson (yngri),
 2011 Sverrir Unnarsson, 
 2012 Einar Sigurðsson,
 2013

Hafrenningur 
 
Á sjómannadaginn hefur skapast sú hefð að Landmenn og Sjómenn tefli sveitakeppni í skák og hefur keppnin hlotið nafnið Hafrenningur. Yfirleitt hefur verið teflt á 10 borðum, en það hefur reyndar farið svolítið eftir þátttöku.  Þessi siður var fyrst tekin upp 1986 og hefur haldist allt fram á þennan dag, nema hvað keppnin féll niður árið 1987 og 2011.

Sigurvegarar í keppninni hafa verið þessir:  
 1986 Landmenn, gef. Glófaxi VE 300   
 1987 Ekki teflt
 1988 Landmenn                       
 1989 Landmenn
 1990 Landmenn, gef. Hótel Þórshamar  
 1991 Landmenn 
 1992 Landmenn
 1993 Landmenn, gef. Ísf. Vestm.eyja
 1994 Landmenn                      
 1995 Sjómenn
 1996 Landmenn                       
 1997 Landmenn  
 1998 Landmenn    
 1999 Landmenn, gef. Glófaxi VE 300
 2000 Sjómenn                      
 2001 Landmenn, 16-4.
 2002 Landmenn, 10-4.                    
 2003 Sjómenn, 9-7.
 2004 Landmenn, 13-3.                    
 2005 Landmenn 
 2006 Landmenn                      
 2007 Landmenn
 2008 Landmenn                       
 2009 Landmenn 
 2010 Landmenn                       
 2011-13 Ekki teflt

Heimildir 
Samantekt skrifaði Karl Gauti Hjaltason
Endurreisn 1957 og húsnæðismál 1957-82 er tekið úr greinum eftir Arnar Sigurmundsson
Fyrstu kaflarnir eru teknir úr Afmælisriti TV 1982
Fróðleikur um Árna Stefánsson frá Stórhöfða er úr grein e. Björn Ívar Karlsson eldri í Dagskrá 17. apríl 1998
Víðir, 15. nóvember 1930, Minningargrein
Skeggi, 4. september 1926, Fréttabálkur
Skeggi, 23. desember 1926, Fréttabálkur

Félög
Íþróttir",Hver varð sigurvegari skákmótsins í Vestmannaeyjum árið 1926?,"{'answer_start': array([685], dtype=int64), 'text': array(['Ólafur Magnússon'], dtype=object)}"
https://is.wikipedia.org/wiki/Klaufhalar,Klaufhalar,"Klaufhalar (eyrnaormar eða eyrnapöddur) (fræðiheiti: Dermaptera) eru ættbálkur skordýra af útvængjuyfirættbálki sem einkennist af stórum himnuvængjum (afturvængjum) sem klaufhalarnir brjóta saman undir leðurkennda framvængi. Afturbolur þeirra nær vel aftur fyrir vængina og endar nær alltaf á hala sem skiptist í tvo hluta sem líkjast oft skærum eða töng.

Klaufhalar eru næturdýr sem nærast á plöntuafurðum og blaðlús. Til klaufhalaættbálksins teljast um 1.800 tegundir í 10 ættum en ættbálkurinn er frekar lítill meðal skordýra, þrátt fyrir það eru klaufhalarnir nokkuð algengir og rata oft inn í hús þar sem þeir sjást oft þjótast yfir gólfin.

Líffærafræði 
Klaufhalar eru ílangir og búkur þeirra situr lágt gagnhvart jörðinni, þeir eru oft brúnir að lit og yfirleitt 10-14 mm langir en á Sankti Helenu finnast allt upp í 80 mm langir einstaklingar. Munnur þeirra er vel fallin til að tyggja fæðuna.

Halar klaufhalanna eru frá allt frá ekki neinu upp í einn þriðja af búkslengd þeirra. Hægt er að greina á milli kynjanna með því að skoða halann en hann er beinn á kvendýrunum og snýr fyrst inn í bláendann en á karldýrunum líkist hann meira hnetubrjót og fer í smá sveig út áður en endarnir mætast. Einnig er mun lengra á milli halanna tveggja þar sem lengst er á milli þeirra á karldýrunum (sjá tengla).

Klaufhalar þurfa að brjóta afturvængi sína saman á margbrotinn hátt svo þeir passi undir framvængina, þrátt fyrir margbrotna hönnun þeirra nota klaufhalarnir þá sjaldan til flugs.

Mökun klaufhala fer þannig fram að þeir snúa afturbolum sínum saman og halda jafnvel stundum í hvern annan með hölunum.

Steingervingar 
Steingervingar af klaufhölum hafa fundist allt aftur til júratímabilsins, árið 2003 höfðu um 70 sýni fundist allt í allt.

Heimild

Tenglar 
 Grein um Forficula auricularia þar sem sést munurinn á hölum karl- og kvendýra.
 Yfirlit yfir klaufhala","Hvaða steingervingar af klaufdýrum hafa fundist, og hvenær?","{'answer_start': array([1671], dtype=int64), 'text': array(['allt aftur til júratímabilsins'], dtype=object)}"
https://is.wikipedia.org/wiki/Grasker,Grasker,"Grasker er ávöxtur af ættkvíslinni Cucurbita og graskersætt af tegundunum Cucurbita pepo eða Cucurbita mixta. Grasker hafa vanalega þykkt appelsínugult eða gult hýði og eru ræktuð til matar og til skrauts og skemmtunar. Bökur úr graskerjum er hefðbundinn hluti af hinni bandarísku þakkargjörðarhátíð og útskorin grasker eru algengt skraut á hrekkjavöku.

Elstu menjar um graskersfræ fundust í Mexíkó og eru frá 7000 og 5500 fyrir Krist. Grasker vega um 450 kg en eru oft 4-8 kg. Grasker eru tvíkynja og eru kven- og karlblóm á sömu jurt.

Grasker eru ræktuð víða bæði sem skepnufóður og til skrauts og sölu. Ræktun þeirra hefst í byrjun júlí og þarf jarðvegshiti þá á þriggja þumlunga dýpi (7.72 sm) að vera minnst 15.5°C og jarðvegur þarf að vera rakadrægur. Grasker eru  harðgerðar jurtir en uppskera getur þó brugðist vegna þurrka eða kulda eða vegna sandjarðvegs sem heldur illa raka. Stærstu grasker eru af tegundinni Cucurbita maxima. Skelin, fræ, lauf og blóm graskers eru æt.

Þegar grasker hefur þroskast er hægt að sjóða, baka eða rista það. Fræin eru oft ristuð. Í Mið-Austurlöndum er grasker notað í sæta rétti, í sælgæti sem kallað er halawa yaqtin. Í Suður-Asíulöndum eins og Indlandi er grasker soðið með smjöri, sykri og kryddi í rétt sem kallast kadu ka halwa. Í Guangxi héraðinu í Kína eru laufblöð graskers soðin eins og grænmeti og notuð í súpur. Í Ástralíu og Nýja-Sjálandi er grasker oft ristað með öðru grænmeti. Graskersfræ eru oft notuð í staðinn fyrir sólblómafræ. Grasker má nota til að bragðbæta drykki. Graskersfræ eru talin holl. Niðursoðin grasker eru gefin köttum og hundum til að bæta meltingu.

Algengt er að skera út mynstur í grasker fyrir hrekkjavöku í Norður-Ameríku og nota þau sem luktir. Útskorin grasker voru fyrst tákn um uppskerutímann en urðu síðan tengd hrekkjavöku.

Ræktendur graskerja keppa oft um stærsta og þyngsta graskerið og haldnar eru hátíðir í kringum slík keppni. Grasker eru þekkt minni í ævintýrum og þjóðsögum, þau er oft tengt nornum í kringum hrekkjavöku. Í sögunni af Öskubusku breytir álfkona graskeri í vagn en á miðnætti verður hann aftur að graskeri.

Tenglar 

 Squash Display at Missouri Botanical Garden — Myndir af 150 afbrigðum graskerja]
 Möndlugrasker eru stærstu ber í heimi (Bændablaðið=

Graskersætt

tl:Kalabasa",Hvernig eru laufblöð graskerja nýtt í Guangxi-héraði Kína?,"{'answer_start': array([1326], dtype=int64), 'text': array(['soðin eins og grænmeti og notuð í súpur'], dtype=object)}"
https://is.wikipedia.org/wiki/Greifinn%20af%20Monte%20Cristo,Greifinn af Monte Cristo,"Greifinn af Monte Cristo (Le Comte de Monte-Cristo á frönsku) er frönsk skáldsaga eftir Alexandre Dumas eldri sem kom út í hlutum árin 1844-1846. Sagan er að hluta til byggð á sönnum atburðum úr lífi skósmiðsins Pierre Picaud.

Bókin segir frá ungum sjómanni að nafni Edmond Dantès og hefst í byrjun valdatíðar Loðvíks 18. Þann 24. febrúar 1815, daginn sem Napóleon Bónaparte snýr aftur úr útlegð frá Elbu, heldur Dantès til Marseille til að fjármagna brúðkaup sitt við unnustu sína, katalónsku draumadísina Mercédès. Dantès er svikinn af öfundsjúkum „vinum“ sínum og framseldur yfirvöldum sem stuðningsmaður Napóleons. Er hann síðan lokaður inni í fangaklefa í fangelsinu Château d'If á eyju við strendur Marseille. Dantès situr í fangelsinu í fjórtán ár og vingast við fanga að nafni Faria ábóti, sem hjálpar honum loks að flýja úr haldi. Áður en Faria andast lætur hann Dantès vita af fjársjóði á eynni Monte Cristo og eftirlætur hann Dantès. Dantès fer því frjáls út í heim með peninga og völd í farteskinu og sækist eftir hefnd gegn þeim sem komu honum í fangelsi. Þetta gerir hann undir dulnefninu greifinn af Monte Cristo.

Ásamt Skyttunum þremur er Greifinn af Monte Cristo ein þekktasta bók Alexanders Dumas. Hún var í upphafi gefin út í hlutum í tímaritinu Journal des débats. Fyrsti hlutinn kom út 28. ágúst til 19. október 1844, annar hlutinn 31. október til 26. nóvember sama ár og sá þriðji frá 20. júní 1845 til 15. janúar 1846.

Greifinn af Monte Cristo hefur komið út í íslenskum þýðingum eftir Axel Thorsteinson og Ólaf Þ. Kristjánsson.

Tilvísanir

Bókaárið 1844
Franskar skáldsögur",Með hverjum áttar Edmond Dantès sig á í fangelsi?,"{'answer_start': array([786], dtype=int64), 'text': array(['Faria ábóti'], dtype=object)}"
https://is.wikipedia.org/wiki/Petteri%20Orpo,Petteri Orpo,"Antti Petteri Orpo (f. 3. nóvember 1969) er finnskur stjórnmálamaður sem er núverandi forsætisráðherra Finnlands. Hann hefur verið formaður finnska Samstöðuflokksins frá árinu 2016 og forsætisráðherra frá árinu 2023.

Æviágrip
Orpo hefur setið á finnska þinginu frá árinu 2007 og var fjármálaráðherra Finnlands frá 2016 til 2019 í ríkisstjórn Juha Sipilä. Frá júní 2017 var hann jafnframt staðgengill forsætisráðherrans. Hann var áður innanríkisráðherra Finnlands frá árinu 2015 og landbúnaðar og skógræktarráðherra frá 2014 til 2015.

Orpo tók lögmannspróf árið 2002 og vann frá 2002 til 2003 sem samningamaður fyrir innanríkisráðherra Finnlands.

Í kosningum á finnska þingið árið 2011 náði Orpo endurkjöri með 11.018 atkvæðum í kjördæmi Suðvestur-Finnlands. Í nóvember 2012 tók hann við af Jan Vapaavuori sem þingflokksformaður Samstöðuflokksins.

Þann 20. júní 2023 tók Orpo við af Sönnu Marin sem forsætisráðherra Finnlands eftir að Samstöðuflokkurinn vann sigur í þingkosningum fyrr á árinu.

Stjórnmálaskoðanir
Skoðanir Petteri Orpo í stjórnmálum eru yfirleitt taldar vera í anda borgaralegrar mið-hægristefnu. Samstöðuflokkurinn, sem hann leiðir, telur sig hófsaman íhaldsflokk sem styður efnahagsfrjálslyndi og einstaklingsfrelsi. Orpo hefur talað fyrir aðhaldi í ríkisútgjöldum, einföldun stjórnsýslunnar og umbótum í þágu viðskipta. Í kosningunum 2023 lagði hann áherslu að stefna skyldi að því að draga úr ríkisskuldum. Hann hefur lýst yfir áhyggjum af því að of skyndileg skipti yfir í endurnýjanlega orku kunni að leiða til hærra orkuverðs fyrir neytendur.

Orpo styður aðild Finnlands að Evrópusambandinu og Atlantshafsbandalaginu og harðari línu á móti Rússlandi. Orpo hefur einnig lýst yfir áhyggjum af komu innflytjenda til Finnlands og hefur krafist strangara landamæraeftirlits og brottflutninga hælisleitenda sem ekki fá dvalarleyfi.

Tilvísanir

Forsætisráðherrar Finnlands",Hver gegndi embætti forsætisráðherra Finnlands á meðan Orpo var fjármálaráðherra?,"{'answer_start': array([343], dtype=int64), 'text': array(['Juha Sipilä'], dtype=object)}"
https://is.wikipedia.org/wiki/%C3%9E%C3%BDringaland,Þýringaland,"Þýringaland (þýska: Thüringen) er eitt af sambandslöndum Þýskalands. Íbúar eru rúmlega 2,1 milljónir talsins (2021), en höfuðborgin heitir Erfurt. Þýringaland var heimaland og eitt helsta áhrifasvæði Marteins Lúthers á 16. öld. Þar má nefna kastalavirkið Wartburg þar sem hann faldist og þýddi Nýja testamentið á þýsku.

Lega 
Þýringaland er nokkuð miðsvæðis í Þýskalandi og var áður suðvestasta héraðið í gamla Austur-Þýskalandi. Það er umkringt öðrum sambandslöndum og nær hvergi að sjó. Fyrir sunnan er Bæjaraland, fyrir vestan er Hessen, fyrir norðvestan er Neðra-Saxland, fyrir norðan er Saxland-Anhalt og fyrir austan er Saxland.

Orðsifjar 
Héraðið hét upphaflega Turingia (eða Thuringia) og er nefnt eftir samnefndum germönskum þjóðflokki sem þar bjó. Getgátur eru uppi um það að forskeytið thur- sé dregið af gamla germanska orðinu þorri, sem merkir fjöldi.

Fáni og skjaldarmerki 
Fáni Þýringalands hefur tvær láréttar rendur, hvít að ofan og rauð að neðan. Litirnir eru fengnir að láni frá gamla skjaldarmerki Konráðs von Thüringen frá 13. öld. Fáni þessi var tekinn upp 1920 er landið Thüringen var stofnað.
Skjaldarmerkið er tvílitað ljón, rautt og hvítt á bláum grunni. Í kringum það eru átta hvítar stjörnur, sem tákna þau sjö fríríki sem Thüringen var sett saman úr 1920, auk einnar stjörnu fyrir Prússland. Ljónið er merki Ludowinger-ættarinnar. Merkið var tekið upp í breyttu formi 1945. Núverandi merki var tekið upp 1990, við sameiningu Þýskalands.

Söguágrip 

 Á 3. öld e.Kr. myndaðist Thüringer þjóðflokkurinn úr germönsku ættbálkunum hermunda, túróna, varna og engla. 
 480 kemur heitið Thüringen (Thoringi) fyrst við skjöl og var þar þá germanskt ríki sem stóð til 531.
 531 hertóku frankar og saxar Thüringen og innlimuðu frankaríkinu. 
 620 stofnaði Merowinger-ættin hertogadæmi í héraðinu sem stóð til loka aldarinnar. Á þessum tíma voru fyrstu germönsku borgirnar stofnaðar þar, s.s. Arnstadt og Erfurt. Íbúarnir kristnuðust að tilstuðlan heilags Bonifatiusar.
 Á 11.-13. öld var Ludowinger-ættin áhrifamest í héraðinu. Hún reisti t.d. virkið Wartburg.
 1247 dó Ludowinger-ættin út. Upphófst þá erfðastríðið milli Þýringalands og Hessen.
 1517 hófust siðaskiptin, en Marteinn Lúther bjó lengst af í Þýringalandi. Hann þýddi Nýja Testamentið á þýsku í kastalavirkinu Wartburg.
 1546-47 geysaði trúarstríðið mikla (Schmalkaldischer Krieg) í héraðinu og lauk með sigri kaþólikka.
 1572 var héraðið splittað í minni hertogadæmi. Þýringaland kemur eftir það lítið við sögu í Þýskalandi.
 1806 fóru fjórar orrustur fram milli Napoleons og Prússa: Í Schleiz, Saalfeld, Jena og Auerstedt. Þeim lauk öllum með sigri Napoleons.
 1815 úrskurðaði Vínarfundurinn að stór hluti Þýringalands skyldi tilheyra Prússlandi með greifa- og hertogadæmum sem þar voru.
 1919 var Weimar-lýðveldið stofnað í þýrísku borginni Weimar og hélst það fram að valdatöku nasista.
 1920 var Þýringaland stofnað úr hertogadæmunum Sachsen-Weimar-Eisenach, Sachsen-Gotha, Sachsen-Meiningen, Sachsen-Altenburg, Schwarzburg-Rudolstadt, Schwarzburg-Sondershausen og fríríkinu Reuss. Sachsen-Coburg ákvað að sameinast Bæjaralandi.
 Í heimstyrjöldinni síðari urðu borgir í Þýringalandi fyrir tiltölulega fáum loftárásum. Þó var borgin Nordhausen gjöreydd og skemmdir urðu í Erfurt, Gera, Jena, Weimar og Eisenach.
 1945 hertóku Bandaríkjamenn landið, en skiluðu því sama ár til Sovétmanna, enda á sovéska hernámssvæðinu. Þýringaland var eftir það hluti af Austur-Þýskalandi. Mikill varnarmúr var reistur við landamærin að Bæjaralandi, Hessen og Neðra-Saxlandi.
 1952 var landið leyst upp í landsvæðin Erfurt, Gera og Suhl.
 1990 var sambandslandið Þýringaland stofnað í sameinuðu Þýskalandi.
 1991 sóttu borgirnar Erfurt, Gera, Jena, Weimar og Nordhausen um að verða valin sem höfuðborg sambandslandsins, en fyrir valinu varð Erfurt.

Borgir 

Stærstu borgir Þýringalands.
( 31. desember 2013)

Tilvísanir

Heimildir 

Fylki Þýskalands",Hvaða þjóð lagði Þýringaland undir sig árið 531?,"{'answer_start': array([1708], dtype=int64), 'text': array(['frankar og saxar'], dtype=object)}"
https://is.wikipedia.org/wiki/ARPANET,ARPANET,"Advanced Research Projects Agency Network eða ARPANET var fyrsta tölvunet heims sem notaðist við pakkabeiningu og síðan samskiptareglurnar TCP/IP. Netið var fyrirrennari Internetsins. Það var upphaflega þróað á vegum rannsóknarstofnunar varnarmálaráðuneytis Bandaríkjanna (ARPA, síðar DARPA) og var ætlað að tengja saman tölvur í háskólum og rannsóknarstofnunum innan Bandaríkjanna. 

Upphaflega hugmyndin að ARPANET kom frá tölvunarfræðingnum J. C. R. Licklider sem hóf störf hjá ARPA árið 1963. Árið 1968 var verkáætlun búin til og þróun þess boðin út. BBN Technologies fékk verkið og þróaði skeytagátt (beini) sem tengdi tölvurnar saman með raðtengjum. Í fyrstu uppsetningu netsins voru fjórar slíkar gáttir settar upp; í Kaliforníuháskóla, Los Angeles, Stanford Research Institute, Kaliforníuháskóla, Santa Barbara og Utah-háskóla. Netið var lýst „virkt“ árið 1975 og samskiptamiðstöð varnarmálaráðuneytisins tók við rekstri þess af ARPA. Eftir að NSFNet var stofnað fyrir net háskóla og rannsóknarstofnana 1985 var ARPANET að mestu lagt niður. 

Internetið
DARPA",Hvenær byrjaði J. C. R. Licklider að vinna fyrir ARPA?,"{'answer_start': array([491], dtype=int64), 'text': array(['1963'], dtype=object)}"
https://is.wikipedia.org/wiki/Boris%20Johnson,Boris Johnson,"Alexander Boris de Pfeffel Johnson betur þekktur sem Boris Johnson (fæddur 19. júní 1964) er breskur stjórnmálamaður og fyrrverandi forsætisráðherra Bretlands. Hann hafði áður verið borgarstjóri Lundúna og utanríkisráðherra Bretlands. Hann er einnig blaðamaður og rithöfundur, var t.d. ritstjóri stjórnmálatímarits The Spectator. Boris var kosinn þingmaður fyrir Henley árið 2001, og var skuggamenntamálaráðherra til ársins 2008 þegar hann bauð sig fram til borgarstjóra Lundúna. Hann var settur inn í starf borgarstjóra þann 4. maí 2008 og gegndi því starfi til ársins 2016 þegar Sadiq Khan tók við af honum.

Johnson var utanríkisráðherra frá 2016 til 2018, þegar hann sagði af sér vegna Brexit-málefna. Eftir að Theresa May tilkynnti afsögn sína úr formannsembætti Íhaldsflokksins í maí 2019 bauð Johnson sig fram til að taka við af henni. Hann vann sigur í formannskjöri flokksins í júlí sama ár og tók við af May sem formaður og forsætisráðherra þann 24. júlí.

Johnson sagði af sér sem leiðtogi Íhaldsflokksins í júní 2022 vegna hneykslismála. Liz Truss tók við af honum sem forsætisráðherra Bretlands þann 6. september 2022.

Æviágrip
Boris Johnson fæddist í New York í Bandaríkjunum og bjó um hríð í Brussel í Belgíu sem barn. Johnson gekk í Eton og Oxford-háskóla og nam þar latínu og gríska fornfræði.

Johnson hóf starfsferil sinn í blaðamennsku og vann lengi sem blaðamaður og sem ritstjóri tímaritsins The Spectator. Hann er einnig höfundur nokkurra bóka, má þar nefna skáldsöguna Seventy-two Virgins (2004) og sagnfræðiverkin The Dream of Rome (2006) og The Churchill Factor (2014). Johnson var rekinn úr fyrsta blaðamannsstarfi sínu hjá The Times fyrir að skálda tilvitnun í frétt sem hann skrifaði. Á blaðamannsferli sínum varð Johnson síðar alræmdur fyrir að semja falsfréttir sem gjarnan voru þó skrifaðar í kímnum tón, sér í lagi um Evrópusambandið. Meðal annars skrifaði hann fréttir þar sem hann hélt því ranglega fram að Evrópusambandið hygðist láta banna breskar kartöfluflögur með rækjukokteilsbragði og skylda aðildarríki sín til að framleiða smokka í staðlaðri hámarksstærð.

Johnson hóf virka þátttöku í breskum stjórnmálum árið 2001 þegar hann var kjörinn í neðri deild breska þingsins fyrir Íhaldsflokkinn í kjördæminu Henley-on-Thames.

Á þessum tíma sat Íhaldsflokkurinn í stjórnarandstöðu og Johnson var skuggamenningarmálaráðherra flokksins í formannstíð Michaels Howard. Árið 2004 var Johnson sviptur því embætti eftir að upp komst að Johnson hafði haldið fram hjá eiginkonu sinni í nokkur ár með greinahöfundinum Petronellu Wyatt og að Wyatt hefði orðið ólétt eftir hann en látið rjúfa meðgönguna. Johnson hafði logið því að Howard og að almenningi að framhjáhaldið hefði aldrei átt sér stað. Þegar David Cameron varð formaður Íhaldsflokksins árið 2005 fékk Johnson aftur sæti í skuggaríkisstjórninni og varð skuggaráðherra æðri menntarmála.

Borgarstjóri Lundúna (2008–2016)
Árið 2007 ákvað Johnson að bjóða sig fram í embætti borgarstjóra Lundúna gegn Ken Livingstone, sitjandi borgarstjóra úr Verkamannaflokknum. Johnson vann sigur í kosningunum næsta ár og tók við af Livingstone sem borgarstjóri þann 4. maí 2008.

Sem borgarstjóri Lundúna lagði Johnson mikla áherslu á að gera borgina aðgengilegri fyrir reiðhjól. Undir lok borgarstjóratíðar hans árið 2016 hafði 10,3 millj­ón­um reiðhjóla verið komið í umferð á götum borgarinnar í gegnum hjólaleigu borgarinnar. Johnson og fylgismenn hans hafa einnig bent á árangur á sviði af­brota, hús­næðismála og sam­göngu­mála á þessum tíma sem merki um farsæla stjórn hans. Aftur á móti var Johnson gagnrýndur fyrir ýmis mál eins og verulega framúrkeyrslu í kostnaði á byggingu leikvangs fyrir sumarólympíuleikanna 2012. Einnig sætti hann gagnrýni fyrir Garden Bridge-verk­efnið, þar sem 53,5 millj­ón­um punda var varið í fyrirhugaða byggingu göngubrúr yfir Tempsá. Þrátt fyrir allan kostnaðinn var að endingu hætt við verkefnið áður en hafið var að byggja brúna. 

Árið 2015 hélt bandaríski forsetaframbjóðandinn Donald Trump því fram að á borgarstjóratíð Johnsons væru stórir hlutar af Lundúnaborg orðnir „bannsvæði“ fyrir lögreglu vegna fjölda meintra íslamskra öfgamanna sem þar héldu til. Johnson brást við með því að saka Trump um „sláandi fávisku“ og kallaði hann óhæfan til að gegna embætti forseta Bandaríkjanna.

Árið 2016 kallaði David Cameron forsætisráðherra til þjóðaratkvæðagreiðslu um aðild Bretlands að Evrópusambandinu. Johnson slóst seint í hóp þeirra sem mæltu með útgöngu úr Evrópusambandinu en eftir að hafa tekið þá ákvörðun að styðja útgöngu varð hann einn af helstu talsmönnum hreyfingarinnar. Í kosningabaráttunni var hann stórorður og bar Evrópusambandið meðal annars saman við Þýskaland nasismans og keisaraveldi Napóleons, sem hann sagði hafa stefnt að sömu markmiðum og ESB með vofeiflegum afleiðingum. 

Áður en Johnson tilkynnti þátttöku sína í útgönguherferðinni hafði hann skrifað óbirta grein þar sem hann studdi áframhaldandi veru Bretlands í Evrópusambandinu. Þetta hefur leitt til ásakana um að Johnson hafi stutt útgönguherferðina fremur til að geta velt Cameron úr formannssæti Íhaldsflokksins en af sérstakri pólitískri sannfæringu.

Utanríkisráðherra (2016-2018)
Í þjóðaratkvæðagreiðslunni þann 23. júní 2016 kusu Bretar með naumum meirihluta að yfirgefa Evrópusambandið. Í kjölfarið sagði David Cameron af sér sem formaður Íhaldsflokksins og Johnson bauð sig fram til að taka við af honum sem flokksformaður og forsætisráðherra. Johnson dró hins vegar framboð sitt til baka eftir að Michael Gove, samstarfsmaður hans og annar af helstu foringjum útgönguherferðarinnar, gaf einnig kost á sér í formannskjörinu. Niðurstaðan varð sú að Theresa May var kjörin formaður flokksins og tók við embætti forsætisráðherra þann 13. júlí 2016. May útnefndi Johnson utanríkisráðherra í ríkisstjórn sinni.

Johnson sagði af sér sem utanríkisráðherra þann 9. júlí árið 2018 vegna ósættis með samninga May við Evrópusambandið um það hvernig útgöngu Bretlands úr ESB skyldi háttað. Theresa May neyddist til að boða afsögn sína sem formaður Íhaldsflokksins í maí næsta ár eftir að hafa ítrekað mistekist að fá samþykki þingsins fyrir útgöngusamningum sínum við Evrópusambandið. Johnson bauð sig fram til formanns á ný og vann formannskjörið með um tveimur þriðju atkvæða gegn Jeremy Hunt, eftirmanni sínum í embætti utanríkisráðherra. Johnson tók við af May sem formaður og forsætisráðherra þann 24. júlí.

Forsætisráðherra Bretlands (2019–2022)

Sem forsætisráðherra lagði Johnson ríka áherslu á að Bretland skyldi yfirgefa Evrópusambandið á tilsettum tíma þann 31. október 2019 hvort sem samningur um framtíðarsamband landsins við ESB næðist eða ekki. Þann 28. ágúst lýsti Johnson því yfir að hann hygðist biðja Elísabetu drottningu að fresta þingfundum breska þingsins í aðdraganda útgöngunnar. Andstæðingar Johnsons gagnrýndu þingfrestunina harðlega og vændu Johnson um að reyna að koma í veg fyrir að þingið fengi neitt um það sagt hvort samningur yrði gerður eða ekki. Þann 1. september missti Johnson nauman meirihluta sinn í neðri málstofu breska þingsins þegar þingmaðurinn Phillip Lee sagði sig úr Íhaldsflokknum og gekk til liðs við Frjálslynda demókrata í miðri ræðu forsætisráðherrans. Johnson reyndi í kjölfarið að boða til nýrra þingkosninga en þingið hafnaði tillögu hans í tvígang.

Þann 11. september 2019 dæmdi skoskur dómstóll þingfrestun Johnsons ólöglega. Hæstiréttur Bretlands staðfesti dóminn þann 24. september næstkomandi og þingið var kallað saman á ný. Johnson tókst eftir samningaviðræður við fulltrúa Evrópusambandsins að ná fram nýjum samningi við ESB um útgönguskilmála Bretlands þann 17. október en Lýðræðislegi sambandsflokkurinn, sem varði minnihlutastjórn Johnsons falli, var fljótur að lýsa yfir andstöðu við samninginn. Þegar atkvæði voru greidd um nýja samninginn á breska þinginu þann 22. október hafnaði þingið tímaáætlun Johnsons, sem gerði ráð fyrir að samningurinn yrði afgreiddur á þremur dögum svo Bretland gæti yfirgefið Evrópusambandið á tilsettum tíma. Fáeinum dögum áður hafði þingið samþykkt frumvarp þess efnis að stjórnin yrði skylduð til að sækja um útgöngufrest ef samningur hefði ekki verið samþykktur fyrir tilsettan útgöngudag. Því neyddist Johnson til að senda Evrópusambandinu beiðni um útgöngufrest þrátt fyrir að hafa áður sagst vilja fremur „liggja dauður í skurði“ en að fresta útgöngunni úr ESB frekar.

Þann 29. október samþykkti breska þingið tillögu Johnsons um að gengið skyldi til nýrra þingkosninga þann 12. desember 2019. Í kosningunum vann Íhaldsflokkurinn stórsigur og hlaut rúman þingmeirihluta í neðri málstofu breska þingsins. Bretland yfirgaf Evrópusambandið formlega með samningsskilmálum Johnsons þann 31. janúar árið 2020. Á aðfangadag sama ár tókst stjórn Johnsons að semja um verslunarsamning við ESB sem felur í sér að engir toll­ar eða inn­flutn­ingskvót­ar verði á flestar vör­ur sem flutt­ar verða á milli Bret­lands og Evr­ópu­sam­bands­ins. Aftur á móti tryggir samningurinn ekki áframhaldandi ferðafrelsi né aðgang breskra fjármálafyrirtækja að innri markaði ESB, auk þess sem Norður-Írland verður áfram bundið af tollareglum ESB og lögsögu Evrópudómstólsins og skip Evr­ópu­sam­bands­ríkja munu áfram hafa nokkurn aðgang að breskum fiskimiðum. Jafnframt verður Bretlandi skylt að tryggja með eigin eftirlitsstofnun áfram sams konar leikreglur og tíðkast innan ESB fyrir framleiðslu og sölu á vörum.

Þann 23. mars árið 2020 setti Johnson útgöngubann í Bretlandi vegna alþjóðlega kórónaveirufaraldursins. Johnson veiktist sjálfur af COVID-19-sjúkdómnum og fór í einangrun vegna þess þann 27. mars. Hann var fluttur á gjörgæslu vegna veirunnar þann 6. apríl en náði sér að endingu af veikinni og sneri aftur til starfa þann 27. apríl.

Erfiðleikar og afsögn Johnsons
Frá árinu 2021 komu upp nokkur pólitísk hneykslismál sem höfðu mjög neikvæð áhrif á vinsældir Johnsons og stjórnar hans. Upplýst var um að þingmaðurinn Owen Paterson hefði brotið reglur þingsins um varnir gegn hagsmunaárekstrum í samskiptum sínum við sérhagsmunahópa. Hann hafði verið ráðinn í hlutastarf sem ráðgjafi fyrirtækis og átt í samskiptum við heilbrigðisráðherra Bretlands á vegum þess til að tryggja fyrirtækinu um 480 milljóna punda samninga um kaup á sýnatökubúnaði fyrir COVID-19. Hann hafði einni starfað fyrir norður-írskan pylsuframleiðanda og átt samskipti við opinberar stofnanir fyrir hans hönd. Þingnefnd mælti með því að Paterson yrði rekinn frá þingsetu í þrjátíu daga í refsingarskyni en Johnson greip inn í atburðarásina, frestaði brottrekstrinum og skipaði nýja nefnd til að fara yfir málið. Eftir að þetta leiddi til mótmæla sagði Paterson sjálfur af sér að eigin frumkvæði og Johnson viðurkenndi að hafa gert mistök við meðferð málsins.

Erfiðasta málið sem kom upp á þessum tíma var Partygate-hneykslið svokallaða. Árið 2021 var upplýst um að Johnson hafði árið áður ítrekað haldið fjölmenn drykkjusamkvæmi á Downingstræti með starfsfólki forsætisráðuneytisins þrátt fyrir að þá hafi verið í gildi strangar samkomutakmarkanir og aðrar sóttvarnareglur vegna kórónuveirufaraldursins. Tvö teiti voru haldin þar daginn fyrir útför Filippusar prins, eiginmanns Elísabetar drottningar, sem leiddi til þess að forsætisráðuneytið varð að biðja drottninguna afsökunar. Eftir rannsókn á teitunum var Johnson sjálfur sektaður fyrir brot gegn sóttvarnarreglum með því að hafa verið viðstaddur eitt teitið og varð þannig fyrsti forsætisráðherra í sögu Bretlands til að vera sektaður fyrir lögbrot.

Þann 6. júní 2022 var kosið um vantrauststillögu gegn Johnson innan Íhaldsflokksins vegna hneykslismálanna og ósigra flokksins í nokkrum aukakosningum. Johnson stóð af sér vantrauststillöguna en aðeins með naumindum.

Í lok júní kom upp annað hneykslismál sem snerist um ásakanir á hendur Chris Pincher, varaformanni þingflokks Íhaldsflokksins, um kynferðislega áreitni. Eftir að spurðist út um ásakanirnar lýsti Johnson því yfir að hann hefði ekki vitað af ásökununum þegar hann skipaði Pincher varaformann og lét ráðherra í stjórn sinni hafa það eftir sér í fjölmiðlum. Þann 4. júlí greindi BBC hins vegar frá því að Johnson hefði vitað af ásökununum, sem hann viðurkenndi síðan og baðst afsökunar fyrir skipun Pinchers.

Á næstu dögum sagði fjöldi ráðherra af sér í mótmælaskyni gegn forsætisráðherranum. Að lokum neyddist Johnson þann 7. júlí til að tilkynna að hann myndi segja af sér sem leiðtogi Íhaldsflokksins. Hann gaf þó út að hann hygðist halda áfram sem forsætisráðherra fram á haust, þegar nýr leiðtogi yrði kjörinn á landsfundi flokksins.

Liz Truss var kjörin nýr leiðtogi Íhaldsflokksins þann 5. september 2022. Hún tók við af Johnson sem forsætisráðherra Bretlands daginn eftir.

Johnson sagði af sér sem þingmaður þann 9. júní 2023 í kjölfar útgáfu skýrslu um Partygate-málið.

Tilvísanir

Borgarstjórar Lundúna
Breskir blaðamenn
Forsætisráðherrar Bretlands
Leiðtogar breska Íhaldsflokksins
Utanríkisráðherrar Bretlands","Boris Johnson, hvenær tók við embætti borgarstjóra í Lundúnum?","{'answer_start': array([526], dtype=int64), 'text': array(['4. maí 2008'], dtype=object)}"
https://is.wikipedia.org/wiki/Boris%20Johnson,Boris Johnson,"Alexander Boris de Pfeffel Johnson betur þekktur sem Boris Johnson (fæddur 19. júní 1964) er breskur stjórnmálamaður og fyrrverandi forsætisráðherra Bretlands. Hann hafði áður verið borgarstjóri Lundúna og utanríkisráðherra Bretlands. Hann er einnig blaðamaður og rithöfundur, var t.d. ritstjóri stjórnmálatímarits The Spectator. Boris var kosinn þingmaður fyrir Henley árið 2001, og var skuggamenntamálaráðherra til ársins 2008 þegar hann bauð sig fram til borgarstjóra Lundúna. Hann var settur inn í starf borgarstjóra þann 4. maí 2008 og gegndi því starfi til ársins 2016 þegar Sadiq Khan tók við af honum.

Johnson var utanríkisráðherra frá 2016 til 2018, þegar hann sagði af sér vegna Brexit-málefna. Eftir að Theresa May tilkynnti afsögn sína úr formannsembætti Íhaldsflokksins í maí 2019 bauð Johnson sig fram til að taka við af henni. Hann vann sigur í formannskjöri flokksins í júlí sama ár og tók við af May sem formaður og forsætisráðherra þann 24. júlí.

Johnson sagði af sér sem leiðtogi Íhaldsflokksins í júní 2022 vegna hneykslismála. Liz Truss tók við af honum sem forsætisráðherra Bretlands þann 6. september 2022.

Æviágrip
Boris Johnson fæddist í New York í Bandaríkjunum og bjó um hríð í Brussel í Belgíu sem barn. Johnson gekk í Eton og Oxford-háskóla og nam þar latínu og gríska fornfræði.

Johnson hóf starfsferil sinn í blaðamennsku og vann lengi sem blaðamaður og sem ritstjóri tímaritsins The Spectator. Hann er einnig höfundur nokkurra bóka, má þar nefna skáldsöguna Seventy-two Virgins (2004) og sagnfræðiverkin The Dream of Rome (2006) og The Churchill Factor (2014). Johnson var rekinn úr fyrsta blaðamannsstarfi sínu hjá The Times fyrir að skálda tilvitnun í frétt sem hann skrifaði. Á blaðamannsferli sínum varð Johnson síðar alræmdur fyrir að semja falsfréttir sem gjarnan voru þó skrifaðar í kímnum tón, sér í lagi um Evrópusambandið. Meðal annars skrifaði hann fréttir þar sem hann hélt því ranglega fram að Evrópusambandið hygðist láta banna breskar kartöfluflögur með rækjukokteilsbragði og skylda aðildarríki sín til að framleiða smokka í staðlaðri hámarksstærð.

Johnson hóf virka þátttöku í breskum stjórnmálum árið 2001 þegar hann var kjörinn í neðri deild breska þingsins fyrir Íhaldsflokkinn í kjördæminu Henley-on-Thames.

Á þessum tíma sat Íhaldsflokkurinn í stjórnarandstöðu og Johnson var skuggamenningarmálaráðherra flokksins í formannstíð Michaels Howard. Árið 2004 var Johnson sviptur því embætti eftir að upp komst að Johnson hafði haldið fram hjá eiginkonu sinni í nokkur ár með greinahöfundinum Petronellu Wyatt og að Wyatt hefði orðið ólétt eftir hann en látið rjúfa meðgönguna. Johnson hafði logið því að Howard og að almenningi að framhjáhaldið hefði aldrei átt sér stað. Þegar David Cameron varð formaður Íhaldsflokksins árið 2005 fékk Johnson aftur sæti í skuggaríkisstjórninni og varð skuggaráðherra æðri menntarmála.

Borgarstjóri Lundúna (2008–2016)
Árið 2007 ákvað Johnson að bjóða sig fram í embætti borgarstjóra Lundúna gegn Ken Livingstone, sitjandi borgarstjóra úr Verkamannaflokknum. Johnson vann sigur í kosningunum næsta ár og tók við af Livingstone sem borgarstjóri þann 4. maí 2008.

Sem borgarstjóri Lundúna lagði Johnson mikla áherslu á að gera borgina aðgengilegri fyrir reiðhjól. Undir lok borgarstjóratíðar hans árið 2016 hafði 10,3 millj­ón­um reiðhjóla verið komið í umferð á götum borgarinnar í gegnum hjólaleigu borgarinnar. Johnson og fylgismenn hans hafa einnig bent á árangur á sviði af­brota, hús­næðismála og sam­göngu­mála á þessum tíma sem merki um farsæla stjórn hans. Aftur á móti var Johnson gagnrýndur fyrir ýmis mál eins og verulega framúrkeyrslu í kostnaði á byggingu leikvangs fyrir sumarólympíuleikanna 2012. Einnig sætti hann gagnrýni fyrir Garden Bridge-verk­efnið, þar sem 53,5 millj­ón­um punda var varið í fyrirhugaða byggingu göngubrúr yfir Tempsá. Þrátt fyrir allan kostnaðinn var að endingu hætt við verkefnið áður en hafið var að byggja brúna. 

Árið 2015 hélt bandaríski forsetaframbjóðandinn Donald Trump því fram að á borgarstjóratíð Johnsons væru stórir hlutar af Lundúnaborg orðnir „bannsvæði“ fyrir lögreglu vegna fjölda meintra íslamskra öfgamanna sem þar héldu til. Johnson brást við með því að saka Trump um „sláandi fávisku“ og kallaði hann óhæfan til að gegna embætti forseta Bandaríkjanna.

Árið 2016 kallaði David Cameron forsætisráðherra til þjóðaratkvæðagreiðslu um aðild Bretlands að Evrópusambandinu. Johnson slóst seint í hóp þeirra sem mæltu með útgöngu úr Evrópusambandinu en eftir að hafa tekið þá ákvörðun að styðja útgöngu varð hann einn af helstu talsmönnum hreyfingarinnar. Í kosningabaráttunni var hann stórorður og bar Evrópusambandið meðal annars saman við Þýskaland nasismans og keisaraveldi Napóleons, sem hann sagði hafa stefnt að sömu markmiðum og ESB með vofeiflegum afleiðingum. 

Áður en Johnson tilkynnti þátttöku sína í útgönguherferðinni hafði hann skrifað óbirta grein þar sem hann studdi áframhaldandi veru Bretlands í Evrópusambandinu. Þetta hefur leitt til ásakana um að Johnson hafi stutt útgönguherferðina fremur til að geta velt Cameron úr formannssæti Íhaldsflokksins en af sérstakri pólitískri sannfæringu.

Utanríkisráðherra (2016-2018)
Í þjóðaratkvæðagreiðslunni þann 23. júní 2016 kusu Bretar með naumum meirihluta að yfirgefa Evrópusambandið. Í kjölfarið sagði David Cameron af sér sem formaður Íhaldsflokksins og Johnson bauð sig fram til að taka við af honum sem flokksformaður og forsætisráðherra. Johnson dró hins vegar framboð sitt til baka eftir að Michael Gove, samstarfsmaður hans og annar af helstu foringjum útgönguherferðarinnar, gaf einnig kost á sér í formannskjörinu. Niðurstaðan varð sú að Theresa May var kjörin formaður flokksins og tók við embætti forsætisráðherra þann 13. júlí 2016. May útnefndi Johnson utanríkisráðherra í ríkisstjórn sinni.

Johnson sagði af sér sem utanríkisráðherra þann 9. júlí árið 2018 vegna ósættis með samninga May við Evrópusambandið um það hvernig útgöngu Bretlands úr ESB skyldi háttað. Theresa May neyddist til að boða afsögn sína sem formaður Íhaldsflokksins í maí næsta ár eftir að hafa ítrekað mistekist að fá samþykki þingsins fyrir útgöngusamningum sínum við Evrópusambandið. Johnson bauð sig fram til formanns á ný og vann formannskjörið með um tveimur þriðju atkvæða gegn Jeremy Hunt, eftirmanni sínum í embætti utanríkisráðherra. Johnson tók við af May sem formaður og forsætisráðherra þann 24. júlí.

Forsætisráðherra Bretlands (2019–2022)

Sem forsætisráðherra lagði Johnson ríka áherslu á að Bretland skyldi yfirgefa Evrópusambandið á tilsettum tíma þann 31. október 2019 hvort sem samningur um framtíðarsamband landsins við ESB næðist eða ekki. Þann 28. ágúst lýsti Johnson því yfir að hann hygðist biðja Elísabetu drottningu að fresta þingfundum breska þingsins í aðdraganda útgöngunnar. Andstæðingar Johnsons gagnrýndu þingfrestunina harðlega og vændu Johnson um að reyna að koma í veg fyrir að þingið fengi neitt um það sagt hvort samningur yrði gerður eða ekki. Þann 1. september missti Johnson nauman meirihluta sinn í neðri málstofu breska þingsins þegar þingmaðurinn Phillip Lee sagði sig úr Íhaldsflokknum og gekk til liðs við Frjálslynda demókrata í miðri ræðu forsætisráðherrans. Johnson reyndi í kjölfarið að boða til nýrra þingkosninga en þingið hafnaði tillögu hans í tvígang.

Þann 11. september 2019 dæmdi skoskur dómstóll þingfrestun Johnsons ólöglega. Hæstiréttur Bretlands staðfesti dóminn þann 24. september næstkomandi og þingið var kallað saman á ný. Johnson tókst eftir samningaviðræður við fulltrúa Evrópusambandsins að ná fram nýjum samningi við ESB um útgönguskilmála Bretlands þann 17. október en Lýðræðislegi sambandsflokkurinn, sem varði minnihlutastjórn Johnsons falli, var fljótur að lýsa yfir andstöðu við samninginn. Þegar atkvæði voru greidd um nýja samninginn á breska þinginu þann 22. október hafnaði þingið tímaáætlun Johnsons, sem gerði ráð fyrir að samningurinn yrði afgreiddur á þremur dögum svo Bretland gæti yfirgefið Evrópusambandið á tilsettum tíma. Fáeinum dögum áður hafði þingið samþykkt frumvarp þess efnis að stjórnin yrði skylduð til að sækja um útgöngufrest ef samningur hefði ekki verið samþykktur fyrir tilsettan útgöngudag. Því neyddist Johnson til að senda Evrópusambandinu beiðni um útgöngufrest þrátt fyrir að hafa áður sagst vilja fremur „liggja dauður í skurði“ en að fresta útgöngunni úr ESB frekar.

Þann 29. október samþykkti breska þingið tillögu Johnsons um að gengið skyldi til nýrra þingkosninga þann 12. desember 2019. Í kosningunum vann Íhaldsflokkurinn stórsigur og hlaut rúman þingmeirihluta í neðri málstofu breska þingsins. Bretland yfirgaf Evrópusambandið formlega með samningsskilmálum Johnsons þann 31. janúar árið 2020. Á aðfangadag sama ár tókst stjórn Johnsons að semja um verslunarsamning við ESB sem felur í sér að engir toll­ar eða inn­flutn­ingskvót­ar verði á flestar vör­ur sem flutt­ar verða á milli Bret­lands og Evr­ópu­sam­bands­ins. Aftur á móti tryggir samningurinn ekki áframhaldandi ferðafrelsi né aðgang breskra fjármálafyrirtækja að innri markaði ESB, auk þess sem Norður-Írland verður áfram bundið af tollareglum ESB og lögsögu Evrópudómstólsins og skip Evr­ópu­sam­bands­ríkja munu áfram hafa nokkurn aðgang að breskum fiskimiðum. Jafnframt verður Bretlandi skylt að tryggja með eigin eftirlitsstofnun áfram sams konar leikreglur og tíðkast innan ESB fyrir framleiðslu og sölu á vörum.

Þann 23. mars árið 2020 setti Johnson útgöngubann í Bretlandi vegna alþjóðlega kórónaveirufaraldursins. Johnson veiktist sjálfur af COVID-19-sjúkdómnum og fór í einangrun vegna þess þann 27. mars. Hann var fluttur á gjörgæslu vegna veirunnar þann 6. apríl en náði sér að endingu af veikinni og sneri aftur til starfa þann 27. apríl.

Erfiðleikar og afsögn Johnsons
Frá árinu 2021 komu upp nokkur pólitísk hneykslismál sem höfðu mjög neikvæð áhrif á vinsældir Johnsons og stjórnar hans. Upplýst var um að þingmaðurinn Owen Paterson hefði brotið reglur þingsins um varnir gegn hagsmunaárekstrum í samskiptum sínum við sérhagsmunahópa. Hann hafði verið ráðinn í hlutastarf sem ráðgjafi fyrirtækis og átt í samskiptum við heilbrigðisráðherra Bretlands á vegum þess til að tryggja fyrirtækinu um 480 milljóna punda samninga um kaup á sýnatökubúnaði fyrir COVID-19. Hann hafði einni starfað fyrir norður-írskan pylsuframleiðanda og átt samskipti við opinberar stofnanir fyrir hans hönd. Þingnefnd mælti með því að Paterson yrði rekinn frá þingsetu í þrjátíu daga í refsingarskyni en Johnson greip inn í atburðarásina, frestaði brottrekstrinum og skipaði nýja nefnd til að fara yfir málið. Eftir að þetta leiddi til mótmæla sagði Paterson sjálfur af sér að eigin frumkvæði og Johnson viðurkenndi að hafa gert mistök við meðferð málsins.

Erfiðasta málið sem kom upp á þessum tíma var Partygate-hneykslið svokallaða. Árið 2021 var upplýst um að Johnson hafði árið áður ítrekað haldið fjölmenn drykkjusamkvæmi á Downingstræti með starfsfólki forsætisráðuneytisins þrátt fyrir að þá hafi verið í gildi strangar samkomutakmarkanir og aðrar sóttvarnareglur vegna kórónuveirufaraldursins. Tvö teiti voru haldin þar daginn fyrir útför Filippusar prins, eiginmanns Elísabetar drottningar, sem leiddi til þess að forsætisráðuneytið varð að biðja drottninguna afsökunar. Eftir rannsókn á teitunum var Johnson sjálfur sektaður fyrir brot gegn sóttvarnarreglum með því að hafa verið viðstaddur eitt teitið og varð þannig fyrsti forsætisráðherra í sögu Bretlands til að vera sektaður fyrir lögbrot.

Þann 6. júní 2022 var kosið um vantrauststillögu gegn Johnson innan Íhaldsflokksins vegna hneykslismálanna og ósigra flokksins í nokkrum aukakosningum. Johnson stóð af sér vantrauststillöguna en aðeins með naumindum.

Í lok júní kom upp annað hneykslismál sem snerist um ásakanir á hendur Chris Pincher, varaformanni þingflokks Íhaldsflokksins, um kynferðislega áreitni. Eftir að spurðist út um ásakanirnar lýsti Johnson því yfir að hann hefði ekki vitað af ásökununum þegar hann skipaði Pincher varaformann og lét ráðherra í stjórn sinni hafa það eftir sér í fjölmiðlum. Þann 4. júlí greindi BBC hins vegar frá því að Johnson hefði vitað af ásökununum, sem hann viðurkenndi síðan og baðst afsökunar fyrir skipun Pinchers.

Á næstu dögum sagði fjöldi ráðherra af sér í mótmælaskyni gegn forsætisráðherranum. Að lokum neyddist Johnson þann 7. júlí til að tilkynna að hann myndi segja af sér sem leiðtogi Íhaldsflokksins. Hann gaf þó út að hann hygðist halda áfram sem forsætisráðherra fram á haust, þegar nýr leiðtogi yrði kjörinn á landsfundi flokksins.

Liz Truss var kjörin nýr leiðtogi Íhaldsflokksins þann 5. september 2022. Hún tók við af Johnson sem forsætisráðherra Bretlands daginn eftir.

Johnson sagði af sér sem þingmaður þann 9. júní 2023 í kjölfar útgáfu skýrslu um Partygate-málið.

Tilvísanir

Borgarstjórar Lundúna
Breskir blaðamenn
Forsætisráðherrar Bretlands
Leiðtogar breska Íhaldsflokksins
Utanríkisráðherrar Bretlands",Við hvaða háskóla nam Boris Johnson?,"{'answer_start': array([1258], dtype=int64), 'text': array(['Oxford-háskóla'], dtype=object)}"
https://is.wikipedia.org/wiki/The%20Cranberries,The Cranberries,"The Cranberries var írsk rokkhljómsveit sem var stofnuð árið 1989 í Limerick og aflögð árið 2019. Í fyrstu hét sveitin The Cranberry saw us og var með karlkyns söngvara en síðar gekk söngkonan Dolores O'Riordan í bandið. Sveitin reis til frægðar með frumburði sínum Everybody Else Is Doing It, So Why Can't We? (1993) og átti vinsælan smell með laginu Zombie (1994). Hljómsveitin tók sér hlé árið 2003 of fram til ársins 2009 þegar meðlimir einbeittu sér að sólóferli. O'Riordan lést árið 2018 og voru síðustu upptökur með henni gefnar út 2019. Sveitin var kennd við jaðarrokk en hefur blandað öðrum stefnum í tónlist sína. 

The Cranberries hefur selt yfir 40 milljónir platna á heimsvísu.

Meðlimir
Mike Hogan – bassi
Noel Hogan – gítar
Fergal Lawler – trommir
Dolores O'Riordan – söngur, gítar og hljómborð

Breiðskífur
Everybody Else Is Doing It, So Why Can't We? (1993)
No Need to Argue (1994)
To the Faithful Departed (1996)
Bury the Hatchet (1999)
Wake Up and Smell the Coffee (2001)
Roses (2012)
Something Else (2017) (Órafmagnaðar útgáfur, sinfóníuútgáfur og nokkur ný lög)
In the End (2019) (unnið úr demóum fyrir síðustu plötu)

Heimild

Írskar hljómsveitir",Í hvaða borg voru The Cranberries stofnuð?,"{'answer_start': array([68], dtype=int64), 'text': array(['Limerick'], dtype=object)}"
https://is.wikipedia.org/wiki/Eddukv%C3%A6%C3%B0i,Eddukvæði,"Eddukvæði eru fornnorræn kvæði, sem skiptast í goðakvæði og hetjukvæði. Um aldur þeirra hefur verið deilt. Þau hafa oft verið talin ort á tímabilinu frá síðari hluta 9. aldar til um það bil 1100. Sumir telja þó kvæðin, í þeirri mynd sem þau hafa varðveist í, ekki vera miklu eldri en 13. aldar ritin þar sem þau er að finna. Menn eru ekki á einu máli um það hvar þau hafi verið ort og hefur verið haldið fram Íslandi, Noregi, Grænlandi og jafnvel Færeyjum og Vestureyjum. Þekktustu goðakvæðin eru Völuspá og Hávamál en hetjukvæðin eru ort um afrek hetja eins og Völsunga og Niflunga.

Útgáfur 
 Rasmus Kristján Rask (útg.): Edda Sæmundar hinns fróða, Stokkhólmi 1818. — Google bækur.
 P.A. Munch (útg.): Den ældre Edda, Christiania 1847. — Google bækur.
 Hermann Lüning (útg.): Die Edda, Zürich 1859. — Google bækur.
 Theodor Möbius (útg.): Edda Sæmundar hins fróða, Leipzig 1860. — Google bækur.
 Finnur Jónsson (útg.): De gamle Eddadigte, Kbh. 1932. — Septentrionalia.net.
Þýðingar
 Lee M. Hollander (þýð.): The Poetic Edda, 2. útg., Austin 1986. — Google bækur.

Tenglar 
 Björn M. Ólsen: „Hvar eru Eddukvæðin til orðin?“. Tímarit Hins íslenska bókmenntafélags, Reykjavík 1894.",Hvenær voru Eddukvæðin samin?,"{'answer_start': array([116], dtype=int64), 'text': array(['oft verið talin ort á tímabilinu frá síðari hluta 9. aldar til um það bil 1100'],
      dtype=object)}"
https://is.wikipedia.org/wiki/D%C3%B3mkirkjan%20%C3%AD%20Dresden,Dómkirkjan í Dresden,"Dómkirkjan í Dresden kallast Hofkirche. Hún var reist 1739-55 í barokkstíl og er stærsta kirkjan í Saxlandi. Hún er að sama skapi mjög óvenjuleg að formi til. Kirkjan nær gjöreyðilagðist í loftárásum 1945. Endurreisnin stóð alveg til 1965. Í grafhvelfingu liggja tugir fyrirmenna Saxlands.

Saga dómkirkjunnar 

Það var Friðrik Ágúst II konungur Saxlands sem lét reisa dómkirkjuna 1739-1755. Kirkjan átti að verða konungskirkjan í borginni og var því kölluð Hofkirche, sem merkir hallarkirkja. Hún var vígð 29. júní 1751 heilagri þrenningu. Kirkjan var á sínum tíma ein skrautlegasta bygging Saxlands. Hún er 92 metra löng og 86 metra há. Formið er mjög óvenjulegt, þar sem tveir turnar rísa við sitt hvorn enda kirkjuskipsins. Skipið sjálft er einnig óvenjulegt, en öll er byggingin í barokkstíl. Frá kirkjunni liggur lokuð brú til hallarinnar, þannig að konungur og hans fólk þurti ekki að fara út á götu til að fara í kirkju. Dómkirkjan gjöreyðilagðist í loftárásum í febrúar 1945. Þakið hrundi niður og stór hluti ytri veggjanna einnig. Nær allt innviðið eyðilagðist. Eftir að hafa legið sem rústir í mörg ár eftir stríð var hafist handa við að endurreisa kirkjuna. Því verki lauk 1965. Þó fékk kirkjan ekki nýtt orgel fyrr en 1971.

Listaverk og dýrgripir

Styttur heilagra 

Utan á byggingunni er styttur af 78 heilögum, gerðar af ítalska listamanninum Lorenzo Matielli. Hér er um höfuðpostulana að ræða, en einnig ýmsa aðra heilaga frá ýmsum stöðum í Evrópu. Þar má nefna heilagan Benedikt frá Núrsíu, stofnanda Benediktsreglunnar, heilagan Bernhard frá Clairvaux, franskan munk og einn ötullegastan talsmann krossferðanna, heilagur Frans frá Assisí og Hinrik I keisara.

Altaristaflan 

Altaristaflan er gerð úr marmara og eru kantar gullslegnir. Málverkið er eftir Anton Raphael Mengs, sem málaði það 1752-1761. Það sýnir himnaför Jesú. Ramminn var gerður af konunglega myndhöggvaranum Joseph Deibel.

Grafhvelfing 
Í kirkjunni eru alls 49 kistur og hvíla þar ýmsir meðlimir kjörfursta- og konungsættarinnar í Saxlandi. Elsta kistan er frá 1721, en í henni hvílir sonur Ágústs III, sem lést ársgamall. Kirkjan sjálf var ekki vígð fyrr en 1751. Alls eru fjórar kistur eldri, en þær voru settar í grafhvelfinguna strax og hún var tilbúin. Yngsta kistan er frá 1947. Þá lá kirkjan í rústum, en kistan var sett í kirkjuna strax og hún hafði verið endurreist 1965.

Gallerí

Heimildir 

Dresden
Dómkirkjur í Þýskalandi",Hvaða ár var Frauenkirche Dresden byggð?,"{'answer_start': array([54], dtype=int64), 'text': array(['1739-55'], dtype=object)}"
https://is.wikipedia.org/wiki/Vi%C3%B0ar%20og%20Ari%20-%20Minningar%20m%C3%A6tar,Viðar og Ari - Minningar mætar,"Viðar og Ari - Minningar mætar  er 33 snúninga LP hljómplata gefin út af SG - hljómplötum árið 1982. Á henni flytja Viðar og Ari dægurlög. Útsetningar og hljómsveitarstjóm: Ólafur Gaukur. Hljóðritun: Hljóðriti hf. Tæknimaður: Tony Cook. Hljóðblóndun: Ólafur Gaukur og Tony Cook. Ljósmyndir: Effect-ljósmyndir. Litgreining og prentun: Prisma

Lagalisti 
 Mín draumadís - Lag - texti: H. Peterson/B.Bergantie — Haukur Guðjónsson
 Frjáls eins og fugl - Lag - texti: Cole Porter — Ólafur Gaukur
 Vaya Con Dios - Lag - texti: L.Russell/I.James/B.Pepper — Iðunn Steinsdóttir 
 Hjá þér - Lag - texti: K.Goell/F.Craig — Iðunn Steinsdóttir
 Minningar mætar  - Lag - texti: E.H.Lemare/B.BIack/N.Moret — Iðunn Steinsdóttir
 Gervirósir - Lag - texti: F.Spielman/J.Torre — Iðunn Steinsdóttir 
 Sérhvert sinn - Lag - texti: H.Lawson — Guðmundur Guðmundarson
 Litla stúlkan mín - Lag - texti: B.Burke/H.Gerlach — Þorsteinn Halldórsson
 Ó, pabbi minn - Lag - texti: P.Burkhard — Þorsteinn Sveinsson
 Ég kveð þig kæra vina - Lag - texti: S.Wiseman — Númi Þorbergs
 Túralúralúra - Lag - texti: J.R.Shannon — Ómar Ragnarsson

SG-hljómplötur
Hljómplötur gefnar út árið 1982",Á hvaða stað var platan tekin upp?,"{'answer_start': array([200], dtype=int64), 'text': array(['Hljóðriti hf.'], dtype=object)}"
https://is.wikipedia.org/wiki/Frode%20Estil,Frode Estil,"Frode Estil (fæddur 31. maí 1972) er norskur gönguskíðagarpur. Hans helsti kostur er að geta skipt hratt um göngustíl og er hraður á upphlaupum að marki.

Á ÓL 2006 tók Frode þátt í 2x15 km eltigöngu, en það fór ekki betur en svo að hann féll í startinu og endaði aftastur í hópnum. Við fallið brotnaði annar stafurinn og annað skíðið svo hann þurfti að skipta. Við tók svo erfið gangan, að vinna sig upp fram að þeim sem fóru fyrir hópnum. Það lukkaðist, og þegar komið var inn á síðustu metrana vann Frode sig upp um 3 sæti í æsilegum eltingaleik við Rússann Jevgenij Dementiev, sem þó fór með sigur af hólmi.

Meistaratitlar 
 HM 2001: gull í 4 x 10 km boðgöngu, silfur í 30 km klassískum stíl
 ÓL 2002: deildt gull í 2x15 km eltigöngu (ásamt Thomas Alsgaard), gull í boðgöngunni, silfur í 15 km klassískum stíl
 HM 2003: gull í 4 x 10 km boðgöngu, brons í 15 km  og 30 km klassískum stíl
 HM 2005: gull í 50 km klassískum stíl, gull í boðgöngu, brons í 2x15 km eltigöngu
 ÓL 2006: silfur í 2x15 km eltigöngu

Tengill 
 Upplýsingar um Frode hjá FIS 

Norskir skíðagöngumenn",Hver er aðalstyrkur Froda Estils í gönguskíðum?,"{'answer_start': array([85], dtype=int64), 'text': array(['að geta skipt hratt um göngustíl og er hraður á upphlaupum að marki'],
      dtype=object)}"
https://is.wikipedia.org/wiki/Lo%C3%B0v%C3%ADk%2013.,Loðvík 13.,"Loðvík 13. (27. september 1601 – 14. maí 1643) Frakkakonungur, eða Loðvík 2. konungur Navarra, kallaður Loðvík réttláti, var konungur Frakklands og Navarra frá 1610 til dauðadags. Hann var elsti sonur Hinriks 4. og Mariu de'Medici. 

Loðvík komst til valda eftir morðið á föður hans aðeins átta ára gamall. Móðir hans fór með stjórn ríkisins fyrir hann þar til hann varð lögforráða þrettán ára gamall, en hélt áfram í valdataumana þar til Loðvík tók völdin í sínar hendur fimmtán ára gamall, og rak hana í útlegð um leið og hann lét myrða helsta ráðgjafa hennar, Concino Concini. 

Helsti ráðgjafi Loðvíks var Richelieu kardináli og undir þeirra stjórn hurfu Frakkar frá stuðningi við Habsborgara og Spán, en afturkölluðu jafnframt þau pólitísku réttindi sem húgenottar höfðu fengið í valdatíð Hinriks. Richelieu skipaði Frakklandi við hlið mótmælenda í Þrjátíu ára stríðinu og veitti bæði Kristjáni 4. og Gústaf 2. Adolf fjárstyrk til að hindra framsókn Habsborgara og varðveita valdajafnvægið á meginlandi Evrópu. 

Loðvík 13. lést úr steinsótt, ári eftir Richelieu kardinála.

Frakkakonungar
Konungar Navarra
Búrbónar",Hver var aðalráðgjafi Loðvíks þrettánda?,"{'answer_start': array([610], dtype=int64), 'text': array(['Richelieu kardináli'], dtype=object)}"
https://is.wikipedia.org/wiki/Sergio%20Ramos,Sergio Ramos,"Sergio Ramos García er spænskur knattspyrnumaður sem spilar fyrir Sevilla FC. Hann spilar sem miðvörður og er talinn einn besti varnarmaður sinnar kynslóðar. Ramos er sterkur í loftinu og hraður og tekur vítaspyrnur fyrir félagslið og landslið. Hann varð leikjahæsti landsliðsmaður Evrópu í nóvember 2020 þegar hann fór fram úr Gianluigi Buffon í leik þar sem hann klúðraði tveimur vítaspyrnum.

Eftir að hafa alist upp hjá heimaliðinu Sevilla FC og átt eitt tímabil með aðalliðinu fór Ramos til Real árið 2005 og spilaði þar þangað til 2021. Hann vann 22 titla með félaginu, þar á meðal: 5 í La Liga og 4 í Meistaradeild Evrópu. Um sumarið hélt hann til PSG.

Ramos er leikjahæsti leikmaður spænska karlalandsliðsins í knattspyrnu og hefur unnið flesta leiki með liðinu. Hann er sá 8. leikjahæsti í La Liga. Hann spilaði sinn síðasta leik í desember 2021 fyrir landsliðið en gaf það út að hann væri hættur í byrjun árs 2023. Hann var ekki valinn á HM 2022.

Ramos þykir harður í horn að taka og hefur verið gagnrýndur fyrir grófan leik; hann hefur fengið flest rauð spjöld í Meistaradeildinni, 4 (ásamt Zlatan Ibrahimović og Edgar Davids). Hann hefur fengið nær 200 gul spjöld og 20 rauð spjöld í La Liga, hvort tveggja met. 

Spænskir knattspyrnumenn
Fólk fætt árið 1986",Hvaða aðrir leikmenn hafa verið jafn oft reknir út og Sergio Ramos í sögu Meistaradeildar Evrópu?,"{'answer_start': array([1104], dtype=int64), 'text': array(['Zlatan Ibrahimović og Edgar Davids'], dtype=object)}"
https://is.wikipedia.org/wiki/Undir%20Vesturhimni,Undir Vesturhimni,"Undir Vesturhimni (franska: Sous Le Ciel De L'ouest) eftir belgíska teiknarann Morris er fjórða bókin í bókaflokknum um Lukku Láka. Bókin kom út árið 1952, en sögurnar sem hún hefur að geyma birtust fyrst í Teiknimyndablaðinu Sval á árunum 1949-1950. Bókin hefur ekki komið út á íslensku.

Söguþráður 

Bókin hefur að geyma þrjár styttri sögur um Lukku Láka. Í fyrstu sögunni um Jóa jálk (f. Le Retour de Joe la Gachette) hittir Lukku Láki náunga að nafni Smith og þeir verða samferða til bæjarins Nugget Gulch þar sem fram fer reiðkeppni í tilefni af afmælishátíð bæjarins. Til þess að tryggja sér sigur í reiðkeppninni og allt verðlaunaféð rænir Smith hesti Lukku Láka, Léttfeta. Önnur sagan, Réttardagur (f. Jours de round-up), fjallar um glímu Lukku Láki við tvo kúaþjófa sem ræna kúm úr hjörð sem Lukku Láki og félagar eru ráðnir til að reka á nálægan búgarð. Í þriðju sögunni, Stóraslag (f. Le Grand combat), tekur Lukku Láki að sér að gerast umboðsmaður hnefaleikakappans Battling Bender. Þeir halda saman til bæjarins Clover Valley þar sem lærlingur Lukku Láka skorar meistarann Killer Kelly á hólm, en gamanið kárnar þegar óheiðarlegur veðmangari bæjarins lætur ræna kærustu Bender til að þvinga hann til að tapa einvíginu.

Fróðleiksmolar 

 Á svipuðum tíma og sögurnar birtust í Sval samdi Morris fjórðu söguna, Lucky Luke et Androclès, en hún hefur aldrei komið út í bókarformi.
 Í sögunni um Réttardag er Lukku Láki óvenjulega ruddalegur gagnvart félaga sínum í kúsmöluninni. Mótunarskeið persónunnar var rétt að hefjast þegar sagan kom út.
 Danska útgáfa bókarinnar (d. Revolver Joe), sem kom út árið 2001, er eftirsótt af söfnurum þar í landi.

Heimildir 

 Lucky Luke. The Complete Collection 2. Cinebook. 2019.

Lukku Láki
Myndasögur",Í hvaða frásögn kemur Lukku Láki fram óvenjulega dónalegur?,"{'answer_start': array([695], dtype=int64), 'text': array(['Réttardagur'], dtype=object)}"
https://is.wikipedia.org/wiki/Taylor%20Hawkins,Taylor Hawkins,"Taylor Hawkins (17. febrúar 1972 – 25. mars 2022) var bandarískur tónlistarmaður. Hann var þekktastur sem trommari hljómsveitarinnar Foo Fighters sem hann spilaði með frá árinu 1997 til dauðadags.

Hawkins fæddist í Texas en ólst upp í Kalíforníu. Þegar hann var að læra á trommur voru meðal helstu áhrifavalda hans Roger Taylor úr Queen, Phil Collins úr Genesis, Stewart Copeland úr The Police og Stephen Perkins úr Jane's Addiction.

Snemma á ferlinum spilaði Hawkins í hljómsveitunum Sylvia og Sass Jordan. Hæfileikar hans vöktu athygli Alanis Morissette sem fékk hann til að tromma á tónleikaferðum sínum. Á þeim tíma kynntist Hawkins Dave Grohl, fyrrverandi meðlim Nirvana, sem bauð honum fljótlega að gerast trommari í nýju hljómsveit sinni, Foo Fighters. Á tónleikum skiptust Grohl og Hawkins stundum um hlutverk, Grohl fór á trommur og Hawkins söng og spilaði á gítar. Hawkins söng á nokkrum lögum á plötum og smáskífum með Foo Fighters.

Meðfram því að spila með Foo Fighters vann Hawkins að tónlist með ýmsum öðrum. Þar má helst nefna Taylor Hawkins and the Coattail Riders sem gáfu út þrjár plötur (2006-2019).

Hawkins var giftur og átti þrjú börn. Hann hafði lengi barist við fíkniefnavanda og var nærri dauða árið 2001 eftir að hafa tekið of stóran skammt af heróíni.

Hawkins fannst látinn í hótelherbergi í Bogotá, Kólumbíu, þegar Foo Fighters voru þar á tónleikaferðalagi. Dánarorsök er talin hafa verið neysla fíkniefna og lyfseðilsskyldra lyfja . Hann var fimmtugur að aldri.

Skífur

Foo Fighters
 There Is Nothing Left to Lose (1999)
 One by One (2002)
 In Your Honor (2005)
 Echoes, Silence, Patience & Grace (2007)
 Wasting Light (2011)
 Sonic Highways (2014)
 Saint Cecilia (2015)
 Concrete and Gold (2017)
 Medicine at Midnight (2021)

Taylor Hawkins and the Coattail Riders
 Taylor Hawkins and the Coattail Riders (2006)
 Red Light Fever (2010)
 Get the Money (2019)

NHC
 Intakes & Outtakes (EP) (2022)

The Birds of Satan
 The Birds of Satan (2014)

Coheed and Cambria
 Good Apollo, I'm Burning Star IV, Volume Two: No World for Tomorrow (2007)

Sóló
 Kota (EP) (2016)

Tilvísanir

Bandarískir trommarar
Bandarískir tónlistarmenn",Hvaða dag dó Taylor Hawkins?,"{'answer_start': array([35], dtype=int64), 'text': array(['25. mars 2022'], dtype=object)}"
https://is.wikipedia.org/wiki/Taylor%20Hawkins,Taylor Hawkins,"Taylor Hawkins (17. febrúar 1972 – 25. mars 2022) var bandarískur tónlistarmaður. Hann var þekktastur sem trommari hljómsveitarinnar Foo Fighters sem hann spilaði með frá árinu 1997 til dauðadags.

Hawkins fæddist í Texas en ólst upp í Kalíforníu. Þegar hann var að læra á trommur voru meðal helstu áhrifavalda hans Roger Taylor úr Queen, Phil Collins úr Genesis, Stewart Copeland úr The Police og Stephen Perkins úr Jane's Addiction.

Snemma á ferlinum spilaði Hawkins í hljómsveitunum Sylvia og Sass Jordan. Hæfileikar hans vöktu athygli Alanis Morissette sem fékk hann til að tromma á tónleikaferðum sínum. Á þeim tíma kynntist Hawkins Dave Grohl, fyrrverandi meðlim Nirvana, sem bauð honum fljótlega að gerast trommari í nýju hljómsveit sinni, Foo Fighters. Á tónleikum skiptust Grohl og Hawkins stundum um hlutverk, Grohl fór á trommur og Hawkins söng og spilaði á gítar. Hawkins söng á nokkrum lögum á plötum og smáskífum með Foo Fighters.

Meðfram því að spila með Foo Fighters vann Hawkins að tónlist með ýmsum öðrum. Þar má helst nefna Taylor Hawkins and the Coattail Riders sem gáfu út þrjár plötur (2006-2019).

Hawkins var giftur og átti þrjú börn. Hann hafði lengi barist við fíkniefnavanda og var nærri dauða árið 2001 eftir að hafa tekið of stóran skammt af heróíni.

Hawkins fannst látinn í hótelherbergi í Bogotá, Kólumbíu, þegar Foo Fighters voru þar á tónleikaferðalagi. Dánarorsök er talin hafa verið neysla fíkniefna og lyfseðilsskyldra lyfja . Hann var fimmtugur að aldri.

Skífur

Foo Fighters
 There Is Nothing Left to Lose (1999)
 One by One (2002)
 In Your Honor (2005)
 Echoes, Silence, Patience & Grace (2007)
 Wasting Light (2011)
 Sonic Highways (2014)
 Saint Cecilia (2015)
 Concrete and Gold (2017)
 Medicine at Midnight (2021)

Taylor Hawkins and the Coattail Riders
 Taylor Hawkins and the Coattail Riders (2006)
 Red Light Fever (2010)
 Get the Money (2019)

NHC
 Intakes & Outtakes (EP) (2022)

The Birds of Satan
 The Birds of Satan (2014)

Coheed and Cambria
 Good Apollo, I'm Burning Star IV, Volume Two: No World for Tomorrow (2007)

Sóló
 Kota (EP) (2016)

Tilvísanir

Bandarískir trommarar
Bandarískir tónlistarmenn",Hvaða dag kom Taylor Hawkins í heiminn?,"{'answer_start': array([16], dtype=int64), 'text': array(['17. febrúar 1972'], dtype=object)}"
https://is.wikipedia.org/wiki/Kong%C3%B3flj%C3%B3t,Kongófljót,"Kongófljót er stærsta fljót Mið-Afríku og annað lengsta fljót Afríku (á eftir Níl). Það er 4.374 km langt. Ef Chambesi-fljót er talið upptök fljótsins, verður það 4.700 km langt. Fljótið og þverár þess renna í gegnum stærsta regnskóg heims á eftir Amasónfrumskóginum (sem er miklu stærri) og annað stærsta vatnasvið heims. Á milli 1971 og 1997, þegar Austur-Kongó hét formlega Saír (Zaïre), kölluðu þarlendir fljótið Saírfljót (Zaïre-fljót). 

Upptök fljótsins eru í fjöllunum vestan við Sigdalinn mikla í Austur-Afríku og í Tanganjika-vatni og Mweru-vatni sem renna í Lualaba-fljót sem verður að Kongó neðan við Boyomafossa. Kongófljót rennur í vesturátt frá Kisangani rétt fyrir neðan fossana, sveigir síðan í suðvestur og rennur fram hjá Mbandaka, sameinast Ubangi-fljóti og rennur í Malebobugðunua þar sem Kinsasa og Brazzaville standa gegnt hvor annarri á árbökkunum. Þaðan mjókkar áin og rennur um flúðir í djúpum gljúfrum (Livingstone-fossa) fram hjá Matandi og Boma og út í hafið við strandbæinn Muanda.

Vatnasvið árinnar er rúmlega 4 milljónir ferkílómetrar. Rennsli hennar við ósa er að meðaltali 41.000 m3/s, minnst 23.000 og mest 75.000 m3/s. Á hverju ári skilar Kongófljót um 86 milljónum tonna að seti í Atlantshafið.

Vegna Livingstonfossanna er fljótið ekki skipgengt frá upptökum til ósa.  Fyrir ofan fossanna er það þó nýtt til flutinga og þá sérstaklega á milli Kinshasa and Kisangani.  Um 40 raforkuver eru í fljótinu.  Þeirra stærst er Inga-stíflan sem er um 200 km suðvestur af Kinshasa.

Fljót í Austur-Kongó
Fljót í Lýðveldinu Kongó
Fljót í Afríku",Hvert er stærsta virkjunarstöðin við Kongófljót?,"{'answer_start': array([1458], dtype=int64), 'text': array(['Inga-stíflan'], dtype=object)}"
https://is.wikipedia.org/wiki/Al%C3%BEj%C3%B3%C3%B0asamband%20jafna%C3%B0armanna,Alþjóðasamband jafnaðarmanna,"Alþjóðasamband jafnaðarmanna (enska: Socialist International eða SI) er alþjóðasamtök stjórnmálaflokka sem aðhyllast lýðræðislega jafnaðarstefnu. Flestir aðildarflokkar sambandsins eru sósíaldemókrataflokkar, sósíalistaflokkar eða verkamannaflokkar.

Alþjóðasambandið var stofnað árið 1951 og var ætlað að taka við af Alþjóðasambandi sósíalískra verkamanna (SAI) en uppruna þess má rekja til síðhluta 19. aldar. Í dag telur sambandið til sín 147 aðildarflokka og stofnanir í rúmlega 100 löndum. Aðildarflokkarnir hafa setið í ríkisstjórn í mörgum löndum, meðal annars flestum löndum Evrópu.

Núverandi aðalritari samtakanna er Benedicta Lasi frá Gana. Forseti sambandsins er Pedro Sánchez, núverandi forsætisráðherra Spánar. Þau voru bæði kjörin a síðasta þingi Alþjóðasambandsins í Madríd á Spáni í nóvember árið 2022.

Söguágrip

Fyrsta og annað alþjóðasambandið (1864–1916)
Alþjóðasamtök verkalýðsins, eða fyrsta alþjóðasambandið, voru fyrstu alþjóðasamtökin sem reyndu að sameina stjórnmálaöfl verkalýðsins þvert á landamæri. Samtökin voru stofnuð þann 28. september árið 1864 að undirlagi sósíalískra, kommúnískra og anarkískra stjórnmálahópa og stéttarfélaga. Togstreita á milli hófsemismanna og byltingarsinna innan samtakanna leiddi til þess að þau voru leyst upp árið 1876 í Philadelphiu.

Annað alþjóðasambandið var stofnað í París þann 14. júlí árið 1889 sem samband sósíalistaflokka. Ágreiningur um fyrri heimsstyrjöldina leiddi til þess að sambandið var leyst upp árið 1916.

Alþjóðasamband sósíalískra verkamanna (1919–1940)
Alþjóðanefnd jafnaðarmanna (e. International Socialist Commission eða ISC) var stofnuð á fundi í Bern í febrúar árið 1919 að undirlagi flokka sem vildu endurlífga annað alþjóðasambandið. Í mars árið 1919 stofnuðu kommúnistaflokkar Komintern (Þriðja alþjóðasambandið) á ráðstefnu í Moskvu.

Flokkar sem ekki vildu ganga í ISC eða Komintern stofnuðu með sér Alþjóðasamband lýðsins (sem einnig var kallað Vínarsambandið) á ráðstefnu í Vín þann 27. febrúar 1921. ISC og Vínarsambandið sameinuðust í Alþjóðasamband sósíalískra verkamanna í maí árið 1923 eftir ráðstefnu í Hamborg. Það samband lognaðist út af árið 1940 vegna uppgangs nasisma og byrjun seinni heimsstyrjaldarinnar.

Alþjóðasamband jafnaðarmanna (1951–)
Alþjóðasamband jafnaðarmanna var stofnað í júlí árið 1951 í Frankfurt til að koma í stað Alþjóðasambands sósíalískra verkamanna.

Á eftirstríðsárunum styrkti Alþjóðasambandið jafnaðarflokka sem þurftu að hasla sér völl á ný þegar fasískt einræði leið undir lok í Portúgal (1974) og á Spáni (1974). Fyrir þing sitt árið 1976 í Genf áttu fáir stjórnmálaflokkar utan Evrópu aðild að Alþjóðasambandinu og sambandið átti engin ítök í Rómönsku Ameríku. Á níunda áratugnum lýstu flestir aðildarflokkar sambandsins yfir stuðningi við Þjóðfrelsisfylkingu sandínista þegar Bandaríkjastjórn reyndi að fella lýðræðislega kjörna vinstristjórn hennar í Níkaragva. Það mál leiddi til Íran-kontrahneykslisins í Bandaríkjunum þegar stjórn Ronalds Reagan Bandaríkjaforseta hélt áfram í laumi að styðja kontraskæruliða gegn sandínistum þrátt að Bandaríkjaþing hefði lagt bann við því.

Síðla á áttunda áratugnum og í byrjun níunda áratugarins átti Alþjóðasamband jafnaðarmanna í samræðum við leiðtoga risaveldanna tveggja í kalda stríðinu, Bandaríkjanna og Sovétríkjanna, í málefnum varðandi samskipti austurs og vesturs og vopnaeftirlit. Alþjóðasambandið studdi slökunarstefnu og afvopnunarsáttmála á borð við SALT-II, START og INF-samningana. Fulltrúar sambandsins funduðu í Washington, D.C. með Jimmy Carter Bandaríkjaforseta og George Bush varaforseta og í Moskvu með aðalriturunum Leoníd Brezhnev og Míkhaíl Gorbatsjov. Finnski forsætisráðherrann Kalevi Sorsa leiddi sendinefndir sambandsins í þessum viðræðum.

Sambandið hefur upp frá því veitt æ fleiri flokkum frá Afríku, Asíu, Evrópu og Rómönsku Ameríku aðild.

Eftir byltinguna í Túnis árið 2011 var Lýðræðislega stjórnskipunarsamkundan, stjórnarflokkur Ben Ali forseta, rekin úr alþjóðasambandinu. Síðar sama mánuð var Þjóðarlýðræðisflokkurinn í Egyptalandi einnig rekinn. Alþýðufylking Fílabeinsstrandarinnar var einnig rekin í samræmi við grein 7.1 í lögum sambandsins eftir hrinu ofbeldis á árunum 2010 til 2011. Brottrekstrarnir voru staðfestir á þingi Alþjóðasambandsins í Höfðaborg árið 2012.

Klofningur Framfarabandalagsins (2013)
Þann 22. maí árið 2013 klufu þýski Jafnaðarmannaflokkurinn og nokkrir fleiri aðildarflokkar sig úr Alþjóðasambandinu og stofnuðu sín eigin alþjóðasamtök jafnaðarflokka undir nafninu Framfarabandalagið. Klofningsflokkarnir bentu á það sem þeir töldu úrelt og ólýðræðislegt skipulag Alþjóðasambandsins og gagnrýndu Alþjóðasambandið jafnframt fyrir að veita ólýðræðislegum stjórnmálahreyfingum aðild.

Samband við Rómönsku Ameríku 
Alþjóðasamband jafnaðarmanna hélt lengi ákveðna fjarlægð frá Rómönsku Ameríku þar sem litið var á álfuna sem áhrifasvæði Bandaríkjanna. Alþjóðasambandið gagnrýndi til dæmis ekki valdaránið í Gvatemala 1954 gegn sósíalíska forsetanum Jacobo Árbenz eða innrás Bandaríkjanna í Dóminíska lýðveldið árið 1965. Það var ekki fyrr en eftir valdaránið í Síle 1973 sem Alþjóðasambandið fór að standa með vinstrihreyfingum í Rómönsku Ameríku. Antoine Blanca, erindreki Alþjóðasambandsins úr franska Sósíalistaflokknum, skrifaði að eftir valdaránið í Síle hafi sambandið uppgötvað „heim sem við þekktum ekki“ og að samstaða með vinstrimönnum í Síle gegn Bandaríkjamönnum hafi verið fyrsta meiriháttar áskorun sambandsins. Sambandið átti síðar, sérstaklega á stjórnartíð François Mitterrand, eftir að styðja sandínista í Níkaragva og aðrar vinstrihreyfingar í El Salvador, Gvatemala og Hondúras í baráttu þeirra gegn hægrisinnuðum einræðisstjórnum sem nutu stuðnings Bandaríkjanna.

Á tíunda áratugnum gengu ýmsir flokkar sem ekki voru sósíalískir í Alþjóðasambandið. Þessir flokkar hrifust af efnahagsstyrk Evrópuríkja þar sem aðildarflokkar sambandsins nutu áhrifa og reiknuðu með því að geta hagnast af aðild. Meðal þessara flokka má nefna Róttæka borgarabandalagið í Argentínu, Byltingarsinnaða stofnanaflokkinn í Mexíkó og Frjálslynda flokkinn í Kólumbíu. Margir vinstriflokkar sem komust til valda í Rómönsku Ameríku á fyrsta áratugi 21. aldar (í Brasilíu, Venesúela, Bólivíu, Ekvador og El Salvador) gengu því aldrei í sambandið.

Íslenskir aðildarflokkar
Alþýðuflokkurinn var aðili að Alþjóðasambandi jafnaðarmanna frá árinu 1987 þar til hann rann inn í Samfylkinguna árið 2000. Samfylkingin erfði aðild Alþýðuflokksins að alþjóðasambandinu en sagði sig úr sambandinu árið 2017.

Tilvísanir

Heimildir
 

Alþjóðastofnanir
Samtök stjórnmálaflokka
Sósíalismi",Hvar var Alþjóðabandalagið upprunalega stofnað?,"{'answer_start': array([1336], dtype=int64), 'text': array(['París'], dtype=object)}"
https://is.wikipedia.org/wiki/Atari,Atari,"Atari Inc var bandarískt fyrirtæki stofnað af Nolan Bushnell og Ted Dabney 27 júní 1972 og var það einn af fyrstu framleiðendum leikjatölva í heiminum. Nolan Bushnell seldi fyrirtækið til Warner Communications árið 1976. Árið 1984 var hugbúnaðar og spilakassadeildir fyrirtækisins teknar út og stofnað nýtt fyrirtæki í kring um þær kallað Atari Games sem var selt til Namco ári seinna. Aðalreksturinn var hinnsvegar seldur Idek Tramielski (eða Jack Tramiel) að mestu leiti og var fyrirtækið endurnefnt Atari Corp. Atari Corp var lagt niður 1996 og eignir fyrirtækisins teknar yfir af JTS. Hasbro Interactive keypti síðan vörumerkið af JTS árið 1998. Árið 2001 eignaðist Infogrames að lokum vörumerkið þegar það tók yfir eignir Hasbro Interactive. Infogrames tilkynnti svo í maí 2009 að nafni Infogames yrði breytt og hér eftir kallast Atari SA.

Leikjatölvur

Leikjatölvur

ATARI Pong  (1975-1977) 

Pong kom á markaðinn árið 1975 og var heimilisúgáfa af Pong spilakassanum sem Atari gaf út árið 1972. Var Pong fyrsta sérhæfða leikjavélin fyrir heimili sem Atari gaf út en tækið var tengt við venjuleg sjónvörp. Við hönnun á vélinni var notast við nafnið ""Darlene"" en slíkar nafnagiftir áttu eftir að verða notaðar á margar vélar sem Atari gerði. Fyrsta árið sem vélin var í sölu var hún aðeins fáanleg undir nafninu Tele-Games Pong og var seld í verslunum Sears í Bandaríkjunum. Mörg af þeim fyrirtækjum sem seinna meir áttu eftir að verða stór nöfn sáu hve vélin seldist vel og settu á markaðinn vélar sem svipaði til Pong, en þar má nefna fyrirtæki eins og Konami, sem gaf út sinn fyrsta leik sem kallaðist Maze. Nintendo gerðu einnig sína eigin útgáfu af Pong fyrir heimamarkaðinn. Atari átti eftir að gefa út nokkrar útgáfur af Pong næstu árin, svo sem Pong Doubles og Super Pong sem báðar komu út árið 1976. Árið 1977 komu svo Super Pong Pro-Am, Super Pong Pro-Am Ten, Ultra Pong og Ultra Pong Doubles. Leikurinn Pong var hannaður af Allan Alcorn og heimilisútgáfan var hönnuð af Allan Alcorn og Harold Lee.

ATARI Stunt Cycle  (1977) 
Atari gaf út Stunt Cycle á sama tíma og Evel Knievel faraldur gekk yfir Bandaríkin, en var leikurinn fyrst gefinn út í spilakassa. Einnig var gerð sérhæfð heimilisútgáfa af Stunt Cycle og innihélt hún fjórar mismunandi útgáfur af leiknum, en þær voru Stunt Cycle, Motocross, Enduro og DragRace. Í leiknum var spilendum gert kleypt að framkvæma sín eigin áhættustökk. Lengi stóð til að gera útgáfu af leiknum fyrir Atari 2600 leikjatölvuna, en var hann aldrei kláraður. Leikurinn var hannaður að Bob Polari.

ATARI Video Pinball  (1977-1978) 
Atati gaf einnig út sérhæfða leikjavél fyrir Video Pinball árið 1977 en vélinni var fyrst og fremst ætlað að selja hinn vinsæla Breakout leik inn á heimili. Í vélinni voru í raun þrír mismunandi leikir sem voru Video Pinball í fjórum mismunandi útgáfum, ásamt Baskeball, og svo hinum fornfræga Breakout í tveimur útgáfum, hinum seinni kallaður Break Away. Vélin var fáanleg í þrem mismunandi útgafum sem voru allar eins, fyrir utan útlitið. Fyrsta vélin var fáanleg svört með viðarlit, en seinna kom svo út önnur útgáfa með rjómahvítum lit. Þriðja útgáfan var svo seld í Sears og kallaðist Sears Pinball Breakaway. Video Pinball leikirnir áttu seinna meir eftir að vera fáanlegir á Atari 2600.

ATARI VCS 2600  (1977-1992) 

Atari VCS eins og hún hét upprunalega en er betur þekkt í dag sem Atari 2600, var raunverulega fyrsta leikjatölvan sem Atari markaðsetti sem var ekki sérhæfð leikjatölva. Við þróun vélarinnar var vélin kölluð ""Stella"". Atari 2600 gat spilað mismunandi leiki með því að skipta út leikjum á þar tilgerðum leikjakubbum, sem innihéldu leikina. Fram til ársins 1975 hafði það reynst þrautinni þyngra, en með tilkomu MOS 6502 örgjörvans árið 1975 breytist það. Strax árið 1975 hóf Atari þróun á vélinnni og kom hún út í takmörkuðu upplagi sumarið 1977. Það var svo loks haustið 1977 sem vélin var gefin út á heimsvísu. Vélin seldist þó ekki í takt við vonir Atari til að byrja með og var það í raun ekki fyrr en Atari gerði samning við Namco um útgáfu af Space Invaders fyrir vélina sem salan hófst fyrir alvöru. Atari tók þá ákvörðun í framhaldi að tryggja það að leikir sem voru vinsælir í  spilakössum skildu koma út fyrir vélina. Atari 2600 átti eftir að koma út í þó nokkrum útgáfum á líftíma sínum en vélin var framleidd í einu eða öðru formi allt fram til ársins 1992, en vel rúmlega 30 milljón eintök hafa selst af vélinni. Eldri eintök af vélunum eru alltaf þekkjanlegar vegna viðarlits framan á vélunum, en endurhannaðar seinni útgáfur af vélinni er oftast þekktar undir nafninu Atari 2600 Jr.

ATARI Touch Me (1978) 
Atari Touch Me er lítil leikjavél og sú fyrsta sem Atari framleiddi sem hægt var að halda á og ferðast með. Vélin er hönnuð eftir spilakassa sem Atari gaf upprunlega út árið 1974. Auðveldast er að lýsa vélinni sem ""Simon Says"" leikjatölvu þar sem fjórir mismunandi litaðir takkar lýsast upp og spila hver sinn tón í ákveðinni röð sem síðan þarf að herma eftir. Í hvert skipti sem röð er kláruð bætist við nýr tónn í röðina. Leiknum lýkur svo þegar spilarinn gerir mistök eða klárar tónaröðina.

ATARI 5200 SuperSystem  (1982-1984) 

Atari 5200 kom út árið 1982 og var henni ætlað að taka við af hinni vinsælu Atari 2600. Upprunlega höfðu Atari 400 og Atari 800 tölvurnar sem komu út árið 1979 verið þróaðar sem arftaki af Atari 2600, en þeim var á endanum breytt í heimilistölvur þar sem Atari ákvað að keppa á þeim markaði í ljósi vindsælda heimilitölva svo sem Commodore Pet, Apple 2 og Tandy TRS80. Atari tók þó seinna þá ákvörðun að gefa út nýja leikjatölvu og var hún hönnuð með svipuðu innvolsi og heimilistölvurnar og hlaut hún  nafnið ""Pam"" í þróunarferlinu. Atari 5200 var þó ekki samhæfð við heimilistölvurnar og virkuðu leikir framleiddir fyrir Atari 400/800 ekki fyrir Atari 5200. Vélin var heldur ekki samhæfð við Atari 2600 leiki og leiddi til þess að ný úgáfa af vélinni kom út, en sú útgáfa af vélinni gat spilað Atari 2600 ef notast var við millistykki sem Atari gaf út, þekkt sem Atari VCS Cartridge Adaptor. Leikjaúrval vélarinnar að miklu leiti sömu leikirnir og fyrir hina eldri Atari 2600, nema með uppfærði grafík og hljóði, en margir leikjanna voru orðnir gamlir og ekki lengur eins vinsælir og þeir höfðu áður verið. Atari ákvað árið 1984 að hætta framleiðslu á vélinni og þess í stað einblína á gerð nýrrar leikjatölvu sem þegar var í þróunn, og leiðrétta þannig þau mistök sem voru gerð við hönnun á Atari 5200. Atari 5200 seldist aðeins í um milljón eintökum og var hún aldrei markaðsett fyrir utan Bandaríkin. Árið 1983 og 1984 varð algert hrun í sölu á leikjum og leikjavélum í Bandaríkjunum og hefur Atari 5200 ávallt verið talin eitt helsta fórnarlamb hrunsins.

ATARI 7800 ProSystem  (1986-1992) 

Atari 7800 hafði verið í hönnun árin 1983-1984 en hún var fyrsta Atari vélin sem var hönnuð utan fyrirtækisins. Stóð til að gefa hana út í júní árið 1984, og reyndar var hún fáanleg í takmörkuðu upplagi það ár. Atari 7800 var samhæfð við alla Atari 2600 leiki sem fáanlegir voru og var það gert vegna þess hve neikvæð viðbrögð neytenda höfðu verið þegar Atari 5200 kom á markaðinn. Seinkun varð hinsvegar til þess að vélin kom ekki á markað á tilsettum tíma og þá vegna sölu á Atari til nýrra eigenda. Í framhaldi  þurfti að endurskoða ýmsa samningu sem lutu að gerð vélarinnar. Að lokum tveimur árum seinna árið 1986 kom vélin loks út fyrir almennan markað bæði í Bandaríkjunum og Evrópu. Vélin var í harðri samkeppni við Nintendo Entertainment System og Sega Master System sem þegar höfðu komið á markaðinn. Leikjaúrval Atari 7800 var ansi dræmt fyrsta árið og fyrst og fremst endurgerðir á eldri leikjum sem þegar höfðu verið til fyrir aðrar Atari. Vélin seldist þó ágætlega og var fáanleg allt fram til ársins 1992. Um 3.5 milljónir eintaka seldust af vélinni. Í Bandaríkjunum er vélin þekkt sem Atari 7800 ProSystem en í Evópu og annarstaðar er hún kölluð einfaldlega Atari 7800.

ATARI  Lynx  (1989-1995) 

Atari hafði árið 1978 gefið út litla leikjatölvu sem hægt var að halda á og kallaðist Touch Me. Síðan þá hafði Atari látið slíkar vélar vera, en árið 1989 breyttist það þegar Atari setti á markaðinn hina 16 bita Atari Lynx. Upprunlega var vélin hönnuð af fyrirtæki sem hét Epyx og var kölluð Handy Game. Epyx átti ekki möguleika á að markaðssetja vélina vegna rekstrarörðugleika og leitaði því eftir fyrirtækjum sem höfðu burði til að annast framleiðslu og markaðssetningu. Epyx hafði samband við nokkur fyrirtæki þar á meðal Nintendo og Sega, en hvorug þeirra hafði áhuga. Að lokum var gerður samningur við Atari, og sá Atari um framleiðslu og markaðssetningu á vélinni undir Atari Lynx nafninu. Stuttu seinna fór Epyx í gjaldþrot og eignaðist Atari þá hönnunina. Vélin var upprunalega gerð af hönnuðum sem unnu við þróun Commodore Amiga tölvunnar og þurfti Atari að notast við Commodore Amiga vélar við þróun á leikjum fyrir Atari Lynx. Salan á Atari Lynx hófts ágætlega en náði þó aldrei himinháðum hæðum. Tveirum árum eftir útgáfu vélarinnar höfðu selst um 800.000 þúsund stykki. Vélin var endurhönnuð árið 1991 og gefin út Atari Lynx II með betri endingu á rafhlöðum og var minni og handhægari. Atari Lynx var langt á undan sinni samtíð og var vélin seld alveg fram til ársins 1995, en áætlað að um 7 milljónir eintaka hafi selst af vélinni.

ATARI Jaguar (1993-1996) 

Hönnun á Atari Jaguar hófst tveimur árum fyrir útgáfu vélarinnar, en fyrirtækið Flare Technology voru fengnir til að hanna tvær tölvur fyrir Atari, annarsvegar Atari Panther sem keppa skildi við Super Nintendo og Sega Megadrive, og hinnsvegar Atari Jaguar sem átti að vera fullkomnari en allar aðrar leikjavélar á markaðinum. Þróun á Atari Jaguar var hinsvegar það hröð að hætt var við gerð á Atari Panther og útgáfudegi Atari Jaguar flýtt. Vélin kom svo út í lok árs 1993. Atari lenti strax í erfiðleikum með vélina en erfitt þótti að þróa leiki á vélina þar sem hún þótti töluvert flókin. Fáir aðilar gerðu þar af leiðandi leiki fyrir vélina og ekki var mikið um gerð leikja heldur innan Atari. Aðeins voru gefnir út 67 leikir fyrir vélina á líftíma hennar og gerði Atari tilraun til að framlengja hann með því að gefa út Atari Jaguar CD geisladrif og lækka verðið en allt kom fyrir ekki. Að lokum þegar Sega Saturn og Sony Playstation komu á markaðinn var ljóst að dagar Atari Jaguar voru taldir. Aðeins seldust um 250.000 eintök af vélinni og varð hún ein af ástæðum þess að Atari var tekið til gjaldþrotaskipta árið 1996 og selt. Atari Jaguar hefur þann vafasama heiður að vera síðasta tölvan sem Atari framleiddi og seldi.

Heimilistölvur 8 bita

Heimilistölvur

ATARI 400 og ATARI 800 (1979-1983) 

Upphaf Atari 400/800 má rekja aftur til apríl 1977 þegar Apple II kom á markaðinn. Atari tók þá ákvörðun að hefja þróun á heimilstölvu. Stella sem kom seinna út á árinum sem Atari VCS var grunnurinn að þeirri hönnun. Undir lok ársin 1977 var þróunferli vélarinnar hrundið af stað af fullri alvöru. Ákveðið var að gera 3 útgáfur af vélinni og fengu þær nafnið ""Colleen"" sem seinna varð að Atari 800, Candy sem varð að Atari 400, og ""Elizabeth"" sem aldrei kom út, en sú vél átti að vera með 13"" skjá. Upprunalega var ""Candy"" hugsuð sem arftaki af Atari VCS, sem leikjatölva með engu lyklaborði en seinna var fallið frá þeirri hugmynd og kom vélin út með snertilyklaborði. Í nóvember 1979 komu vélarnar svo loks á markað sem Atari 400 og Atari 800. Atari 400 var hugsuð sem blanda af leikjatölvu og heimilistölvu og innihélt 8k minni sem var þó fljótlega aukið í 16k, á meðan Atari 800 sem var hugsuð sem heimilistölva fyrst og fremst innihélt 16k sem var einnig uppfært fljótlega og þá í 48k.  

 
 1200XL
 600XL
 800XL
 65XE
 130XE
 800XE
 XE einnig þekkt sem XEGS

16/32 Bita einkatölvur
 ST
 STF
 STFM
 Mega ST
 STE
 Mega STE
 TT
 Stacy
 Falcon

32 Bita Vinnustöðvar
 Abaq (einnig kölluð Atari Transputer Workstation eða Atari ATW 800)
 TT Unix Workstation

Tenglar 

www.atari.com

Bandarísk fyrirtæki
Bandarískir tölvuframleiðendur
Tölvuleikjafyrirtæki",Hvenær var Apple II tölvan fyrst gefin út?,"{'answer_start': array([10696], dtype=int64), 'text': array(['apríl 1977'], dtype=object)}"
https://is.wikipedia.org/wiki/%C3%8D%C3%BEr%C3%B3ttah%C3%BAs%20J%C3%B3ns%20%C3%9Eorsteinssonar,Íþróttahús Jóns Þorsteinssonar,"Íþróttahús Jóns Þorsteinssonar var reist árið 1935 af íþróttakennaranum Jóni Þorsteinssyni. Húsið er númer sjö við Lindargötu og hýsir í dag tvö leiksvið Þjóðleikhússins Kassann og Kúluna.

Saga 

Jón Þorsteinsson kom heim til Íslands sem menntaður íþróttakennari og hóf þegar restur íþróttaskóla. Nefndist skólinn upphaflega Müllersskólinn enda var þar einkum staðið fyrir kennslu í hinum vinsælu Müllersæfingum. Auk kennslu fyrir almenning, sá Jón um að þjálfa meðlimi flestallra íþróttafélaga bæjarins í fimleikum. 

Árið 1935 lét Jón Þorsteinsson reisa veglegt, sérhannað íþróttahús. Arkitektar þess voru Einar Sveinsson og Sigmundur Halldórsson og var húsið í Funkisstíl, það bjó yfir tveimur íþróttasölum: öðrum 8*10 metra en hinum 10:20 metra. Íþróttaskólinn var starfræktur í húsinu næstu fjóra áratugina, til ársins 1976.

Íþróttahús Jóns Þorsteinssonar var stærsta íþróttahús Reykjavíkur þar til bærinn eignaðist íþróttahúsið Hálogaland rétt eftir síðari heimsstyrjöldina, en um var að ræða gamlan íþróttabragga frá breska hernámsliðinu. Fyrstu árin fór keppni á Íslandsmótinu í handknattleik fram í Lindargötuhúsinu. Þar var einnig um árabil aðalæfingaraðstaða Ármenninga.

Tilvísanir 

Byggingar í Reykjavík
Jón Þorsteinsson
Síður sem þurfa hnit",Hvaða viðburðir eru haldnir í Íþróttahúsi Jóns Þorsteinssonar í dag?,"{'answer_start': array([141], dtype=int64), 'text': array(['tvö leiksvið Þjóðleikhússins Kassann og Kúluna'], dtype=object)}"
https://is.wikipedia.org/wiki/V%C3%ADti%20%28%C3%AD%20%C3%96skju%29,Víti (í Öskju),"Víti er stærstur sprengigíga í Öskju. Gígurinn er við norðurbarm vatnsins og þunn brík er á milli hans og Öskju. Gígurinn er um 60 metra djúpur og 300 metrar í þvermál. Umhverfis gíginn er vikurkeila, um 12 m há. Víti myndaðist í Öskjugosinu 1875 og að öllum líkindum í gufusprengingu.

Eldvirkni 
Í gosinu 1875 spúði gígurinn ösku og vikri í einu stærsta öskugosi í sögu landsins. Öskufallið af því gosi fór illa með byggð á Austurlandi og olli því að margir fluttu til Ameríku. 

Áætlað magn af ösku í þessu gosi er 2-2,5 rúmkílómetrar og af því hafa 0,8 rúmkílómetrar fallið á Íslandi. En askan af því gosi náði til Stokkhólms 38 tímum og þar sem síðan var hægt að efnagreina öskuna. Víti og Askja tilheyra sprungukerfi sem er eitt lengsta og virkasta sprungukerfi landsins. En það nær frá Dyngjujökli að Öskju og gegnum Jökulsá á Fjöllum og niður að sjó. Það er kallað Öskjukerfið og hefur gosið a.m.k 50 sinnum á nútíma. Helstu gosin eru þá goshrinan frá 1984-1985. Nokkur eldgos 1921-1930 og síðast gaus 1961. Það má þessvegna sjá mikil ummerki á þessu svæði um eldsumbrot. 

Bandarískir geimfarar komu hingað til lands á þetta svæði til þess að æfa sig fyrir tunglferðina uppúr 1960. Svæðið þótti minna á landslag tunglsins. Með þeim í för var jarðfræðingurinn Sigurður Þórarinsson, hann var aðalkennari hópsins. Þeir lærðu helst af honum um gíga, gosmenjar og jarðlög.

Ferðamannastaður 
Margir ferðamenn heimsækja Víti árlega en leiðin þangað er löng og torfærin.  Þaðan má sjá fjallarisa eins og Kverkfjöll og Herðubreið. Á móti gígnum rísa síðan Dyngjufjöll. Þorvaldur Thoroddsen lýsti því svo að hér væri náttúran öll hrikalegri og mikilfenglegri en á nokkrum öðrum stað á Íslandi og sá sem einu sinni hafi staðið á barmi jarðfallsins gleymi því aldrei. 

Hægt að baða sig í Víti. En vatnið í gígnum er brennisteinsvatn og nær um átta metra dýpt. Vatnið er misheitt, 20°C-60°C. Mikill hiti getur verið í leðjunni við austurbakkann sem getur verið hættulegur. Brennisteinsgufa getur haft áhrif á  öndunarfæri og hefur valdið því að fólk hefur fallið í yfirlið.

Heimildir 
 Ari Trausti Guðmundsson (2001). Íslenskar eldstöðvar. Reykjavík: Vaka-Helgafell
 Jón G. Snæland (2009). Heitar laugar á Íslandi. Skrudda
 Páll Ásgeir Ásgeirsson (2001). Hálendis handbókin. Reykjavík: Skerpla
 Tómas Einarsson og Helgi Magnússon (ritstj.) (1989). Íslands handbókin náttúra, saga og sérkenni, síðara bindi. Örn og Örlygur
 Þorsteinn Jósepsson og Steindór Steindórsson (1980). Landið þitt Ísland. Örn og Örlygur
 Örlygur Hálfdánarsson (ritstj.) (2002). Vegahandbókin ferðahandbókin þín. Stöng

Tengt efni 
 Askja

Dyngjufjöll
Vatnajökulsþjóðgarður",Hvað varð til þess að Víti myndaðist líklega?,"{'answer_start': array([268], dtype=int64), 'text': array(['í gufusprengingu'], dtype=object)}"
https://is.wikipedia.org/wiki/Ulbricht-kenningin,Ulbricht-kenningin,"Ulbricht-kenningin (nefnd eftir austur-þýska leiðtoganum Walter Ulbricht) var utanríkisstefna á tímum kalda stríðsins sem gerði ráð fyrir því að Austur-Þýskaland og Vestur-Þýskaland gætu ekki átt í eðlilegu stjórnmálasambandi nema með því skilyrði að bæði ríkin viðurkenndu fyrirvaralaust fullveldi hvers annars. Ulbricht-kenningin var á skjön við vestur-þýsku Hallstein-kenninguna, sem var byggð á þeirri stefnu að Vestur-Þýskaland væri eina lögmæta þýska ríkið og að viðurkenning á sjálfstæði og fullveldi Austur-Þýskalands væri með öllu óásættanleg.

Stjórn Austur-Þýskalands naut stuðnings annarra kommúnistaríkja á borð við Tékkóslóvakíu, Pólland, Ungverjaland og Búlgaríu fyrir stefnu sinni. Þessi ríki féllust öll á að eiga ekki í eðlilegu stjórnmálasambandi við Vestur-Þýskaland nema að undangenginni viðurkenningu þess á fullveldi Austur-Þýskalands.

Að endingu ákváðu stjórnvöld Vestur-Þýskalands að láta af Hallstein-kenningunni og tóku hennar í stað upp svokallaða Austurstefnu (þýska: Ostpolitik). Í desember árið 1972 gerðu Austur- og Vestur-Þýskaland með sér samning sem fól í sér gagnkvæma viðurkenningu á sjálfstæði beggja ríkjanna. Samningurinn gerði ríkjunum jafnframt kleift að skiptast á sendiráðum og að gerast fullgildir aðilar að Sameinuðu þjóðunum.

Tenglar
Sáttmálinn milli Austur- og Vestur-Þýskalands 1972 (á þýsku)

Austur-Þýskaland
Kalda stríðið
Utanríkisstefnur","Hvaða þýsku stefnu, sem Vestur-Þjóðverjar fylgdu, var Ulbricht-kenningin andvíg?","{'answer_start': array([361], dtype=int64), 'text': array(['Hallstein-kenninguna'], dtype=object)}"
https://is.wikipedia.org/wiki/Courteney%20Cox,Courteney Cox,"Courteney Bass Cox  (f. 15. júní 1964) er bandarísk leikkona. Hún er þekktust fyrir hlutverk sitt sem Monica Geller í gamanþátaröðinni Vinir (e. Friends), Gale Weathers í hryllingsmyndunum Scream og Jules Cobb í gamanþáttaröðinni Cougar Town, en hún fékk sína fyrstu Golden Globe tilnefningu fyrir hlutverkið. Cox hefur einnig leikið í þáttaröðinni Dirt sem framleidd var af Couqette Productions, framleiðslufyrirtæki í eigu hennar og þáverandi eiginmanns hennar, David Arquette.

Æska 
Courteney Cox ólst upp í úthverfi Birmingham, Mountain Brook í Alabama og er dóttir viðskiptamannsins Richard Lewis Cox (28. janúar 1931 - 3. september 2001) og eiginkonu hans, Courteney (áður Bass, síðar Copeland). Hún á tvær eldri systur, Virginu og Dottie, og einnig eldri bróðir, Richard Jr. Foreldrar hennar skildu árið 1974 og móðir hennar giftist viðskiptamanninum Hunter Copeland. Eftir að hafa útskrifast úr menntaskólanum í Mountain Brooke, fór Cox í Mount Vernon háskólann í Washington, D.C., en kláraði ekki arkitektanám sitt þar og ákvað heldur að láta reyna á það að verða leikkona og fyrirsæta.

Ferill

Fyrstu árin 
Árið 1984 lék Cox í tónlistarmyndbandi við lag Bruce Springsteen, „Dancing in the Dark“, þar sem hún lék konu sem var dregin upp á svið til að dansa við Springsteen. Cox varð fyrsta manneskjan til að nota orðið „blæðingar“ í bandarísku sjónvarpi árið 1985 í auglýsingaherferð fyrir Tampax-túrtappa. Á fyrstu árum sjónvarpsferils síns lék hún m.a. í skammlífu þáttaröðinni Misfit of Science (1985), en hún fór einnig með aukahlutverk (1987-89) í sjónvarpsþáttaröðinni Family Ties þar sem hún lék Lauren Miller, kærustu Alex P. Keaton (Michael J. Fox). Fyrstu kvikmyndirnar sem hún lék í eru m.a. Masters of the Universe (1987) og Cocoon: The Return (1988). Hún fór með hlutverk Jewel í myndinni Mr. Destiny árið 1990. Árið 1994, stuttu áður en hún byrjaði að leika í Friends lék Cox á móti Jim Carrey í kvikmyndinni Ace Ventura: The Pet Detective og í Seinfeld þar sem hún fór með hlutverk kærustu Jerry sem hét Meryl.

Friends 
Seinna árið 1994 var Cox beðin um að koma í áheyrnaprufu fyrir hlutverk Rachel Green í nýjum gamanþætti, Friends, en hún var ráðin í hlutverk Monicu Geller í staðinn. Í fyrstu var hún frægasti meðlimur leikaraliðs nýja þáttarins, gekk Cox til liðs við Jennifer Aniston (Rachel Green), Lisu Kudrow (Phoebe Buffay), Matt LeBlanc (Joey Tribbiani), Matthew Perry (Chandler Bing) og David Schwimmer (Ross Geller), en hlutverkið átti eftir að verða hennar frægasta og voru gerðar 10 þáttaraðir, fram til 2004. Samkvæmt Heimsmetabók Guinnes (2005) er Cox (ásamt meðleikkonum sínum) hæst launaða sjónvarpsleikkona allra tíma, en hún fékk 1 milljón dollara í laun fyrir hvern þátt, síðustu tvær þáttaraðirnar af Friends.

Milli þáttaraða fimm og sex giftist Cox leikaranum David Arquette, og breytti nafni sínu í Courteney Cox Arquette. Í gríni var eftirnafni Davids, Arquette, bætt fyrir aftan eftirnöfn allra leikaranna í þættinum ""The One After Vegas"". Þátturinn var einnig tileinkaður ""Courteney og David, sem giftu sig"" - sem var vísun í ákvörðun Monicu og Chandlers að giftast ekki í þættinum.

Kvikmyndaferill 
Á meðan Cox lék í Friends lék hún einnig í stóru Hollywood kvikmyndunum Scream (1996), Scream 2 (1997) og Scream 3 (2000) þar sem hún fór með hlutverk Gale Weathers. Hún hitti eiginmann sinn, David Arquette, sem lék ástmann hennar, Dwight ""Dewey"" Riley"" í myndinni, á meðan tökur á fyrstu Scream myndinni stóðu yfir. Bæði Cox og Arquette endurtóku hlutverk sín úr Scream þríleiknum í kvikmyndnni Scream 4 árið 2011. Myndin kom í kvikmyndahús þann 15. apríl 2011.

Aðrar myndir sem hún hefur leikið í eru m.a. The Runner, 3000 Miles to Graceland og The Shrink Is In. Seinni hluta árs 2003 framleiddu Cox og Arquette eina þáttaröð af raunveruleikaþættinum Mix It Up. Lífstílsþátturinn, sem sýndur var á We cable-stöðinni, glímdi við lágar áhorfstölur og var ekki endurnýjaður fyrir aðra þáttaröð.

Önnur vinna 
Eftir hlutverk sitt í Friends, var Cox fyrsta val framleiðandans Marc Cherry við val á leikkonu í hlutverk Susan Mayer í Aðþrengdum eiginkonum. Cox var hins vegar ekki laus þar sem hún var ólétt og fékk Teri Hatcher því hlutverkið. Nokkrum árum seinna skrifaði Cox undir samning við ABC-stöðina um að leika í sinni eigin þáttaröð. Eftir Friends lék Cox í óháðu kvikmyndinni November (2005) sem fór í fá kvikmyndahús; og lék einnig á móti Tim Allen í Zoom. Hún talaði einnig inn á teiknimyndina Barnyard. 

Árið 2007 lék Cox Lucy Spiller, ritstjóra slúðurblaðs, í þættinum Dirt. Cox og eiginmaður hennar, David Arquette, voru aðalframleiðendur þáttaraðarinnar. Þáttaröðin endaði eftir aðra þáttaröðina árið 2008. Í júlí 2008 tilkynnti Entertainment Weekly að Cox hefði skrifað undir þriggja þátta samning við þáttaröðina Nýgræðingar (e. Scrubs). Í þriðja þættinum sagði hún við Dr. Cox að henni fyndist Cox ""fáranlegt nafn"", sem var vísun í hennar eigið nafn. 

Árið 2009 byrjaði Cox að leika í þáttunum Cougar Town sem sýndir eru á ABC stöðinni og fer hún með hlutverk nýlega fráskildrar fertugrar konu sem er í leit að nýjum ævintýrum. Sýningar á þriðju þáttaröðinni hófust í febrúar 2012 í Bandaríkjunum.

Einkalíf 
Cox hefur átt nokkra kærasta í gegnum tíðina, þ.á m. Ian Copeland, og hún átti í löngu sambandi við leikarann Michael Keaton á árunum 1989-1995. Cox átti einnig í ástarsambandi við söngvarann Adam Duritz í hljómsveitinni Counting Crows. 

Cox giftist leikaranum David Arquette þann 12. júní 1999. Þann 13. júní 2004 fæddi Cox dótturina Coco Riley Arquette. Jennifer Aniston er guðmóðir Coco. Þann 11. október 2010 var tilkynnt að Cox og Arquette væru skilin að borði og sæng, þó að þau haldi enn góðu sambandi, bæði sem vinir og vinnufélagar. Hvorugt þeirra hefur þó sótt um lögskilnað.

Hlutverk

Kvikmyndir

Sjónvarp

Heimildir 

Bandarískir leikarar",Hvaða dag á árinu fæddist Courteney Cox?,"{'answer_start': array([24], dtype=int64), 'text': array(['15. júní 1964'], dtype=object)}"
https://is.wikipedia.org/wiki/M%C3%B3l,Mól,"Mól er grunnmælieining SI-kerfisins fyrir efnismagn (""fjöldi af efni""), táknuð með mol. Eitt mól er skilgreint sem nákvæmlega 6,022 140 76×1023 einingar, t.d., atóma, sameinda, jóna eða rafeinda.

Núverandi skilgreining var tekin upp í nóvember 2018, leysir af eldri skilgreiningu (ekki sú fyrstu) en samkvæmt þeirri er mól fjöldi agna sem samsvarar fjölda frumeinda í 12 grömmum af kolefnissamsætunni 12C. Þessi fjöldi er kenndur við ítalska vísindamanninn Amadeo Avogadro og nefnist Avogadrosartala (stundum einnig tala Loschmidts).

Deilur vegna mólsins 
Lengi vel voru eðlisfræðingar og efnafræðingar ósammála um hvernig bæri að skilgreina mól. Samtök eðlisfræðinga skilgreindu mól sem þann fjölda súrefnisatóma sem höfðu massann 16 g í gasi af 16O, en samtök efnafræðinga skilgreindu mól sem þann fjölda súrefnisatóma sem hefði massann 16 g í náttúrulegu súrefni. Þar sem súrefni kemur fyrir á jörðinni sem fleiri en ein samsæta var nokkur munur á þessum skilgreiningum. Þar að auki breytist samsætuhlutfall súrefnis í náttúrulegu súrefni með tímanum sem gerir það að verkum að skilgreining út frá náttúrulegu súrefni verður háð ákveðnum tímapunkti. Sá ágreiningur hefur nú verið lagður til hliðar og báðar fylkingarnar styðjast við SI-skilgreiningu.

Alþjóðlegi móldagurinn 
Alþjóðlegi móldagurinn er 23. október. Bandarísku mólsamtökin (á ensku: National Mole Day Foundation) halda ráðstefnu ár hvert þann 23. október kl. 06:02 (e.h.) til að fagna skilgreiningu mólsins. 1 mól er u.þ.b. 6,02×1023 einingar og því var ákveðið að halda ráðstefnuna kl. 6:02 (e.h.) þann 23. október (10/23 skv. bandarískri ritvenju).

Tenglar 
Heimasíða bandarísku mólsamtakanna (National Mole Day Foundation)

SI grunneiningar
Efnafræði
Efnafræðihugtök",Hvaða tveir aðilar voru ósammála um skilgreiningu tungumálsins?,"{'answer_start': array([573], dtype=int64), 'text': array(['eðlisfræðingar og efnafræðingar'], dtype=object)}"
https://is.wikipedia.org/wiki/Aglaonema,Aglaonema,"Aglaonema er ættkvísl blómstrandi plantna í kólfblómaætt, Araceae. Þær eru ættaðar úr hitabeltissvæðum Asíu og Nýju-Guíneu.

Lýsing
Þetta eru sígrænar fjölærar jurtir með ýmist upprétta eða útafliggjandi stöngla. Stönglar sem liggja á jörðu geta rætt sig við liði. Blöðin eru yfirleitt breið og með silfraða eða hvíta flekki. Blómin eru litlir uppréttir kólfar. Þeir munda ber sem verður rautt við þroska.

Ræktun

Aglaonema hafa verið ræktaðar sem heillaplöntur í Asíu um aldir. Þær voru kynntar á vesturlöndum 1885, þegar þær voru fluttar til Royal Botanic Gardens, Kew. Þær hafa verið ræktaðar og blandað í fjölda afbrigða. Þær vaxa í lítilli birtu og eru vinsælar pottaplöntur.

Þar sem þetta er hitabeltistegundir þá þola þær illa kulda. Skemmdir geta komið fram við 15°C hita. Rakur jarðvegur er æskilegur, en þær þola illa mikla áburðargjöf.

Fjölgun er yfirleitt með græðlingum, en einnig skiftingu.
 
Rannsókn NASA (NASA Clean Air Study) sýndi að tegundin  A. modestum var mjög virk við að hreinsa algeng eiturefni úr lofti (formaldehíð og benzen). 

Aglaonema plöntur eru eitraðar vegna kalsíum oxalat krystalla. Ef þær eru étnar veldur það ertingu í slímhúð, og safinn getur valdið ertingu í húð og útbrotum.

Úrval tegunda
Meðal tegunda eru:

 Aglaonema brevispathum - Indókína
 Aglaonema chermsiriwattanae - Taíland
 Aglaonema cochinchense Víetnam, Kambódia, Taíland, Malasía
 Aglaonema commutatum Kölluflekka - Filippseyjum, Súlavesí; ílend í Vestur-Indíum
 Aglaonema cordifolium - Filippseyjum (Mindanao)
 Aglaonema costatum  - Pulau Langkawi, Indókína
 Aglaonema densinervium - Filippseyjum, Súlavesí
 Aglaonema flemingianum - Malasíu (Terengganu)
 Aglaonema hookerianum - Indlandi (Darjeeling, Assam), Bangladesh, Bútan, Myanmar
 Aglaonema marantifolium - Maluku, Nýja-Guínea
 Aglaonema modestum  - Bangladesh, Indókína, suður Kína
 Aglaonema nebulosum - Borneó, Malasía, Súmatra
 Aglaonema nitidum - Borneó, Malasía, Súmatra, Java, Indókína
 Aglaonema ovatum - Laos, Taíland, Víetnam
 Aglaonema philippinense - Filippseyjum, Súlavesí
 Aglaonema pictum - Indónesíu (Nias), Súmatra
 Aglaonema pumilum - Myanmar, Taíland
 Aglaonema roebelinii - Filippseyjum (Lúson)
 Aglaonema rotundum - Súmatra
 Aglaonema simplex - Yunnan, Indókína, Malasía, Indónesía, Filippseyjum
 Aglaonema tricolor - Filippseyjum
Aglaonema vittatum - Súmatra, Indónesíu (Lingga-eyjum)

Tenglar
The Genus Aglaonema. aroid.org
Aglaonema - The Queen of Leaves
Aglaonema Plant Care Guide

Tilvísanir

Kólfblómaætt
Pottaplöntur",Hvenær kynntust Vesturlönd fyrst Aglaonema plöntunum?,"{'answer_start': array([512], dtype=int64), 'text': array(['1885'], dtype=object)}"
https://is.wikipedia.org/wiki/%C3%81ram%C3%B3taskaup%202021,Áramótaskaup 2021,"Áramótaskaup 2021 er áramótaskaup sem var sýnt á RÚV þann 31. desember 2021. Helsta viðfangsefni skaupsins var Covid-19 og sóttvarnareglur því tengdu, eldgosið við Fagradalsfjall, sjónvarpsþátturinn Katla og Alþingiskosningarnar.

Höfundar skaupsins voru Vilhelm Neto, Bergur Ebbi, Hugleikur Dagsson, Katla Margrét Þorgeirsdóttir, Gagga Jónsdóttir og Lóa Hjálmtýsdóttir. Leikstjóri var Reynir Lyngdal en þetta var fjórða skaupið sem hann leikstýrði. Tökur hófust í nóvember 2021 og enduðu 8. desember sama ára. Republik sá um framleiðsluna. Framleiðendur skaupsins voru Ada Benjamínsdóttir, Hannes Friðbjarnarson og Lárus Jónsson.

Viðfangsefni
Meðal þess sem gert var grín að var:
Þegar samkomutakmörkunum var aflýst og hópsýkingar komu upp strax á eftir.
Fólk sem gerði sér ferð upp að eldgosinu við Fagradalsfjall án þess að vera vel búið.
Fólk sem að þóttist vera sérfræðingar í COVID-19 bóluefnunum.
Flóknar reglur varðandi samkomutakmarkanir og bólusetningarvottorð.
Að Lilja Alfreðsdóttir beytti Disney þrýstingi að bæta við íslenskri talsetningu á streymisveituna Disney+.
Mikill fjöldi af nýjum hlaðvörpum.
Slæm meðferð á leghálssýnum.
Fólk sem skokkar einungis utanvegar og lítur niður til fólks sem skokkar á malbikuðum göngustígum.
Æði sjónvarpsþáttana Squid Game.
Fólk sem leið vel í samkomutakmörkunum og vildi helst ekki hitta neinn í persónu.
Ásakanir á leikmenn Íslenska karlalandsliðiðsins í knattspyrnu um kynferðisáreitni.
Mistök í talningu í alþingiskosningunum 2021.
Samsæriskenningar um að örflögur séu í COVID-19 bóluefninu tegndar 5G. 
Annað sem gert var grín að var grímuskylda, sóttkví, Víðir Reynisson, Sigríður Hagalín Björnsdóttir, áhrifavaldar, kvíðni, kulnun, pappírsrör, Útlendingastofnun, mygla í grunnskólum, þáttaröðin Katla, Sigmundur Davíð Gunnlaugsson, Framsóknarflokkurinn, Bjarni Benediktsson, Gunnar Smári Egilsson, Katrín Jakobsdóttir, Inga Sæland, Ingólfur Þórarinsson, Birgir Þórarinsson, Jakob Frímann Magnússon, Tómas A. Tómasson, Me too-hreyfingin, Klaustursmálið og heimasíðan OnlyFans.

Lög

Frumsamin lög
Sóttvarnarlagið. Lag: Katla Margrét Þorgeirsdóttir. Texti Katla Margrét Þorgeirsdóttir og Gagga Jónsdóttir.
Næs meðan það entist. Lag: Þormóður Dagsson og Stefán Örn Gullaugsson. Texti: Hugleikur Dagsson.
Held í mér andanum. Lag og texti: Hugleikur Dagsson og Vilhelm Neto.
Ef þú hugsar eins og ég (lokalag). Lag og texti Vigdís Hafliðadóttir, Unnsteinn Manuel Stefánsson og Ragnhildur Veigarsdóttir. Flytjendur: Hljómsveitin FLOTT ásamt Unnsteini Manuel

Lög með nýjum texta
Stórar spurningar - Birnir og Páll Óskar
10 Years - Daði og Gagnamagnið
Ekkert fjall nógu hátt (Ábreiða af Ain't No Mountain High Enough - Ashford & Simpson)

Lagalistinn í heild sinni
 Stórar spurningar - Birnir & Páll Óskar
 The Road to Nowhere - David Byrne
 Sneaky Snitch - Kevin Macleod
 Sóttvarnarlagið
 Blue Monday - Gillian Gilbert, Peter Hook, Bernard Sumner, Stephen Morris
 10 Years - Daði Freyr Pétursson
 Squid Games Theme - Jung Jae-Il
 Jolene - Dolly Parton
 The Flower Duet - Léo Delibes
 Næst meðan það entist - Þormóður Dagsson, Stefán Örn Gunnlaugsson
 Dýrð í Dauðaþögn - Ásgeir Trausti
 Ekkert fjall nógu hátt (Ábreiða af 'Aint no mountain high enough' með Ashford & Simpson
 Held í mér andanum - Hugleikur Dagsson, Vilhelm Netó
 Ef þú hugsar eins og ég - Hljómsveitin FLOTT ásamt Unnsteini Manuel

Viðtökur 
Kannanir sýndu að aðeins 45% þjóðarinnar þótti Skaupið gott, það var töluvert slakara en undanfarin ár, en árið áður höfðu 84% sagt að þeim findist Skaupið gott. Á Twitter voru skiptar skoðanir, sumir sögðu að það hafi verið geggjað aðrir lýstu því sem „forgettable“.

Tilvísanir 

Áramótaskaup
2021","Hvernig var viðbrögð almennings við skaupinu, samkvæmt könnunum?","{'answer_start': array([3386], dtype=int64), 'text': array(['45%'], dtype=object)}"
https://is.wikipedia.org/wiki/Lundarsk%C3%B3li,Lundarskóli,"Lundarskóli er grunnskóli í Lunda- og Gerðahverfi á Akureyri. Þar voru 462 nemendur árið 2021. Skólinn var stofnaður haustið 1974.

Stærð 
Í Lundarskóla voru árið 2021 voru 462 nemendur í 1.—10. bekk við skólann. Það ár voru 57.3 stöðugildi starfsmanna við skólann. Þar af voru um 40.8 stöðugildi kennara.

Saga 
Lundarskóli hóf starfsemi haustið 1974.  Kennsla hófst 16. október það ár. Í upphafi voru nemendur 357 í forskóla til 5. bekkjar (síðar 1. – 6. bekkur) og starfsmenn voru 14.  Árið 1979 var lokið við annan áfanga skólabyggingar. Á þeim tíma voru flestir nemendur í sögu skólans eða 672. Til að byrja með voru einnig sérstakar sérkennsludeildir starfandi en lengst af hefur sérkennslunemendum verið kennt í almennum bekkjardeildum. 

Frá árinu 1994 hefur skólinn verið einsetinn. Það ár tók einnig skólavistunin Lundarkot til starfa. Haustið 1998 var 8. bekkur í fyrsta skipti við skólann en fram að þeim tíma höfðu nemendur á unglingastigi sótt Gagnfræðaskóla Akureyrar.  Árið 2000 var enn byggt við skólann og teknar í notkun nýjar skrifstofur fyrir kennara, mötuneyti, skólasafn, skólasalur og fleira. 

Árið 2020 var ráðist í allsherjar endurnýjun skólahúsnæðis Lundarskóla meðal annars vegna myglu. Starfsfólk skólans hafði kvartað lengi undan heilsufarslegum óþægindum, lasleika og ólykt. Kostnaður við lagfæringar vegna myglu var metinn 300 milljónir króna. Á sama tíma voru gagngerðar endurbætur á skólahúsnæðinu og var kostnaður áætlaður 1,6 milljarðar kr. Minnihluti bæjarstjórnar vildi rífa skólann og byggja nýjan. Það varð ekki úr.

Staðsetning 
Lundarskóli er við Dalsbraut á Akureyri. Nemendur úr Lunda- og Gerðahverfi sækja aðallega skólann. 

Í sveitarfélaginu eru grunnskólarnir  ekki hverfaskiptir nema að því leyti að hvert barn á rétt til skólagöngu í sínum hverfisskóla.

Stjórnun 
Skólastjóri Lundarskóla (2023) er Maríanna Ragnarsdóttir. Deildarstjóri eldra stigs og staðgengill skólastjóra er Fjóla Dögg Gunnarsdóttir. Deildarstjóri yngra stigs er Helga Rún Traustadóttir. 

Í ytra mati Menntamálastofnunar sem framkvæmt var árið 2020 þykja stjórnendur skólans dreifa ábyrgð og gefa þróunarhópum skýr skilaboð um umboð og ábyrgð. Framkvæmd innra mats skólastarfs sem er álitið er mikilvægt og sjálfsagður hluti, er á ábyrgð stjórnenda. Skólinn þykir hafa símenntunaráætlun sem styður við þróunarstarf innan skólans. Starf með svokallaða SMT skólafærni þykir hafa skila sér í góðum samskiptum innan skólans. Einkunnarorð skólans, „Ábyrgð – Virðing – Vellíðan“, voru sögð bæði sýnileg og þekkt í hópi starfsfólks og nemenda.

Nám og kennsla 
Lundarskóli er einsetinn skóli sem býður nám í 1.—10. bekk. Áherslur í skólastarfi Lundarskóla taka mið af grunnþáttum menntunar, lykilhæfni og námi nemenda, samkvæmt aðalnámskrá grunnskóla og menntastefnu Akureyrar.  

Einkunnarorð skólans eru „ábyrgð, virðing og vellíðan“.  Þau undirstrika ábyrgð á námi, störfum og hegðun, og það að nemendum og starfsfólki sé sýnd virðing. Kveðið er ríkt á um að velllíðan og almennt heilbrigði í skólastarfinu. 

Lundarskóli er svokallaður teymisskóli þar sem dregið er fram mikilvægi samvinnu starfsfólks og einstaklingsmiðaðara kennsluhátta og námsmats. Unnið er sérstaklega með svokallaða SMT skólafærni, verkefnið Heilsueflandi grunnskóla og ákveðna hugmyndafræði um lærdómssamfélag.

Skólabragur og hefðir 
Í skólanum er unnið með SMT skólafærni, heilsueflandi skóla og hugmyndafræði um lærdómssamfélag. Einkunnarorð skólans eru ábyrgð, virðing og vellíðan.

Tenglar 
 Vefsíða Lundarskóla

Tilvísanir 
Íslenskir grunnskólar
Grunnskólar á Akureyri
Akureyri",Í hvaða bæ/borg er Lundarskóli?,"{'answer_start': array([1586], dtype=int64), 'text': array(['við Dalsbraut á Akureyri'], dtype=object)}"
https://is.wikipedia.org/wiki/Lo%C3%B0v%C3%ADk%2013.,Loðvík 13.,"Loðvík 13. (27. september 1601 – 14. maí 1643) Frakkakonungur, eða Loðvík 2. konungur Navarra, kallaður Loðvík réttláti, var konungur Frakklands og Navarra frá 1610 til dauðadags. Hann var elsti sonur Hinriks 4. og Mariu de'Medici. 

Loðvík komst til valda eftir morðið á föður hans aðeins átta ára gamall. Móðir hans fór með stjórn ríkisins fyrir hann þar til hann varð lögforráða þrettán ára gamall, en hélt áfram í valdataumana þar til Loðvík tók völdin í sínar hendur fimmtán ára gamall, og rak hana í útlegð um leið og hann lét myrða helsta ráðgjafa hennar, Concino Concini. 

Helsti ráðgjafi Loðvíks var Richelieu kardináli og undir þeirra stjórn hurfu Frakkar frá stuðningi við Habsborgara og Spán, en afturkölluðu jafnframt þau pólitísku réttindi sem húgenottar höfðu fengið í valdatíð Hinriks. Richelieu skipaði Frakklandi við hlið mótmælenda í Þrjátíu ára stríðinu og veitti bæði Kristjáni 4. og Gústaf 2. Adolf fjárstyrk til að hindra framsókn Habsborgara og varðveita valdajafnvægið á meginlandi Evrópu. 

Loðvík 13. lést úr steinsótt, ári eftir Richelieu kardinála.

Frakkakonungar
Konungar Navarra
Búrbónar",Hver var pabbi Loðvíks þrettánda?,"{'answer_start': array([201], dtype=int64), 'text': array(['Hinriks 4.'], dtype=object)}"
https://is.wikipedia.org/wiki/James%20Randi,James Randi,"James Randi (fæddur 7. ágúst 1928, látinn 20. október 2020) var kanadísk-bandarískur töframaður og efahyggjumaður búsettur í Bandaríkjunum, en hann fékk bandarískan ríkisborgararétt árið 1987. Randi hóf ferill sinn sem töframaður og undankomusérfræðingur undir sviðsnafninu „The Amazing Randi“ en færði sig seinna meir út í að rannsaka staðhæfingar er snúa að hinu yfirnáttúrulega. Randi var þekktastur fyrir að vera gagnrýninn í garð þeirra einstaklinga sem að halda því fram að þeir búi yfir yfirnáttúrulegum hæfileikum og bauð Randi eina milljón Bandaríkjadollara hverjum þeim sem gat sannað yfirnáttúrulega hæfileika. Enn hefur Randi þurfti að greiða neinum þá summu. Randi hefur einnig skrifað fjölmargar bækur.

Ævi 
James Randi fæddist Randall James Hamilton Zwinge í Toronto í Ontario í Kanada, elstur þriggja barna foreldra sinna. Ungur að aldri lenti hann í umfangsmiklu gifsi í 13 mánuði eftir að hafa dottið af hjóli. Á meðan Randi var í gifsinu las hann sér til um sjónhverfingar. Einungis 17 ára að aldri hætti Randi í skóla til þess að gerast sjónhverfingamaður í farandtívolíi. Eftir því sem að fram liðu stundir tók Randi eftir því að fjölmargir einstaklingar voru að gera samskonar sjónhverfingar og hann undir því yfirskyni að um yfirnáttúrulega hæfileika væri að ræða. Síðar á ferlinum, árið 1971, steig Randi fram í sviðsljósið þegar að hann gagnrýndi Uri Geller sem var orðinn heimsþekktur fyrir að beygja skeiðar. Geller hélt því fram að hann væri að notast við hugarorku á meðan Randi hélt því fram að Geller væri að notast við þekkta brellu sem að sjónhverfingarmenn höfðu lengi notast við. Randi skrifaði bókina The Truth About Uri Geller þar sem að hann fylgdi eftir staðhæfingum sínum og í kjölfarið deildu þeir Randi og Geller í bæði fjölmiðlum og í réttarsalnum en Geller kærði Randi. Geller fór fram á 15 milljónir Bandaríkjadollara en málinu var vísað frá.

Milljón dollara áskorunin 
Randi bauð milljón bandaríkjadollara hverjum þeim sem gat vísindalega sannað tilvist yfirnáttúrulegra krafta. Randi talaði lengi fyrir því að setja eigi sömu kröfur á miðla, töfralækna og aðra einstaklinga sem að segjast búa yfir yfirnáttúrulegum kröfum eins og alla aðra sem koma með staðhæfingar um hvernig heimurinn virkar. Til þess að geta unnið milljónina þurfti þátttakandinn að sýna fram á hæfileika sína í lokuðu umhverfi þar sem að allt yrði skjalfest í anda hinnar vísindalegu aðferðar. Þetta framtak Randi hófst árið 1964 og var þá vinningsupphæðin $1.000 en síðan óx upphæðin. Enginn gerði tilkall til fjárhæðarinnar.

Annað 
Randi átti hin ýmsu heimsmet. Tvö heimsmet skráð í Heimsmetabók Guinness. Hann var í loftþéttri líkkistu í eina klukkustund og 44 mínútur og bætti þar með gamalt met Harry Houdini sem að hafði verið í slíkri kistu í klukkustund og 31 mínútu. Randi var einnig 55 mínútur í ísklumpi. 

Í mars 2010 kom Randi út úr skápnum og tilkynnti það að hann væri samkynhneigður, þá 81 árs gamall.

Randi heimsótti Ísland vorið 2010 í boði Vantrúar og Siðmenntar . Hann hélt vel sótta fyrirlestra um hindurvitni í Háskóla Íslands.

Heimildir 

Bandarískir húmanistar",Hvenær opinberaði Randi sig sem samkynhneigðan?,"{'answer_start': array([2839], dtype=int64), 'text': array(['Í mars 2010'], dtype=object)}"
https://is.wikipedia.org/wiki/Kverkfj%C3%B6ll,Kverkfjöll,"Kverkfjöll er yfir 1900 metra hár fjallgarður við norðausturbrún Vatnajökuls á Íslandi á milli jökulsins og Dyngjufjalla. Hæsti tindurinn er Skarphéðinstindur, 1.936 m yfir sjó. Kverkfjöll eru megineldstöð með tveimur samliggjandi öskjum. Gossprungur og gígaraðir tengjast þeim og nýleg hraunum. Fjöllin heita eftir kverkinni sem skriðjökullinn Kverkjökull rennur niður úr. Í honum er íshellir sem úr rennur áin Volga. Eitt af stærstu og hálendustu háhitasvæðum landsins er í Kverkfjöllum. Aðalhverasvæðið er í Hveradal, í 1.500–1.800 m hæð, á um 3 kílómetra löngu svæði.

Ferðafélag Íslands rekur gistiskála á svæðinu sem heitir Sigurðarskáli. Þar er skálavörður yfir sumarið. Suðvestan skriðjökulsins er skáli sem Jöklarannsóknafélag Íslands á. Hann stendur við jökullón þar sem jarðhiti er undir.

Svipmyndir

Tenglar
Vatnajökulsþjóðgarður - um Kverkfjöll

Eldfjöll á Íslandi
Eldstöðvakerfi á Íslandi
Megineldstöðvar á Íslandi
Hálendi Íslands
Eldstöðvar undir jökli
Vatnajökulsþjóðgarður
Hverasvæði á Íslandi",Hver er rekstraraðili gististaðarins í Kverkfjöllum?,"{'answer_start': array([573], dtype=int64), 'text': array(['Ferðafélag Íslands'], dtype=object)}"
https://is.wikipedia.org/wiki/Jean-Paul%20Sartre,Jean-Paul Sartre,"Jean-Paul Sartre (f. 21. júní 1905 í París; d. 15. apríl 1980 í París) var franskur rithöfundur, heimspekingur og gagnrýnandi. Hann skrifaði í anda tilvistarstefnu.

Árið 1964 voru honum veitt bókmenntaverðlaun Nóbels en hann afþakkaði þau með þeim ummælum, að „enginn ætti að vera heiðraður fyrir það eitt að lifa“.

Verk 
 L'imagination (Ímyndunin), 1936
 La transcendance de l'égo (Hið óræða sjálf), 1937
 La nausée (Ógleðin), 1938
 Le mur (Múrinn), 1939
 L'imaginaire, 1940
 Les mouches (Flugurnar, leikrit), 1943
 L'Être et le néant (Vera og neind), 1943
 Réflexions sur la question juive (Vangaveltur um gyðingdóminn), 1943
 Huis-clos (Fyrir luktum dyrum, eða Lokaðar dyr), 1945
 Les Chemins de la liberté (Leiðir til frelsis eða Vegir frelsisins) þríleikur:
 *L'age de raison (Öld skynseminnar eða Þroskaárin), 1945
 *Le sursis (Gálgafrestur eða Frestunin), 1947
 *La mort dans l'Âme (Járn í sálinni eða Sálardoðinn), 1949
 Morts sans sépulture (Sigurvegararnir, eða Dauðir án greftrunar), 1946
 L'existentialisme est un humanisme (Tilvistarstefnan er mannhyggja), 1946
 La putain respectueuse (Gleðikonan lotningarfulla eða Skækjan sómakæra) 1946
 Les Jeux sont faits (Teningunum er kastað, ísl. þýð. 1966) 1947
 Qu'est ce que la littérature? (Hvað eru bókmenntir?), 1947
 Baudelaire, 1947
 Situations, 1947-1965
 Les mains sales (Flekkaðar hendur, Þjóðleikhúsið 1951), 1948
 Le diable et le bon dieu (Kölski og guð almáttugur), 1951
 Les séquestrés d'Altona (Fangarnir í Altona, Leikfélag Reykjavíkur 1963), 1959
 Critique de la raison dialectique (Gagnrýni díalektískrar skynsemi, eða Gagnrýni tvísýnnar skynsemi), 1960
 Les mots (Orðin, ísl. þýð. 1994), 1964 - sjálfsævisaga
 L'Idiot de la famille (Ættarfíflið, eða Fíflið í fjölskyldunni), 1971-1972 - um Gustave Flaubert
 Cahiers pour une morale (Drög að siðfræði), skrifað á árunum 1974-1948 en kom út að höfundi látnum, árið 1983

Tengt efni 
 Fyrirbærafræði
 Meginlandsheimspeki
 Tilvistarstefna

Tenglar 

 „Múrinn“; smásaga eftir Jean-Paul Sartre; birtist í Lesbók Morgunblaðsins 1981
 

Sartre, Jean-Paul
Sartre, Jean-Paul
Sartre, Jean-Paul
Sartre, Jean-Paul
Franskir andspyrnumenn
Franskir húmanistar",Fyrir hverja hluti hafnaði Jean-Paul Sartre Nóbelsverðlaununum?,"{'answer_start': array([261], dtype=int64), 'text': array(['„enginn ætti að vera heiðraður fyrir það eitt að lifa“'],
      dtype=object)}"
https://is.wikipedia.org/wiki/Undir%20Vesturhimni,Undir Vesturhimni,"Undir Vesturhimni (franska: Sous Le Ciel De L'ouest) eftir belgíska teiknarann Morris er fjórða bókin í bókaflokknum um Lukku Láka. Bókin kom út árið 1952, en sögurnar sem hún hefur að geyma birtust fyrst í Teiknimyndablaðinu Sval á árunum 1949-1950. Bókin hefur ekki komið út á íslensku.

Söguþráður 

Bókin hefur að geyma þrjár styttri sögur um Lukku Láka. Í fyrstu sögunni um Jóa jálk (f. Le Retour de Joe la Gachette) hittir Lukku Láki náunga að nafni Smith og þeir verða samferða til bæjarins Nugget Gulch þar sem fram fer reiðkeppni í tilefni af afmælishátíð bæjarins. Til þess að tryggja sér sigur í reiðkeppninni og allt verðlaunaféð rænir Smith hesti Lukku Láka, Léttfeta. Önnur sagan, Réttardagur (f. Jours de round-up), fjallar um glímu Lukku Láki við tvo kúaþjófa sem ræna kúm úr hjörð sem Lukku Láki og félagar eru ráðnir til að reka á nálægan búgarð. Í þriðju sögunni, Stóraslag (f. Le Grand combat), tekur Lukku Láki að sér að gerast umboðsmaður hnefaleikakappans Battling Bender. Þeir halda saman til bæjarins Clover Valley þar sem lærlingur Lukku Láka skorar meistarann Killer Kelly á hólm, en gamanið kárnar þegar óheiðarlegur veðmangari bæjarins lætur ræna kærustu Bender til að þvinga hann til að tapa einvíginu.

Fróðleiksmolar 

 Á svipuðum tíma og sögurnar birtust í Sval samdi Morris fjórðu söguna, Lucky Luke et Androclès, en hún hefur aldrei komið út í bókarformi.
 Í sögunni um Réttardag er Lukku Láki óvenjulega ruddalegur gagnvart félaga sínum í kúsmöluninni. Mótunarskeið persónunnar var rétt að hefjast þegar sagan kom út.
 Danska útgáfa bókarinnar (d. Revolver Joe), sem kom út árið 2001, er eftirsótt af söfnurum þar í landi.

Heimildir 

 Lucky Luke. The Complete Collection 2. Cinebook. 2019.

Lukku Láki
Myndasögur","Er fjórða Lucky Luke sagan eftir Morris, sú sem heitir Lucky Luke et Androclès,  til í útgáfu sem bók?","{'answer_start': array([1361], dtype=int64), 'text': array(['aldrei'], dtype=object)}"
https://is.wikipedia.org/wiki/Litli%20prinsinn,Litli prinsinn,"Litli prinsinn (franska: Le Petit Prince) er bók eftir franska flugmanninn Antoine de Saint-Exupéry sem kom út árið 1943. Bókin hefur verið þýdd á fleiri en 190 tungumál og selst í yfir 80 milljónum eintaka. Hún kom út á íslensku árið 1961 í þýðingu Þórarins Björnssonar. 

Sagan segir frá Iitlum prinsi sem sögumaður hittir. Litli prinsinn á sér þá mikilvægu lífsreglu, að svara ekki spurningum eða gefa skýringar, hann spyr í sífellu og hann þráast við að spyrja þar til hann fær svar sem hann er ánægður með. Hann ferðast um himingeiminn, og alls staðar
hittir hann fyrir einhvern eða eitthvað sem vert er að kynnast nánar. Hann hittir konung, monthana, drykkjumann, kaupsýslumann, landkönnuð og ljósamann, og loks kemur hann til jarðarinnar. Hann dáir sólsetur, blóm og fiðrildi, hann kynnist eyðimörkinni, bergmálinu og fjallatindunum, en allan tímann er hann að leita að blóminu sem hann yfirgaf til að fara að kanna heiminn.

Tengt efni 
 Listi Le Monde yfir 100 minnisstæðustu bækur aldarinnar

Tenglar 
 „Talnafíkn fullorðinna“; grein í Morgunblaðinu 1996
erlendir
 Litli prinsinn á 160 tungumálum
 Litli prinsinn á 100 tungumálum með hljóðsýnishornum

Bókaárið 1943
Franskar skáldsögur",Hvað er litli prinsinn að reyna að finna?,"{'answer_start': array([877], dtype=int64), 'text': array(['blóminu sem hann yfirgaf til að fara að kanna heiminn'],
      dtype=object)}"
https://is.wikipedia.org/wiki/Vikarsskei%C3%B0,Vikarsskeið,"Vikarsskeið, (Víkarsskeið) eða Vikrarskeið er talið vera Hrauns- og Hafnarskeið vestan við ós Ölfusár, þ.e. á milli Þorlákshafnar og Ölfusáróss. Nafnið kemur fyrir í nokkrum fornritum en óvissa er um hvernig á að stafsetja það, heimildum ber ekki saman. Reyndar segir í Harðar sögu að Vikarsskeið sé við Þjórsá, en það er talið vera misskilningur söguhöfundar. 

Á Vikarsskeiði birtist bergrisinn sem telst einn landvættanna. Í Ólafs sögu Tryggvasonar í Heimskringlu segir um sendiboðann sem Haraldur Gormsson Danakonungur sendi í hvalslíki til Íslands: „Brott fór hann þaðan og suður um Reykjanes og vildi ganga upp á Víkarsskeið. Þar kom í móti honum bergrisi, og hafði járnstaf í hendi, og bar höfuð hans hæra en fjöllin, og margir aðrir jötnar með honum.“

Jötuninn sem í Njáls sögu „stendur með járnstaf í hendi, jafnan við Lómagnúp“ er ekki hinn eiginlegi landvættur, þó að hann sé eflaust sömu ættar.

Á Vikarsskeiði braut Auður djúpúðga eða Unnur djúpúðga skip sitt þegar hún kom til Íslands.

Heimild
 Jakob Benediktsson (útg.): Íslendingabók, Landnámabók, Rvík 1968:139. Íslensk fornrit I.

Sveitarfélagið Ölfus",Hvað verður sýnt um helgina?,"{'answer_start': array([386], dtype=int64), 'text': array(['bergrisinn'], dtype=object)}"
https://is.wikipedia.org/wiki/P%C3%ADpuorgel,Pípuorgel,"Pípuorgel er hljóðfæri sem oft er í kirkjum. Pípuorgel eru jafnan byggð inn í hús eða skáp og er framhlið orgelhúss oft mjög skrautleg á elstu pípuorgelum. Inn í orgelhúsinu er orgelið sett saman úr fjórum meginþáttum pípum, nótnaborði, blástursverki og vindhlöðu. Pípurnar eru  misstórar og mislangar. Þær eru gerðar úr málmi eða tré og þeim er skipað saman í raddir. Í minni orgelum eru frá fimm til fimmtán raddir og oft 61 pípa í hverri rödd. Í stórum orgelum eru miklu fleiri og eru í orgeli Hallgrímskirkju 72 raddir og 5275 pípur. Mörg orgel hafa fleiri en eitt nótnaborð og eru þannig að  í hverri áttund eru sjö nótur fyrir heiltóna og fimm fyrir hálftóna. 

Pípurnar hljóma ef í þær er blásið með sérstöku blástursverki en þar þarf að vera blásari og búnaður sem tryggir jafnan loftþrýsting inn í orgelpípurnar en þær eru gerðar fyrir tiltekinn þrýsting. Vindhlaðan er lokaður loftþéttur kassi sems tengdur er loftþjöppunni með  pípu. Á vindhlöðunni er gat fyrir hverja pípu, og loka fyrir gatinu, tengd viðkomandi nótu í nótnaborðinu. Þegar þrýst er á nótu opnast lokan og hleypir lofti inn á pípuna sem þá syngur sinn tón.

Í Dómkirkjuna kom pípuorgel árið 1840 og var það í notkun til ársins 1894.

Heimildir 

 Í smiðju orgelsmiðsins Björgvins Tómassonar, Dagur, 79. tölublað (27.04.1989), Blaðsíða 6
 Myndir af uppsetningu pípuorgels í Vídalínskirkju í Garðabæ
 Orgel verður til - Saga af pípuorgelsmíði í bílskúr í Hveragerði.

Hljómborðshljóðfæri",Af hvaða efni eru pípur kirkjuorgelsins smíðaðar?,"{'answer_start': array([321], dtype=int64), 'text': array(['málmi eða tré'], dtype=object)}"
https://is.wikipedia.org/wiki/S%C3%B6guspeki,Söguspeki,"Söguspeki eða heimspeki sögunnar er undirgrein heimspekinnar sem fæst við mannkynssöguna og heimspekilegar undirstöður sagnfræðinnar. Söguspekin spyr meðal annars spurninga um þýðingu mannkynssögunnar og eðli hennar, til dæmis um markhyggju í mannkynssögunni.

Meðal spurninga sem söguspekingar spyrja má nefna:
 Hvert ætti að vera meginviðfang fræðigreinar um fortíðina — einstaklingurinn? Tiltekin samfélög? Siðmenningin í heild sinni? Eða mannskepnan sem tegund? Og hvaða máli skiptir frá hvaða sjónarhorni sagan er rannsökuð? 
 Eru einhver mynstur í mannkynssögunni? Endurtekur sagan sig? Er framför í mannkynssögunni? Eða afturför? Eða er mannkynssagan tilviljanakennd og merkingarlaus?
 Ef greina má framför (eða afturför) í mannkynssögunni, að hverju stefnir hún þá? Og hvað veldur þróuninni? 

Söguspeki ætti ekki að rugla saman við heimspekisögu, sem fjallar um sögu heimspekinnar.

Söguspekingar 
Eftirfarandi er listi yfir heimspekinga sem hafa fengist við söguspeki (listinn er ekki tæmandi):
 Giambattista Vico
 G.W.F. Hegel
 Karl Marx
 Michel Foucault
 Paul Ricoeur
 Georg Henrik von Wright
 Francis Fukuyama",Hvaða eina spurningu velta sagnfræðingar fyrir sér?,"{'answer_start': array([313], dtype=int64), 'text': array(['Hvert ætti að vera meginviðfang fræðigreinar um fortíðina — einstaklingurinn? Tiltekin samfélög? Siðmenningin í heild sinni? Eða mannskepnan sem tegund? Og hvaða máli skiptir frá hvaða sjónarhorni sagan er rannsökuð?'],
      dtype=object)}"
https://is.wikipedia.org/wiki/Lundarsk%C3%B3li,Lundarskóli,"Lundarskóli er grunnskóli í Lunda- og Gerðahverfi á Akureyri. Þar voru 462 nemendur árið 2021. Skólinn var stofnaður haustið 1974.

Stærð 
Í Lundarskóla voru árið 2021 voru 462 nemendur í 1.—10. bekk við skólann. Það ár voru 57.3 stöðugildi starfsmanna við skólann. Þar af voru um 40.8 stöðugildi kennara.

Saga 
Lundarskóli hóf starfsemi haustið 1974.  Kennsla hófst 16. október það ár. Í upphafi voru nemendur 357 í forskóla til 5. bekkjar (síðar 1. – 6. bekkur) og starfsmenn voru 14.  Árið 1979 var lokið við annan áfanga skólabyggingar. Á þeim tíma voru flestir nemendur í sögu skólans eða 672. Til að byrja með voru einnig sérstakar sérkennsludeildir starfandi en lengst af hefur sérkennslunemendum verið kennt í almennum bekkjardeildum. 

Frá árinu 1994 hefur skólinn verið einsetinn. Það ár tók einnig skólavistunin Lundarkot til starfa. Haustið 1998 var 8. bekkur í fyrsta skipti við skólann en fram að þeim tíma höfðu nemendur á unglingastigi sótt Gagnfræðaskóla Akureyrar.  Árið 2000 var enn byggt við skólann og teknar í notkun nýjar skrifstofur fyrir kennara, mötuneyti, skólasafn, skólasalur og fleira. 

Árið 2020 var ráðist í allsherjar endurnýjun skólahúsnæðis Lundarskóla meðal annars vegna myglu. Starfsfólk skólans hafði kvartað lengi undan heilsufarslegum óþægindum, lasleika og ólykt. Kostnaður við lagfæringar vegna myglu var metinn 300 milljónir króna. Á sama tíma voru gagngerðar endurbætur á skólahúsnæðinu og var kostnaður áætlaður 1,6 milljarðar kr. Minnihluti bæjarstjórnar vildi rífa skólann og byggja nýjan. Það varð ekki úr.

Staðsetning 
Lundarskóli er við Dalsbraut á Akureyri. Nemendur úr Lunda- og Gerðahverfi sækja aðallega skólann. 

Í sveitarfélaginu eru grunnskólarnir  ekki hverfaskiptir nema að því leyti að hvert barn á rétt til skólagöngu í sínum hverfisskóla.

Stjórnun 
Skólastjóri Lundarskóla (2023) er Maríanna Ragnarsdóttir. Deildarstjóri eldra stigs og staðgengill skólastjóra er Fjóla Dögg Gunnarsdóttir. Deildarstjóri yngra stigs er Helga Rún Traustadóttir. 

Í ytra mati Menntamálastofnunar sem framkvæmt var árið 2020 þykja stjórnendur skólans dreifa ábyrgð og gefa þróunarhópum skýr skilaboð um umboð og ábyrgð. Framkvæmd innra mats skólastarfs sem er álitið er mikilvægt og sjálfsagður hluti, er á ábyrgð stjórnenda. Skólinn þykir hafa símenntunaráætlun sem styður við þróunarstarf innan skólans. Starf með svokallaða SMT skólafærni þykir hafa skila sér í góðum samskiptum innan skólans. Einkunnarorð skólans, „Ábyrgð – Virðing – Vellíðan“, voru sögð bæði sýnileg og þekkt í hópi starfsfólks og nemenda.

Nám og kennsla 
Lundarskóli er einsetinn skóli sem býður nám í 1.—10. bekk. Áherslur í skólastarfi Lundarskóla taka mið af grunnþáttum menntunar, lykilhæfni og námi nemenda, samkvæmt aðalnámskrá grunnskóla og menntastefnu Akureyrar.  

Einkunnarorð skólans eru „ábyrgð, virðing og vellíðan“.  Þau undirstrika ábyrgð á námi, störfum og hegðun, og það að nemendum og starfsfólki sé sýnd virðing. Kveðið er ríkt á um að velllíðan og almennt heilbrigði í skólastarfinu. 

Lundarskóli er svokallaður teymisskóli þar sem dregið er fram mikilvægi samvinnu starfsfólks og einstaklingsmiðaðara kennsluhátta og námsmats. Unnið er sérstaklega með svokallaða SMT skólafærni, verkefnið Heilsueflandi grunnskóla og ákveðna hugmyndafræði um lærdómssamfélag.

Skólabragur og hefðir 
Í skólanum er unnið með SMT skólafærni, heilsueflandi skóla og hugmyndafræði um lærdómssamfélag. Einkunnarorð skólans eru ábyrgð, virðing og vellíðan.

Tenglar 
 Vefsíða Lundarskóla

Tilvísanir 
Íslenskir grunnskólar
Grunnskólar á Akureyri
Akureyri",Hver stjórnar Lundarskóla?,"{'answer_start': array([1850], dtype=int64), 'text': array(['Maríanna Ragnarsdóttir'], dtype=object)}"
https://is.wikipedia.org/wiki/Go%C3%B0alindin,Goðalindin,"Goðalindin (franska: La Source des dieux) er sjötta bókin í sagnaflokknum um Hinrik og Hagbarð eftir belgíska myndasöguhöfundinn Peyo. Sagan birtist í myndasögublaðinu Sval á árinu 1956 en kom út á bókarformi árið 1957.

Söguþráður 
Hinrik og Hagbarður eru á heimleið eftir ævintýri þau sem frá segir í bókinni Með víkingum. Skipið hreppir brotsjó og þá skolar fyrir borð. Félagarnir koma að landi þar sem heimafólk bjargar þeim. Í ljós kemur að heimamenn, Slapplendingar, þjást af síþreytu sem gerir hinum illa Svínhöfða kleift að kúga þá og undiroka. Slappleiki fólksins er sagður afleiðing af bölvun galdranornar nokkurrar, en samkvæmt þjóðsögunni getur töfravatn úr Goðalindinni aflétt bölvuninni. Hinrik lofar þegar að leita að vatninu dýrmæta.

Hinrik og Hagbarður leggja þegar af stað, en svikari úr röðum Slapplendinga ber Svínhöfða fréttir af förinni. Leitin að töfralindinni gengur illa og eiga félagarnir meðal annars í höggi við illvígan risa. Þeir finna að lokum lindina og ná að blekkja varðmann hennar, sem er vopnaður fjölda eitraðra snáka. Hinrik og Hagbarður sleppa undan varðmanninum og sendimönnum Svínhöfða. Endurnærðir eftir vatnið úr goðalindinni heimta Slapplendingar aftur sinn fyrri styrk og rísa gegn oki Svínhöfða.

Íslensk útgáfa 
Goðalindin kom út hjá bókaútgáfunni Iðunni árið 1982 í þýðingu Bjarna Fr. Karlssonar. Hún var önnur Hinriks og Hagbarðs-bókin sem kom út á íslensku. Bókin hefst á vísun í atburði sögunnar Með víkingum, en hún kom þó ekki út á íslensku fyrr en tveimur árum síðar.

Myndasögur",Hvernig má brjóta bölvunina sem hvílir yfir Slapplendingum?,"{'answer_start': array([657], dtype=int64), 'text': array(['töfravatn úr Goðalindinni'], dtype=object)}"
https://is.wikipedia.org/wiki/1780,1780,"Árið 1780 (MDCCLXXX í rómverskum tölum)

Á Íslandi 

 7. maí - Jón Teitsson var vígður biskup á Hólum. Hann dó ári síðar.
 Nóvember - Reynistaðarbræður og förunautar þeirra fórust við Beinahól á Kili. Lík bræðranna fundust árið 1846.
 Fyrsta íslenska barnabókin kom út, Barna-Liood : med Ljuflings-Lag eftir séra Vigfús Jónsson í Hítardal.
 Jón Sveinsson varð landlæknir.
 Bókin Atli eftir Björn Halldórsson í Sauðlauksdal kom fyrst út.

Fædd

Dáin

Erlendis 
 8. mars - Danir, Svíar og Rússar stofnuðu með sér vopnað hlutleysisbandalag.
 24. ágúst - Loðvík 16. Frakkakonungur bannaði notkun pyntinga til að þvinga fram játningar.
 10.-16. október - Mikill fellibylur gekk yfir karabísku eyjarnar Barbados, Martinique og St. Eustasius. Um 22.000 manns fórust.
 29. nóvember - Jósef 2. erfði Habsborgarríki móður sinnar, Maríu Teresu af Austurríki.

Fædd
 Jörundur hundadagakonungur (Jørgen Jørgensen), ævintýramaður (d. 1841).
 Seattle höfðingi, bandarískur frumbyggjahöfðingi. (d. 1866)

Dáin
 18. júlí - Henrik Hielmstierne, íslensk-danskur embættismaður, aðalsmaður, sagnfræðingur og bókasafnari (f. 1715).
 4. september - Christian von Proeck, stiftamtmaður á Íslandi og amtmaður í Kaupmannahafnaramti (f. 1718).
 29. nóvember - María Teresa af Austurríki, keisaradrottning (f. 1717).

1780",Hver gegndi stöðu landlæknis árið 1780?,"{'answer_start': array([341], dtype=int64), 'text': array(['Jón Sveinsson'], dtype=object)}"
https://is.wikipedia.org/wiki/Menntakerfi%20K%C3%ADna,Menntakerfi Kína,"Kína hefur stærsta menntakerfi veraldar. Með 246,5 milljónir nemenda og 18,5 milljónir kennara í 532 þúsund skólum, að háskólastofnunum undanskildum, er menntakerfi Kína gríðarlega umfangsmikið og fjölbreytt.

Í Kína er menntun skipt í þrjá flokka: Grunnmenntun, æðri menntun og fullorðinsfræðslu. Samkvæmt lögum skal hvert barn hafa níu ára skyldunám frá grunnskóla (sex ára) til unglingastigs (þrjú ár). Það skyldunám er frítt en það er ekki alltaf raunin, meðal annars vegna ólíkra fjárveitinga milli dreifbýlis og þéttbýlis, og mikillar valddreifingar í stjórnun fjárveitinga. Í dreifbýli greiða foreldrar þannig oft laun kennara. 

Menntun er að miklu leyti rekin fyrir opinbert fé, með fremur lítilli þátttöku einkaaðila í skólageiranum. Árið 2020 fór 4,2% af þjóðaframleiðslu Kína til menntamála. Það var um 10,5% af ríkisútgjöldum Kína. Einkareknir skólar eru þó að sækja mjög í sig veðrið og numu þeir um 10% árið 2015.

Sýslustjórnir sveitarfélaga bera meginábyrgð á stjórnun og framkvæmd skólamenntunar og héraðsyfirvöld hafa umsjón með æðri menntastofnunum. Á undanförnum árum hefur menntamálaráðuneyti Kína, sem er efst í stjórnsýslunni, færst frá beinni stjórn til eftirlits með menntakerfinu. Ráðuneytið stýrir umbótum í menntamálum með lögum, áætlunum, fjárhagsáætlun og fjárúthlutun, upplýsingaþjónustu, stefnumótun. Í auknum mæli er áhersla á valddreifingu í kerfinu.

Almennt 

Menntakerfið í Kína hefur tekið stakkaskiptum frá miðbiki síðustu aldar. Árið 1949 voru 80% kínverja taldir ólæsir. Árið  2018 höfðu 97% íbúa eldri en 15 ára hlotið menntun og þjálfun og töldust læsir. Árið 1950 hafði einungis 20% þjóðarinnar hlotið formlega menntun. Árið 2018 lauk 94,2% grunnskólanemenda níu ára skólaskyldu. 

Menntakerfi Kína er að mestu byggt upp sem ríkisrekið opinbert menntakerfi sem heyrir undir menntamálaráðuneyti landsins, og starfshóp Miðstjórnar kommúnistaflokksins á sviði menntunar.  Á undanförnum árum hefur menntamálaráðuneyti Kína færst frá beinni stjórn, meira til eftirlits með menntakerfinu. Ráðuneytið stýrir umbótum í menntamálum með mennta- og fjárhagsáætlunum,  upplýsingaþjónustu og stefnumótun. Í auknum mæli er áhersla á valddreifingu í kerfinu. 

Sýslustjórnir sveitarfélaga bera meginábyrgð á stjórnun og framkvæmd grunnmenntunar en héraðsyfirvöld 33 héraða landsins hafa yfirumsjón með háskólastofnunum.

Menntakerfið nær yfir leikskóla, grunnskóla, framhaldsskóla, og háskóla. Auk opinberu skólanna hefur víðtækt net einkaskóla myndast í Alþýðulýðveldinu Kína.

Menntakerfi Kína er risavaxið og fjölmennt. Árið 2020 voru alls 291.715 leikskólar í Kína, 162.601 grunnskólar, 77.455 framhaldsskólar, 2.738 almennar háskólastofnanir og 827 háskólastofnanir sem buðu framhaldsháskólagráður.

Menntakerfi Kína fylgir (líkt og Ísland) viðurkenndum alþjóðlegum samræmdum stöðlum um menntakerfi og skólastig. Alþjóðlega menntunarflokkunin (ISCED) var tekin upp í Kína árið 1997. Hún byggir á tveimur megin flokkunarleiðum sem eru innbyrðis sjálfstæðar, en saman segja til bæði um stig náms og menntunar, eftir stöðu í menntakerfinu frá leikskóla til doktorsgráðu, svo og um svið, eftir innihaldi náms.

Leikskólaaldur 

Í kínverskri menningu er gerður greinarmunur á milli tveggja stiga í lífi barna: „sakleysisaldurs“ og „skilningsaldurs“. Samkvæmt Konfúsíus eru nýfædd börn gjafir frá guðunum og því ber að virða meðfætt eðli þeirra. Á þessum „sakleysistíma“ sem nær yfir fyrstu 5-7 ár ævinnar, samkvæmt hugmyndum Konfúsíusar, skortir börn enn greind til að geta lært mikið. Þau eru því meðhöndluð af mildi og gjarnan dekruð. Þegar „öld skilnings“ er náð tekur við mikill agi.  –  Í nútímanum þegar foreldrar hafa uppgötvað í auknum mæli hæfileika ungra barna til að læra, er umskiptin yfir í „skilningsaldurinn“ oft mun fyrr en áður.

Í Kína innritast nemendur venjulega í leikskóla við tveggja eða þriggja ára aldur, og kveðja leikskólann sex ára. Leikskólamenntun er ekki skylda og margir leikskólar eru í einkaeigu. Opinbert markmið kínverskra leikskóla er að undirbúa börnin uppeldislega og félagslega undir grunnskólagöngu. Áherslan er á aldurshæft tilfinningalegt uppeldi. Leikskólakennarar sækja verkmenntaskóla í fjögur ár og kenna síðan að meðaltali 35 barna hópum.

Á árinu 2020 voru um 48.182.634 börn á aldrinum 3 – 5 ára í 291.715 leikskólum í Kína. Þar voru 2.913.426 leikskólakennarar í fullu starfi auk 5.198.165 annarra starfsmanna.

Litið er á leikskólakennslu í Kína sem mikilvæga félagsleg þjónustu sem stjórnvöld eiga að veita. Sýslustjórnir sjá um leikskólakennslu á meðan ríkisvaldið mótar lög, reglugerðir, stefnu og þróunaráætlanir. Sveitarstjórnir á öllum stigum bera ábyrgð á að samræma þróun svæðisbundinna áætlana. Menntamálaráðuneyti Kína mótar stefnu og staðla, sem og stjórnendur og fagmenn viðkomandi leikskóla. Sérstakri aðgerðaráætlun um „þriggja ára leikskóla“ er ætlað að auðvelda þessa uppbyggingu og tryggja meira fjármagn til málaflokksins. 

Undanfarin ár hefur aukin áhersla verið á leikskólastigið í Kína. Árið 2021 voru um 88,1% barna á leikskólaaldri í Kína skráð í leikskóla. Það markar verulegar framfarir. Hins vegar eru enn hindranir fyrir leikskólabörn afskekktra héraða og enn er verulegt bil á milli framboðs og eftirspurnar eftir leikskólanámi á landsbyggðinni.

Grunnskólastig 

Í Kína verða nemendur að ljúka níu ára skyldunámi. Grunnskólanám hefst við sex ára aldur og flestir verja þar sex árum.

Á árinu 2020 voru 107.508.746 grunnskólanemar í alls 162.601 grunnskólum. Þar voru 6.441.585 grunnskólakennarar í fullu starfi, auk 5.979.329 annarra starfsmanna.

Skólaskylda kínverskra barna sem var kynnt til sögunnar árið 1986, nær til níu ára hið minnsta og að hámarki tólf ára. Það þýðir að börnin hafa níu ára skyldunám frá grunnskóla (alls sex ár) til unglingastigs (þrjú ár). 
 
Þrátt fyrir lög um skyldunám er grunnmenntun án skólagjalda ennþá markmið frekar en veruleiki í Kína. Margar fjölskyldur eiga í erfiðleikum með að borga skólagjöld og því neyðast sum börn til að yfirgefa skóla fyrir níu ára skyldumarkmiðið.

Námsárið 

Námsári grunnskólans er að jafnaði skipt í tvær annir: Sú fyrri er frá febrúar fram í miðjan júlí. Þá er sex vikna sumarfrí. Seinni önnin er frá september fram í miðjan/lok janúar. Þá tekur við fjögurra vikna vetrarfrí.

Venjulegur skóladagur í Kína er langur, samkeppni mikil og álagið eftir því. Starfsdagur flestra skóla byrja snemma á morgnana (um 7:30) og nær til kvölds (um 18:00) með tveggja tíma hádegishléi. Margir skólar bjóða síðan upp á sjálfsnám á kvöldin frá 19-21 svo nemendur geta klárað heimavinnuna sína og undirbúið sig fyrir sífelld próf. Bjóði skólarnir ekki upp á sjálfsnám á kvöldin þurfa nemendur engu að síður að ljúka heimavinnunni. Það getur verið allt til kl. 22. 

Að meðaltali verja grunnskólanemendur um sjö til átta klukkustundum í skólanum á meðan framhaldsskólanemar eru um tólf til fjórtán klukkustundir í skólanum séu hádegis- og kvöldtímar eru meðtaldir. 

Skólabúningar eru skylda í mörgum kínverskum skólum.  Í grunnskólum Kína mæta nemendur í fánahyllingu hvern mánudagsmorgun og þurfa að vera í skólabúningnum þann dag. Auk búningsins er algengt að skólabörn séu með rauðan trefil um hálsinn, sem táknar kínverska fánann, auk þess að hafa gult höfuðfat utan skólabyggingarinnar til umferðaröryggis.

Zhongkao prófið 

Grunnskólanemendur gangast undir samræmt opinbert próf sem kallast Zhongkao fyrir inngöngu í framhaldsskóla. Stigakerfi eru mismunandi eftir héruðum. Algengast er að nemendur séu prófaðir í kínversku, stærðfræði, ensku, eðlisfræði, efnafræði, stjórnmálafræði og íþróttum. Prófaniðurstöður úr Zhongkao eru síðan notaðar til að skipa nemendum í ólíka framhaldsskóla.

„Brautryðjendaæska Kína“ 

Flestir grunnskólarnir krefjast þess að nemendur, að þeim yngstu undanskildum, gangi til liðs við „Brautryðjendaæsku Kína“, pólitísk samtök barna á aldrinum sex til fjórtán ára. Hugmyndafræði samtakanna „byggir á fræðilegu kerfi sósíalismans með kínverskum einkennum“. Mottóið er: „Til baráttu fyrir málstað kommúnismans, vertu viðbúinn!“. Háttsemi ungra brautryðjenda á að byggja á „heiðarleika, hugrekki, lífskrafti, og einingu“. 

Skuldbinding ungra brautryðjenda (og þar með flestra kínverskra gunnskólanema) við aðildina er:„Ég er meðlimur í Brautryðjendaæsku Kína. Undir fána ungra brautryðjenda sver ég Kommúnistaflokki Kína ást mína, móðurlandinu og fólkinu. Ég mun leggja hart að mér í námi, efla og undirbúa, svo styrkur minn verði til málstaðs kommúnismans.“Rauður hálsklútur ungra brautryðjenda er eini einkennisklæðnaður félagsmanna. Við vígsluathöfn binda núverandi meðlimir klútana á nýliðana. Börn klædd rauðum hálsklútum eru algeng sjón í Kína.

Við útskrift eru flestir grunnskólanemendur orðnir félagar í Brautryðjendaæskunni. Við fjórtán ára aldur hætta þeir sjálfkrafa aðild að samtökunum og geta þá gengið í Æskulýðsfylkingu Kínverska Kommúnistaflokksins (CCP). Áætlað er í dag séu um 130 milljónir félagsmanna í Brautryðjendaæsku Kína.

Framhaldsskólastig 

Framhaldsnám eftir grunnnám í Kína skiptist í þrjú ár í unglingaskóla (hluti af skólaskyldu) og önnur þrjú ár í framhaldsskóla. Að loknu skyldunáminu geta nemendur valið hvort haldið sé áfram með framhaldsskólamenntun. Flestir útskriftarnemar á unglingastigi halda áfram námi. Framhaldsskólinn tekur að meðaltali þrjú ár.

Á árinu 2020 voru um 90.820.113 nemar á aldrinum 12 –17 ára í framhaldsskólum Kína, sem skiptust niður á 77.455 framhaldsskóla. Þar voru 6.654.481 framhaldsskólakennarar í fullu starfi auk 8.538.842 annarra starfsmanna. Þessir framhaldsskólar skiptust í 52.998 skóla á neðra stigi framhaldsskóla (unglingaskóla) og 24.457 framhaldsskóla á efra stigi. Efra stigið skiptist síðan í æðri framhaldsskóla (14.561) og æðri verkmenntaskóla (9.896).

Fimm tegundir framhaldsskóla 

Í Kína eru fimm tegundir framhaldsskóla: Almennir menntaskólar eða framhaldsskólar; Tæknilegir eða sérhæfðir framhaldsskólar; Framhaldsskólar fyrir fullorðna; Starfsnáms-framhaldsskólar; og Handiðnaðarskólar. - Síðustu fjórir eru verkmenntaskólar.

Frá og með 11. bekk gefst nemendum almenna miðskólans kostur á að velja á milli vísinda- eða hugvísindastefnu.
Fög kennd í almennum framhaldsskólum eru: kínverska, stærðfræði, eitt erlent skyldumál (aðallega enska), eðlisfræði, efnafræði, líffræði, verkfræði, upplýsingatækni, íþróttakennsla, listir, tónlist, siðfræði, hagfræði, saga og landafræði. Munurinn á námskránni felst í því að allt að átta kennslueiningar í stjórnmálum, siðfræði og sögu eru kenndar í hugvísindaskor, en í náttúrufræðiskor eru hins vegar eðlisfræði og efnafræði ríkjandi.

Kennslan er 45 mínútur í senn; alls 35 kennslustundir á viku og gert ráð fyrir að lágmarki tveimur stundum til sjálfsnáms til viðbótar.

„Gaokao“ lokaprófið 

Að lokinni tólf ára skólagöngu taka allir nemar lokapróf „Gaokao“ en það er inntökupróf sem krafist er fyrir háskólanám í Kína. Þessi próf sem eru haldin eftir fyrstu viku júní, taka um níu klukkustundir á tveggja til fjögurra daga tímabili, allt eftir því í hvaða héraði þau er haldin. Öll eiga þau sameiginlegt að prófa í kínverskri tungu og stærðfræði, en að auki er prófað í erlendu tungumáli, eðlisfræði, efnafræði, stjórnmálum, sögu, landafræði og líffræði. Gefin er einkunn frá 1 til 100 og nemendur þurfa 60 eða meira til að hafa staðist. Prófgreinar til inntökuprófs í háskóla eru kjarnagreinar kínverska, stærðfræði og enska. Nemendur á náttúrufræðibraut velja tvær greinar úr eðlisfræði, líffræði eða efnafræði og nemendur í hugvísindum velja tvær greinar úr stjórnmálum, sagnfræði eða landafræði. 

Árið 2022 tóku 11.930.000 „Gaokao“ inntökuprófið. „Gaokao“ er sagt mikilvægasta próf sem tekið er í Kína. 

Fyrir prófið halda margir skólar þrjá til fjóra aukatíma á laugardögum í náttúrufræði og stærðfræði. Ef skólar bjóða ekki kennslu á laugardagsmorgnum er líklegt að margir foreldrar sendi börnin sín í dýrt aukanám í skólum um helgar eða skipuleggi einkakennslu fyrir börnin um helgar. Svo langt hefur þessi samkeppni gengið að stjórnvöld hafa varað við miklu vinnuálagi nemenda. 

Þar sem niðurstöður prófsins geta ráðið miklu um framtíð nemenda er margir þeirra – og forráðamenn- undir gríðarlegu andlegu álagi. Prófið hefur meðal annars verið tengt aukinni tíðni sjálfsmorða nemenda.

Verkmenntaskólar 

Auk almennu framhaldsskólanna sem undirbúa háskólanám eru starfræktar- og tækniskólar. Þessir sérstöku tækniskólar eru reknir á sveitarstjórnar- eða héraðsstigi. Fjórar tegundir verkmenntaskóla eru í Kína (árið 1987): 

 Tækniskólar sem bjóða fjögurra ára nám að loknu unglingastigi og tveggja ára nám á framhaldsstigi á sviðum eins og verslun, myndlist eða skógrækt;
 Fjölbrautaskólar sem bjóða upp á 2ja ára fjölbreytt nám, t.d. smíði eða logsuðu;
 Sértækir tækniskólar sem bjóða upp á eins til þriggja ára iðnnám, t.d. í matreiðslu, saumaskap, ljósmyndun o.fl.;
 Landbúnaðarskólar sem bjóða grunn í búskapartækni.

Margir tækniskólarnir eru reknir af stórum fyrirtækjum.  Þeir þjálfa til að mynda nema fyrir stáliðnað, textíliðnað eða olíuiðnað. Einnig bjóða þeir upp á þjálfunartækifæri fyrir skrifstofufólk eða miðstig á sviði lögfræði, fjármála, heilsugæslu, lista og íþrótta. Lengd námsins er að meðaltali þrjú ár. Ólíkt öðrum menntastofnunum er námskrá tækniskólanna ekki ákveðin beint af ríki eða sveitarfélögum, heldur miðast við þarfir viðkomandi fyrirtækis eða atvinnugreinar. Framtíðarnemar eru valdir með hæfnisprófum í viðkomandi námsgrein.

Hin síðari ár hefur aðsókn að verkmenntun aukist. Á árinu 2021 náði fjöldi nýskráninga í æðri starfsmenntaskóla 5,6 milljónum, sem er 180 prósent aukning frá síðasta áratugi. Meira en 70 prósent starfsmanna í nútíma framleiðslufyrirfyrirtækjum og nýjum vaxandi atvinnugreinum eru útskrifaðir úr iðn- og verkmenntaskólum.

Æskulýðsfylking Kínverskra Kommúnista 

Við fjórtán ára aldur hætta ungmenni sjálfkrafa aðild að „Brautryðjendaæsku Kína“ og geta þá gengið til liðs við Æskulýðsfylkingu Kínverskra Kommúnista (CYLC). Það er ungliðahreyfing fyrir fólk á aldrinum 14 til 28 ára sem rekin er af Kommúnistaflokki Kína (CCP). Æskulýðsfylkingin er einnig leiðbeinandi í starfsemi Brautryðjendaæskunnar. Hugmyndafræði samtakanna byggir á Marx-Lenínisma, „hugsunum“ Maó Zedong og „fræðilegu kerfi sósíalismans með kínverskum einkennum.“  Árið 2017 voru félagsmenn um 81.246.000, þar á meðal 57.951.000 nemendur.

Háskólamenntun í Kína 

Æðri menntun – háskólamenntun – í Kína er skipt í tvo flokka: Í fyrsta lagi nám við háskóla sem bjóða upp á fjögurra ára eða fimm ára grunnnám til að veita akademískar gráður; og í öðru lagi nám við framhaldsskóla sem bjóða upp á þriggja ára diplómanám bæði í bóklegum og verklegum greinum. Doktorsnám er aðeins í boði í háskólum og krefst fimm ára náms eftir BS gráðu, og þriggja ára eftir meistaranám.

Á síðustu áratugum hefur háskólastofnunum fjölgað í Kína. Mjög hefur verið hvatt til alþjóðlegs hreyfanleika og alþjóðasamvinnu. Háskólakerfið í Kína hefur þannig orðið æ fjölbreyttara.

Á árinu 2020 voru um 52.229.952 háskólanemar í Kína, flestir á aldrinum 18 –22 ára. Þeir námu við 2.738 háskólastofnanir. Þar voru 1.832.982 háskólakennarar í fullu starfi auk 2.668.708 annarra starfsmanna.

Um 827 háskólastofnanir buðu framhaldsgráðu, meistaranám eða doktorspóf. Þær skiptust í 594 venjulegar háskólastofnanir og 233 stofnanir sem eingöngu sinntu rannsóknum. 

Árið 2020 voru 3.139.598 nemar í framhalds-háskólamenntun (í meistara- eða doktorsnámi). Árið 2019 voru 703.500 kínverskir nemar í framhaldsháskólamenntun utan Kína.

Val inn í háskóla 

Talsvert fyrir „Gaokao“ prófið þurfa nemendur að ákveða hvaða grein þeir vilja læra og hvar. Námsplássum í háskólum er úthlutað eftir punktakerfi og fjöldatakmörkunum í deildir og fög (latína: „numerus clausus“).

Góðar niðurstöður úr Gaokao prófi eru nauðsynlegar fyrir inngöngu í háskóla. En jafnvel þó að niðurstöður Gaokao nái yfir allt land, eru umsækjendur um háskólanám innan hvers héraðs valdir umfram þá sem koma utanhéraðs. Prófanámskrár og greinar geta verið mismunandi eftir héruðum. Þá njóta umsækjendur úr minnihlutahópum og frá minna þróuðum svæðum góðs af jákvæðri mismunun.

Í grundvallaratriðum er háskólanám gjaldskylt, þó að nokkrir kostir séu fyrir hendi varðandi styrki, lán eða - sérstaklega fyrir íbúa á landsbyggðinni - niðurfellingu skólagjalda.  Upphæð háskólagjalda er mjög mismundandi eftir háskólum en árið 2016 voru meðalgjöldin um $2.200 bandaríkjadollara. 

Ókeypis háskólamenntun og tryggt starf að námi loknu lauk í Kína um miðjan tíunda áratuginn síðustu aldar. Það hefur dregið úr getu þeirra efnaminni að senda börnin í háskóla. Sama gildir um þá sem ekki hafa sterkt félagsnet til að tryggja börnum sínum atvinnu að námi loknu. Efnaminni námsmenn í dreifbýli sem verða fyrir atvinnuleysi geta erfilega endurgreitt námslán.

Herþjálfun með námi 

Samkvæmt kínverskum lögum um herþjónustu þurfa allir kínverskir karlmenn á aldrinum 18-22 ára að skrá sig og ganga í skyldubundna herþjónustu. Hjá landhernum þurfa hermenn að þjóna í þrjú ár en fjögur ár í sjó- og flughernum.

Samkvæmt herþjónustulögum og ákvörðunum miðstjórnar Kommúnistaflokksins er hermenntun og herþjálfun í Kína er hluti af menntakerfinu. Skal hún fara fram í upphafi námsannar. Fram að framhaldsskóla æfa nemendur herfylkingu og hreyfingu; Framhaldsskólanemar æfa og læra neyðarrýmingu auk landvarna. Háskólanemar fá formlega herþjálfun og æfingu í neyðarrýmingu. 

Tilgangurinn er að efla ættjarðarást og auka skilning á landvörnum; þróa vilja og manngerð; móta heildarhyggju; kynna Kommúnistaflokk Kína; styrkja hugmyndafræði „sósíalisma með kínverskum einkennum“; og að gagnast í síðara námi.

Herþjálfun í venjulegum framhaldsskólum stendur venjulega yfir í um viku og er oftast í upphafi fyrsta árs í framhaldsskólans. Lengd herþjálfunar í venjulegum framhaldsskólum og háskólum er mismunandi. Algengust er tveggja til þriggja vikna þjálfun. 

Tæknilega séð er herþjónusta skylda allra kínverskra ríkisborgara, en í reynd hefur lögboðin herþjónusta ekki verið innleidd frá 1949, þar sem ríkishernum, „Frelsisher fólksins“ hefur tekist að ráða nægan fjölda af fúsum og frjálsum vilja. Allir 18 ára karlmenn verða að skrá sig hjá stjórnvöldum. Það þýðir þó ekki í reynd að sá skrái sig þurfi að ganga herinn.

„Tvíþætt forysta“ háskóla- og vísindasamfélags Kína 

Eftir dauða Maó Zedong árið 1976 voru gerðar ráðstafanir til að koma á reglu og stöðugleika, bæta gæði menntunar og reka háskólastofnanir á skilvirkari hátt. Nokkrir tugir „lykilháskóla“ fengu sérstaka fjármögnun og hæfustu nemendurna fengu meir framgang óháð fjölskyldubakgrunni eða stjórnmála. Smá saman fjölgaði á listi yfir „Lykilháskóla Kína“ sem hafði verið settur saman af stjórnvöldum og fyrst birtur árið 1959.
Pólitíkin í Kína tók miklum breytingum undir forystu Deng Xiaoping sem kynnti til sögunnar „fjögur skref til nútímavæðingar“ til að umbylta efnahag landsins. Það voru markmið um framþróun landbúnaðar, iðnaðar, varnarmála og vísinda og tækni í Kína.  

Skuldbinding um nútímavæðingu krafðist verulegra framfara í vísindum og tækni. Auka þyrfti akademísk gæði, og skipa yrði vísindum, rannsóknum og þjálfun hærri sess. Opinberir fjármunir til háskóla og til rannsókna jukust verulega og hvatt var til nýsköpunar og alþjóðasamvinnu.

Til að styrkja háskólasamfélagið hafa kínversk stjórnvöld ráðist í nokkur umfangsmikil átaks- og stefnuverkefni á síðustu tveimur áratugum. Þekktust þeirra eru áætlun um „lykilháskóla Kína“ , „211 verkefnið“ , „C9 deildin“, og svokallað „985 verkefni“.

Öll þessi verkefni um framþróun æðri menntunar hafa nú verið sameinuð í nýja áætlun sem nefnd hefur verið „Tvíþætt forysta“ (enska: „Double First-Class Initiative“). Þar eru markmiðin tvenn: Annars vegar er stefna sett á „háskóla í heimsgæðum“ og hins vegar á að stuðla að „fyrsta flokks akademískri uppbyggingu vísindagreina“. Sameiginlega hefur þetta verið kallað „hin tvíþætt forysta“ kínverskra úrvalsháskóla. Alls verða 140 kínverskir háskólar þróaðir sem elítuháskólar og fyrir árið 2050 er þeim ætlað að komast á lista virtustu háskóla veraldar.

Staða háskóla Kína í dag 

Kínverskir háskólar eru margir og ólíkir að gæðum en það segir nokkra sögu að nokkrir þeirra hafa verið að færa sig ofar á alþjóðlegum listum yfir bestu háskóla veraldar. Nokkrir þeirra eru komnir meðal hundrað bestu háskóla heims. Samkvæmt þeim alþjóðlegu listum er meta gæði og árangur háskóla, á borð við „Time Higher Education World University Rankings“ (THE), „Shanghai Ranking“ (ARWU), „Leiden Ranking“ (CWTS) og „U.S. News & World Report“ (US News).
 
Kínverjar er þannig farnir að véfengja ofurvald Vesturlanda á alþjóðamarkaði háskóla. Efstu kínversku háskólarnir hafa nú bætt verulega stöðu sína í alþjóðlegri uppröðun háskóla heimsins.

Einkareknar menntastofnanir 

Í Alþýðulýðveldinu Kína, sem byggir á kommúnisma, er menntakerfið fyrst og fremst á vegum hins opinbera. Betri efnahagur margra hefur kallað eftir meiri fjölbreytni menntakerfisins. Einkaskólakerfi hrfur því byggst upp smám saman og er orðið talsvert. Það á ekki síst við leikskólastigið og ýmsa sérskóla. Ríkisvaldið hefur bæði leyft og stutt við einkarekstur menntastofnana og þá fræðsluaðila er starfa í hagnaðarskyni. Fyrstu „lögin um eflingu einkamenntunar“ tóku gildi haustið 2003.

Þessi framrás einkaskóla hefur þýtt aukið námsframboð, þar sem reynt er að mæta menntunarþörfum hraðar. Einkaskólar hafa einnig verið brautryðjendur í alþjóðasamstarfi, margir einkareknir leikskólar hafa tekið upp tvítyngda kennslu og ýmsir erlendir háskólar hafa byggt upp aðstöðu í Kína.

Árið 2021 sóttu 56.000.000 nemendur 190.000 einkarekna skóla, þar af 12.000 á grunn- og/eða unglingastigi. Þessir nemendur voru um 20% allra nemenda í Kína. 
 
Mestu munar hér um leikskólastigið. Árið 2020 voru 167.956 einkareknir leiksskólar í Kína með um 23.785.506 börn. Á sama tíma sóttu 9.660.348 nemendur 6.187 einkarekna grunnskóla í Kína. Einkareknir framhaldsskólar voru alls 11.798 með um 13.696.521 nemendur og 8.559.552 háskólanemar stunduðu nám við 1.564  einkareknar háskólastofnanir. Þá voru starfsþjálfunarstofnanir einkaaðila alls 39.516 með 9.896.564 nemendur.  - Það er því ljóst að umfang einkageirans á sviði menntunar hefur vaxið mjög í Kína.

Svo hröð hefur þessi þróun verið að í ársbyrjun 2017 lýstu stjórnvöld því yfir að efla yrði forystu kínverska kommúnistaflokksins yfir einkaskólum með því að stofna flokkssamtök í einkaskólum sem ættu að gegna pólitísku kjarnahlutverki og stjórna einkaskólunum af festu í anda sósíalisma. Stjórnvöld fullyrtu að þetta væri gert til að styðja við einkarekna menntun.
 
Að sama skapi setja stjórnvöld auknar kröfur á hendur einkareknum menntastofnunum. Árið 2021 þrengdi enn meir að einkareknum skólum þegar stjórnvöld tilkynntu um þjóðnýtingu nokkurra þeirra.

Tengt efni 

 Brautryðjendaæska Kína
 Tvíþættir forystuháskólar

Heimildir

Tilvísanir 

Menntun í Kína",Fyrir hvaða aldurshóp er kínverska brautryðjendaæskufélagið?,"{'answer_start': array([7845], dtype=int64), 'text': array(['sex til fjórtán ára'], dtype=object)}"
https://is.wikipedia.org/wiki/Gotar,Gotar,"Gotar voru austgermanskur þjóðflokkur sem tóku þátt í þjóðflutningunum miklu, seint í fornöld, sem stuðluðu að falli Rómaveldis. Gotar urðu að tveimur aðskildum þjóðum, Austgotum og Vestgotum, sem stofnuðu hvor sitt konungsríki eftir fall Rómaveldis, Austgotar á Ítalíuskaganum og Vestgotar á Íberíuskaganum.

Saga

Uppruni 
Talið er Gotar að hafi upprunalega verið frá Svíþjóð (sbr. Gotland). Á seinni hluta 2. aldar e.Kr. fluttust þeir suður yfir Eystrasaltið og urðu að lokum tvær þjóðir; Austgotar sem settust að í vesturhluta Úkraínu og Vestgotar sem settust að þar sem Rúmenía er nú. Á fjórðu öld áttu Gotar í samskiptum við Rómverja og snerust í kjölfarið til kristinnar trúar, aðallega fyrir tilstuðlan rómverskra trúboða. Seint á 4. öld hófust árásir Húna, sem komu frá steppum Mið-Asíu, á aðra germanska þjóðflokka og hrundu þær af stað öldu þjóðflutninga. Vestgotar fluttust suður fyrir Dóná inn á rómverskt landsvæði og fengu, árið 375, leyfi rómverska keisarans Valens til þess að setjast þar að. Fljótlega skarst þó í odda milli Gotanna og Rómverja og árið 378 háðu þeir orrustu við Adríanópel, þar sem Vestgotar unnu stórsigur og Valens féll. Næsta rómverska keisara, Þeódósíusi 1., tókst þó að ná tökum á ástandinu um tíma og gerði Vestgotana að bandamönnum (foederati). Alrekur (Alaric) 1., konungur Vestgota, stóð þó engu að síður fyrir uppreisn gegn Rómverjum sem leiddi til þess að Gotarnir réðust á Róm og hertóku og rændu borgina árið 410. Austgotarnir fylgdu á eftir Vestgotunum og fluttust suður yfir Dóná árið 453. Þegar vera þeirra þar ógnaði yfirráðum austrómverska ríkisins á Balkanskaga, gerði keisarinn Zenon, Þjóðrek (Theodoric), konung Austgota, að bandamanni sínum og sendi hann, ásamt þjóð sinni, til Ítalíu.

Konungsríki Austgota 

Þjóðrekur réðist inn á Ítalíuskagann árið 488 og barðist þar við germanska herforingjann Odóvakar, sem náð hafði þar völdum þegar hann neyddi Rómúlus Ágústus, síðasta vestrómverska keisarann, til að segja af sér. Árið 493 samdi Þjóðrekur við Odóvakar um að þeir myndu sameinast um stjórn Ítalíu, en í veislu sem haldin var til að fagna samkomulaginu, myrti Þjóðrekur Odóvakar. Þjóðrekur gerði Ravenna að höfuðborg ríkis síns og ríkti sem konungur á Ítalíu til dauðadags árið 526. Valdatíð hans var að mestu farsæl og hann ríkti í sátt við keisara austrómverska ríkisins, sem og aðra germanska konunga í Vestur-Evrópu. Eftir dag Þjóðreks tók valdakerfi hans þó að veikjast og út brutust átök um völdin. Jústiníanus, keisari austrómverska ríkisins á árunum 527 til 565, var mjög herskár gagnvart Germönum í Vestur-Evrópu og stefndi að því að leggja undir sig öll landsvæði sem áður höfðu tilheyrt Rómaveldi. Árið 535 hertók Belisarius, helsti herforingi Austrómverja, Sikiley og réðist svo árið eftir inn á meginland Ítalíu. Árið 540 var stærsti hluti konungsríkis Austgota fallinn í hendur Austrómverja, en undir stjórn konunganna Witigis og Totila tókst þeim þó að veita andspyrnu allt til ársins 552 þegar Austrómverjar unnu loks fullnaðarsigur. Eftir þessa ósigra má segja að austgotneska þjóðin hverfi af sjónarsviðinu, marga hnepptu Austrómverjar í þrældóm en aðrir samlöguðust þeim íbúum Ítalíu sem fyrir höfðu verið.

Konungsríki Vestgota 

Eftirmaður Alreks 1., Atúlfur (Ataulph), giftist systur rómverska keisarans Honoriusar, sem hét Galla Placidia, og gerðist bandamaður hans, að nafninu til. Eftir það settust Vestgotar að í suðvestanverðri Gallíu, innan Rómaveldis, en urðu sjálfstætt konungsríki eftir fall Rómaveldis árið 476. Konungsríkið stækkaði svo til muna eftir að þeir réðust gegn Vandölum, sem bjuggu á Íberíuskaganum, og hröktu þá til Norður-Afríku. Ríki Vestgota náði þá frá Gíbraltarsundi í suðri til Loire-fljóts í norðri, með höfuðborg í Toulouse. Árið 507 dróst yfirráðasvæði þeirra þó talsvert saman þegar Frankar, undir forystu Klóvis 1., hröktu þá út úr Gallíu, eftir að hafa sigrað þá í bardaganum við Vouillé. Eftir þetta var ríki Vestgota nánast einskorðað við Íberíuskagann. Árið 554 réðust hersveitir Jústiníanusar á Vestgota á sunnanverðum Spáni. Vestgotanna biðu þó ekki sömu örlög og Austgota því Austrómverjar náðu aðeins tiltölulega litlum svæðum á sitt vald. Undir stjórn konungsins Leovigild unnu Vestgotar svo þessi svæði aftur af Austrómverjum. Leovigild, sem ríkti frá 568 til 586, færði einnig höfuðborg ríkisins. til Toledo. Árið 711 geisuðu átök um völdin í ríkinu sem veiktu innviði þess og það nýttu sér herir Mára, sem réðust inn frá Norður-Afríku. Afleiðingin var sú að konungsríki Vestgota hrundi á nokkrum árum og hinir íslömsku Márar stofnuðu ríki á Íberíuskaganum, með höfuðborg í Córdoba. Aðeins lítil landræma nyrst á skaganum var áfram í höndum kristinna manna. Þar var stofnað nýtt ríki, Konungsríkið Astúría.

Tilvísanir

Heimildir 
Tierney, Brian, Western Europe in the Middle Ages: 300 – 1475 (McGraw-Hill College, 1999).

Gotar
Germanskir þjóðflokkar",Hvað hét höfuðborg Austgotaveldisins á Ítalíu?,"{'answer_start': array([2160], dtype=int64), 'text': array(['Ravenna'], dtype=object)}"
https://is.wikipedia.org/wiki/Lj%C3%B3%C3%B0stafir,Ljóðstafir,"Ljóðstafir skiptast í stuðla og höfuðstafi, og eru svipuð eða eins hljóð  í upphafi atkvæða, sem eru endurtekin með reglulegu og taktföstu millibili til þess að tengja eina eða tvær ljóðlínur saman. Það fer eftir lengd ljóðlínu og hrynjandi hvar stuðlar eiga að vera. Stuðlar geta verið einn eða tveir (fer eftir bragarhætti) og standa ávallt saman í línu.

Höfuðstafur er ávallt einn og fylgir vanalega í næstu línu á eftir. Til eru bragarhættir þar sem tveir stuðlar og höfuðstafir eru saman í langri línu, t.d. braghenda og afhending, en þá er seinni hluti línunnar upphaflega ættaður frá stuttri annarri línu sem hefur runnið saman við þá fyrri svo úr verður ein löng.

Braglína skiptist í hákveður og lágkveður. Í venjulegri ferskeytlu er það regla að annar stuðullinn er í þriðju hákveðu. Hinn má vera á hvaða áhersluatkvæði sem er. Þrjú dæmi um mismunandi staðsetningu réttra stuðla í fyrstu braglínu (feitletrað):Lína er úr ljóði ein ...Hér er lína úr ljóði stök ...Þetta er fyrsta lína ljóðs ...Dæmi um heila, rétt stuðlaða vísu (stuðlar og höfuðstafir feitletraðir):
Það minn uggir þankabás,
það við stuggi mörgum,
að fara í muggu frá Laufás
fram að Skuggabjörgum.
(Gömul vísa úr Höfðahverfi, höfundur óþekktur og fallbeygir Laufás ekki skv. nútímavenju).

Hvað stuðlar við hvað? 
Sérhljóðar stuðla hver við annan og stundum líka við „j“ (einkum í fornum kveðskap) en samhljóðar stuðla saman (r-r, l-l o.s.frv.).

Vegna mismunandi framburðar eftir landshlutum þykir mörgum rangt/ljótt að stuðla „hv-“ saman við „kv-“ þótt flestir beri hljóðin eins fram. Þegar orð sem byrja á h- eru látin stuðla saman en næsti stafur á eftir h-inu er ekki sá sami, getur þurft að bera h-ið sérstaklega skýrt fram til að stuðlarnir komi fram í flutningnum. Sú skoðun er til, að slík stuðlasetning sé ljót eða hljómi illa, t.d. að orðin hlakka og hakka stuðli ekki fallega saman, en engin regla er til um það önnur en smekkur fólks.

Gnýstuðlar 
Um orð sem byrja á „s“ gilda sérstakar reglur, og fer rétt stuðlasetning eftir hljóðunum sem á eftir koma þannig að orðin byrji á sams konar hljóðum. Einkum skiptir máli að sk- stuðlar eingöngu við sk-, sl- bara við sl-, sm- bara við sm-, sn- bara við sn-, sp- við sp- og st- við st-. Þetta kallast gnýstuðlar. Þannig stuðlar orðið „strákur“ við „stelpa“ eða „starf“ en ekki við t.d. „slæpingi“ eða „skíði“.

Útbreiðsla og saga 
Til forna voru ljóðstafir notaðir í kveðskap víðsvegar um Norðurlönd, Bretlandseyjar og víðar. Snemma á miðöldum dró úr notkun þeirra og þeir hurfu nánast úr notkun í kveðskap, nema á Íslandi þar sem þeir eru enn notaðir í skáldskap í hefðbundnum stíl. Ragnar Ingi Aðalsteinsson hefur rannsakað sögu og þróun stuðlasetningar í 1200 ár, frá norrænum fornkveðskap til íslensks nútímaskáldskapar og skrifað doktorsritgerðina Tólf alda tryggð: Athugun á þróun stuðlasetningar frá elsta þekktum norrænum kveðskap fram til nútímans (Hugvísindastofnun, Reykjavík 2010).

Bragfræði
Íslensk málfræði
Íslensk menning
Ljóð",Hver hefur kannað sögu og framþróun stuðlasetningar?,"{'answer_start': array([2620], dtype=int64), 'text': array(['Ragnar Ingi Aðalsteinsson'], dtype=object)}"
https://is.wikipedia.org/wiki/%C3%81h%C3%A6ttubr%C3%A9f,Áhættubréf,"

Bakgrunnur áhættubréfa 
Til eru margar gerðir Skuldabréfa sem virka á misjafnan hátt. Þegar einstaklingar taka lán fá þeir skjal í hendurnar sem staðfestir að lán hafi verið tekið með samþykki um að lánið verði greitt til baka að fullu. Skuldabréf eru til dæmis gefin út þegar fólk tekur íbúðarlán. Þar kemur fram hversu hátt lánið er, hvað miklir vextir eru á láninu og hversu langur afborgunartíminn er. Einnig eru til ríkisskuldabréf. Ríkið gefur út bréfin og eru þar með að fá lánaðan pening hjá þeim sem kaupa þau. Slík bréf, líkt og önnur skuldabréf, bera vexti, hafa lánstíma og ákveðna lánsupphæð. Þannig virka kaup á ríkisskuldabréfum í raun eins og góð sparnaðarleið sem stendur einstaklingum, fyrirtækjum og jafnvel öðrum ríkjum til boða. Þeir sem fjárfesta í ríkisskuldabréfum lána því í raun ríkinu einhverja ákveðna upphæð og ávaxta hana yfir ákveðinn tíma. Einnig er hægt að kaupa bréf hjá sumum fyrirtækjum sem, líkt og ríkið, lofar að borga umrædda upphæð til baka eftir ákveðin tíma, auk þess sem bréfið hefur ávaxtað. Geta fyrirtækisins til að standa við loforð sitt veltur á lánshæfiseinkunn/áhættumati bréfsins. Hvort fyrirtækið standi í skilum við bréfhafa fer eftir því hvort það hafi tök á að borga skuld sína til baka.

Matsfyrirtækið Moody's, ásamt fleirum, sér meðal annars um að meta fjárfestingar á borð við skuldabréf. Þá er vanskilahætta fyrirtækja ákvörðuð með einhvers konar lánshæfiskerfi. Ef útgefandi skuldabréfs borgar ekki á tilskildum tíma hefur það áhrif á lánshæfiseinkunn skuldabréfsins þar sem kerfið er byggt á einmitt þessari áhættu. Lánshæfiseinkunn skuldabréfa eru frá skalanum AAA en það eru bréf sem munu ólíklega fara í vanskil, til „D“ fyrir þau sem munu pottþétt gera það. Áhættubréf, stundum kölluð ruslbréf, hafa einkunnina BB eða lægra. 

Áhættubréf draga nafn sitt af því hversu mikil áhætta getur skapast ef verslað er með slík bréf. Sökum mikillar vanskilahættu teljast viðskipti með áhættubréf til spákaupmennsku. Flestir fjárfestar vilja síður kaupa slík bréf en þar sem bréf þessi hafa mjög háa vexti getur það reynst ágætlega. Þrátt fyrir vanskil geta áhættubréf mögulega haldið verðmæti sínu.

Saga áhættubréfa 
Áhættubréf urðu vinsælasta fjárfestingin á Wall Street á níunda áratugnum. Þrátt fyrir að áhættubréf hafi verið til lengi þá var það ekki fyrr en um byrjun 9. áratugarins sem þau urðu gríðarlega vinsæl. Og ekki lengi, því eins og sagan segir okkur, þá eru endurteknar bólur og hrun með þessar tegundir bréfa. Aðrar bólur fyrir utan bóluna á 8. áratugnum áttu sér stað á árabilunum 1912 – 1919 og aftur nokkrum árum seinna frá 1928 – 1931. Bólan á áttunda áratugnum var þó sú stærsta, hafði mikil áhirf og lifði lengst, frá 1977 en hrundi tólf árum seinna, árið 1989. Þá má rekja áhættubréf aftur um hundruði ára, allt til 17. aldarinnar.

Michael Milken 

Michael Miklen vann fyrir fjárfestingarbankann Drexel Burnham Lambert og hann var fljótur að átta sig á gríðarlegum fjárhagsmöguleikum sem kom með rise í áhættubréfum á níunda áratugnum. Hann trúði statt og stöðugt að ávinningur áhættubréfa var meiri en líkurnar á vanskilum og með því að ráðleggja bréfaútgefundum (bond issuers) og fjárfestum að nýta sér þau til fulls, gerði hann bréfin gríðarlega vinsæl.

Milken varð einn af ríkustu mönnum í heimi vegna brasks síns með áhættubréf. Hann var dæmdur í tíu ára fangelsi fyrir innherjaviðskipti og verðbréfafalsanir og þurfti að borga háar skuldir. Milken fékk þá einnig lífstíðarbann frá verðbréfaviðskiptum og hefur síðan þá snúið sér að lyfjarannsóknum og hefur verið kallaður „Maðurinn sem breytti lækningum“.

Áhætta og aðrir mikilvægir þættir 
Þegar kemur að því að fjárfesta í áhættubréfum er mikilvægt að gera sér grein fyrir þeirri áhættu sem slíkri fjárfestingu fylgir, sér í lagi ef vanskil eiga sér stað en þá stendur skuldabréfaútgefandinn ekki í skilum og þú færð peningana þína aldrei aftur.

Einnig er mikilvægt að átta sig á því hvað verið er að fara út í vegna þess að áhættubréf eru flókin fyrirbæri sem krefjast sérlega góðrar kunnáttu, einkum þekkingu á sértækri lánshæfni. Þess vegna eru stofnanafjárfestar ráðandi á markaðnum, umfram almenna fjárfesta þrátt fyrir að einstaka auðjöfrar og áhugasamir einstaklingar fjárfesti beint í áhættubréfum. Eini möguleikinn fyrir almenning til að fjárfesta í áhættubréfum er í gegnum svokallaða áhættuskuldabréfasjóði. Með því getur fólk verið öruggt um að það séu sérfræðingar, sem hugsa vel um fjárfestinguna þína sem fylgjast með breytingum á virði áhættubréfa allan liðlangan daginn. Annar kostur áhættuskuldabréfasjóða er sá að fólk dregur úr áhættunni sem það tekur með því að dreifa fjárfestingunum sínum á margar ólíkar fjárfestingar.

Auk þessa er brýnt að fylgjast vel með dreifni ávöxtunar á milli áhættuskuldabréfa og bandarískra ríkisskuldabréfa. Ef litið er til sögunnar eru áhættuskuldabréf með 4-6% hærri ávöxtun en bandarísk ríkisskuldabréf. Ef ávöxtunin fer undir 4% er óskynsamlegt að fjárfesta í áhættuskuldabréfinu.

Fátækt hagkerfi og hækkandi vextir geta dregið úr ávöxtun skuldabréfa, ef vextir hækka þá lækkar verð skuldabréfa. Áhættuskuldabréf fylgja vanalega langtíma vöxtum.

Að lokum er mikilvægt að skoða vel grunnvaxtaálag áhættuskuldabréfa. Upplýsingar um það er að finna á netsíðum lánshæfismatsfyrirtækja á borð við Moody's og Standard's and Poor's.

Lánshæfismat 
Áðurnefnd fyrirtæki, Moody's og Standard's and Poor's hafa sérstakan hátt á því hvernig þau meta áhættu áhættubréfa en öllum skuldabréfum er skipt í tvo flokka eftir lánshæfi þeirra: Fjárfestingarflokkur og áhættubréf.
Fyrirtæki sem eru örugg fjárfesting hafa hátt lánshæfismat á meðan áhættusöm fyrirtæki hafa lágt lánshæfismat.

Hér má sjá töflu sem sýnir mismunandi lánshæfismat á skuldabréfum. Skuldabréf í fjárfestingaflokki eru gefin út af lánveitendum sem teljast áhættulitlir eða með meðaláhættu. Skuldabréfin fá þá einkunnina AAA til BBB. Ávöxtun þessara skuldabréfa er yfirleitt ekki mikil en hættan á því að lántakandinn lendi í vanskilum á vaxtagreiðslum lánveitanda er mun minni.

Áhættubréf veita skuldabréfahöfum mun hærri ávöxtun vegna þess að lántakendur hafa yfirleitt enga aðra kosti. Lánshæfismat þeirra er lágt og gerir þeim erfiðara að afla fjár með ódýrum hætti. Áhættubréfum er yfirleitt gefin einkunnin BB/BA eða lægri.

Flokkun áhættubréfa 
Áhættubréf er hægt að flokka í tvennt. Annars vegar eru það „fallnir englar“ og hins vegar eru það „rísandi stjörnur“. Fallinn engill er skuldabréf sem áður hefur verið örugg fjárfesting með lítilli sem enginni áhættu en hefur síðan fallið niður í stöðu áhættubréfs vegna lélegs/lágs lánshæfismats fyrirtækisins sem gaf út skuldabréfin.

Rísandi stjörnur eru aftur á móti andstæða fallinna engla, skuldabréf frá útgáfufyrirtækjum sem eru með vaxandi/aukið lánshæfismat. Rísandi stjörnur geta verið metnar sem áhættubréf en seinna meir þróast yfir í fjárfestingarflokk.

Kostir og gallar

Kostir áhættubréfa 
 Hærra hlutfall af tekjum. Sumum þykir þetta góð leið til að fá hærri ávöxtun af föstum tekjum. 
 Verðmæti bréfsins getur hækkað. Ef óvissa ríkir um að eitthvert tiltekið fyrirtæki sé að fá þá lánshæfiseinkunn sem það á skilið og muni gera það gott í framtíðinni, gæti það reynst góð fjárfesting. 
 Hafa forgang fram yfir hlutabréf í gjaldþrotaskiptum. Margir halda því fram að kaup á áhættubréfum sé slæmt, því ef fyrirtækið sem um ræðir fer í vanskil þá mun bréfið verða verðlaust. Það sem fólk áttar sig ekki á er að kaup á áhættubréfum er mun öruggara en að kaupa hlutabréf hjá sama fyrirtæki. Ef svo óheppilega vill til að fyrirtækið fer í vanskil þá er enn þá möguleiki á að fá greitt úr þrotabúinu þar sem bréfhafar skuldabréfa hafa forgang yfir þá sem eiga hlutabréf í gjaldþrotaskiptum.  
 Tekjur gera verið mun traustari en af hlutabréfum. Tekjur sem skapast af skuldabréfum verða stöðugar, það er að segja ef umrætt fyrirtæki fer ekki í vanskil. 
 Áhættubréf í fyrirtækjum sem þrífast á samdrætti gæti verið vanmetið. Sum fyrirtæki þrífast í raun í kreppu, slík fyrirtæki eru oft metin áhættusöm. Í sannleika sagt þurfa þessi fyrirtæki ekki að vera neitt áhættumeiri en mikilsmetin fyrirtæki sem þrífast vel í þenslu.

Gallar áhættubréfa 
 Mikil vanskilahætta. Áhættubréf eru gefin út þegar líkur á vanskilum eru talin hærri en hjá samskonar fyrirtækjum. Áhættufælnir fjárfestar forðast áhættubréf eins og heitan eldinn því vanskil getur þýtt að þeir tapi allri fjárfestingunni. 
 Minna flæði. Margir fjárfestar eru tregir að festa kaup á áhættubréfum þar sem erfitt getur verið að endurselja þau sökum slæms orðspors. 
 Verðlag verður fyrir áhrifum af breytingum á lánshæfiseinkunn. Líkt og bætt lánshæfi fyrirtækja getur hækkað verð á skuldabréfum getur lækkandi lánshæfi að sama skapi þýtt að verðmæti skuldabréfa hríðfalli. 
 Verðlag verður fyrir áhrifum af vöxtum. Öll skuldabréf verða fyrir áhrifum af breyttum vöxtum. Núgildandi bréf munu falla í verði ef vextir hækka og á móti verða verðmætari ef vextir lækka.
 Verð getur lækkað samhliða samdrætti. Þegar kreppir að hafa fjárfestar tilhneigingu til að framkvæma áhættuminni fjárfestingar með hluti eins og fé, gull eða örugg skuldabréf (investment-grade bonds). Þegar hagkerfið fer á hliðina geta áhættubréf átt erfitt uppdráttar þar sem þau eru þegar álitin áhættusöm og geta orðið enn áhættumeiri í slíkum aðstæðum.

Tilvísanir

Heimildir 
 

Hagfræði
Viðskiptafræði",Hvaða lánshæfiseinkunn er venjulega gefin fyrir skuldabréf með mikilli áhættu eða svokölluð ruslbréf?,"{'answer_start': array([1780], dtype=int64), 'text': array(['BB eða lægra'], dtype=object)}"
https://is.wikipedia.org/wiki/Kwame%20Nkrumah,Kwame Nkrumah,"Kwame Nkrumah (21. september 1909 – 27. apríl 1972) var stjórnmálamaður og sjálfstæðishetja frá Gana, oft lýst sem helstu von álfunnar og fylgismaður Stór-Afríkustefnunnar.

Hann fæddist í bænum Nkroful á Gullströndinni þar sem nú er Gana og hét upphaflega Francis Nwia-Kofi Ngonloma. Hann lærði í Achimota í Akkra og síðan í kaþólskum skóla í Amisano. Eftir það varð hann kennari í kaþólskum skóla í Axim. Síðar fór hann til Bandaríkjanna og lauk M.Sc.-prófi í kennslufræði 1942 og ári síðar M.A.-prófi í heimspeki við Pennsylvaníuháskóla.

1945 flutti hann til London til að læra við London School of Economics. Þar hitti hann George Padmore og tók þátt í skipulagningu Stór-Afríkuþingsins 1945. Í framhaldinu varð hann virkur í hreyfingunni sem barðist fyrir sjálfstæði Afríkuríkja.

Hann sneri heim til Gana árið 1947 og gerðist félagi í United Gold Coast Convention sem var undir stjórn Joseph B. Danqauh. Sama ár stofnaði hann ný stjórnmálasamtök Convention People's Party með slagorðið „Sjálfstæði strax“. Hann sagði sig úr UGCC árið 1949 og hóf að skipuleggja fjöldaaðgerðir byggðar á borgaralegri óhlýðni. Bresku nýlenduyfirvöldin handtóku hann 1950. Skömmu síðar ákváðu Bretar að veita nýlendunni sjálfstæði og boðuðu til kosninga til nýs löggjafarþings árið 1951. Nkrumah sat þá enn í fangelsi en hlaut kosningu á þingið. Honum var sleppt og hann tók að sér að leiða bráðabirgðastjórn ásamt breska landstjóranum.

6. mars 1957 lýsti Gana yfir sjálfstæði og Nkrumah var tilnefndur forsætisráðherra. Í fyrstu var þjóðhöfðingi landsins breski konungurinn en var lýst lýðveldi árið 1960. Í kjölfarið fylgdi efnahagsleg niðursveifla og órói í landinu. Meðal annars var reynt að myrða Nkrumah. Eftir þetta urðu stjórnarhættir hans gerræðislegri. Hann lýsti yfir flokksræði 1964 og gerði sjálfan sig að forseta til æviloka. Á sama tíma einangraði hann landið efnahagslega. 

Meðan á heimsókn hans í Peking og Hanoi stóð árið 1966 var honum steypt af stóli í herforingjabyltingu. Eftir þetta gat hann ekki snúið aftur til Gana, en bjó í Gíneu og hélt áfram að vinna að hugsjóninni um sameiningu Afríkumanna. Hann lést árið 1972 í Rúmeníu þar sem hann var að leita sér lækninga.

Tilvísanir

Forsetar Gana
Forsætisráðherrar Gana
Leiðtogar Kalda stríðsins",Við hvaða bandarískan háskóla nam Nkrumah?,"{'answer_start': array([520], dtype=int64), 'text': array(['Pennsylvaníuháskóla'], dtype=object)}"
https://is.wikipedia.org/wiki/Hrynjandi,Hrynjandi,"Hrynjandi er taktur sem þarf að gæta að til þess að ljóð fylgi bragfræðireglum. Hrynjandi er vanalega talin í taktbilum sem kallast kveður sem geta verið „rísandi“ eða „hnígandi“ eftir því hvort áhersluatkvæði er fyrst eða síðast í viðkomandi kveðu. Fyrsta kveða í braglínu er kölluð hákveða, og svo skiptast á hákveður og lágkveður. Stundum kemur áherslulaus forliður á undan fyrstu kveðu. Kveður kallast tvíliður eða þríliður eftir atkvæðafjölda. Bragarháttur kveður á um hvernig hrynjandin á að vera og hvernig stuðlar og höfuðstafir raðast á kveður, en ávallt gildir að ekki má vera of langt á milli ljóðstafa, stuðlarnir mega ekki vera báðir í lágkveðu (í ferskeyttum háttum verður annar þeirra að vera í síðustu hákveðu) og höfuðstafur er alltaf í fyrstu hákveðu.

Dæmi um vísu með hnígandi tvíliðum með einföldum forlið í þrem fyrstu línum (áherslusérhljóði feitletraður):

Þeir eltu hann á átta hófahreinum

og aðra tvenna höfðu þeir til reiðar,

en Skúli gamli sat á Sörla einum

svo að heldur þótti gott til veiðar.

(Grímur Thomsen: „Skúlaskeið“)",Hvaða orð eru stundum á undan fyrstu kveðju?,"{'answer_start': array([348], dtype=int64), 'text': array(['áherslulaus forliður'], dtype=object)}"
https://is.wikipedia.org/wiki/Gu%C3%B0mundur%20Gu%C3%B0mundsson%20%C3%AD%20Bjarnasta%C3%B0ahl%C3%AD%C3%B0,Guðmundur Guðmundsson í Bjarnastaðahlíð,"Guðmundur Guðmundsson í Bjarnastaðahlíð (um 1618 – um 1700) var íslenskur útskurðarmeistari og smiður á 17. öld, oft kallaður Guðmundur snikkari eða Guðmundur bíldur (bíldskeri). Hann er helsti fulltrúi barokkstílsins meðal íslenskra listamanna og áhrifamikill maður í íslenskum tréskurði á sínum tíma. 

Guðmundur var sonur Guðmundar Guðmundssonar bónda og lögréttumanns í Bæ í Bæjarsveit og konu hans Sigríðar Jónsdóttur. Faðir hans drukknaði undan Seltjarnarnesi árið 1618 frá konu sinni og tíu ungum börnum. Þrátt fyrir það komust flestir bræður Guðmundar til mennta og sjálfur fór hann til Kaupmannahafnar og lærði þar bíldskurð. Þar komst hann í kynni við barokkstílinn og flutti hann með sér heim, einkum það afbrigði hans sem kallað er brjóskbarokkstíll.

Guðmundur var talinn mesti hagleiksmaður sins tíma. Hann vann við smíðar og myndskurð víða um land. Mesta verk hans var Skálholtskirkja (Brynjólfskirkja) en hann var yfirsmiður hennar að hluta. Kirkjan var reist um 1650 en var rifin 200 árum síðar.

Allmörg verk Guðmundar hafa varðveist. Þekktastur er skírnarfonturinn í Hóladómkirkju, sem ber ártalið 1674 og er merktur Guðmundi. Skírnarfontinn, sem er skorinn úr grænlensku klébergi, gerði hann fyrir Gísla Þorláksson biskup  og Ragnheiði Jónsdóttur þriðju konu hans, en hann var lengi í þjónustu þeirra. Meðal annars er hann talinn hann hafa skorið út altari og vindskeiðar í kirkjunni í Gröf á Höfðaströnd, þar sem Ragnheiður bjó lengi. Önnur þekkt verk hans eru meðal annars útskorin og máluð altaristafla úr kirkjunni á Reykjum í Tungusveit, eikarkista með ártalinu 1680 og fangamarki Ragnheiðar biskupsfrúar.

Kona Guðmundar var Halldóra Guðmundsdóttir (f. 1634). Þau bjuggu í Bjarnastaðahlíð í Vesturdal í Skagafirði og er Guðmundur jafnan kenndur við þann bæ.

Tilvísanir

Heimild 
 
 „Guðmundur bíldur“; grein í Blöndu 1932

Íslenskir myndhöggvarar
Íslenskir myndlistarmenn
Skagafjörður",Hvar er sá skírnarfontur sem Guðmundur smíðaði árið 1674?,"{'answer_start': array([1086], dtype=int64), 'text': array(['Hóladómkirkju'], dtype=object)}"
https://is.wikipedia.org/wiki/H%C3%A6gri%20gr%C3%A6nir,Hægri grænir,"Hægri grænir var stjórnmálaflokkur á Íslandi sem var stofnaður í 2010.

Saga Hægri grænna
Hægri grænir, flokkur fólksins var stofnaður af Guðmundi Franklín Jónssyni, Lúðvíki Lúðvíkssyni og Sveinbirni Árnasyni upp úr andstöðu þeirra og nokkurra aðgerðarsinna við Icesave samningana. Fyrir stofnun flokksins 17. júní 2010 hafði formaður flokksins Guðmundur Franklín Jónsson barist hatramlega gegn því að þjóðin borgaði ólögvarðar Icesave kröfur Breta og Hollendinga. Barátta formannsins byrjaði í mars 2009, en hann var fyrsti aðgerðasinninn sem gerði þetta að pólitísku baráttumáli. Þetta gerði hann með stofnun Facebook hóps til að hvetja forseta Íslands, Hr. Ólaf Ragnar Grímsson til dáða, nýta sér málskotsréttinn og neita að samþykkja Icesavelögin sem samþykktu greiðslur til Breta og Hollendinga. Hópurinn endaði í meira en 19.000 einstaklingum. Það má segja að flokkurinn hafi byrjað að mótast eftir þetta á meðal Facebook vina í samræðum og hugmyndin um nýjan endurreisnarflokk, flokk millistéttarinnar og smáfyrirtækja hafi kviknað. Flokk sem myndi verja einstaklingsfrelsið. 

Hægri grænir var síðan formlega stofnaður á Þingvöllum þann 17. júní 2010, og flutti formlega 9. júlí 2012 í húsnæði í gömlu Heilsuverndarstöðinni að Barónsstíg 47, 101 Reykjavík. Ekkert flokksgjald var rukkað inn og öll starfsemi var háð frjálsum framlögum. Flokkurinn fékk úthlutað listabókstafnum „G“.

Flokkurinn var lagður niður árið 2016 og gekk til liðs við Íslensku þjóðfylkinguna.

Tilvísanir 

Fyrrum íslenskir stjórnmálaflokkar",Hvaða árangri náðu Hægri grænir í kosningunum árið 2016?,"{'answer_start': array([1437], dtype=int64), 'text': array(['til liðs við Íslensku þjóðfylkinguna'], dtype=object)}"
https://is.wikipedia.org/wiki/Eldarnir%20%C3%AD%20Yellowstone%201988,Eldarnir í Yellowstone 1988,"Eldarnir í Yellowstone 1988 voru mestu skógareldar í skráðri sögu Yellowstone-þjóðgarðsins í Bandaríkjunum. Eldarnir kviknuðu frá 14. júní 1988 sem nokkrir smærri eldar en breiddust út vegna langvarandi þurrka og vinds. Á endanum varð stórbruni sem varði í marga mánuði og eyðilagði mikið af mannvirkjum í þjóðgarðinum. Þann 8. september 1988 var garðinum lokað fyrir öllum nema viðbragðsaðilum í fyrsta sinn frá stofnun hans. Um haustið varð aukinn loftraki og kaldara veður til þess að draga úr eldinum og þann 18. nóvember voru síðustu eldarnir slökktir. Samtals urðu 3.213 km² fyrir áhrifum vegna brunans. 

Talið er að mikið af eldiviði í formi gamallar stafafuru sem var ríkjandi í skógum þjóðgarðsins, ásamt miklu af yngri trjám sem höfðu lagt skógarbotninn undir sig, hafi átt þátt í að skapa svo mikla skógarelda. Á þessum tíma var tekið að líta á náttúrulega skógarelda sem eðlilegan hluta af þróun vistkerfisins og því var reynt að hafa stjórn á eldinum fremur en berjast við að slökkva hann. Vistkerfi þjóðgarðsins beið ekki neinn varanlegan skaða af eldunum og fá stærri spendýr fórust.

Yellowstone-þjóðgarðurinn
1988
Skógareldar",Hvaða dagsetningu var Yellowstone þjóðgarðurinn girtur af vegna brunanna árið 1988?,"{'answer_start': array([325], dtype=int64), 'text': array(['8. september 1988'], dtype=object)}"
https://is.wikipedia.org/wiki/Kirkja%20heilags%20anda%20%C3%AD%20Heidelberg,Kirkja heilags anda í Heidelberg,"Kirkja heilags anda í Heidelberg er höfuðkirkja borgarinnar Heidelberg í Þýskalandi. Hún er graftarkirkja kjörfurstanna í Pfalz.

Saga kirkjunnar 
Kirkjan var upphaflega ekki reist sem höfuðkirkja borgarinnar, heldur sem grafarkirkja kjörfurstanna. Höfuðkirkjan þá var Péturskirkjan þar í borg. Kirkja heilags anda var reist á 14. og 15. öld á stað þar sem áður stóð kirkja með sama heiti. Talið er að upprunalega kirkjan hafi eyðilagst í eldi eða í vatnavöxtum árinnar Neckar. Þegar kjörfurstinn Ruprecht III var kjörinn konungur þýska ríkisins árið 1400 tilgreindi hann kirkjuna, sem þá var enn í byggingu, sem grafarkirkju sína. Hann lést 10 árum síðar og var lagður til hvílu í kór kirkjunnar. Þar hafa síðan hinir ýmsu kjörfurstar verið lagðir. Kirkjan var alla tíð í nánum tengslum við háskólann í borginni. Mikið af fé háskólans fór til viðhalds kirkjunnar. Hún hýsti einnig háskólabókasafnið (Bibliotheca Palatina) og stúdentar sóttu messu þangað. Aðaldyr kirkjunnar var notuð sem nokkurs konar upplýsingabretti fyrir stúdenta þar sem hægt var að festa upp miða með tilkynningum og upplýsingum. Formlega var kirkjan ekki fullreist fyrr en turninn var tilbúinn, en hann var vígður 1515. 1622 hertók Tilly borgina í 30 ára stríðinu. Hann hlífði borginni fyrir skemmdum, en tók háskólabókasafnið úr kirkjunni og sendi það sem gjöf til páfans í Róm, sem þá var Gregoríus XV. 1693 réðust Frakkar á Heidelberg í erfðastríðinu í Pfalz. Þeir eyðilögðu grafir kjörfurstanna í kórnum og rændu dýrgripum. Loks lokuðu þeir fólk inni í kirkjuna og kveiktu í. Í brunanum féllu kirkjubjöllurnar niður, ásamt hluta af burðarvirkinu. Þegar hliðarhurð var opnuð reyndi fólk að streyma út og tróðust þá margir undir. Viðgerðir á kirkjunni fóru fram 1698-1700 og fékk hún þá núverandi þak. 1709 fékk turninn svo núverandi þak. Meðan á viðgerðum stóð var ákveðið að skipta kirkjunni milli mótmælenda og kaþólikka. Settur var skilveggur milli skipsins og kórsins. Skipið var fyrir mótmælenda, en kaþólikkar notuðu kórinn. Skilveggur þessi var í kirkjunni allt fram til 1936, er nasistar fjarlægðu hann og gerðu kirkjuna að lúterskri kirkju. Kirkjan slapp að mestu við skemmdir í heimstyrjöldinni síðari. En þegar nasistar sprengdu gömlu brúna yfir Neckar, brotnuðu allir gluggar í kirkjunni í höggbylgjunni. Allir gluggar eru því nýir.

Grafir 
Ruprecht III var sá fyrsti sem lagður var til hvílu í kór kirkjunnar, 1410. Hann var þá bæði kjörfursti og konungur þýska ríkisins (sem Ruprecht I). Eftir það voru hinir ýmsu kjörfurstar lagðir þangað til hvílu, ásamt hinum ýmsu fjölskyldumeðlimum. Alls voru 54 grafir í kirkjunni. Stærsta og fegursta gröfin var fyrir kjörfurstann Ottheinrich. 1693 voru nánast allar grafir eyðilagðar af Frökkum, sem einnig rændu kirkjuna listmunum og verðmætum. Aðeins minningaplattinn fyrir kjörfurstann Ruprecht III (sem einnig var konungur þýska ríkisins) og eiginkonu hans slapp, enda úr málmi. Platti þessi er enn í kirkjunni í dag, en hefur verið færður til nokkrum sinnum.

Annað markvert 
 Engir listmunir frá miðöldum eru í kirkjunni í dag, þar sem allir slíkir eyðilögðust í brunanum 1693.
 Kirkjan hefur samtals átt 13 orgel. Nokkrir þekktir einstaklingar hafa leikið á orgel í kirkjunni. Má þar nefna Mozart 1763, Felix Mendelssohn Bartholdy 1837 og Albert Schweitzer nokkrum sinnum frá 1929-49.
 Kirkjan er gjarnan notuð fyrir tónleika í dag, sérstaklega orgel- og kórtónleika.
 1972 var kirkjan notuð fyrir rokktónleika hljómsveitarinnar Quintessence frá Englandi. Þeir nutu mikilla vinsælda hjá stúdentum og ungu fólki, en hneikslan hjá eldra fólki.

Heimildir 

Kirkjur í Þýskalandi
Heidelberg",Hver póstlagði safn kirkjubóka til páfans í Róm?,"{'answer_start': array([1206], dtype=int64), 'text': array(['Tilly'], dtype=object)}"
https://is.wikipedia.org/wiki/H%C3%A9ctor%20Castro,Héctor Castro,"Héctor Castro (f. 29. nóvember 1904 - d. 15. september 1960) var knattspyrnumaður og síðar þjálfari frá Úrúgvæ. Hann var í fyrsta sigurliði Úrúgvæ á HM 1930

Ævi og ferill

Héctor Castro fæddist í Montevideo árið 1904. Þrettán ára gamall missti hann framan af annarri höndinni í vélsagarslysi og var einhentur upp frá því. Það skapaði honum talsverða sérstöðu meðal knattspyrnumanna síns tíma og hlaut hann því viðurnefnið El Mancho eða „sá einhenti“.

Félagsliðaferill hans hófst leiktíðina 1923/24 með Nacional og í herbúðum þess liðs varð hann þrívegis úrúgvæskur meistari áður en hann lagði skóna á hilluna árið 1936. Landsliðsferill hans varð nálega jafnlangur. Hann lék sinn fyrsta landsleik árið 1926 og þann síðasta árið 1935. Leikirnir urðu alls 23 og í þeim skoraði Castro 15 mörk.

Héctor Castro var í liði Úrúgvæ sem varð Ólympíumeistari 1928 og skoraði í sigri liðsins gegn Þýskalandi í fjórðungsúrslitum. Hann var sömuleiðis meðal leikmanna í heimsmeistaraliði Úrúgvæ á heimavelli árið 1930. Þar skoraði hann fyrsta og eina markið gegn Perú í opnunarleik Estadio Centenario í Montevideo. Hann kom aftur við sögu í sjálfum úrslitaleiknum þar sem hann gulltryggði 4:2 sigur á Argentínu í blálokin.

Eftir að keppnisferlinum lauk hóf Héctor Castro þjálfun og varð margfaldur meistari með Nacional. Þá stýrði hann landsliði Úrúgvæ um tíma.

Heimildir 
 

Úrúgvæskir knattspyrnumenn",Hvaða dag dó Héctor Castro?,"{'answer_start': array([41], dtype=int64), 'text': array(['15. september 1960'], dtype=object)}"
https://is.wikipedia.org/wiki/Ferdinand%203.%20keisari,Ferdinand 3. keisari,"Ferdinand 3. (13. júlí 1608 – 2. apríl 1657) var keisari hins Heilaga rómverska ríkis frá 15. febrúar 1637 til dauðadags. Hann var elsti sonur Ferdinands 2. af ætt Habsborgara. 

Þegar Wallenstein var myrtur 1634 var Ferdinand gerður að herstjóra keisarahersins í Þrjátíu ára stríðinu og ásamt frænda sínum Ferdinand kardinála tókst honum að vinna sigur á sænska hernum í orrustunni við Nördlingen. Hann leiddi friðarviðræður keisaradæmisins við þýsku mótmælendafurstana 1635. Þegar hann tók við sem keisari hugðist hann reyna að semja um frið við Svía og Frakka en tókst ekki og stríðið hélt því áfram í ellefu ár. 1644 gaf hann þýsku furstadæmunum leyfi til að reka sjálfstæða utanríkisstefnu og minnkaði þannig völd keisarans í Þýskalandi. Vestfalíufriðurinn 1648 dró svo enn úr völdum hans með því að staðfesta að trú furstans væri trú ríkisins (cuius regio, eius religio) og staðfesti sjálfstæði Hollands, Sviss, Savoja, og ítölsku hertogadæmanna Mílanó, Genúu, Mantúu, Toskana, Lucca, Módena og Parma, frá keisaradæminu.

Keisarar hins Heilaga rómverska ríkis
Konungar Ungverjalands
Konungar Bæheims
Konungar Króatíu
Habsborgarar",Hvenær tók Ferdinand III við embætti keisara hins Heilaga rómverska ríkis?,"{'answer_start': array([90], dtype=int64), 'text': array(['15. febrúar 1637'], dtype=object)}"
https://is.wikipedia.org/wiki/Gu%C3%B0laugur%20%C3%9E%C3%B3r%20%C3%9E%C3%B3r%C3%B0arson,Guðlaugur Þór Þórðarson,"Guðlaugur Þór Þórðarson (fæddur 19. desember 1967) er alþingismaður Sjálfstæðisflokksins og núverandi umhverfisráðherra. Hann hefur setið á Alþingi fyrir Sjálfstæðisflokkinn í Reykjavík frá árinu 2003, var heilbrigðisráðherra 2007 – 2009 og utanríkisráðherra frá 2017 til 2021. 

Í aðdraganda þingkosninganna 2009 varð Guðlaugur að miðpunkti styrkjahneykslis sem skók Sjálfstæðisflokkinn. Í ljós kom að Guðlaugur hafði haft milligöngu um samtals 55 milljóna króna styrk frá FL Group og Landsbankanum til Sjálfstæðisflokksins nokkrum vikum áður en lög gengu í gildi sem bönnuðu slíkar styrkveitingar. Þá hafði hann þegið mun hærri upphæðir í styrki frá fyrirtækjum en aðrir frambjóðendur vegna þingkosninganna 2007.

Æviágrip 
Guðlaugur gekk í Menntaskólann á Akureyri og útskrifaðist þaðan árið 1987. Guðlaugur starfaði sem umboðsmaður hjá Brunabótafélagi Íslands í eitt ár frá 1988 – 1989. Svo hjá Vátryggingafélagi Íslands 1989 – 1993. Í eitt ár, frá 1996 – 1997, var hann kynningarstjóri hjá Fjárvangi, framkvæmdastjóri Fíns miðils, útvarpsfyrirtækis, næsta árið, 1997 – 1998, forstöðumaður hjá Fjárvangi/Frjálsa fjárfestingarbankanum á árunum 1998 – 2001 og loks forstöðumaður hjá tryggingadeild Búnaðarbanka Íslands 2001 – 2003.

Hann var í stjórn SUS á árunum 1987 – 1997, þar af formaður frá 1993. Hann lauk B.A.-prófi í stjórnmálafræði frá Háskóla Íslands árið 1996. Var borgarfulltrúi Sjálfstæðisflokksins í borgarstjórn Reykjavíkur 1998 – 2006.

Guðlaugur leiddi framboðslista Sjálfstæðisflokksins í Reykjavíkurkjördæmi norður í þingkosningunum árið 2007 og í Reykjavíkurkjördæmi suður í þingkosningunum 2009 en var felldur úr því sæti af kjósendum flokksins vegna útstrikana á kjördegi. Guðlaugur atti kappi við Illuga Gunnarsson um 1. sætið í prófkjöri sjálfstæðismanna sem haldið var 14. og 15. mars 2009 og tapaði þeim slag og hlaut annað sætið, sama sætið og hann vann í prófkjörsslag við Björn Bjarnason árið 2006, sem var leiðtogasæti í Reykjavíkurkjördæmi suður.

Styrkjahneyksli

Styrkveitingar til Guðlaugs 
Styrkveitingar til Guðlaugs voru  til umræðu í fjölmiðlum á árunum 2009 og 2010.
Hinn 4. júní 2010 upplýsti Guðlaugur um nöfn flestra styrktaraðilanna fyrir prófkjör Sjálfstæðismanna í Reykjavík 2006. Fyrir það prófkjör þáði Guðlaugur samtals 24,8 milljónir króna í styrki, þar af styrktu Baugur, FL Group og Fons Guðlaug um 2 milljónir hvert fyrirtæki. Voru styrkveitingarnar mun hærri en aðrir frambjóðendur til Alþingis höfðu þegið, en sá sem kom næst á eftir Guðlaugi, Sjálfstæðismaðurinn Illugi Gunnarsson, hafði þegið 14,5 milljónir.

Umsjón Guðlaugs með styrkveitingum til Sjálfstæðisflokksins 

Orðstír Guðlaugs beið einnig mikinn hnekki vegna aðkomu hans að styrkjamálinu svokallaða, sem upp kom um páskana 2009, hálfum mánuði fyrir alþingiskosningar. Í ljós kom að Guðlaugur Þór hafði í lok árs 2006 haft milligöngu um 30 milljón króna styrk frá FL Group og 25 milljón króna styrk frá Landsbankanum til Sjálfstæðisflokksins. Þótti málið koma Sjálfstæðisflokknum sérstaklega illa, því skömmu eftir styrktargreiðslurnar kom hann mjög við sögu í REI-málinu, en það hefði getað verið styrktaraðilunum verulega ábátasamt.

Guðlaugur Þór vék ekki sæti þrátt fyrir harðvítug átök innan Sjálfstæðisflokksins vegna styrkjamálsins. Hann féll um sæti vegna útstrikana á kjördegi 25. apríl 2009 og fór niður í annað sætið, á eftir Ólöfu Nordal.

Tilvísanir 
<div class=""references-small"">

Tengt efni 
 Bogamaðurinn ehf.

Tenglar 
 Alþingi - Æviágrip: Guðlaugur Þór Þórðarson
 Viðtal við Guðlaug, á Deiglan.com
 „Erum við að tapa?“, grein um jafnréttismál eftir Guðlaug í Morgunblaðinu frá 1996
 „Það sem máli skiptir“, grein eftir Guðlaug í Morgunblaðinu frá 1995
 „Hjá vondu fólki“, grein eftir Guðlaug í Morgunblaðinu frá 1998
 „Gefum ungu fólki tækifæri“, grein eftir Guðlaug og Áslaugu Magnúsdóttur í Morgunblaðinu frá 1997
 „Keypti ráðgjöf fyrir 24 milljónir“; af Rúv.is
 „Guðlaugur Þór: Ég óskaði ekki eftir styrk“; af Mbl.is 09.04.2009
 „Einn versti díll sem nokkur maður hefur gert“ , frétt í DV.is 1. mars 2012
 Mynd frá árunum í Mennaskólanum á Akureyri 2007 Guðlaugur Þór í Fjórði bekkur F. Hann er á miðri mynd.
 Veit fólk þetta um Guðlaug Þór?  , leiðari Inga Freys Vilhjálmssonar í Dv 7. september 2012

Borgarfulltrúar Sjálfstæðisflokksins
Heilbrigðisráðherrar Íslands
Íslenskir stjórnmálafræðingar
Stúdentar úr Menntaskólanum á Akureyri
Umhverfisráðherrar Íslands
Utanríkisráðherrar Íslands
Þingmenn Sjálfstæðisflokksins",Á hvaða tímabili gegndi Guðlaugur Þór embætti heilbrigðisráðherra?,"{'answer_start': array([226], dtype=int64), 'text': array(['2007 – 2009'], dtype=object)}"
https://is.wikipedia.org/wiki/Ingibj%C3%B6rg%20%C3%9Eorbergs,Ingibjörg Þorbergs,"Ingibjörg Kristín Þorbergs (25. október 1927 - 6. maí 2019) var íslenskt tónskáld, söngkona og dagskrárstjóri Ríkisútvarpsins. 

Ingibjörg fæddist í Reykjavík og voru foreldrar hennar þau Kristjana Sigurbergsdóttir húsmóðir og Þorbergur Skúlason, skósmíðameistari.

Menntun 
Ingibjörg lauk námi frá Tónlistarskólanum í Reykjavík með klarinettuleik sem aðalgrein árið 1952 og varð þar með fyrst íslenskra kvenna til að ljúka einlekaraprófi á blásturshljóðfæri. Samhliða klarinettunáminu stundaði hún einnig nám í hljómfræði, píanóleik og tónlistarsögu. Árið 1957 lauk hún tónmenntakennaraprófi frá Kennaraskólanum.

Störf og tónlistarferill 
Ingibjörg hóf störf hjá Ríkisútvarpinu árið 1946 og starfaði þar við ýmis störf allt til ársins 1985. Í fyrstu starfaði hún á innheimtadeild en árið 1949 varð hún dagskrárgerðarmaður í tónlistardeild útvarpsins. Hún hafði meðal annars umsjón með þættinum Óskalög sjúklinga, var aðstoðarþulur, stjórnaði barnatíma og hafði umsjón með fjölda viðtals- og tónlistarþátta ásamt því að sinna annarri dagskrárgerð. Ingibjörg var varadagskrárstjóri og dagskrárstjóri Rásar 1 frá 1981-1985. Auk þess að starfa við Ríkisútvarpið var hún meðal annars stundakennari við Miðbæjarskólann og Breiðagerðisskóla og starfaði einnig við blaðamennsku. Hún hóf að skrifa í barnablaðið Æskuna árið 1967 og ritaði þar gítarkennslugreinar sem nutu mikilla vinsælda. Hún sá einnig um tónlistargagnrýni fyrir Tímann og Vísi. 

Í æsku var Ingibjörg í barnakórnum Sólskinsdeildinni og söng í fyrsta skipti einsöng í útvarpi aðeins 12 ára gömul. Hún kom fyrst fram opinberlega á sviði um 1950 með hljómsveitunum Smárakvartettnum og Marz bræðrum og um svipað leyti tók hún upp listamannsnafnið Ingibjörg Þorbergs. Ingibjörg söng fyrst inn á hljómplötu árið 1953 og söng inn á fjölda hljómplatna á ferli sínum. Hún var meðal annars fyrsta íslenska konan til að syngja eigið sönglag inn á hljómplötu.

Meðal þekktra laga Ingibjargar eru til dæmis lag við Aravísur Stefáns Jónssonar og lag hennar við kvæði Kristjáns frá Djúpalæk, Hin fyrstu jól, sem var fyrsta íslenska jólalagið fyrir utan sálma, sem kom út á plötu en það var útgefið árið 1954.

Ingibjörg hlaut heiðursverðlaun Íslensku tónlistarverðlaunanna árið 2003 og var sæmd riddarakrossi Hinnar íslensku fálkaorðu árið 2008 fyrir framlag sitt til íslenskrar tónlistar.

Tilvísanir 
Fólk fætt árið 1927
Fólk dáið árið 2019
Íslensk tónskáld
Íslenskar söngkonur
Íslenskir útvarpsmenn
Íslenskar konur
Handhafar riddarakross Hinnar íslensku fálkaorðu

Tenglar 

 Glatkistan",Á hvaða tegund hljóðfæris lauk Ingibjörg tónmenntaprófi sínu frá Tónlistarskólanum í Reykjavík?,"{'answer_start': array([333], dtype=int64), 'text': array(['klarinettuleik'], dtype=object)}"
https://is.wikipedia.org/wiki/%C3%93lafur%20Einarsson,Ólafur Einarsson,"Ólafur Einarsson um 1573 – 1651 var skáld og prestur í Kirkjubæ í Hróarstungu. Sennilega fæddur í Nesi í Aðaldal. Foreldrar hans voru Einar Sigurðusson prestur og skáld í Eydölum (Heydölum) og seinni kona hans, Ólöf Þórarinsdóttir.

Ólafur lærði fyrst í Hólaskóla (frá 1589) en frá 1589 í Skálholtsskóla. Fór utan 1594, var skráður í stúdentatölu í háskólanum í Kaupmannahöfn 26. október sama ár. Þar var hann í 4 ár, var heyrari í Skálholti 1598-1600, en rektor þar 1600-1608, fékk þá Kirkubæ í Hróarstungu og tók þá við prestþjónustu þar, en var afhentur staðurinn árið 1609 og hélt til æviloka. Ólafur var prófastur í Múlaþingi frá 1609 til æviloka, en hann er enn á lífi 22. ágúst 1651. Hann var blindur síðustu æviár sín. Ólafur er eitt hinna austfirsku skálda.

Ólafur Einarsson var talinn með lærðustu mönnum sinnar tíðar, hann var og höfuðskáld á sinni tíð og er prentuð eftir hann kvæðin Árgali í Litlu vísnabók 1757 og 1839, fáeinir sálmar í Vísnabók 1612 og 1748, Litlu vísnabók 1757 og 1839, í sálmabókum 1619 og síðar og í Höfuðgreinabók 1772, en flest er varðveitt eftir hann í handritum. (Páll Eggert Ólason 1951: 37.)

Ólafur Einarsson ""var í röð fremstu skálda á sinni tíð, orti trúarljóð og sálma af meiri formfágun en tíðkazt hafði eftir siðaskipti, einnig kröftugar heimsádeilur. Kveðskapur hans er að mestu óútgefinn, nokkuð er þó prentað í Vísnabók Guðbrands biskups 1612, og Lítilli sálma og vísnabók Hálfdanar Einarssonar 1757, einnig í sálmasöngsbókum síðar (2 sálmar frumkveðnir eru í sálmabókinni 1972). Sjá og t.d. Íslands þúsund ár, 1947."" (Hannes Pétursson og Helgi Sæmundsson 1976: 18.)

Mynd af honum, konu hans og börnum er í Þjóðminjasafni.

Kona Ólafs (gift 1608) var Kristín, dóttir Stefáns Gíslasonar prests í Odda. Hún lifði mann sinn.

Börn þeirra voru:

 Eiríkur, prestur í Kirkjubæ.
 Stefán, prestur, prófastur og skáld í Vallanesi.
 Jón.
 Margrét, átti Jón Gissurarson prest að Múla.
 Þorgerður.
 Kristín, átti Guðmund Bjarnason prest á Grenjaðarstöðum.
 Guðný.
 Guðrún, átti Eyjólf Bjarnason prest á Kolfreyjustað og síðar Kolbein Einarsson í Tungu í Fáskrúðsfirði.
 Helga.
 Margrét yngri.
 Þórdís (að sumir telja).

Heimild 
 Hannes Pétursson og Helgi Sæmundsson (1976): Íslenzkt skáldatal m-ö. (Alfræði Menningarsjóðs.) Bókaútgáfa Menningarsjóðs og Þjóðvinafélagsins. Reykjavík.
 Páll Eggert Ólason (1951): Íslenzkar æviskrár frá landnámstímum til ársloka 1940. (IV. bindi.) Hið íslenzka bókmenntafélag. Reykjavík.
 Þórarinn Friðjónsson (1983): Af þraut réð þjóð sér barma. Um ádeilukvæði eftir séra Ólaf Einarsson í Kirkjubæ. Óútgefin BA ritgerð í íslensku, varðveitt á Landsbókasafni Íslands - Háskólabókasafni. Háskóli Íslands. Reykjavík.

Íslensk skáld",Hver var pabbi Ólafs Einarssonar?,"{'answer_start': array([134], dtype=int64), 'text': array(['Einar Sigurðusson'], dtype=object)}"
https://is.wikipedia.org/wiki/Frj%C3%A1lslyndi%20flokkurinn%20%28Bretland%29,Frjálslyndi flokkurinn (Bretland),"Frjálslyndi flokkurinn (Liberal Party á ensku) var stjórnmálaflokkur sem var einn af tveimur stærstu flokkum Bretlands á nítjándu öld og byrjun tuttugustu aldar.

Flokkurinn varð til á sjötta áratug 19. aldar með bandalagi Vigga, stuðningsmanna Roberts Peel sem studdu verslunarfrelsi og róttæklinga sem voru hlynntir hugsjónum bandarísku og frönsku byltinganna. Í lok 19. aldar hafði Frjálslyndi flokkurinn myndað fjórar ríkisstjórnir undir forsæti Williams Ewart Gladstone. Þótt flokkurinn væri klofinn í afstöðu sinni til írskrar heimastjórnar vann hann stórsigur í kosningum árið 1906 og myndaði ríkisstjórn á ný.

Frjálslyndi flokkurinn kom á ýmsum umbótum sem lögðu grunn að bresku velferðarríki. Formaður Frjálslyndra, H. H. Asquith, var forsætisráðherra Bretlands frá 1908 til 1916. Við honum tók annar frjálslyndismaður, David Lloyd George, frá 1916 til 1922. Þótt Asquith væri formaðurinn var Lloyd George jafnan mesti áhrifamaðurinn innan flokksins. Asquith var um megn að gegna embætti forsætisráðherra þjóðstjórnar á meðan á fyrri heimsstyrjöldinni stóð og því tók Lloyd George við af honum í lok ársins 1916. Asquith var þó áfram formaður Frjálslyndra. Þeir Lloyd George kepptust um völd innan flokksins næstu árin og grófu mjög undan áhrifum flokksins með þessum innanflokksdeilum. 

Íhaldsflokkurinn var í lykilhlutverki í ríkisstjórn Lloyd George og Íhaldsmenn drógu loks stuðning sinn við hann til baka árið 1922. Í lok þriðja áratugarins hafði Verkamannaflokkurinn velt Frjálslyndum úr sessi sem helsti keppinautur Íhaldsflokksins. Frjálslyndi flokkurinn beið fylgishrun frá árinu 1918 og á sjötta áratugnum vann flokkurinn ekki fleiri en sex þingsæti í kosningum. Fyrir utan minniháttar sigra í aukakosningum batnaði gæfa Frjálslynda flokkinn ekki fyrr en hann gekk í bandalag við Jafnaðarmannaflokkinn árið 1981. Í kosningum ársins 1983 hlaut bandalagið um fjórðung greiddra atkvæða en þó aðeins 23 af 630 þingsætum þar sem það gaf kost á sér. Árið 1988 sameinuðust Frjálslyndir og Jafnaðarmenn og stofnuðu flokk Frjálslyndra demókrata.

Tilvísanir

Breskir stjórnmálaflokkar
Stofnað 1859
Lagt niður 1988",Hver var öflugasta persóna Frjálslynda flokksins?,"{'answer_start': array([836], dtype=int64), 'text': array(['Lloyd George'], dtype=object)}"
https://is.wikipedia.org/wiki/Forskriftarvandinn,Forskriftarvandinn,"Forskriftarvandinn er vandi í siðspeki sem skoski heimspekingurinn David Hume vakti fyrst athygli á í riti sínu Ritgerð um mannlegt eðli. Hann veitti því athygli að margir tala um það sem ætti að vera á grundvelli fullyrðinga um það sem er. Það er að segja, þeir reyna að leiða gildisdóma af staðreyndum. En það viðist vera mikilvægur munur á lýsandi fullyrðingum (um það sem er, þ.e. um staðreyndir) annars vegar og á forskriftum (fullyrðingum um það sem ber) hins vegar.

Ef það er, til dæmis, staðreynd að skurðaðgerð geti eða jafnvel muni bjarga lífi manns, þá leiðir ekki af þeirri staðreynd að maður ætti að gangast undir aðgerðina. Til þess að komast að þeirri niðurstöðu þar að gefa sér gildisdóm sem forsendu í röksemdafærslunni, svo sem að lífið sé þess virði að því sé lifað. Ef maður gefur sér á hinn bóginn að lífið sé ekki þess virði að því sé lifað leiðir alls ekki af forsendunum að maður ætti að gangast undir aðgerðina enda þótt það sé óvefengjanleg staðreynd að aðgerðin muni bjarga lífi manns. 

Hume varar við því að breyta umræðuefninu á þennan hátt og fara að tala um hvernig eitthvað ætti að vera á grundvelli þess hvernig eitthvað er án þess að útskýra fyrst hvernig forskriftirnar eigi að leiða af staðhæfingum um staðreyndir.

En er hægt að fara að því að leiða „ber“ (forskriftir og gildi) af „er“ (staðreyndum)? Þessi spurning er nú miðlæg í siðfræðilegri orðræðu. Hume er venjulega eignuð sú skoðun það sé ekki hægt að leiða forskriftir eða gildi af staðreyndum. (Aðrir túlka Hume á þann veg að hann sé ekki að segja að það sé ekki hægt að leiða siðferðilegar staðhæfingar af staðhæfingum um staðreyndir, heldur að það sé ekki hægt að gera það nema á grundvelli mannlegs eðlis, þ.e. með hliðsjón af mannlegum tilfinningum.) Hume er sennilega einn fyrsti hugsuðurinn sem gerir skýran greinarmun á staðhæfingum um staðreyndir annars vegar og gildi hins vegar. Greinarmunurinn liggur nú til grundvallar félagsvísindunum. Enski heimspekingurinn G.E. Moore varði áþekka kenningu í upphafi 20. aldar með gagnrýni sinni á hluthyggju um gildi.

Tilvísanir

Heimildir og frekara lesefni 
 Searle, John R., „How to Derive 'Ought' From 'Is'“, Philosophical Review 73 (1964): 43-58.
 Searle, John R., The construction of social reality (New York: Free Press, 1995).

Siðfræði
Siðspeki",Hver setti fram svipaða hugmyndafræði og Hume snemma á 20. öld?,"{'answer_start': array([1971], dtype=int64), 'text': array(['G.E. Moore'], dtype=object)}"
https://is.wikipedia.org/wiki/Emb%C3%A6ttismissir%20%28Bandar%C3%ADkin%29,Embættismissir (Bandaríkin),"Bandaríska löggjafarvaldið hefur getu til að kæra opinbera starfsmenn fyrir brot í starfi, og kallast það embættismissir (e. impeachment). Í stjórnarskránni má finna ákvæði um embættismissi þar sem tryggð réttindi til þess að ákæra fyrir afglöp opinberra aðila í starfi. Samkvæmt henni eru brot sem gætu leitt til ákæru til embættismissis landráð, mútur og aðrir glæpir hvort sem er minni- eða meiriháttar. Meiriháttar brot og minniháttar glæpir hefur síðan verið túlkað sem almenn lögbrot, misnotkun á valdi, brot á almennu trausti eða annað sem meirihluti fulltrúadeildar telur brot miðað við aðstæður. 

Embættismissisferlið er bæði til á vettvangi fylkja þar sem ríkisstjórar og aðrir opinberir starfsmenn fylkja geta verið ákærðir og svo á vettvangi alríkisins þar sem forsetar og aðrir embættismenn hins opinbera eru ákærðir.

Ferli embættismissis alríkisins 
Það að reka opinberan embættismann úr starfi í Bandaríkjunum er gert í tveim skrefum: Fyrst er lögð fram ákæra til embættismissis af fulltrúadeildinni og síðan þarf sakfellingu í öldungadeild þingsins.

Fulltrúadeildin ein hefur völd til þess að ákæra embættismenn til embættismissis. Þegar til ákæru kemur hefur dómsmálanefnd (e. judicial committee) fulltrúadeildarinnar opinbera rannsókn á málinu og hún ákveður síðan hvort ástæða er til ákæru og af hverju. Ef ákveðið er að halda áfram með ákæruna taka við umræður og kosningar um hverja grein ákærunnar í fulltrúadeildinni. Viðkomandi er svo ákærður fyrir þær greinar sem meirihluti næst fyrir.

Þá fara fram réttarhöld sem öldungadeildin sér um þar sem sakfelling með 2/3 meirihluta er nauðsynleg ef reka á viðkomandi úr embætti. Varaforsetinn stýrir öldungadeildinni í öllum embættismissismálum nema þegar um er að ræða forseta en þá er það forseti hæstaréttar sem stýrir réttarhöldunum. Þetta er gert þar sem varaforsetinn hefur of mikilla hagsmuna að gæta þar sem hann yrði næsti forseti ef forsetinn yrði settur af. Embættismissisréttarhöld er ekki ósvipaður hefðbundnum réttarhöldum í Bandaríkjunum þar sem kviðdómur dæmir. Í embættismissisréttarhöldum eru öldungadeildarþingmenn kviðdómur en nokkrir aðilar eru valdir úr fulltrúadeildinni til að starfa sem saksóknarar í málinu. Viðkomandi embættismaður sem ákærður hefur verið er síðan með eigin verjendur. Komi til sakfellingar í öldungadeildinni er viðkomandi sjálfkrafa vísað úr embætti. Öldungadeildin getur einnig kosið um hvort banna eigi viðkomandi að starfa á opinberri skrifstofu í framtíðinni en þá þarf aðeins einfaldan meirihluta.

Saga embættismissis 
Ákvæði um embættismissi má finna í stjórnarskrá Bandaríkjanna frá árinu 1789. Það var Benjamin Franklin sem einna fyrstur mælti fyrir mikilvægi þess að koma á ákveðnu ferli til þess að víkja opinberum starfsmönnum úr starfi en hann taldi það heppilegra að til væri opinbert ferli til að reka fólk úr embætti fremur en að myrða það sem sögulega hefði verið notað til þess að losna við ýmsa embættismenn.

Mál 
Nítján embættismenn hafa verið kærðir til embættismissis en af þeim voru aðeins sjö sakfelldir. Meirihluti þeirra sem ákærðir eru til embættismissis eru alríkisdómarar eða fimmtán en allir þeir sem sakfelldir hafa verið voru alríkisdómarar. Aðrir sem ákærðir hafa verið eru þrír forsetar, ritari framkvæmdavalds (e. Cabinet secretary) og öldungadeildaþingmaður. Meðal þess sem ákært hefur verið fyrir er landráð, hlutdrægni í dómskerfinu, meinsæri, drykkjuskap og ólögmæta úrskurði, mútur og skattalagabrot.

Þrátt fyrir að fjórum sinnum hafi bandarískir forsetar á einn eða annan hátt komið við sögu embættismissis hefur enginn þeirra verið sakfelldur. 

Meðal þeirra sem forseta sem hafa komið við sögu embættismissis er John Tyler, Bandaríkjaforseti árin 1841–1845. Fulltrúadeildin lagði fram tillögu um að ákæra hann vegna máls er tengdist fylkisréttindum (e. state‘s rights issues) en tillagan var felld. 

Andrew Johnson, Bandaríkjaforseti á árunum 1865–1869, var ákærður þegar þingið taldi hann hafi brotið lög um fastráðningu embættismanna (e. Tenure of office act)  en hann var sýknaður í öldungadeildinni þar sem munaði einungis einu atkvæði og sat hann því áfram. 

Fulltrúadeildin var að ræða það að ákæra Richard Nixon, Bandaríkjaforseta frá 1969 til 1974, þegar hann sagði af sér frekar en að verða kærður til embættismissis. 

Bill Clinton, Bandaríkjaforseti 1993–2001, var ákærður af fulltrúadeildinni fyrir að bera ljúgvitni og fyrir að hindra réttvísina í hneykslismáli tengdu Monicu Lewinsky. Clinton var hins vegar sýknaður í öldungadeildinni.

Þann 24. september árið 2019 tilkynnti Nancy Pelosi, forseti fulltrúadeildar Bandaríkjaþings úr Demókrataflokknum, að fulltrúadeildin hygðist hefja formlegt ákæruferli gegn Donald Trump Bandaríkjaforseta vegna gruns um að hann hefði framið embættisbrot. Tilefnið var uppljóstrun um að Trump hefði þrýst á Volodimír Selenskij, forseta Úkraínu, til að fá úkraínsk stjórnvöld til að hefja rannsóknir á málum tengdum Joe Biden, fyrrum varaforseta Bandaríkjanna, og syni hans, Hunter Biden, sem stýrði gasfyrirtæki í Úkraínu á forsetatíð Baracks Obama. Fyrir símtal þeirra Selenskij hafði Trump gefið fyrirmæli um að stöðva greiðslu hundrað milljóna dollara hernaðaraðstoðar til Úkraínu. Fulltrúadeildin lagði formlega fram kæru gegn Trump þann 19. desember 2019. Öldungadeild Bandaríkjaþings, þar sem Repúblikanar voru í meirihluta, sýknaði Trump af ákærunni þann 5. febrúar 2020.

Trump var aftur ákærður fyrir embættisglöp þann 13. janúar árið 2021, þegar hann átti aðeins viku eftir í embætti. Ástæða kærunnar var ásökun um að Trump hefði egnt stuðningsmenn sína til að ráðast á Bandaríkjaþing þann 6. janúar sama ár. Trump er eini forseti Bandaríkjanna sem hefur verið kærður til embættismissis oftar en einu sinni. Réttarhöldum hans lauk ekki fyrr en eftir að kjörtímabili hans lauk, og var Trump þá aftur sýknaður af öldungadeild Bandaríkjaþings. Í þetta skipti kusu 57 þingmenn gegn Trump en 43 á móti, en tvo þriðju þingmanna þarf til að sakfella embættismann fyrir embættismissisréttarhöldum.

Tilvísanir

Heimildir

Tenglar
 A Short History of Impeachment
 Impeachment in the United States
 Tenure of Office Act
 Impeachment: The Unthinkable Process 

Bandarísk stjórnmál
Lögfræði",Hver sagði upp starfi sínu í stað þess að horfast í augu við ákæru um embættisafglöp?,"{'answer_start': array([4170], dtype=int64), 'text': array(['Richard Nixon'], dtype=object)}"
https://is.wikipedia.org/wiki/Vlad%C3%ADm%C3%ADr%20Zh%C3%ADr%C3%ADnovsk%C3%ADj,Vladímír Zhírínovskíj,"Vladímír Volfovítsj Zhírínovskíj (25. apríl 1946 – 6. apríl 2022), einnig þekktur undir gælunafninu Zhírík, var rússneskur stjórnmálamaður. Frá falli Sovétríkjanna og stofnun rússneska sambandsríkisins var Zhírínovskíj helsti leiðtogi öfgahægrimanna og öfgaþjóðernissinna í rússneskum stjórnmálum. Hann bauð sig margsinnis fram til embættis forseta Rússlands og var lengi leiðtogi Frjálslynda lýðræðisflokksins á rússnesku ríkisdúmunni.

Zhírínovskíj var þekktur fyrir herskáa orðræðu gegn Vesturlöndum og fyrir ögrandi ummæli gegn ýmsum ríkjum. Meðal annars stakk hann upp á því að réttast væri að breyta Íslandi í fanganýlendu fyrir alla Evrópu. Þrátt fyrir að vera stjórnarandstæðingur að nafninu til var Zhírínovskíj í seinni tíð talinn eiginlegur bandamaður Vladímírs Pútín Rússlandsforseta og studdi stjórnarstefnu Pútíns í flestum málefnum.

Æviágrip
Vladímír Zhírínovskíj fæddist árið 1946 í Almaty í þáverandi kasaska sovétlýðveldinu. Móðir hans var rússnesk en faðir hans var úkraínskur Gyðingur. Zhírínovskíj gerði jafnan lítið úr ætterni föður síns og var vanur að segja: „Móðir mín var rússnesk en faðir minn var lögfræðingur.“ Eftir að upplýsingar um faðerni Zhírínovskíj voru gerðar opinberar á tíunda áratugnum hafnaði hann því í sjö ár að hann væri kominn af Gyðingaættum. Zhírínovskíj hafði þá lengi lofað Hitler og sagt Gyðinga sjálfa bera ábyrgð á Helförinni.

Zhírínovskíj bauð sig fram til forseta Rússlands í fyrsta skipti árið 1991 og hlaut þar um sex milljónir atkvæða og lenti í þriðja sæti, sem gerði hann að þekktum stjórnmálamanni í Rússlandi. Hann átti eftir að bjóða sig fram í öllum forsetakosningum Rússlands það sem hann átti eftir ólifað að undanskildu árinu 2004, en náði aldrei eins góðum árangri og við fyrstu atrennu sína.

Árið 1990 stofnaði Zhírínovskíj Frjálslynda lýðræðisflokkinn. Í aðdraganda þingkosninga sem haldnar voru í Rússlandi árið 1993 fór hann yfir stefnu flokksins og sagði hana vera „þjóðernissósíalisma“ (þ.e. blöndu af þjóðernishyggju og sósíalisma) en gerði greinamun á henni og á „Hitlerisma.“ Zhírínovskíj varð talsmaður þess að Rússar endurheimtu öll landsvæði sem áður hefðu heyrt undir Rússaveldi, meðal annars Eystrasaltslöndin, Úkraínu og Hvíta-Rússland. Hann sagðist hafa metnað til að færa landamæri Rússlands aftur í það horf sem þau voru árið 1865, þegar Rússland réði yfir svæðum á borð við Finnlandi, Póllandi og Alaska, auk þess sem Zhírínovskíj sagðist vilja að Rússland innlimaði japönsku eyjuna Hokkaidō.

Frjálslyndi lýðræðisflokkurinn vann óvæntan sigur í þingkosningunum 1993. Flokkurinn hlaut um fjórðung atkvæða og varð stærsti flokkurinn á rússnesku ríkisdúmunni. Zhírínovskíj varð þannig um skeið einn sýnilegasti rússneski stjórnarandstæðingurinn á forsetatíð Borisar Jeltsín.

Zhírínovskíj sagðist vilja bæta úr glæpavandamáli í Rússlandi með því að gera landið að gamaldags „lögregluríki“. Þannig yrði landinu stjórnað af þeirri festu sem myndi tryggja „sannkallað lýðræði.“ Hann sagðist vilja að rússneski herinn teldi til sín 3,5 milljónir hermanna og lögreglusveitir yrðu skipaðar tveimur milljónum manna. Zhírínovskíj sá fyrir sér heimsskipan þar sem heiminum yrði skipt í þrenn áhrifasvæði þar sem aðeins Rússland, Bandaríkin og Atlantshafsbandalagið fengju að hafa starfræka heri og rússneska, enska og franska yrðu einu opinberu mál heimsins. Þá yrðu rúblan, Bandaríkjadalurinn og evran einu gjaldmiðlarnir. Zhírínovskíj stakk jafnframt upp á því að Kína yrði skipt upp í sex ríki til að draga úr hættu sem hann sagði stafa af landinu. Meðal annarra ummæla sem Zhírínovskíj lét falla var að nauðsynlegt kynni að vera að varpa kjarnorkusprengjum á Japan og drekkja Þýskalandi í geislavirkum úrgangi.

Á fyrsta áratugi 21. aldar var Zhírínovskíj um skeið varaforseti rússneska þingsins. Hann vakti athygli í því embætti árið 2005 þegar hann lenti í slagsmálum við þingmann í öðrum flokki í beinni sjónvarpsútsendingu.

Í seinni tíð gagnrýndi Zhírínovskíj hinsegin fólk í auknum mæli og studdi við lagasetningar stjórnar Vladímírs Pútín sem bönnuðu „áróður samkynhneigðra.“ Þegar austurríski hinsegin söngvarinn Conchita Wurst vann Söngvakeppni evrópskra sjónvarpsstöðva 2014 lýsti Zhírínovskíj því yfir að niðurstaða keppninnar markaði „endalok Evrópu.“

Zhírínovskíj lést í apríl árið 2022. Hann hafði smitast af Covid-19 árið áður en hélt því fram að hann hefði látið sprauta sig átta sinnum á móti veikinni. Í desember árið áður hafði Zhírínovskíj spáð fyrir það nánast upp á dag hvenær Rússar myndu hefja innrás í Úkraínu.

Tilvísanir

Frambjóðendur til embættis forseta Rússlands
Rússneskir stjórnmálamenn",Hver var pabbi Zhírínovskíj?,"{'answer_start': array([986], dtype=int64), 'text': array(['úkraínskur Gyðingur'], dtype=object)}"
https://is.wikipedia.org/wiki/%C3%9Ealsv%C3%B6run,Þalsvörun,"Þalsvörun á við um eiginleika þals sumra fléttna til að breyta um lit þegar það kemst í snertingu við ákveðin efnasambönd. Þalsvörun er mikilvægt greiningareinkenni fyrir fléttutegundir því hún gefur mjög góða vísbendingu um það hvaða virku efni fléttan inniheldur. Mismunandi fléttutegundir geta því gefið mismunandi þalsvörun við sömu efnum og jafnvel getur svörunin verið mismunandi milli vefjagerða innan sama einstaklings.

Efnin sem notuð eru við athugun á þalsvörun eru margbreytileg. Á Íslandi hefur Hörður Kristinsson mest notast við fimm efni eða efnablöndur: Kalíumhýdroxíð (K), Calsíumoxíðklóríð (C), blöndu af kalíumhýdroxíði og calsíumoxíðklóríði (KC), paraphenýldíamín (P) og kalíumjoðíð (J).

Stundum endurkastar þalið ákveðnum bylgjulengdum ljóss, til dæmis útfjólubláu ljósi. Hægt er að hafa upplýsingar um slíkt með í þalsvörun. Um fléttu sem endurkastar útfjólubláu ljósi sem hvítu ljósi mætti því lýsa sem UV+ hvítt.

Dæmi um þalsvaranir
 Þalsvörun fjallagrasa er K-, C-, KC- P+ rauð eða P-.
 Þalsvörun hraunbreyskju er K+ gult, C-, KC- og P+ laxagult.
 Þalsvörun skútagrýtu er K-, C-, KC- og P-.
 Þalsvörun viðarkúpu er K-, C-, KC-, P+ rauðgult.
 Þalsvörun tindanafla er K-, C-, KC+ rauð, P-.
 Í birkimerlu er þalsvörunin K- en askhirlsurnar litast K+ rauðar.
 Gráfleiðra endurkastar útfjólubláu ljósi. Hún hefur þalsvörunina K-, C-, KC-, P-, UV+ bláhvítt (miðlag og hraufur).

Tilvísanir

Fléttur",Af hverju skiptir þalsvörun máli við flokkun fléttutegunda?,"{'answer_start': array([186], dtype=int64), 'text': array(['því hún gefur mjög góða vísbendingu um það hvaða virku efni fléttan inniheldur'],
      dtype=object)}"
https://is.wikipedia.org/wiki/Norr%C3%A6na%20h%C3%BAsi%C3%B0,Norræna húsið,"Norræna húsið er stofnun hýst í samnefndu húsi í Vatnsmýrinni í Reykjavík, sem á að stuðla að samvinnu og efla tengsl Íslands og hinna Norðurlandanna. 

Byggingin var hönnuð af finnska arkitektinum Alvar Aalto, fullbyggð 1968 og opnuð almenningi þann 24. ágúst sama ár. Þar má finna bókasafn, veitingastaðinn AALTO Bistro og sali, sem leigðir eru til sýninga-, ráðstefnu- og fundahalda — auk ýmissa annara viðburða allan ársins hring. Húsið er opið alla daga vikunnar og almennt enginn aðgangseyrir að neinum viðburðum sem Norræna húsið sjálft stendur fyrir. Rekstur hússins er greiddur sameiginlega af Norrænu ráðherranefndinni.  

Norræna húsið er bæði bakhjarl og þátttakandi í helstu menningarviðburðum Íslands svo sem Kvikmyndahátíðinni í Reykjavík, Bókmenntahátíð Reykjavíkur, Iceland Airwaves, Listahátíð Reykjavíkur og Norræna tískutvíæringnum en Norræna húsið átti frumkvæðið að þeim viðburði. Fram að þessu hefur Norræna húsið einnig skipulagt og haft frumkvæði af margvíslegum menningarviðburðum og sýningum.

Bókasafn Norræna hússins er stærst sinnar tegundar á Norðurlöndum. Þar er að finna bækur og blöð á sjö norrænum málum: dönsku, finnsku, færeysku, grænlensku, norsku, samísku og sænsku. Þar er einnig hægt að fá lánaðar hljóðbækur og DVD-myndir og hlaða niður rafbókum í gegnum heimasíðu safnsins. Í safninu er einnig Artótek með grafíkmyndum eftir norræna listamenn, sem hægt er að fá að láni. Barnahellir í bókasafninu er sérsniðinn að þörfum yngri kynslóðarinnar og fjölskyldum þeirra.

Á fyrstu árum Norræna hússins voru kennslustundir í húsinu hjá nemendum við Háskóla Íslands sem lærðu norræn tungumál.

Forstjóri Norræna hússins síðan 2. janúar 2019 er Sabina Westeholm. 

Í kjölfar Alþingiskosninga vorið 2009 fóru viðræður um myndun ríkisstjórnar Samfylkingar og Vinstrihreyfingarinnar - græns framboðs fram í Norræna húsinu.

Tengt efni 
 Norðurlandahúsið í Færeyjum.
 Norræna ráðherranefndin
 Norræna stofnunin í Finnlandi
 Barna- og unglingabókmenntaverðlaun Norðurlandaráðs

Tengill 
 Heimasíða Norræna hússins 
 Heimasíða AALTO Bistro

Tilvísanir

Norðurlönd
Íslenskar ríkisstofnanir
Byggingar í Reykjavík
Norræna ráðherranefndin",Hvenær tók Sabina Westeholm við sem forstjóri Norræna hússins?,"{'answer_start': array([1661], dtype=int64), 'text': array(['2. janúar 2019'], dtype=object)}"
https://is.wikipedia.org/wiki/Engey%20%28Kollafir%C3%B0i%29,Engey (Kollafirði),"Engey er næststærsta eyjan í Kollafirði á eftir Viðey. Þar er nú viti sem var reistur árið 1902 en áður fyrr var búið í eynni og var þar oft margbýli. Elstu heimildir um byggð í Engey eru í Njálu. Í eynni var kirkja frá 1379 til 1765. Ríkið keypti eyjuna af síðasta ábúandanum (Sigurði Gíslasyni frá Hamraendum) eftir stríð. Eignarhaldið var síðan flutt til borgarinnar 1978. Engey er 1500 m löng, 400 metra breið og um 0,4 km2 að flatarmáli.

Á 19. öld voru skipasmiðir úr Engey þekktir og svokallað Engeyjarlag á bátum varð algengasta bátalagið um allan Faxaflóa. Fremstur þessara skipasmiða var Kristinn Magnússon, sem smíðaði 220 skip og báta á árunum 1853-1875. Hann þróaði einnig seglabúnað sem varð almennur á Faxaflóasvæðinu og stundaði þilskipaútgerð í félagi við Geir Zoëga og fleiri. Búið var í eynni til 1950. Öll hús í eynni voru brennd árið 1966, enda þá grautfúin og að falli komin. 

Við eyjuna er kennd Engeyjarættin, afkomendur Snorra Sigurðssonar ríka, sem bjó mjög lengi í eynni og lést þar hátt á níræðisaldri árið 1841. Til hennar heyrir til dæmis Bjarni Benediktsson, sem var forsætisráðherra frá 1963 til 1970, Björn Bjarnason, fyrrverandi ráðherra og Ragnhildur Helgadóttir fyrrverandi ráðherra. 

Nokkrar hernaðarminjar eru í Engey en á árum heimsstyrjaldarinnar síðari voru þar reist virki til að verja innsiglinguna í Reykjavíkurhöfn. Þar er meðal annars neðanjarðarstjórnstöð. Minjarnar þar eru betur varðveittar en víða annars staðar vegna þess að eyjan fór í eyði fljótlega eftir að stríðinu lauk.

Í sveig út frá suðurodda eyjarinnar liggur langt sker, Engeyjarboði, sem sjór rétt flýtur yfir á fjöru. Ljósbauja gegnt Reykjavíkurhöfn merkir enda boðans.

Síðasta fjölskyldan sem bjó í Engey var fjölskylda Valdemars Guðmundssonar og Öllu konu hans. Alla var gælunafn. Börnin þeirra eru Guðmundur Valdimarsson, Björn sonur Öllu, Haraldur sonur hjóna Ragna og Sigurður alsystkyn Halla.þau fluttu í land 1958 og varð Valdemar yfirfangavörður á Skólavörðustíg 9 fram yfir 1976. Þess má til gamans geta að Valdi lék í mynd Óskars Gíslasonar  Bakkabræður ásamt Skarphéðni Össurarsyni föður Össurar.

Tenglar 
 Engey brosir á móti þér; grein í Lesbók Morgunblaðsins 2001
 Stríðsminjar í Engey; grein í DV 1994

Eyjar við Ísland
Íslensk eyðibýli
Örnefni í Reykjavík",Hvaða ár var byggður vitinn á Engey?,"{'answer_start': array([91], dtype=int64), 'text': array(['1902'], dtype=object)}"
https://is.wikipedia.org/wiki/532,532,"532 var 32. ár 6. aldar sem hófst á fimmtudegi samkvæmt júlíska tímatalinu. Á þeim tíma var það þekkt innan Rómaveldis sem ræðismannsár Lampadiusar og Probusar eða  sem árið 1285 ab urbe condita.

Atburðir
 11. janúar - Nika-óeirðirnar í Konstantínópel áttu sér stað.
 23. febrúar - Justinianus 1. keisari fyrirskipaði byggingu kirkjunnar Ægisif.
 September - Justinianus 1. undirritaði friðarsamning við Kosrá 1. Persakonung sem batt enda á Íberíustríðið.

Ódagsettir atburðir
 Frankar, undir stjórn Kildeberts 1. og Klóþars 1., réðust á Búrgund.
 Xiao Wu Di tók við sem keisari Norður-Wei við sjálfsmorð An Ding Wang.
 Kóreska konungsríkið Silla lagði undir sig borgríkið Geumgwan Gaya.
 Anno Domini-ártalið var notað í fyrsta sinn.

Fædd
 Áedán mac Gabráin konungur Dál Riata í Skotlandi.
 Guntram, konungur í Búrgund.
 Marius Aventicensis, biskup í Aventicum (d. 596).
 Xiao Mohe, herforingi fyrir Chen-veldið og Sui-veldið.

Dáin
 3. mars - Heilagur Winwaloe, stofnandi klaustursins í Landévennec (f. um 460).
 17. október - Bónifasíus 2. páfi.
 An Ding Wang, keisari Norður-Wei.
 Chang Guang Wang, keisari Norður-Wei.
 Guntheuc, Búrgundaprinsessa.
 Flavíus Hypatíus, ræðismaður í Konstantínópel (tekinn af lífi).
 Jie Min Di, keisari Norður-Wei.
 Pompeius, ræðismaður í Konstantínópel (tekinn af lífi).
 Heilagur Sabbas, sýrlenskur munkur.
531-540
532",Hvenær brutust óeirðirnar í Níka út í Konstantínópel?,"{'answer_start': array([207], dtype=int64), 'text': array(['11. janúar'], dtype=object)}"
https://is.wikipedia.org/wiki/Prinsessan%20%C3%A1%20bauninni,Prinsessan á bauninni,"Prinsessan á bauninni (danska: Prindsessen paa Ærten; Prinsessen på ærten skv. nútíma réttritun) er stutt ævintýri eftir H.C. Andersen. Í sögunni segir frá prinsi sem vildi giftast prinsessu en þótt enginn skortur væri á þeim fann hann eitthvað að þeim öllum, þær voru ekki alvöruprinsessur.

Óveðurskvöld eitt kom svo ung stúlka sem sagðist vera prinsessa holdvot til hallarinnar og bað um næturgistingu. Drottningin ákvað að prófa hana með því að setja baun á botn rúmsins sem henni var ætlað að sofa í, ofan á hana tuttugu dýnur og þar ofan á tuttugu æðardúnsængur. Morguninn eftir var prinsessan spurð hvernig hún hefði sofið en hún sagði að sér hefði ekki komið blundur á brá þar sem hún hefði legið á einhverju hörðu og væri öll blá og marinn. Þá kættist prinsinn mjög, sagði að hún hlyti að vera alvöruprinsessa og giftist henni, en baunin var sett á safn.

H.C. Andersen sagði sjálfur seinna að hann hefði heyrt þessa sögu þegar hann var barn. Gömul dönsk útgáfa er ekki þekkt en hins vegar er til sænsk saga um prinsessu sem lá á baunum og gæti hann hafa heyrt hana.

Prinsessan á bauninni var eitt af fyrstu ævintýrunum sem Andersen skrifaði, snemma árs 1835, og hún kom út í bæklingi með þremur öðrum ævintýrum 8. maí það ár.

Heimild 
 

Ævintýri H.C. Andersen",Hvernig gat prinsinn fullyrt að stúlkan væri ósvikin prinsessa?,"{'answer_start': array([633], dtype=int64), 'text': array(['hún sagði að sér hefði ekki komið blundur á brá þar sem hún hefði legið á einhverju hörðu og væri öll blá og marinn'],
      dtype=object)}"
https://is.wikipedia.org/wiki/L%C3%A6knisfr%C3%A6%C3%B0i,Læknisfræði,"Læknisfræði er sú fræðigrein sem fjallar um lækningar og viðbrögð við sjúkdómum. Í víðum skilningi orðsins eru nokkrar starfsstéttir sem starfa að lækningum, svo sem læknar, hjúkrunarfræðingar, lyfjafræðingar og sjúkraþjálfar. Oft er orðið þó notað til að fjalla sérstaklega um þann þátt lækninga sem er á herðum lækna.

Elstu heimildir um lækningar fjalla um notkun á ýmsum plöntum og líffærum dýra til að lina þjáningar og bæta líðan. Oft á tíðum voru þessi not nátengd göldrum, eins og orðið galdralæknir gefur til kynna. Smátt og smátt þróaðist læknisfræðin og aðferðir lækna þróuðust í átt að hinni vísindalegu aðferð. Það olli kaflaskilum í þróun læknisfræðinnar þegar menn uppgötvuðu að gerlar orsökuðu sjúkdóma og tóku að nota sótthreinsun í skurðaðgerðum, við barnsburð og fleiri tilefni þar sem hætta á sýkingu er mikil.

Pensilín og fleiri sýklalyf gerðu síðan meðferð smitsjúkdóma miklum mun skilvirkari og björguðu mörgum mannslífum. Nýlegar framfarir í læknisfræði hafa í auknum mæli byggst á notkun erfðafræði.

Tengt efni 

 Uppskurður

Læknisfræði",Hvaða fólk vinnur í heilbrigðisgeiranum?,"{'answer_start': array([166], dtype=int64), 'text': array(['læknar, hjúkrunarfræðingar, lyfjafræðingar og sjúkraþjálfar'],
      dtype=object)}"
https://is.wikipedia.org/wiki/Salalaug,Salalaug,"Sundlaugin Versölum eða Salalaug er ein af tveimur sundlaugum í Kópavogi. Hún er staðsett að Versölum 3. Við sundlaugina er íþróttamiðstöð með  4.095 fermetra íþróttasal með fimleikaðstöðu fyrir Íþróttafélagið Gerplu. Laugin opnaði 22. apríl 2005 og helgina þar á eftir var ókeypis fyrir alla í sundlauginna.

Aðalsundlaugin er 25x15 m að stærð og dýptin er frá 1 m – 1,6 m. Hitastigið er um 29°. Iðulaugin er eitt af einkennum Versala-laugarinnar. Þar eru nuddstútar og legubekkir og rúmgott svæði fyrir þá sem vilja slaka á. Hitastigið er um 38°. Innilaugin er 16.67x10 m að stærð og 0,75-0,9 m að dýpt. Hitastigið er 33-34°. Laugin er tilvalin fyrir ungabörn og yngri sungesti og í henni fer fram skólasund yngri barna grunnskólanna. Í sundlauginni Versölum er einnig að finna rennibraut, tvo heita potta og svokallað vatnsorgel.

Tengt efni 
 Kópavogur
 Sundlaug Kópavogs
 Sundlaugar á Íslandi

Tenglar 
 Heimasíða Salalaugar
 Versalir, íþróttamiðstöð í Salahverfi Verkís

Heimild 

Sundlaugar í Kópavogi",Hverjar eru víddir aðalsundlaugarinnar í Versölum?,"{'answer_start': array([328], dtype=int64), 'text': array(['25x15 m'], dtype=object)}"
https://is.wikipedia.org/wiki/Elaine%20Cristina,Elaine Cristina,"Elaine Cristina (fædd sem Júlia Sánchez 13. maí 1950 í São Paulo í Brasilíu) er brasilísk leikkona.

Elaine Cristina, hóf leikferilinn 11 ára í þáttaröðinni A Herdeira de Ferleac. Fyrsta aðalhlutverk hennar var í Ontem, Hoje e Sempre á TV Excelsior.

Hún er systir leikkonunnar Gilmara Sanches. Hún var í fjörutíu ár gift leikaranum Flávio Galvão sem hún lék á móti í þáttaröðinni O Outro eftir sögu Aguinaldo Silva.

Kvikmyndir og sjónvarpsþættir

Sjónvarp 
 1965 - Ontem, Hoje e Sempre - Mônica
 1968 - Os Diabólicos - Elizabeth
 1972 - Bel-Ami - Ângela
 1972 - A Revolta dos Anjos - Diana
 1973 - A Volta de Beto Rockfeller - Ana Cristina
 1974 - Os Inocentes - Daisy
 1974 - Ídolo de Pano - Andréa
 1975 - A Viagem - Lisa
 1977 - O Profeta - Sônia
 1980 - A Deusa Vencida - Cecília
 1981 - Obrigado, Doutor - Isabel
 1983 - O Anjo Maldito - Débora
 1986 - Sinhá Moça - Baroness Cândida Ferreira
 1987 - O Outro - Ivete
 1989 - Kananga do Japão - Lizete
 1990 - Pantanal - Irma Braga Novaes
 2001 - O Direito de Nascer - Dona Conceição de Juncal
 2008 - Revelação - Olga
 2009 - Vende-se um Véu de Noiva - Eunice Baronese
 2013 - Chiquititas - Helena Kruguer

Kvikmyndir 
 1971 - Até o Último Mercenário - Mércia
 1976 - Senhora - Aurélia Camargo

Tilvísanir

Tenglar 
 

Brasilískir leikarar",Hvar fæddist Elaine Cristina?,"{'answer_start': array([55], dtype=int64), 'text': array(['São Paulo í Brasilíu'], dtype=object)}"
https://is.wikipedia.org/wiki/Imperial%20College%20London,Imperial College London,"Imperial College London (opinberlega The Imperial College of Science, Technology and Medicine, óformlega Imperial) er almennur rannsóknarháskóli staddur í London og sérhæfður í viðskiptafræði, verkfræði, læknisfræði og vísindum. Hann var áður skóli innan Háskólans í London en árið 2007 (100 ára afmæli háskólans) varð hann sjálfstandandi háskóli. Háskólinn var stofnaður árið 1907 og honum var gefið Royal Charter sama ár.

Aðalháskólalóðin er í South Kensington í Mið-London á milli borgarhlutans Kensington og Chelsea og Westminsterborgar. Aðalinngangur háskólans er við Exhibition Road. Háskólinn á nokkrar aðrar lóðir í Chelsea, Hammersmith og Paddington. Talsins á háskólinn 525.233 fermetrar fasteigna, meiri en allir hinir háskólar á Bretlandi. Um það bil 13.500 nemendur eru skráðir í fullu námi í háskólanum og um 3.330 manns starfa þar í kennslu og rannsóknum. Tekjur háskólans var um 694 milljónir breskra punda árið 2008/09, úr þeim voru 290 milljónir frá rannsóknarstyrkjum.

Samkvæmt Akademiskrí röðun háskóla er Imperial 26. besti háskólinn í heimi. Meðal þeirra sem vinna í háskólanum og þeirra sem hafa útskrifast hafa 14 manns unnið Nóbelsverðlaunin og tveir Fields-orðuna.

Heimild

Tenglar 
 Vefsíða Imperial College London 

Háskólar á Bretlandi",Hver er nafn aðaldyra háskólans?,"{'answer_start': array([574], dtype=int64), 'text': array(['Exhibition Road'], dtype=object)}"
https://is.wikipedia.org/wiki/Julie%20Payette,Julie Payette,"Julie Payette (f. 20. október 1963) er kanadískur verkfræðingur og geimfari sem var landstjóri Kanada frá 2017 til 2021. Hún hefur farið í tvær ferðir til Alþjóðlegu geimstöðvarinnar, árin 1999 og 2009. Árið 2017 skipaði Elísabet 2. drottning Payette í embætti landstjóra Kanada samkvæmt meðmælum Justins Trudeau forsætisráðherra landsins. Payette sagði af sér í janúar 2021 vegna ásakana um einelti á vinnustað.

Æviágrip 
Payette ólst upp í úthverfinu Ahuntsic norðan við Montréal. Móðir hennar var endurskoðandi og faðir hennar verkfræðingur. Eftir að hafa lokið skólagöngu við Collège Regina Assumpta hlaut Payette námsstyrk frá alþjóðasamtökunum International Baccalaureate til að nema við háskólann United World College of the Atlantic í Wales. 

Payette nam síðar við McGill-háskóla og útskrifaðist þaðan árið 1986 með bakkalársgráðu í rafeindatækni og síðan með mastersgráðu í upplýsingatækni frá Háskólanum í Torontó árið 1990. Árið 2013 lauk hún námi í viðskiptastjórnun við Laval-háskóla og tölvuöryggi við York-háskóla.

Payette starfaði hjá Kanadadeild raftækjafyrirtækisins IBM frá 1986 til 1988 og gerðist síðan aðstoðarmaður á rannsóknastofu í Háskólanum í Torontó frá 1988 til 1990. Hún var gestarannsakandi við rannsóknarstofu IBM í Zürich árið 1991 og var rannsóknarverkfræðingur á fjarskiptafyrirtækinu Bell-Northern Research í Montréal árið 1992.

Payette talar frönsku og ensku reiprennandi og er einnig viðræðuhæf á ítölsku, rússnesku, spænsku og þýsku.

Geimfari 
Í júní árið 1992 var Payette ráðin ásamt þremur öðrum til starfs hjá kanadísku geimferðastofnuninni (CSA). Þar starfaði hún við verkefni tengd Alþjóðlegu geimstöðinni. Hún hlaut flugmannsréttindi og lærði rússnesku til þess að undirbúa sig fyrir geimferðina.

Eftir að hafa lokið geimfaraþjálfun hjá Johnson-geimmiðstöð NASA í Houston var Payette árið 1999 send, fyrst Kanadamanna, með geimskutlunni Discovery til Alþjóðlegu geimstöðvarinnar. Dvöl hennar á sporbaug um jörðina varði frá 27. maí til 6. júní 1999. Payette var höfuðgeimfari kanadísku geimferðastofnunarinnar frá 2000 til 2007.

Payette fór í annað skipti út í Alþjóðlegu geimstöðina árið 2009. Í þetta sinn ferðaðist hún þangað með geimskutlunni Endeavour. Í þetta sinn var hún á sporbaug frá 15. til 31. júlí árið 2009. Alls hefur Payette dvalið rúmlega 611 klukkustundir úti í geimnum.

Árið 2010 var Payette meðal þeirra sem báru Ólympíufánann við opnunarathöfn vetrarólympíuleikanna í Vancouver. Árið 2016 varð Payette stjórnarmeðlimur í ólympíunefnd Kanada.

Payette lauk störfum hjá CSA árið 2013.

Seinni störf og landstjóraferill 
Frá 2013 til 2016 starfaði Payette við Vísindamiðstöð Montréal og var varaforseti ríkisrekna fasteignafyrirtækisins Canada Lands Company. Payette hefur jafnframt verið meðlimur í stjórn Þjóðbanka Kanada og í stjórn Drottningarháskólans í Kingston.

Í júlí árið 2017 tilkynnti Justin Trudeau forsætisráðherra að Payette hefði verið valin sem næsti landstjóri Kanada. Hún tók við af David Johnston í embættinu þann 2. október árið 2017.

Payette sagði af sér sem landstjóri þann 21. janúar árið 2021 eftir að skýrsla var birt þar sem fjöldi embættismanna sakaði hana um einelti á vinnustað.

Viðurkenningar
Payette hefur hlotið fjölda verðlauna og viðurkenninga á ferli sínum. Árið 2002 var hún sæmd þjóðarorðu Québec og þjóðarorðu Kanada árið 2010. Árið 2001 hlaut Payette La Pléiade-orðuna frá Samtökum frönskumælandi ríkja. Hún hlaut Montréal-orðuna árið 2013 og var gerð að yfirmanni hennar árið 2016.

Árið 2010 var nafn Payette fært inn í frægðarsal kanadískra flugmanna. Payette er heiðursdoktor við 27 háskóla og menntastofnanir. Sem landstjóri Kanada er Payette yfirmaður og orðuveitandi kanadískra heiðursorða.

Tilvísanir 

Kanadískir geimfarar
Kanadískir verkfræðingar
Landstjórar Kanada",Hvaða akademísku gráðu fékk Payette frá McGill háskóla árið 1986?,"{'answer_start': array([826], dtype=int64), 'text': array(['bakkalársgráðu í rafeindatækni'], dtype=object)}"
https://is.wikipedia.org/wiki/Silicon%20Valley,Silicon Valley,"Silicon Valley eða Kísildalurinn er nafn sem er notað yfir landsvæði við syðri hluta San Francisco-flóa í Norður-Kaliforníu, Bandaríkjunum. Á þessu svæði eru margir bæir. Nafngiftin vísaði í upphafi til mikillar framleiðslu svæðisins á kísilflögum en varð að lokum samnefnari fyrir allan hátækniiðnaðinn á svæðinu.

Heitið nær yfir norðurhluta Santa Clara Valley og nærliggjandi svæði á suðurhluta San Francisco-skagans.

Nafnið 
Blaðamaðurinn Don Hoefler notaði orðið fyrstur manna Silicon Valley 1971 sem fyrirsögn í greinaröð í tímaritinu Electronic News. Silicon („kísill“) vísar til mikils iðnaðar í kringum hálfleiðara og tölvur á svæðinu, en Valley („dalur“) vísar til Santa Clara Valley.

Heitið er nú líka notað um aðliggjandi svæði við San Francisco-flóa, þangað sem tölvuiðnaðurinn hefur flutt starfsemi sína.

Á 8. og 9. áratugnum var algengt að blaðamenn vissu ekki hvernig ætti að stafa silicon og skrifuðu það gjarnan silicone, en það er efni sem notað er í brjóstastækkanir.

Saga svæðisins 
Á fyrri hluta 20. aldar var lítið um hátækniiðnað á svæðinu. Margir mjög góðir háskólar voru í grenndinni en nemendur voru jafnan fljótir að flytjast í burtu eftir að þeir höfðu lokið námi. Frederick Terman prófessor við Stanford-háskóla vildi breyta þessu. Hann smíðaði áætlun sem miðaði að því að útvega nemendum áhættufjármagn gegn því að þeir yrðu um kyrrt á svæðinu. Þetta gekk vel og tveir nemendur skólans, William Hewlett og David Packard, stofnuðu fyrsta hátæknifyrirtæki svæðisins, Hewlett Packard árið 1939.

Árið 1951 var Stanford Research Park settur á fót, röð lítill iðnaðarbygginga sem voru leigðar á mjög lágu verði til tæknifyrirtækja. Árið 1954 var starfsmönnum fyrirtækja gert kleift að öðlast framhaldsmenntun meðfram námi. 

Árið 1956 flutti William Shockley í bæinn Mountain View í Silicon Valley. Hann hafði verið einn af þeim sem fundu upp smárann þegar hann vann hjá Bell Labs árið 1953. Shockley stofnaði fyrirtækið Shockley Semiconductor Laboratory. Með tímanum þjáðist Shockley í æ ríkara mæli af móðursýki og beindist hún aðallega gegn starfsmönnum hans. Árið 1957 hættu 8 af færustu verkfræðingum hans og stofnuðu Fairchild Semiconducor. 

Sama sagan endurtók sig nokkrum sinnum: verkfræðingar misstu stjórn á fyrirtækjum sínum og starfsmenn þeirra stofnuðu ný fyrirtæki. Þannig mynduðust út frá fyrirtækinu Fairchild Semiconductor meðal annars fyritækin AMD, Signetics, National Semiconductor og Intel. 

Í byrjun 8. áratugarins voru mörg hálfleiðaraframleiðslufyrirtæki á svæðinu, tölvufyrirtæki sem notuðust við afurður þeirra fyrrnefndu og hugbúnaðarfyrirtæki sem þjónuðu báðum aðilum. Mikið framboð var af ódýru iðnaðarhúsnæði. Vöxturinn var að mestu fjármagnaður með áhættufjármagni og í almennu hlutafjárútboði Apple tölvufyrirtækisins árið 1980 náði framboð fjármagns hámarki.

Háskólar 
Fjórir háskólar eru staðsettir í Silicon Valley.
 Carnegie Mellon University
 San Jose State University
 Santa Clara University
 Stanford University

Nokkrir aðrir háskólar eru ekki staðsettir í Silicon Valley en hafa haft þónokkur áhrif á svæðið, m.a. með því að stunda rannsóknir sem fyrirtækin hafa nýtt sér og útskrifað starfsfólk sem hafa síðan hafið störf hjá fyrirtækjum í Silicon Valley. 
 California State University, East Bay
 University of California, Davis
 University of California, Berkeley
 University of California, Santa Cruz

Borgir og bæir 
Í Silicon Valley eru ýmsar borgir og bæir. Í stafrófsröð eru þetta:

 Campbell
 Cupertino
 Fremont
 Los Altos
 Los Gatos
 Menlo Park
 Mountain View
 Milpitas
 Newark
 Palo Alto
 Redwood City 
 San Jose
 Santa Clara
 Saratoga
 Sunnyvale
 Union City

Þekkt fyrirtæki í Silicon Valley 
Meðal þeirra fyrirtækja sem nú starfa í Silicon Valley eru:

 Adobe Systems
 Advanced Micro Devices
 Agilent Technologies
 Altera
 Apple
 Applied Materials
 BEA Systems
 Cadence Design Systems
 Cisco Systems
 DreamWorks Animation
 eBay
 Electronic Arts
 Google
 Hewlett-Packard
 Intel
 Intuit
 Juniper Networks
 Maxtor
 National Semiconductor
 Network Appliance
 NVIDIA Corporation
 Oracle Corporation
 Siebel Systems
 Sun Microsystems
 Symantec
 Synopsys
 Varian Medical Systems
 Xilinx
 Yahoo!

Silicon útbreiðslan 
Yfirvöld á ýmsum stöðum víðsvegar um heiminn hafa tekið upp á því að bæta silicon við nafn svæðis til að skapa tengingu við Silicon Valley, laða að fjárfesta og efla hátækniiðnaðinn.

 Brazilian Silicon Valley - Campinas, Brasilíu
 Cwm Silicon - Wales, Bretlandi
 Mexican Silicon Valley - Jalisco, Mexico
 Silicon Valley North - Kanata, Ontario, Kanada og Ottawa, Kanada
 Silicon Valley Indlands - Bangalore, Indlandi
 Silicon Valley Svíþjóð - Kista, Svíþjóð
 Silicon Valley Evrópu - Dublin, Írlandi
 Silicon Alley - New York, 
 Silicon Alley - Pink Lane, Newcastle upon Tyne, Bretlandi
 Silicon Fen - Cambridge, England
 Silicon Forest - Portland, Oregon
 Silicon Glen - Skotlandi
 Silicon Gulf - Davao, Filippseyjum
 Silicon Hills - Austin, Bandaríkjunum
 Silicon Sentier - Frakklandi
 Silicon Wadi - Ísrael

Tenglar 
 Um Silicon Valley (á ensku) 
 Vefsíða með fréttum frá Silicon Valley 
 Ítarlegur listi yfir staðarnöfn sem innihalda Silicon

Kalifornía",Hvaða fjórir háskólastofnanir eru í Kísildalnum?,"{'answer_start': array([2885], dtype=int64), 'text': array(['Carnegie Mellon University\n San Jose State University\n Santa Clara University\n Stanford University'],
      dtype=object)}"
https://is.wikipedia.org/wiki/Fj%C3%B6ll%20yfir%208000%20metra%20h%C3%A6%C3%B0,Fjöll yfir 8000 metra hæð,"Fjöll yfir 8000 metrum eru 14 talsins og eru þau öll í Himalaja- og Karakoram-fjöllum í Suður-Asíu. Toppar fjallanna eru í svokölluðu dauðasvæði þar sem súrefni er af mjög skornum skammti. 

Fyrsta tilraun til að klífa fjall yfir 8000 metra var árið 1895 þegar Albert F. Mummery og J. Norman Collie reyndu að klífa Nanga Parbat. Tilraunin mistókst og dó Mummery ásamt tveimur Gurkah-fylgdarmönnum. Fyrsta atlagan sem heppnaðist var þegar Frakkarnir Maurice Herzog og Louis Lachenal klifu topp Annapurna árið 1950. En árið 1953 klifu Tenzing Norgay og Edmund Hillary Mount Everest, hæsta fjall heims, fyrstir manna. 

Reinhold Messner frá Ítalíu varð fyrstur manna árið 1986 til að klífa öll fjórtán fjöllin og það án aukasúrefnis. Fyrsta konan til að klífa öll fjöllin var hin spænska Edurne Pasaban árið 2010. Ári eftir varð hin austurríska Gerlinde Kaltenbrunner sú fyrsta til að klífa þá án aukasúrefnis. Ítalía og Suður-Kórea eru með flesta fjallgöngumenn sem hafa lokið við að klífa fjöllin eða hvort um sig 5 manns.

Listi 
Everest - 8848 m (Nepal/Kína)     
K2 - 8611 m (Pakistan/Kína) 
Kanchenjunga 8586 m (Nepal/Indland)    
Lhotse - 8516 m (Nepal/Kína)          
Makalu - 8463 m  (Nepal/Kína)         
Cho Oyu - 8201 m (Nepal/Kína)                     
Dhaulagiri - 8167 m (Nepal)     
Manaslu - 8163 m (Nepal)     
Nanga Parbat - 8125 m (Pakistan)     
Annapurna - 8091 m (Nepal)     
Gasherbrum I - 8068 m (Pakistan/Kína)     
Broad Peak - 8047 m (Pakistan/Kína)     
Gasherbrum II - 8035 m (Pakistan/Kína)                  
Shishapangma - 8027 m  (Kína)

Fjöll yfir 8000 metra hæð",Hver var sú fyrsta kona að sigra öll fjórtán fjöllin yfir 8000 metra án þess að nota aukasúrefni?,"{'answer_start': array([842], dtype=int64), 'text': array(['Gerlinde Kaltenbrunner'], dtype=object)}"
https://is.wikipedia.org/wiki/P%C3%B3stm%C3%B3dernismi,Póstmódernismi,"Póstmódernismi er stefna í bókmenntum, byggingarlist, tónlist, hugvísindum og almennri menningu sem tók við af módernismanum. Algeng skilgreining á póstmódernisma er að hann sé samheiti margra strauma og stefna sem komu fram á seinni hluta tuttugustu aldar sem viðbrögð við módernismanum, en skilgreining hans er nokkuð á reiki. Í víðum skilningi á hugtakið við ýmsar stefnur í listum og vísindum sem lýsa efasemdum á vísindahyggju og hafa verið tengdar við póststrúktúralisma, fræðilegs viðbragðs við strúktúralisma. 

Póstmódernismi í bókmenntum einkennist af kaldhæðni og ákveðinni sundurgerð þar sem mörg tímaskeiðum er gjarnan látið ljósta saman og vísað jöfnum höndum til lágmenningar og klassískrar menningar. Alla jafna er hugtakið haft um höfunda sem vinna úr arfleifð módernismans. Umberto Eco er póstmódernískur höfundur en deilt er um hvenær stefnan hefjist, oftast er talað um sjöunda áratuginn og stundum farið aftur a fyrstu áratugi tuttugustu aldar eftir blómatíma framúrstefnunnar og eftir að evrópskur hámódernismi leið undir lok. Póstmódernismi í arkitektúr einkennist af fjölhyggju og sundurgerð þar sem hið nýja stendur við hlið hins gamla og París er dæmi um póstmóderníska borg. Póstmódernísk tónlist einkennist ekki af ákveðnum stíl heldur ægir öllu saman. Dæmi um tónlistarmenn og hljómsveitir sem taldar eru póstmódernískar eru Bítlarnir á síðari hluta ferils síns, svo sem á Hvíta albúminu, Beck, Kraftwerk, Pink Floyd og Frank Zappa. Póstmódernismi í mannlegum fræðum er greining á ákveðnu ástandi í samtímanum sem einkennist af óraunveruleika. Deilt er um hvort þetta ástand hafi liðið undir lok eða ekki en stjórnmálakennismiðurinn Fredric Jameson lýsir póstmódernisma sem „ríkjandi menningarlegri rökvísi síðkapítalismans“. Póstmódernísk fræði eru gjarnan tengd meginlandsheimspeki, póstmódernískir fræðimenn vinna úr arfleifð strúktúralisma og marxisma og taka iðulega virka pólitíska afstöðu gegn þeim einkennum samtíma síns sem þeir greina. Þeir eru jafnan gagnrýnir á svokallaða stórsögu, vefengja algildi og líta á upplýsinguna sem óklárað verkefni. Dæmi um póstmódernískan fræðimann er heimspekingurinn Jean-Francois Lyotard.

Upphaflega var hugtakið póstmódernismi fyrst og fremst notað í umræðu um þjóðfélagsbreytingar sem fylgja vexti þjónustu á kostnað iðnaðar í hagkerfum Vesturlanda þar sem firring í marxískum skilningi kemst á nýtt stig og eftirlíking og frumgerð verða illsundurgreinanleg, en í akademísku samhengi var hugtakið fljótlega upp úr 1990 látið ná yfir strauma og stefnur sem voru kennd við póststrúktúralisma. Þessar hugmyndir skutu rótum í vissum greinum hug- og félagsvísindum þar sem strúktúralisma og marxisma höfðu verið áberandi eftir síðari heimsstyrjöldina. 

Undir lok 20. aldar skrifaði Kristján Kristjánsson heimspekingur greinaflokk í Lesbók Morgunblaðsins um póstmódernisma. Greinarnar vöktu deilur og urðu margir til andsvara. Kristján var gagnrýndur fyrir að skilgreina póstmódernisma of vítt og mála hann of dökkum litum.

Hugtökin „póstmódernismi“ og „póstmódernisti“ eru stundum notuð sem skammaryrði og gefa þá í skyn tilgerðarlega eða viljandi illskiljanlega málnotkun, vitsmunalegan hroka, og/eða skilningsleysi á mikilvægi siðferðislegra gilda.

Tenglar 
 
 Hvað í ósköpunum var póstmódernismi?; grein í Lesbók Morgunblaðsins 1997
 Öldkjaftastéttanna - andi póstmódernismans; grein í Lesbók Morgunblaðsins 1997
 Hvað er póstmódernismi í listum; grein í Lesbók Morgunblaðsins 1997
 Upplausn merkingar og réttlætið sem hún felur í sér - um afbyggingu, réttlæti og hið póstmóderníska ástand; grein í Lesbók Morgunblaðsins 2002
 Hluturinn snýr aftur - póstmódernisminn kveður; grein í Lesbók Morgunblaðsins 2005

 
Byggingarstílar",Hvað er dæmigerð lýsing á póstmódernisma?,"{'answer_start': array([177], dtype=int64), 'text': array(['samheiti margra strauma og stefna sem komu fram á seinni hluta tuttugustu aldar sem viðbrögð við módernismanum'],
      dtype=object)}"
https://is.wikipedia.org/wiki/Laugavegur%2031,Laugavegur 31,"Laugavegur 31 er reisulegt steinhús á gatnamótum Laugavegs og Vatnsstígs. Þar var rekið vefnaðarvöruverslun og fataverslun og þar var banki og biskupstofa. Marteinn Einarsson kaupmaður keypti húseignina Laugaveg 29 árið 1918 og flutti verslun sína þangað en hann hafði áður verslað með matvöru og vefnaðarvöru á Laugavegi 44 en hætti við flutninginn að versla með matvörur. Helgi Jónsson varð þá viðskiptafélagi hans og nefndist fyrirtæki þeirra Marteinn Einarsson & co. Marteinn keypti seinna brunarústir á horni Laugavegs og Vatnsstígs og reisti á árunum 1928-1930 stórhýsi sem nú stendur þar. Það hús hýsti Alþýðubankann frá árinu 1971 og síðar biskupstofu.

Jónatan Þorsteinsson rak húsgagnaverksmiðju og verslun að Laugavegi 31 og verslaði með húsgögn, sjómannadýnur, línoleum gólfdúka, veggfóður, vaxdúka og ferðakoffort og alls konar leðurvörur. Þann 24. júlí 1920 brann stórhýsi Jónatans.

Tenglar 
 Marteinn Einarsson & co.
 Fálkinn, 51.-52. Tölublað (18.12.1937), Blaðsíða 21
 Tímarit iðnaðarmanna, 1. Tölublað (01.02.1939), Blaðsíða Kápa I

Laugavegur",Á hvaða staðsetningu var Laugavegur 31?,"{'answer_start': array([36], dtype=int64), 'text': array(['á gatnamótum Laugavegs og Vatnsstígs'], dtype=object)}"
https://is.wikipedia.org/wiki/Ferdinand%203.%20keisari,Ferdinand 3. keisari,"Ferdinand 3. (13. júlí 1608 – 2. apríl 1657) var keisari hins Heilaga rómverska ríkis frá 15. febrúar 1637 til dauðadags. Hann var elsti sonur Ferdinands 2. af ætt Habsborgara. 

Þegar Wallenstein var myrtur 1634 var Ferdinand gerður að herstjóra keisarahersins í Þrjátíu ára stríðinu og ásamt frænda sínum Ferdinand kardinála tókst honum að vinna sigur á sænska hernum í orrustunni við Nördlingen. Hann leiddi friðarviðræður keisaradæmisins við þýsku mótmælendafurstana 1635. Þegar hann tók við sem keisari hugðist hann reyna að semja um frið við Svía og Frakka en tókst ekki og stríðið hélt því áfram í ellefu ár. 1644 gaf hann þýsku furstadæmunum leyfi til að reka sjálfstæða utanríkisstefnu og minnkaði þannig völd keisarans í Þýskalandi. Vestfalíufriðurinn 1648 dró svo enn úr völdum hans með því að staðfesta að trú furstans væri trú ríkisins (cuius regio, eius religio) og staðfesti sjálfstæði Hollands, Sviss, Savoja, og ítölsku hertogadæmanna Mílanó, Genúu, Mantúu, Toskana, Lucca, Módena og Parma, frá keisaradæminu.

Keisarar hins Heilaga rómverska ríkis
Konungar Ungverjalands
Konungar Bæheims
Konungar Króatíu
Habsborgarar",Hvaða stöðu hafði Ferdinand III. árið 1634?,"{'answer_start': array([237], dtype=int64), 'text': array(['herstjóra keisarahersins'], dtype=object)}"
https://is.wikipedia.org/wiki/Rafmagn,Rafmagn,"Rafmagn á almennt við fyrirbæri, sem verða vegna rafhleðsla, hvort sem þær eru kyrrstæðar (stöðurafmagn) eða á hreyfingu, en þá myndast rafstraumur. Rafstraumur skiptist í jafnstraum og riðstraum. Rafhleðslur mynda rafsvið, en rafspenna er mælikvarði á styrk þess. Oft er orðið rafmagn notað til að lýsa raforku. Fræðigreinar sem fjalla um rafmagn og hagnýtingu þess nefnast rafmagnsfræði eða raffræði. Rafmagn er ódýrast á Íslandi af öllum Norðurlöndunum.

Saga 

Samkvæmt fornum heimildum um forngríska heimspekinginn Þales frá Míletos (um 600 f.Kr.) þá þekktu Forn-Grikkir stöðurafmagn. Þeir fundu það út að ef þeir nudduðu skinni við ákveðin efni t.d. raf þá drógust efnin hvort að öðru.
Grikkirnir tóku eftir að hlutir úr rafi drægju að sér létt efni eins og hár, einnig fundu þeir út að ef þeir nudduðu rafið nægjanlega lengi þá gátu þeir jafnvel fengið neista til að hlaupa.

Bagdad-rafhlaðan sem fannst í Írak 1938 er talin vera síðan 250 fyrir Krist en hún er talin af mörgum hafa verið notuð til að gullhúða skartgripi.

Ítalski læknirinn Girolamo Cardano gerði hugsanlega fyrst grein fyrir sambandi raf- og segulafls í De Subtiliate (1550). Árið 1600 hélt enski vísindamaðurinn William Gilbert áfram með vinnu Girolamo og færði hana á hærra plan. William bjó til ensku orðin ""electric"" og ""electricity"" en þau eru dregin af gríska orðinu ηλεκτρον (en. amber)(is. raf) og er íslenska orðið rafmagn dregið af því.

Otto von Guericke fylgdi í fótspor hans árið 1660 en hann fann upp stöðurafmagnsrafal. Aðrir evrópskir frumkvöðlar voru Robert Boyle, sem árið 1675 hélt því fram að rafræðileg öfl gætu virkað í lofttómi, Stephan Gray sem árið 1729 flokkaði efni sem leiðara og einangrara og C. F. Du Fay en hann greindi fyrstur manna á milli þess sem nú flokkast sem jákvæð og neikvæð hleðsla.

Layden-krukkan, nokkurs konar þéttir fyrir rafafl í miklu magni, var fundin upp í Laiden-háskólanum af Pieter van Musschenbroek árið 1745. Skömmu síðar,  árið 1747 notaði William Watson Layden-krukkuna þegar hann uppgötvaði að útleysing stöðurafmagns jafngilti rafstraum. 

Í júní, árið 1752 kynnti Benjamin Franklin rannsóknir sínar á rafmagni og tengdum tilgátum með sínum frægu, en jafnframt, stórhættulegu tilraunum sem fólust í því að hann flaug flugdreka meðan þrumuveður stóð yfir. í kjölfarið af þessum tilraunum fann hann upp eldingavarann og kom á tengslum milli eldinga og rafmagns.

Það var annaðhvort Franklin (oftar) eða Ebenezer Kinnersley (sjaldnar) sem er talin bera ábyrgð á nútíma skilgreiningum á jákvæðri og neikvæðri hleðslu rafmagns.

Það var gert á síðari hluta 19. aldar.

Tengt efni 
 Rafeindapappír
 Vatnsafl
 Sjávarfallaorka
 Orkuveita Reykjavíkur
 Rafmagnsverkfræði
 Rafgreining
 Vatnsorka
 Vatnsaflsvirkjun
 Sólarorka
 Stöðurafmagn
 Álbræðsla
 Raffræði
 Vindorka

Heimildir

Tenglar 

 
 

Rafmagnsfræði",Hver var sá fyrsti til að flokka efni í leiðara og einangrara?,"{'answer_start': array([1628], dtype=int64), 'text': array(['Stephan Gray'], dtype=object)}"
https://is.wikipedia.org/wiki/Monte%20Carlo,Monte Carlo,"Fyrir önnur not á nafninu Monte Carlo má sjá Monte Carlo (aðgreining).

Monte Carlo er mjög ríkt hverfi í borgríkinu Mónakó, þekkt fyrir spilavíti sín, glamúr, og það að frægt fólk virðist una sér vel þar. Um 30.000 íbúar eru þar með fasta búsetu (áætlað 1990).

Monte Carlo hýsir stærstan hluta af Circuit de Monaco kappakstursbrautinni, en á henni fer Monaco Grand Prix keppnin fram í Formúlu-1 kappakstri. Einnig fara heimsmeistarakeppnir í hnefaleikum (Monte Carlo meistararnir), tískusýningar og ýmsir aðrir viðburðir fram í Monte Carlo. Áratugum saman hafa konungsfólk, kvikmyndastjörnur og meðalmenni heimsótt Monte Carlo.

Spilavítin í Monte Carlo eru víðfræg og laða að ótal ferðamenn á hverju ári. Innan spilavítisins er Grand Théâtre de Monte Carlo óperu- og ballethúsið, og höfuðstöðvar Ballets de Monte Carlo. Árið 1861 var gefið 50 ára leyfi til þess að reka spilasali með fjárhættuspilum til einstaklinga. Síðan 1898 hefur leyfið verið starfrækt af Société des Bains de Mer sem er fyrirtæki, en ríkisstjórn Mónakó á nú ráðandi hlut í því. Fyrirtækið á einnig helstu hótelin og barina sem þjóna ferðaþjónustu. Engir skattar eru á einstaklingum í Mónakó, en þeim er meinaður aðgangur að spilavítum.

Árið 1873 gerði Joseph Jagger spilavítið frægt með því að „brjóta bankann“. Hann fann og hagnýtti sér galla í einu af rúllettuhjólum spilavítisins. Tæknilega séð var bankinn í þessu tilviki það fé sem borðið hafði í höndum croupiersins, spilastjórans. Samkvæmt grein í The Times seint á 19. öld var hægt að brjóta bankann oft með þessari aðferð. Lagið „The Man that Broke the Bank at Monte Carlo“ frá árinu 1892 er líklega samið til höfuðs Charles Wells sem braut bankann margoft í tveimur fyrri ferðum sínum til Monte Carlo, af þremur.

Breski njósnarinn James Bond, söguhetjan úr skáldsögum Ians Fleming og kvikmyndum byggðum á þeim, stundaði spilavítið þar mikið. Hverfið heitir eftir Karl III, Prins af Mónakó.

Mónakó
Landafræði Evrópu",Hvaða reglur voru settar um fjárhættuspil árið 1861?,"{'answer_start': array([843], dtype=int64), 'text': array(['50 ára leyfi til þess að reka spilasali með fjárhættuspilum til einstaklinga'],
      dtype=object)}"
https://is.wikipedia.org/wiki/H%C3%ADtardalur%20%28b%C3%A6r%29,Hítardalur (bær),"Hítardalur í Mýrasýslu er fornt höfuðból og prestssetur í samnefndum dal, samkvæmt þjóðsögum kennt við tröllkonuna Hít sem varð að steini þar rétt neðan við bæinn ásamt Bárði Snæfellsás og standa þeir drangar enn. Bærinn hét reyndar upphaflega Húsafell og fellið hjá honum einnig en það er nú oftast kallað Bæjarfell. Hítardalur er landnámsjörð og byggði Þórhaddur Steinsson þar manna fyrstur að sögn Landnámabókar.

Bærinn Hítardalur er meðal annars þekktur fyrir að þar varð mannskæðasti eldsvoði Íslandssögunnar þann 30. september 1148. Meira en 70 manns sem voru þar við veislu fórust í brunanum, þar á meðal var biskupinn í Skálholti, Magnús Einarsson. Í Hítardal starfaði munkaklaustur af reglu Benedikts að því að talið er frá 1166 eða 1168 til 1201, en lítið er vitað um sögu þess. Á 13. öld bjó Ketill Þorláksson lögsögumaður í Hítardal og síðan Loftur biskupssonur. 

Síðar varð Hítardalur prestssetur og þótti eitt besta brauð landsins. Þar sátu margir merkisprestar og sumir þeirra voru þekktir fræðimenn. Þar má nefna séra Þórð Jónsson, sem þar var á 17. öld og skrifaði meðal annars ættartölurit sem voru gefin út árið 2008. Einn af þekktustu prestum í Hítardal var séra Jón Halldórsson, mikilvirkur sagnaritari sem var þar prestur frá 1691-1736. Hann skrifaði meðal annars biskupasögur, sögur skólameistara, hirðstjóra og fleiri og skráði Hítardalsannál. Synir hans voru Finnur Jónsson biskup og Vigfús Jónsson prestur og fræðimaður í Hítardal, sem skrifaði þar fyrstu íslensku barnabókina.

Íslenskir sveitabæir
Klaustur
Hítardalur","Í eldsvoðanum í Hítardal, hvaða biskup lét lífið?","{'answer_start': array([640], dtype=int64), 'text': array(['Magnús Einarsson'], dtype=object)}"
https://is.wikipedia.org/wiki/Sacramento,Sacramento,"Sacramento er höfuðborg Kaliforníuríkis í Bandaríkjunum. Borgin var stofnuð í desember árið 1848 af John Sutter en hann hafði áður reist virkið Sutter's Fort (einnig nefnt New Helvetia). 

Í gullæðinu var Sacramento mikilvæg miðstöð viðskipta og landbúnaðar. Þar var endastöð margra vagnlesta, hestvagna, fljótabáta og fyrstu járbrautarinnar sem náði þvert yfir Ameríku.

Innfæddir kalla borgina oft Sacto, Sactown, Sacratomato eða Sac. Þá kalla viðskiptajöfrar og fjölmiðlar borgina oft River City. Sacramento State University (hluti California State University) er háskólinn staðarins.

Saga borgarinnar

Forsaga 
Fyrir tíma Evrópubúa í Kaliforníu höfðu indjánar af ættbálkunum Miwok, Shonommey og Maidu búið á svæðinu í líklegast þúsundir ára. Ólíkt nútímamanninum skildu þeir litlar leifar eftir sig, en þeir nærðust aðallega á akarni eikartrjánna, ávöxtum, fræjum og rótum.

Árið 1806 eða 1808 kom spænski landkönnuðurinn Gabriel Moraga á svæðið fyrstur Evrópubúa. Hann nefndi dalinn sem hann sá og fljótið sem lá í gegnum dalinn Sacramento Valley og Sacramento River eftir spænska orðinu yfir sakrament.

Frá frumkvöðlum til gullæðis 
John Sutter kom til svæðisins frá Liestal í Sviss í ágúst 1839 og stofnaði virkið og viðskiptastöðina Sutter's Fort árið 1840. Árið 1848 fannst gull um 80 kílómetrum norðaustan við virkið eða í Sutter's Mill. Þegar fréttin breiddist út tók fólk að streyma til svæðisins frá öllum áttum og stórjókst íbúatalan við það. Sonur Sutter, sem hét John Sutter yngri, tók að skipuleggja borg á svæðinu og borgina nefndi hann Sacramento eftir fljótinu, Sacramento river. Þetta gerði hann þrátt fyrir andstöðu föður síns, sem áður hafði stofnað Sutter's Fort, Sutter's Mill og Sutterville, en allar þessar byggðir mistókust öfugt við Sacramento, sem óx hratt.

Fyrstu áratugina hrjáðu flóð, eldar og kólera borgina, en samt sem áður hélt aðstreymi fólks til borgarinnar áfram.

Höfuðborgin 
Löggjafarþing Kaliforníu kom með lög árið 1854 sem gerðu Sacramento að höfuðborg ríkisins, en hún hafði áður verið í borgunum San Jose, Vallejo og Benicia.

Hafist var handa við byggingu þinghússins, California State Capitol, árið 1869 og lauk henni 1874. Þykir húsið minna mjög á United States Capitol í Washington, D.C.

Þessi nýja staða borgarinnar, sem og góð staðsetning, urðu þess valdandi að borgin upplifði mikið gullaldarskeið. Hún varð fyrsta endastöð Pony Express póstflutninganna í vestri og seinna endastöð fyrstu járnbrautalestarinnar þvert yfir Bandaríkin, First Transcontinental Railroad. Þá hjálpuðu fljótin sem renna í gegnum borgina til við að efla atvinnulíf.

Íbúar Sacramento ákváðu um þetta leiti að lyfta borginni, sem þeir gerðu með landfyllingum. Þetta var gert til að koma í veg fyrir tjón af völdum flóða í Sacramento River og American River.

Samtímasaga 

 Árið 1920 samþykktu íbúarnir stofnskrá borgarinnar.
 Sacramento eignaðist höfn árið 1947 og fyrsta skipið frá tímum gufuskipa sem jafnframt var í úthafssiglingum lagðist að bryggju árið 1963. 
 Árið 1967 varð Ronald Reagan síðasti ríkisstjóri Kaliforníu til að eiga fast aðsetur í Sacramento.
 Á 9. og 10. áratugnum var nokkrum herstöðvum í nágrenninu lokað og misstu margir borgarbúar vinnuna við það.
 Í byrjun 10. áratugar 20. aldar reyndi borgarstjóri Sacramento, Joe Serna, að lokka ruðningsliðið Los Angeles Raiders til borgarinnar með 50 milljón dollara boði. Þegar ekkert varð úr flutningi liðsins var fénnu eytt í verkefni á borð við The Convention Center og endurnýjun á Memorial Auditorium - byggingunni.

Þróun fólksfjölda eftir árum:

Þekkt fólk frá Sacramento 

 Joan Didion, blaðamaður og rithöfundur
 Ray Eames, hönnuður og arkítekt
 Sam Elliott, leikari
 Roger Fouts, sál- og mannfræðingur
 Colin Hanks, leikari
 Henry Hathaway, leikstjóri
 Hiram Johnson, stjórnmálamaður (repúblikani)
 Daniel Johnston, söngvari og listamaður
 Anthony Kennedy, dómari við Hæstarétt Bandaríkjanna
 Rodney King, bandarískur blökkumaður og fórnarlamb lögregluofbeldis í Los Angeles
 Mel Ramos, listamaður
 Stephen Kern Robinson, geimfari
 Camillo ""Chino"" Wong Moreno, söngvari og gítarspilari í hljómsveitinni ""Deftones""

Tenglar 
 Opinber heimasíða (á ensku): http://www.cityofsacramento.org/
 Opinber ferðamálasíða (á ensku): http://www.sacramentocvb.org/
 Sacramento State University (á ensku): http://www.csus.edu/
 Almenningsbókasafnið í Sacramento (á ensku): http://www.saclibrary.org/
 Viðskiptaráð Sacramento (á ensku): http://www.metrochamber.org/
 Myndir af 19. aldar Sacramento (á ensku): http://sacramento.cityviews.us/
 Myndaferð um borgina (á ensku): http://www.Untraveledroad.com/USA/California/Sacramento/Sacramento.htm
 Saga Sacramento (á ensku): http://www.sacramentohistory.org/
 KVIE sjónvarpsstöðin í Sacramento: http://www.kvie.org/

Borgir í Kaliforníu",Hvenær fékk Sacramento höfn?,"{'answer_start': array([2892], dtype=int64), 'text': array(['1947'], dtype=object)}"
https://is.wikipedia.org/wiki/Aston%20Villa,Aston Villa,"Aston Villa Football Club (einnig þekkt sem einfaldlega Villa) er lið í ensku úrvalsdeildinni. Félagið er staðsett í Aston-hverfinu í Birmingham og var stofnað árið 1874. Félagið hefur leikið heimaleiki sína á Villa Park síðan 1897. Félagið var eitt af stofnfélögum ensku deildarinnar árið 1888 og ensku úrvalsdeildarinnar árið 1992. Villa er eitt af sigursælustu félögum Englands, hefur orðið enskur meistari sjö sinnum og enskur FA-bikarmeistari sjö sinnum. Þá er félagið eitt af aðeins fimm enskum liðum sem hefur unnið Meistaradeild Evrópu en það var árið 1982 þegar keppnin hét Evrópubikarinn.

Tveir Íslendingar hafa spilað fyrir Aston Villa. Sá fyrri er Jóhannes Karl Guðjónsson sem spilaði fyrir Aston Villa í hálft tímabil frá janúar 2003 til júní sama árs. Seinni Íslendingurinn sem hefur spilað fyrir Aston Villa er Birkir Bjarnason en hann spilaði með félaginu frá 2017-2019.

Aston Villa og nágrannaliðið Birmingham City er miklir erkifjendur, þegar þessi lið eigast við kallast það ""Second City Derby"". Nafnið er dregið af borginni Birmingham sem er næst fjölmennasta á Bretlandi. Samtals hafa þessi lið spilað 127 sinnum við hvort annað. Villa hefur unnið 57 þeirra, 33 jafntefli og Birmingham City unnið 37. Síðasti leikur á milli liðanna var í Ensku B deildinni þann 10. mars 2019 sem endaði með 1-0 sigri Aston Villa.

Frá 2006-2016 var eigandi liðsins Randy Lerner. Kínverski viðskiptamaðurinn Tony Xia keypti félagið fyrir 76 milljón punda í gegnum fyrirtækið sitt Recon Group. Tony Xia entist hins vegar ekki lengi í Villa því árið 2018 var tilkynnt að NSWE hafi keypt 55% hluta í Aston Villa. NSWE er samangert úr milljarðarmæringunum Nassef Sawiris og Wes Edens. Þeir eiga félagið en þann dag í dag.

Titlar 

  1. Deild: 1937/38 og 1959/60.
 3. deild: 1971/72. 
 Úrslitaleikir í enska bikarnum: 1892, 1924, 2000 og 2015.
 Úrslitaleikir í enska deildarbikarnum: 1963, 1971 og 2010.

Þekktir leikmenn 
  Gabriel Agbonlahor
  Stephen Warnock
  Emile Heskey
  Trevor Ford
  Peter McParland
  Danny Blanchflower
  Eric Houghton
  Charlie Aitken
  Brian Little
  Peter Withe
  Dennis Mortimer
  Andy Gray
  Gordon Cowans
  David Platt
  Steve Staunton
  David Ginola
  Christian Benteke
  John Carew 
  Dwight Yorke
  Dion Dublin
  Paul Merson
  Ian Taylor
  Paul McGrath
  Peter Schmeichel
  Juan Pablo Angel
  Lee Hendrie
  Gareth Barry
  Ronny Johnsen
  James Milner
  Martin Laursen
  Gareth Southgate
  Ashley Young
  Savo Milosevic
  Jack Grealish

Knattspyrnustjórar

Heimildir 

Ensk knattspyrnufélög
Íþróttalið frá Birmingham",Hver á Aston Villa?,"{'answer_start': array([1657], dtype=int64), 'text': array(['Nassef Sawiris og Wes Edens'], dtype=object)}"
https://is.wikipedia.org/wiki/Bj%C3%B6rn%20Zo%C3%ABga,Björn Zoëga,"Björn Zoëga (f. 26. apríl 1964) er bæklunarskurðlæknir, fyrrverandi forstjóri Landspítalans, og núverandi forstjóri Karólínska sjúkra­húss­ins í Svíþjóð.

Ævi og störf 
Björn er fæddur 26. apríl 1964 í Reykjavík. Ættarnafnið Zoëga má rekja til Danans Jóhannesar Zoëga sem fluttist til landsins 1787. Björn útskrifaðist frá Menntaskólanum í Reykjavík 1984. Hann lærði læknisfræði við Háskóla Íslands og útskrifaðist þaðan 1990. Hann fékk doktorsgráðu frá Gautaborgarháskóla í Svíþjóð 1998. 

Björn sat í stjórn Heimdallar, félags ungra sjálfstæðismanna í Reykjavík, 1990 til 1991 og spilaði um tíma körfuknattleik með íþróttafélaginu Val.  

Hann lærði bæklunarskurðlækningar við Sahlgrenska háskjólasjúkrahúsið í Gautaborg í Svíþjóð og fékk sérfræðingsleyfi 1996. Hann var yfirlæknir hryggjarskurðdeildar bæklunardeildar á Sahlgrenska frá 1999 til 2002.  

Hann var yfirlæknir skurðstofu Landspítalans í Fossvogi frá 2002 og sviðstjóri skurðlækningasviðs spítalans frá 2005. 

Björn var ráðinn framkvæmdastjóri lækninga á Landspítalanum 2009 til 2013. Áður hafði hann leyst af sem fram­kvæmda­stjóri lækn­inga frá 2007. 

Hann var forstjóri Landspítalans frá 2010 til 2013. Áður hafði hann leyst af sem forstjóri frá apríl til október 2008. Björn var formaður Knattspyrnufélagsins Vals 2014-15.  

Frá 2016 hefur hann starfað fyrir sænsku heilbrigðissamsteypuna GHP, sem rekur spítala og heilsugæslustöðvar á Norðurlöndunum og í Sameinuðu arabísku furstadæmunum. Hann var forstjóri hryggjarskurðdeilda þeirra í Stokkhólmi og Gautaborg. Frá 2017 - 2019 var hann aðalframkvæmdastjóri lækningasviðs GHP  en í upphafi árs 2019 var tilkynnt um ráðningu Björns í stöðu forstjóra Karólínska sjúkra­húss­ins í Svíþjóð og tók hann við því starfi um vorið.

Tilvísanir 

Íslenskir læknar
Stúdentar úr Menntaskólanum í Reykjavík",Hvaðan er doktorsgráða Björns?,"{'answer_start': array([454], dtype=int64), 'text': array(['Gautaborgarháskóla'], dtype=object)}"
https://is.wikipedia.org/wiki/Holdhn%C3%B3ska,Holdhnóska,"Holdhnjóska eða holdhnúskar nefnast útbrot á útigangshrossum sem koma til af kulda og vætu. Tíðnin er mest að hausti og vetri þegar tíð er rysjótt.

Orsakir og einkenni 
Þegar holdhnjóskar myndast koma hrúður og sár á hrygg og lend hrossins. Þetta kemur vegna þess að efsta lag húðarinnar blotnar og springur. Leðurhúðin verður varnarlítil en hún á að sjá um að halda hita á hrossinu. Þá veita fitukirtlar fitu út á yfirborð líkamans en sú fita klessist í hár hrossins. 

Séu holdhnjúskarnir rifnir af sést í bera kvikuna þar. Hross sem þjáð eru kvillanum geta fljótt lagt af og verða kulvísir þar sem hárin og leðurhúðin virka ekki lengur á réttan hátt til að halda á þeim hita. Sum hross fá það mikla hnjúska að ekki er hægt að leggja á þau hnakk fyrr en hnjóskarnir eru dottnir af.

Meðferð 
Hross í hagagöngu þurfa að hafa aðgang að góðu skjóli en það er mikilvægasta aðgerðin til að koma í veg fyrir holdhnjóska. Eftir því sem hárin vaxa lyftast holdhnjóskarnir upp. Hægt er að mýkja hnjóskana mep grænsápu eða mjúkri olíu. Einnig er hægt að örva hárvöxt með bíótín- og vítamíngjöf. 

Hestasjúkdómar",Hvernig get ég mýkt kjöthnjóska?,"{'answer_start': array([999], dtype=int64), 'text': array(['mep grænsápu eða mjúkri olíu'], dtype=object)}"
https://is.wikipedia.org/wiki/Souphanouvong,Souphanouvong,"Prins Souphanouvong (fæddur 13. júlí 1909, lést 9. janúar 1995) var, ásamt hálfbróður sínum prinsinum Souvanna Phouma og prinsinum Boun Oum frá Champasak, hluti af Prinsaþrenningunni svo nefndu sem urðu eins konar tákn fyrir hinar þrjár stríðandi fylkingar í Laos frá 1945 til 1975, kommúnista, hlutlausa og konungssinna. Hann var einn aðalleiðtogi Pathet Lao og forseti Alþýðulýðveldisins Laos frá desember 1975 til ágúst 1991. 

Souphanouvong var einn sona Bounkhong prins, en hann var síðastur varakonunga Luang Prabang. Andstætt eldri hálfbræðrum sínum tveim sem einnig urðu alþekktir, Souvanna Phouma og Phetsarath, var móðir hans, Mom Kham Ouane, ekki af aðalsættum. Faðir þeirra, Bounkhong prins eignaðist þrettán syni og þrettán dætur með ellefu eiginkonum. 

Souphanouvong var menntaður byggingarverkfræðingur frá Frakklandi og starfaði sem slíkur bæði í Laos og Víetnam, aðallega við brúarframkvæmdir. Hann var mikill málamaður og hafði gott vald á minnst átta tungumálum, þar á meðal latínu og grísku. Hann var kvæntur víetnömsku konunni Nguyen Thi Ky Nam og átti með henni tíu börn.

Souphanouvong var einn af leiðtogum Lao Issara-hreyfingarinnar sem barðist fyrir sjálfstæði Laos frá Frakklandi. Hann flúði 1945 til Víetnam eftir að tilraun til að skapa sjálfstætt Laos hafði verið barinn niður. Þar kynntist hann Ho Chi Minh og varð fyrir miklum áhrifum af honum og hreyfingu kommúnista. 

Hann fékk viðurnefnið „rauði prinsinn“ og varð einn helsti leiðtogi og aðalfulltrúi út á við fyrir Pathet Lao-hreyfinguna og eftir valdatöku hennar varð hann fyrsti forseti Alþýðulýðveldisins. Souphanouvong hafði þó takmörkuð áhrif eftir valdatökuna, sá sem kom í hans stað sem leiðtogi var Kaysone Phomvihane sem fram að því hafði verið nánast óþekktur utan innsta kjarna kommúnista.

Heimildir 
 Stuart-Fox, Martin (1997) A History of Laos. Cambridge: Cambridge University Press.
 Gunn, Geoffrey C. (1998) Theravadins, Colonialists and Commissars in Laos. Bangkok: White Lotus Press.

Tenglar 
 Laos: Country Studies

Forsetar Laos","Hver voru störf bræðranna Souphanouvongs, Souvanna Phouma og Phetsaraths?","{'answer_start': array([579], dtype=int64), 'text': array(['alþekktir'], dtype=object)}"
https://is.wikipedia.org/wiki/Sk%C3%BDrsla%20Ranns%C3%B3knarnefndar%20Al%C3%BEingis%20um%20%C3%8Db%C3%BA%C3%B0al%C3%A1nasj%C3%B3%C3%B0,Skýrsla Rannsóknarnefndar Alþingis um Íbúðalánasjóð,"Skýrsla Rannsóknarnefndar Alþingis um Íbúðalánasjóð er skýrsla sem kom út 2. júlí 2013.

Forsaga 
Alþingi samþykkti þingsályktun 17. desember 2010 um að fara skuli fram sjálfstæð og óháð rannsókn á Íbúðalánasjóði þar sem rannsökuð verði starfsemi sjóðsins frá aðdraganda breytinganna á fjármögnun og lánareglum hans sem hrint var í framkvæmd á árinu 2004 og til ársloka 2010 með það að markmiði að 1) meta áhrif af þessum breytingum og einstökum ákvörðunum á fjárhag sjóðsins og fasteignamarkaðinn, 2) meta áhrifin af starfsemi Íbúðalánasjóðs á stjórn efnahagsmála og 3) meta hvernig sjóðurinn hafi sinnt því hlutverki sem hann hefur samkvæmt lögum.

Helstu niðurstöður 
Þegar Íbúðalánasjóður var stofnaður árið 1999 var sett upp félagslegur hluti í viðbótarlánakerfi þar sem voru. Árið 2004 var viðbótarlánakerfið aflagt og 90% lán buðust öllum og með því varð hlutverk Íbúðalánasjóðs ekki lengur félagslegt heldur að notkun ríkisábyrgðar til þess að veita sem flestum lán til íbúðakaupa á sem lægstum vöxtum. Þetta gerist á húsnæðismarkaði þar sem er vaxtafrelsi ríkti og ríkisbankar höfðu voru seldir. Veðhlutfall almennra lána sjóðsins var með þessu hækkað úr 65% í 90%. Það var kosningaloforð Framsóknarflokksins fyrir alþingiskosningarnar 2003 að hækka húsnæðislán í 90% og var hærra veðhlutfall sett í stjórnarsáttmála ríkisstjórnar Sjálfstæðis- og Framsóknarflokks.

Þær breytingar, sem gerðar voru á fjármögnun Íbúðalánasjóðs og útlánum á árinu 2004 eru eins og markaðssókn þar sem ríkisábyrgð er notuð til þess að laða að fjármagn, m.a. erlent áhættufé í því augnamiði að lækka vexti. Með því er uppgreiðsluáhætta  Íbúðalánasjóðs stóraukin. Greiðslubyrði útlána var lækkuð og lánsupphæðir og lánshlutföll hækkuð. 

Ekki var dregið úr umsvifum sjóðsins heldur var uppgreiðslufé sem streymdi til sjóðsins ráðstafað þannig að það skilaði sem mestri ávöxtun. Íbúðalánasjóður fjármagnaði m.a. samkeppni bankanna við sjálfan sig. Íbúðalánasjóður var rekinn sem fjárfestingarbanki, fjármagnaður með útgáfu ríkistryggðra skuldabréfa. Sjóðurinn fjárfesti í skuldabréfum og veðlánasöfnum og gerði lánasamninga við aðrar fjármálastofnanir. Til hans voru ekki gerðar sömu kröfur um eigið fé, laust fé eða menntun og reynslu stjórnarmanna og til annarra fjármálastofnana og hann laut ekki samskonar eftirliti og þær. Þannig var sjóðurinn ekki félagsleg þjónustustofnun heldur fjármálafyrirtæki í samkeppni á húsnæðislánamarkaði.

Stjórnin sinnti ekki eftirlitshlutverki sínu sem skyldi og þekking og menntun starfsmanna og stjórnar var ekki í samræmi við verksvið sjóðsins. Íbúðalánasjóður átti samkvæmt lögum að fylgjast með íbúðaþörf í landinu og áætlanagerð sveitarfélaga um þörf á íbúðarhúsnæði en sinnti rannsóknar- og eftirlitshlutverki sínu á því sviði ekki fyrr en árið 2008 heldur samþykkti allar lánsumsóknir að uppfylltum ákveðnum lágmarksskilyrðum en synjaði ekki umsóknum á grundvelli þess að ekki væri þörf fyrir íbúðir. Sjóðurinn lét í sumum lánaflokkum gögn frá umsækjendum um lán um íbúðaþörf nægja en fór ekki yfir þær til að meta hvort þörf væri á byggingum. 

Samningar sem Íbúðalánasjóður gerði við Sparisjóð Hólahrepps og Fjárvaka ehf. (dótturfélag Kaupfélags Skagfirðinga) þykja aðfinnsluverðir.

Áhugi útlendinga á húsbréfum Íbúðalánasjóðs jókst um árþúsundamótin. Stjórnskipuð nefnd lagði til að tekin yrðu upp íbúðabréf til að fjármagna lánveitingar Íbúðalánasjóðs og lagði til þá grundvallarbreytingu að íbúðabréfin yrðu ekki innkallanleg (sjóðurinn gæti ekki greitt þau upp) en þess í stað yrði uppgreiðslugjald lagt á lántakendur. Þegar lög voru sett var hins vegar ekki gert ráð fyrir uppgreiðslugjaldi.

Íbúðabréfakerfið var tekið upp 1. júlí 2004 og húsbréfakerfið lagt niður og var eigendum húsbréfa og húsnæðisbréfa þá gefinn kostur á að skipta bréfum sínum í hin nýju íbúðabréf. Skuldabréfaskiptin voru ein verstu og afdrifaríkustu mistök sem Íbúðalánasjóður hefur gert. Sjóðurinn tapaði miklu á skiptunum og þau hrundu af stað slæmri atburðarás.

Gríðarlegar uppgreiðslur húsnæðislána hófust í ágúst 2004 eða þegar KB-banki hóf að veita íbúðaveðlán 23. ágúst 2004 og aðrir bankar nokkrum dögum seinna. Einungis var hægt að mæta um fjórðungi uppgreiðslna því að með útdrætti húsbréfa. Það safnaðist því upp mikið fé hjá sjóðnum en þrátt fyrir hinar miklu uppgreiðslur hélt sjóðurinn áfram að selja íbúðabréf á markaði og fékk þannig inn enn meira fé. Uppgreiðslur voru meiri en útlán hjá sjóðnum í hverjum mánuði frá september 2004 til apríl 2006. Á því tímabili voru uppgreiðslur umfram útlán samtals 112 milljarðar og það var fé sem sjóðurinn hafði engin not fyrir. Samt sem áður sótti hann sér til viðbótar 69 milljarða af markaði á sama tímabili með útgáfu (sölu) íbúðabréfa þannig að fé sem hann hafði ekkert með að gera var samtals um 181 milljarður á umræddu tímabili. 

Forysta sjóðsins var mjög upptekin að fá erlenda fjárfesta til að kaupa íbúðabréf. Fljótlega eftir að uppgreiðslur hófust hjá sjóðnum ákváðu yfirvöld að hækka veðhlutfall lána Íbúðalánasjóðs upp í 90% auk þess að hækka hámarkslán. 

Þegar uppgreiðslur lána hófust hjá Íbúðalánasjóði haustið 2004 safnaðist mikið fé hjá sjóðnum sem hann síðan lánaði bönkum og sparisjóðum þar sem hann taldi sig ekki fá nægilega góða ávöxtun hjá Seðlabanka Íslands en Íbúðalánasjóður ákvað í desember 2004 að ávaxta umframfé sitt með lánasamningum við banka og sparisjóði. Sjóðurinn lánaði bönkum og sparisjóðum samtals 95 milljarða króna á tímabilinu desember 2004 til desember 2005. Þessi lán juku getu banka og sparisjóða til að veita íbúðaveðlán, sem aftur leiddu til meiri uppgreiðslna hjá sjóðnum. Þær ollu honum tapi auk þess að auka enn á þensluna í hagkerfinu. Samkeppni Íbúðalánasjóðs við bankana var sérlega óheppileg á árunum 2005–2006 þegar lágir vextir á húsnæðislánum grófu undan aðgerðum Seðlabanka Íslands til að slá á þenslu.

Ríkisábyrgðasjóður fylgdist með stöðu Íbúðalánasjóðs á árunum 2004‒2006 og benti á það sem honum fannst athugavert en var veikt stjórntæki og Íbúðalánasjóður komst upp með að taka lítið tillit til athugasemda og umsagna Ríkisábyrgðasjóðs á miklum umbrotatímum árin 2004–2006.
 
Ríkisendurskoðun skrifaði tvær skýrslur um Íbúðalánasjóð á árunum 2005-2006 en skýrslurnar ber að skoða í ljósi þess að stofnunin sá um innri endurskoðun hans á þessu tímabili og var því ekki óháður aðili. Báðar skýrslurnar fegra stöðu Íbúðalánasjóðs.

Áhættustýringu sjóðsins var verulega ábótavant og útreikningar í skýrslum til eftirlitsaðila voru rangir og ekki beitt aðgerðum til að draga úr áhættu en stærsti áhættuþátturinn var uppgreiðsluáhætta. Ýmsar aðgerðir sjóðsins sem gerðar voru í nafni áhættustýringar juku á áhættu sjóðsins í staðinn fyrir að draga úr henni. Áhættustýringarstefna sjóðsins tók ekki til útlánaáhættu fyrr en á árinu 2010 og Íbúðalánasjóður slakaði á lánaskilyrðum síðsumars 2004 til að mæta samkeppni frá öðrum lánastofnunum meðal annars með að gera minni kröfur í greiðslumati og bankaábyrgðum.

Staða Íbúðalánasjóðs versnaði frá haustinu 2004 en auknar uppgreiðslur á útlánum Íbúðalánasjóðs árin 2004 og 2005 leiddu til þess að vaxtamunur eigna og skulda minnkaði. Íbúðalánasjóður notaði ekki helsta stýritæki sitt, sem var að kaupa eigin bréf á markaði, og náði ekki að endurfjárfesta  á nægilega háum vöxtum miðað við þá vexti sem skuldir hans báru. Tekjur dugðu því ekki fyrir gjöldum og eigin fé sjóðsins þvarr. Á árunum 2004–2008 færðu starfsmenn sjóðsins lausafé hans í auknum mæli í áhættusamari fjárfestingar. Við hrunið haustið 2008 var stór hluti af lausafé Íbúðalánasjóðs í áhættufjárfestingum og mikið um opna afleiðusamninga við íslensku viðskiptabankana og tapaði sjóðurinn miklu fé.

Íbúðalánasjóður lánaði byggingarsamvinnufélögum, sjálfseignarstofnunum, byggingaverktökum og öðrum fyrirtækjum og félagasamtökum 122 milljarða króna á árunum 1999‒2012 eða fimmtung af öllum lánveitingum sjóðsins á þessu tímabili og hafa heimtur af mörgum lánum í þessum flokki verið slæmar, einkum lánum til leigufélaga og byggingarverktaka. Mestu tapaði sjóðurinn á lánum til leigufélaga en mikið fé var lánað til þeirra eftir að átak til fjölgunar leiguíbúða hófst árið 2001.

Frá stofnun Íbúðalánasjóðs til ársins 2012 nemur bókfært tap sjóðsins 100 milljörðum króna á verðlagi ársins 2012, þar af 80 milljörðum frá árinu 2008. Óbókfært tap vegna stöðu sjóðsins í lok árs 2012 nemur allt að 170 milljörðum króna að núvirði.

Hlutfallslega hefur sjóðurinn tapað mest á leiguíbúðalánum og á lánveitingum til Mið-Austurlands og grannsvæða Reykjavíkur.

Eftirlit með Íbúðalánasjóði var ekki fullnægjandi, sérstaklega ekki 2004 þegar mestu breytingarnar voru gerðar en Alþingi afsalaði sér aðkomu að tilnefningu í stjórn Íbúðalánasjóðs 1998 og skipaði ráðherra í stjórn sjóðsins og pólitískar ráðningar drógu úr trúverðugleika sjóðsins og eftirlitsaðila hans og stjórntæki eftirlitsaðila voru veik. Rannsóknin leiddi í ljós margvísleg mistök sem vörðuðu Íbúðalánasjóð og pólitísk áhrif og hagsmunatengsl.

Heimild 
 Skýrsla Rannsóknarnefndar Alþingis um Íbúðalánasjóð",Hver var heildartap Íbúðalánasjóðs talið frá upphafi til loka árs 2012?,"{'answer_start': array([8198], dtype=int64), 'text': array(['100 milljörðum króna á verðlagi ársins 2012'], dtype=object)}"
https://is.wikipedia.org/wiki/Gr%C3%A6nlandsj%C3%B6kull,Grænlandsjökull,"Grænlandsjökull er íshella sem þekur um 80% af yfirborði Grænlands. Jökullinn er um 2,400 km að lengd frá norðri til suðurs og er breiðastur 1,100 km á breiddargráðu 77° N. Lesa má sögu loftslags hundruð þúsunda ára með kjarnaborunum í Grænlandsjökli.

Tenglar 
 [IPCC, 2001] Climate Change, the Scientific Basis, IPCC, 2001  , , and  .
 [EB, 1999] Encyclopaedia Britannica. 1999 Multimedia edition.
 [AGU, 1995] National Report to IUGG, Rev. Geophys. Vol. 33 Suppl., American Geophysical Union, 1995  .
 [ACIA, 2004] ACIA, Impacts of a Warming Arctic: Arctic Climate Impact Assessment, Cambridge University Press, 2004.  
 [JPL, 2006] News: Greenland Ice Loss Doubles in Past Decade, Raising Sea Level Faster. Jet Propulsion Laboratory News release, Thursday, 16 February 2006.  

 Geological Survey of Denmark and Greenland (GEUS)  GEUS has much scientific material on Greenland.
 Emporia State University - James S. Aber Lecture 2: MODERN GLACIERS AND ICE SHEETS.
 Arctic Climate Impact Assessment 

Grænland",Hvað er breidd Grænlandsjökuls á 77° norður?,"{'answer_start': array([141], dtype=int64), 'text': array(['1,100 km'], dtype=object)}"
https://is.wikipedia.org/wiki/%C3%9Ealsv%C3%B6run,Þalsvörun,"Þalsvörun á við um eiginleika þals sumra fléttna til að breyta um lit þegar það kemst í snertingu við ákveðin efnasambönd. Þalsvörun er mikilvægt greiningareinkenni fyrir fléttutegundir því hún gefur mjög góða vísbendingu um það hvaða virku efni fléttan inniheldur. Mismunandi fléttutegundir geta því gefið mismunandi þalsvörun við sömu efnum og jafnvel getur svörunin verið mismunandi milli vefjagerða innan sama einstaklings.

Efnin sem notuð eru við athugun á þalsvörun eru margbreytileg. Á Íslandi hefur Hörður Kristinsson mest notast við fimm efni eða efnablöndur: Kalíumhýdroxíð (K), Calsíumoxíðklóríð (C), blöndu af kalíumhýdroxíði og calsíumoxíðklóríði (KC), paraphenýldíamín (P) og kalíumjoðíð (J).

Stundum endurkastar þalið ákveðnum bylgjulengdum ljóss, til dæmis útfjólubláu ljósi. Hægt er að hafa upplýsingar um slíkt með í þalsvörun. Um fléttu sem endurkastar útfjólubláu ljósi sem hvítu ljósi mætti því lýsa sem UV+ hvítt.

Dæmi um þalsvaranir
 Þalsvörun fjallagrasa er K-, C-, KC- P+ rauð eða P-.
 Þalsvörun hraunbreyskju er K+ gult, C-, KC- og P+ laxagult.
 Þalsvörun skútagrýtu er K-, C-, KC- og P-.
 Þalsvörun viðarkúpu er K-, C-, KC-, P+ rauðgult.
 Þalsvörun tindanafla er K-, C-, KC+ rauð, P-.
 Í birkimerlu er þalsvörunin K- en askhirlsurnar litast K+ rauðar.
 Gráfleiðra endurkastar útfjólubláu ljósi. Hún hefur þalsvörunina K-, C-, KC-, P-, UV+ bláhvítt (miðlag og hraufur).

Tilvísanir

Fléttur",Hvaða aðili eða einstaklingur hefur mestar rannsóknir gert á þalsvörun á Íslandi?,"{'answer_start': array([508], dtype=int64), 'text': array(['Hörður Kristinsson'], dtype=object)}"
https://is.wikipedia.org/wiki/P%C3%B6nnukaka,Pönnukaka,"Pönnukaka er örþunn kaka úr hveiti, eggjum og mjólk. Úr þessum afurðum er búin til soppa. Pönnukökur eru oftast bakaðar á pönnu, annaðhvort á skaftpönnu eða frístandandi rafmagnspönnu. Íslensku pönnukökur eru oftast borðaðar með strásykri eða sultu og þeyttum rjóma. Pönnukökur eru til í flestum nágrannalöndum okkar en þar eru þær oftast þykkari en þær íslensku og minna jafnvel á lummur.

Uppskrift
Til eru margar uppskriftir að pönnukökum. Eftirfarandi uppskrift er fengin úr bók Helgu Sigurðardóttur.

250 gr. hveiti
40 gr. smjörlíki
1 tsk lyftiduft
1/2 tsk. sódaduft
1/2 tsk. salt
6-7 dl  mjólk
2 egg
vanilludropar eftir smekk

Þessu er öllu hrært vel saman í þunna hræru. Gott er að nota þeytara til þess. Bakað á pönnukökupönnu við góðan hita. Pönnukökurnar má vefja upp með sykri eða sýrópi. Einnig er afar vinsælt að bera þær fram með þeyttum rjóma og berjasultu.

Tenglar 
 Pönnukökur; grein í Morgunblaðinu 1987

Heimildir 

 
 

Íslensk matargerð
Kökur

cv:Икерчĕ
da:pandekage
en:pancake
es:Panqueque
eo:Patkuko
gl:Filloa
he:חביתית
nds:Pannkoken
pl:Naleśnik
ru:Блины
sl:Palačinka
sr:Палачинка
wa:Vôte",Hvað er algengasta meðlæti með íslenskum pönnukökum?,"{'answer_start': array([229], dtype=int64), 'text': array(['strásykri eða sultu og þeyttum rjóma'], dtype=object)}"
https://is.wikipedia.org/wiki/Johnny%20English%20Strikes%20Again,Johnny English Strikes Again,"Johnny English Strikes Again er bresk gamanmynd frá 2018 með Rowan Atkinson í aðalhlutverki og er sjálfstætt framhald af kvikmyndinni Johnny English Reborn frá 2011 og er þriðja kvikmyndin í röðinni en fyrst kom Johnny English frá 2003. Leikstjóri er David Kerr og höfundur handrits er Willam Davies. Í myndinni gerist það að netárás hefur leitt í ljós hverjir allir virku leyniþjónustumennirnir í Bretlandi eru neyðist Johnny English að finna tölvuþrjótinn. Kvikmyndin var frumsýnd 5. október 2018 í Bretlandi. Aðalleikarar eru Rowan Atkinson, Ben Miller, Olga Kurylenko og Emma Thompson.

Framleiðsla 
Í maí 2017 var tilkynnt að Rowan Atkinson myndi snúa aftur til að fara með hlutverk Johnny English í framhaldi af kvikmyndinni Johnny English Reborn frá 2011. Þann 3. ágúst 2017 tilkynntu Working Title Films að þeir hafi hafið framleiðslu og kvikmyndatöku á myndinni með leikstjóranum David Kerr.  

Hinn 4. apríl 2018 kom í ljós að titillinn var Johnny English Strikes Again. Myndin var síðan frumsýnd 5. október 2018 í Bretlandi.
Breskar gamanmyndir
Gamanmyndir
Kvikmyndir frumsýndar 2018",Hver var leikstjóri Johnny English Strikes Again?,"{'answer_start': array([251], dtype=int64), 'text': array(['David Kerr'], dtype=object)}"
