id,title,context,question,answers
nqii_12435,Þorvaldur Thoroddsen,"Þorvaldur Thoroddsen ( 6. júní 1855 – 28. september 1921 ) var íslenskur jarðfræðingur og landfræðingur , einhver þekktasti vísindamaður Íslendinga á sinni tíð . Hann er hvað þekktastur fyrir "" Lýsingu Íslands "" .",Hvað er Þorvaldur Thoroddsen þekktur fyrir ?,"{'text': array([' Hann er hvað þekktastur fyrir "" Lýsingu Íslands ""'], dtype=object), 'answer_start': array([161])}"
nqii_8632,Hákarl,"Hákarl hefur hvassar tennur í skoltum sínum í víðum kjafti . Augu og tálknop hákarls eru smá . Hákarlinn getur náð allt að 7 metra lengd en þó er algeng lengd hans um 2 - 5 metrar . Hákarlar lifa á blönduðu fæði . Lítið er vitað um kynæxlun hákarla en þó er vitað til þess að þeir gjóti ungviði sínu sem er u.þ.b. 40 cm. við got og afkvæmin geta verið allt að 10 talsins . Talið er að hann geti náð allt að 150 ára aldri og verði mjög seint kynþroska . Hákarlinn vex mjög hægt og hafa einhverjar rannsóknir leitt í ljós að fullorðin dýr vaxi ekki nema um 1 cm. á ári . Vitað er um tilfelli þess að hákarl sem merktur hafði verið og náð aftur eftir 16 ár , hafði vaxið frá 262 cm. til 270 cm. á þessum 16 árum . Allt sitt líf dvelur skepnan í köldum heimskautasjó ( 2 - 7°C ) á miklu dýpi , hann er eina tegund hákarla í heiminum sem vitað er um að það geri . Á sumrin heldur hákarlinn sig á 180 - 730 metra dýpi en færir sig nær yfirborðinu á veturna í þeirri von að ná sér í seli . Hákarlinn finnst allt frá Svalbarða , Bjarnareyju og Hvítahafi í norðri , og suður með ströndum Noregs inn í Norðursjó . Hann er einnig að finna við norðanverðar Bretlandseyjar , Færeyjar og Ísland .",Hvað borðar hákarl ?,"{'text': array([' Hákarlar lifa á blönduðu fæði'], dtype=object), 'answer_start': array([181])}"
nqii_5440,Stapi,Stapi eða móbergsstapi er sérstök gerð eldfjalla sem myndast í eldgosi undir jökli eða íshellu . Gosefnin hlaðast upp í því rými sem bráðnar undan hita gossins . Fyrst um sinn hleðst upp gjóska og bólstraberg en þegar gosið hefur hlaðið sig upp fyrir mörk jökulsins og gosrásin einangrast frá vatninu hefst hraungos . Þegar jökullinn hverfur stendur eftir reisulegt kringlótt fjall með bröttum hamrabrúnum og lítilli dyngju á annars flötum toppi .,Hvað er móbergsstapi ?,"{'text': array([' gerð eldfjalla sem myndast í eldgosi undir jökli',
       ' sérstök gerð eldfjalla sem myndast í eldgosi undir jökli eða íshellu',
       'Stapi eða móbergsstapi er sérstök gerð eldfjalla sem myndast í eldgosi undir jökli eða íshellu'],
      dtype=object), 'answer_start': array([33, 25,  0])}"
nqii_5884,Skipting ríkisvaldsins,"Í forsetaþingræði er forsetinn og löggjafarþingið kosið á aðgreindan hátt rétt eins og í forsetaræðisríkjum en forsetinn hefur vald til að leysa upp þing . Í forsetaþingræði má forsetinn ráða ríkisstjórn eins og í forsetaræðisríkjum en verður að fá samþykki þingsins , eins og í þingræðisríkjum . Það skiptir því miklu máli hvaða flokkur / ar ráða forsetaembættinu og löggjafarþinginu hverju sinni . Forsetaþingræði er þannig blönduð stjórnskipun sem hefur í för með sér að forysta framkvæmdarvaldsins er tvískipt , forsetinn fer með hluta framkvæmdarvaldsins en forsætisráðherrann og ríkisstjórn líka ( forsetinn skipar forsætisráðherrann ) . Mismunandi útfærslur af þessari tvískiptingu má finna meðal ríkja sem notast við þessa stjórnskipan .",Hverjir fara með framkvæmdavald á Íslandi ?,"{'text': array(['forsetinn fer með hluta framkvæmdarvaldsins en forsætisráðherrann og ríkisstjórn líka'],
      dtype=object), 'answer_start': array([516])}"
nqii_8969,MDMA,"MDMA ( 3,4 - metýlendíoxýmetamfetamín ) , best þekkt undir nöfnunum alsæla , Molly eða e-pilla , er tilbúið fenetýlamín sem orkar á heilann á þann hátt að ýta snögglega undir framleiðslu á serótóníni , norepinefrín og dópamín , og einnig sem endurupptökuhemill , Það veldur skynjunaráhrifum hjá neytandanum , til dæmis einlægni , sæluvímu og góðri tilfinningu . Sumir neytendur finna fyrir meiri snertiáhrifum sem að gerir snertingu almennt ánægjulegri . Þrátt fyrir almennar sögusagnir um annað , hefur lyfið ekki almenn kynorkuaukandi áhrif . Sökum hæfni lyfsins til að hjálpa við að draga úr hræðslu við sjálfskoðun hefur það reynst nytsamlegt í ýmisskonar meðferðartilgangi , þá sérstaklega áfallaröskun , en er ekki viðurkennt sem lyf .",Hver eru áhrif MDMA ?,"{'text': array([' Það veldur skynjunaráhrifum hjá neytandanum , til dæmis einlægni , sæluvímu og góðri tilfinningu'],
      dtype=object), 'answer_start': array([262])}"
nqii_17645,Nifteindastjörnur,"Nifteindastjörnur eru undraverðar stjörnur sem eru að stærstum hluta úr nifteindum . Þær verða til þegar gríðarstórar stjörnur springa og falla saman í miðju . Úr þessari miðju verða nifteindastjörnurnar til . Talið er að finna megi 100.000 nifteindastjörnur í Vetrarbrautinni okkar en nú til dags eru um 2.000 þekktar nifteindastjörnur í Vetrarbrautinni og Magellanskýjunum og um 1.000 þekktar tifstjörnur sem eru nifteindastjörnur með útgeislunarstraum sem lendir á jörðinni . Þessar stjörnur hafa bæði gríðarsterkt segulsvið , snúast mjög hratt og eru einstaklega heitar . Þær eru gríðarlega eðlisþungar að auki vegna þess hve þétt efnið í þeim er en engir fráhrindikraftar verka milli nifteinda .",Hvað er tifstjarna ?,"{'text': array([' nifteindastjörnur',
       ' nifteindastjörnur með útgeislunarstraum sem lendir á jörðinni'],
      dtype=object), 'answer_start': array([414, 414])}"
nqii_11247,Svartbók kommúnismans,"Svartbók kommúnismans er bók , sem fjallar um glæpi kommúnistastjórna á 20. öld . Höfundar eru nokkrir franskir fræðimenn . Stéphane Courtois var ritstjóri og skrifar formála hennar , eftirmála og tvo kafla . Nicolas Werth skrifar lengstu greinina , sem er um ógnarstjórn Leníns og Stalíns í Rússlandi og síðar Ráðstjórnarríkjunum 1917 – 1953 . Jean-Louis Margolin skrifar tvær langar ritgerðir , um Kína í valdatíð Maós 1949 – 1976 og Kambódíu undir stjórn rauðu kmeranna 1975 – 1979 . Bókin kom fyrst út í Frakklandi haustið 1997 undir heitinu "" Le livre noir du communisme : Crimes , terreur , répression "" . Dr. Hannes Hólmsteinn Gissurarson prófessor þýddi bókina á íslensku og var ritstjóri hennar .",Hvert er helsta framlag Hannesar Hólmsteins til fræðanna ?,"{'text': array([' Dr. Hannes Hólmsteinn Gissurarson prófessor þýddi bókina á íslensku og var ritstjóri hennar .'],
      dtype=object), 'answer_start': array([611])}"
nqii_16355,Konungur Svíþjóðar,"Konungur Svíþjóðar er þjóðhöfðingi Svíþjóðar , þar sem er þingbundin konungsstjórn . Sænska konungsveldið er eitt af þeim elstu í heimi en listar yfir konunga Svíþjóðar hefjast venjulega á Eiríki sigursæla ( d. 995 ) .",Hver er þjóðhöfðingi Svíþjóðar ?,"{'text': array(['Konungur Svíþjóðar er þjóðhöfðingi Svíþjóðar'], dtype=object), 'answer_start': array([0])}"
nqii_14353,Gleðiganga,Á Íslandi hefur hún verið gengin í Reykjavík annan laugardag í ágústmánuði frá árinu 2000 sem hluti af Hinsegin dögum sem haldnir eru á sama tíma .,Hvenær er gleðigangan ?,"{'text': array(['Á Íslandi hefur hún verið gengin í Reykjavík annan laugardag í ágústmánuði',
       ' annan laugardag í ágústmánuði'], dtype=object), 'answer_start': array([ 0, 44])}"
nqii_1098,Júlíus Caesar,"Árið 46 f.Kr. hafði Cæsar náð öllu Rómveldi á sitt vald og lét hann öldungaráði gefa sér alræðisvald til 10 ára . Tveimur árum síðar tók hann sér alræðisvald til æviloka sem urðu í mars sama ár . Cæsar var snjall stjórnmálamaður og kom á ýmsum umbótum í stjórnkerfinu . Hann fjölgaði í öldungaráðinu upp í 900 og tilnefndi nýja öldunga sem voru honum hliðhollir úr ýmsum þjófélagshópum og úr ýmsum skattlöndum . Hann lækkaði skatta í skattlöndum , skipti löndum milli hermanna sinna og fátækra . Hann reyndi að stemma stigu við þrælahaldi með lögum . Hann sendi tugi þúsunda fátækra borgara í Róm , sem landnema til nýlendna sinna . Hinum fátæklingunum veitti hann vinnu við byggingaframkvæmdir . Hann tók upp tímatal með egypsku sniði sem var nefnt , júlíanska tímatalið og er dagatalið þar með fellt að gangi sólarinnar í stað tunglsins . 365 dagar eru í árinu og hlaupársdagur fjórða hvert ár . Hann tryggði gengi gjaldmiðils með því að slá mynt úr gulli og setti reglur um vexti og gjaldþrot . Hann kom á skipulagi og stjórn í Rómaveldi .",Hvenær var Júlíus Sesar keisari ?,"{'text': array([' 46 f.Kr.'], dtype=object), 'answer_start': array([4])}"
nqii_10167,Sen,"Sen ( eða zen ) er form af búddisma , sem leggur megináherslu á hugleiðslu umfram dýrkun guðdóms , helgirita og regluverks . Í raun er það andstætt sen ( zen ) að það sé skilgreint , því hugmyndafræðin gengur út á að ekkert er í föstu formi . Allt er háð breytingum og það sem við höldum að sé veruleikinn er í raun okkar eigin túlkun samkvæmt hugmyndum zen . Sen varð til í Kína á 7. öld en breiddist þaðan til Víetnam , Kóreu og Japans . Japanski rithátturinn er "" zen "" en sá kínverski er "" chan "" ( 禪 ) en kínverska orðið er komið af orðinu dhyāna í sanskrít , sem merkir „ hugleiðsla “ .",Hvað er Zen ?,"{'text': array([' form af búddisma',
       ' form af búddisma , sem leggur megináherslu á hugleiðslu umfram dýrkun guðdóms , helgirita og regluverks'],
      dtype=object), 'answer_start': array([18, 18])}"
nqii_15616,Woodstock,"Artie Kornfeld og Mike Lang höfðu mikinn áhuga á því að setja á laggirnar hljóðver í Woodstock . Staðsetningin hentaði sér vel vegna þess að á þessum slóðum voru þegar ýmsir tónlistarmenn búsettir , þar á meðal Bob Dylan . Fjárfestarnir ungu Joel Rosenman og John Roberts hittu Lang og Kornfeld og hugmyndir þeirra urðu að því að þeir ákvaðu að halda þriggja daga tónlistarhátíð fyrir 50.000 manns . Með því vonuðu þeir að ágóði hátíðarinnar yrði nægur til þess að stofna hljóðverið .",Hvað komu margir á Woodstock hátíðina ?,"{'text': array([' 50.000 manns'], dtype=object), 'answer_start': array([384])}"
nqii_8213,Sauðfé,"Sauðfé ( fræðiheiti : "" Ovis aries "" ) eru ullarklædd , fjórfætt jórturdýr ( ættkvísl "" Ovis "" ) . Sauðfjárkyn eru talin upprunin í fjallendum Tyrklands og Írans ( fræðiheiti "" Ovis orientalis "" ) , en vísbendingar eru um það sauðfjárkyn frá því um 9.000 f.Kr.",Hvað eru sauðfé ?,"{'text': array(['Sauðfé ( fræðiheiti : "" Ovis aries "" ) eru ullarklædd , fjórfætt jórturdýr',
       ' eru ullarklædd , fjórfætt jórturdýr',
       ' ullarklædd , fjórfætt jórturdýr'], dtype=object), 'answer_start': array([ 0, 38, 42])}"
nqii_4501,Knattspyrna,"Knattspyrna eða fótbolti er boltaíþrótt þar sem farið er eftir 17 reglum sem voru staðfestar af Alþjóðaknattspyrnusambandinu þegar það var stofnað árið 1886 . Knattspyrna er leikin með knetti af tveimur allt að 11 manna liðum ( með markmanni ) sem reyna að sigra hitt liðið með því að skora fleiri mörk en andstæðingarnir . Til að skora mark þarf að spyrna boltanum inn í mark andstæðinganna . Ef mark er skorað í eigin mark kallast það sjálfsmark . Leikmenn mega ekki snerta boltann með hönd sinni , en markmaðurinn er undantekning . Hann má verja boltann með höndunum á afmörkuðu svæði sem kallast vítateigur .",Hvað eru margir í fótboltaliði ?,"{'text': array([' 11'], dtype=object), 'answer_start': array([210])}"
nqii_10465,Siglufjörður,"Samgöngur við Siglufjörð voru lengst af mjög erfiðar ; gönguleiðir lágu fyrr á öldum um háa og torfæra fjallvegi til Fljóta og Héðinsfjarðar en lengst af voru nær allir flutningar til Siglufjarðar á sjó . Árið 1946 var lagður um 15 km langur bílvegur yfir Siglufjarðarskarð sem er í 630 m hæð yfir sjávarmáli og var aðeins opið örfáa mánuði á ári en þótti þó mikil samgöngubót . Enn meira munaði þó um jarðgöngin Strákagöng , sem voru grafin í gegnum fjallið Stráka vestan Siglufjarðar og voru opnuð 1967 . Þau opnuðu Siglfirðingum greiða leið yfir í Skagafjörð . Árið 2010 voru síðan Héðinsfjarðargöng opnuð en þau tengja saman Siglufjörð og Ólafsfjörð með viðkomu í Héðinsfirði og er vegalengdin á milli þéttbýlisstaðanna aðeins 15 km .",Hvenær voru Héðinsfjarðargöng byggð ?,"{'text': array([' 2010'], dtype=object), 'answer_start': array([568])}"
nqii_4533,Bertrand Russell,"Bertrand Arthur William Russell ( 18. maí 1872 – 2. febrúar 1970 ) var breskur heimspekingur , rökfræðingur , stærðfræðingur og rithöfundur , sem skrifaði um mjög fjölbreytileg efni . Í heimspeki og stærðfræði er hann þekktastur fyrir að skrifa ásamt A.N. Whitehead bókina "" Principia Mathematica "" , sem kom út í þremur bindum á árunum 1910 til 1913 . Með verkinu hugðust þeir sýna fram á að hægt væri að leiða alla hreina stærðfræði út frá vissum rökfræðilegum frumsendum . Þeim tókst ekki ætlunarverkið en samt hefur verk þeirra reynst ákaflega áhrifaríkt . Russell er einnig mjög þekktur fyrir að uppgötva þversögnina , sem við hann er kennd : Russell-þversögnin ( "" the Russell paradox "" ) .",Hvert er helsta verk Bertrand Russell ?,"{'text': array([' "" Principia Mathematica ""'], dtype=object), 'answer_start': array([272])}"
nqii_13098,Listi yfir forseta Bandaríkjanna,"Tölurnar gefa til kynna hvar í röð kjörinna forseta viðkomandi er . Til dæmis gegndi George Washington embættinu tvö kjörtímabil í röð og er talinn fyrsti forseti Bandaríkjanna ( en ekki fyrsti og annar ) . Gerald Ford tók við embætti eftir að Richard Nixon sagði af sér og gegndi embættinu út annað kjörtímabil Nixons . Sú staðreynd að Ford var ekki kosinn í embættið hefur ekki áhrif á talninguna , sem gerir hann að 38. forseta Bandaríkjanna . Grover Cleveland gegndi embættinu tvisvar en ekki tvö kjörtímabil í röð og er því talinn bæði 22. og 24. forseti Bandaríkjanna . Af þessum sökum eru 44 forsetar á listanum en eru í raun einungis 43 einstaklingar allt í allt .",Hver var fyrsti forseti bandaríkjanna ?,"{'text': array([' George Washington',
       ' George Washington embættinu tvö kjörtímabil í röð og er talinn fyrsti forseti Bandaríkjanna'],
      dtype=object), 'answer_start': array([84, 84])}"
nqii_1303,Þjóðveldið,"Goðarnir voru helstu höfðingjar landsins og höfðu í heiðni líklega haft það hlutverk að stýra blótum en urðu síðar eingöngu veraldlegir höfðingjar . Goðinn var fulltrúi bændanna á héraðsþinginu og gætti hagsmuna þeira . Goðorðin voru persónuleg eign hvers goða , þau gengu í arf og voru stundum gefin eða seld . Þeim mátti líka skipta og sumir áttu aðeins hlut úr goðorði . Goðorðin voru 36 við stofnun Alþingis en var síðar fjölgað um þrjú og voru goðar eftir það 39 .",Hvaða hlutverk höfðu goðar á Alþingi ?,"{'text': array([' Goðinn var fulltrúi bændanna á héraðsþinginu og gætti hagsmuna þeira',
       ' Goðinn var fulltrúi bændanna á héraðsþinginu og gætti hagsmuna þeira'],
      dtype=object), 'answer_start': array([148, 148])}"
nqii_11560,Dulfrævingar,"Dulfrævingar ( eða blómplöntur ) er annar tveggja helstu hópa fræplantna . Þeir skera sig frá öðrum fræplöntum að því leyti að þeir hylja fræ sín aldini . Þeir bera þar að auki blóm sem inniheldur æxlunarfæri þeirra . Inni í blóminu er fræblað og inni í því er eggbúið . Af þessum ástæðum eru þeir nefndir dulfrævingar . Hjá stærsta hópi fræplantna , berfrævingunum , eru eggbúið hvorki hulið fræblaði né fræin hulin aldini .",Hvað eru dulfrævingar ?,"{'text': array(['Dulfrævingar ( eða blómplöntur ) er annar tveggja helstu hópa fræplantna',
       ' annar tveggja helstu hópa fræplantna',
       ' annar tveggja helstu hópa fræplantna . Þeir skera sig frá öðrum fræplöntum að því leyti að þeir hylja fræ sín aldini'],
      dtype=object), 'answer_start': array([ 0, 35, 35])}"
nqii_12076,Möðruvellir (Hörgárdal),"Möðruvellir í Hörgárdal er bær og kirkjustaður í Hörgárdal í Arnarneshreppi við Eyjafjörð . Möðruvellir hafa verið í byggð allt frá landnámsöld og er víða getið í fornsögum , þó helst Sturlungu . Möðruvellir tengjast mjög sögu Íslands og Danmerkur á margvíslegan hátt . Þar var lengi vel eitt helsta höfuðból Íslands og þar var rekinn Möðruvallaskóli . Möðruvallaklaustur var stofnað þar árið 1296 . Þar hafa margir embættismenn á vegum Danakonunga búið og meðal annarra fæddist Hannes Hafstein , fyrsti ráðherra Íslands , þar árið 1861 .",Hvernig tengjast Möðruvellir sögu Danmerkur ?,"{'text': array([' Þar hafa margir embættismenn á vegum Danakonunga búið og meðal annarra fæddist Hannes Hafstein , fyrsti ráðherra Íslands'],
      dtype=object), 'answer_start': array([399])}"
nqii_11438,Sófistar,"Sófistar áttu snaran þátt í að móta evrópska menntun . Þeir mótuðu hugmyndir um almenna æðri menntun . Þeir lögðu áherslu á málfræði , mælskulist og rökleikni . Málfræði þýddi hjá þeim þekking á málinu , uppbyggingu þess og réttri notkun , mælskulist táknaði listina að flytja ræðu á lýtalausan hátt og rökleikni þýddi hæfileikann til að nota rök í málflutningi .",Hvað er mælskulist ?,"{'text': array([' mælskulist táknaði listina að flytja ræðu á lýtalausan hátt'],
      dtype=object), 'answer_start': array([239])}"
nqii_11183,Hong Kong,"Nafn svæðisins , sem upprunalega var stafað með latínuletri He-Ong-Kong árið 1780 vísaði upprunalega í víkina milli Aberdeen-eyjar og syðri strandar Hong Kong-eyjar . Aberdeen var staðurinn þar sem breskir sjómenn mættu fyrst fiskimönnum frá svæðinu . Þótt uppruni latneska heitisins sé óþekktur er talið að nafngiftin vísi í kantónskan framburð á "" hēung góng "" , sem merkir ilmandi höfn eða reykelsishöfn . Ilmurinn gæti verið vísun í reykelsisverksmiðjur Norður-Kowloon en reykelsið var geymt nærri Aberdeen-höfn áður en Viktoríuhöfn tók við hlutverki hennar . Annar landstjóri Hong Kong , John Francis Davis , setti fram aðra kenningu um nafnið ; að það væri dregið af Hoong-keang , rauða strauminum sem vísar í hvernig jarðvegurinn á eyjunni litaði fossa hennar .",Hvað þýðir nafnið Hong Kong ?,"{'text': array(['Nafn svæðisins , sem upprunalega var stafað með latínuletri He-Ong-Kong árið 1780 vísaði upprunalega í víkina'],
      dtype=object), 'answer_start': array([0])}"
nqii_8362,Lofsöngur,"< onlyinclude > Lofsöngur er sálmur eftir Matthías Jochumsson við lag Sveinbjörns Sveinbjörnssonar samið fyrir þjóðhátíð í tilefni af þúsund ára afmæli Íslandsbyggðar árið 1874 . Lag og ljóð voru frumflutt af blönduðum kór við hátíðarguðsþjónustu sem hófst klukkan 10:30 í Dómkirkjunni í Reykjavík sunnudaginn 2. ágúst 1874 sem Lofsöngur í minningu Íslands þúsund ára og var konungur Danmerkur ( og þar með konungur Íslands ) , Kristján IX , viðstaddur þá athöfn .",Af hvaða tilefni var Lofsöngur Matthíasar Jochumssonar fyrst fluttur ?,"{'text': array([' í tilefni af þúsund ára afmæli Íslandsbyggðar',
       ' fyrir þjóðhátíð í tilefni af þúsund ára afmæli Íslandsbyggðar árið 1874',
       ' fyrir þjóðhátíð í tilefni af þúsund ára afmæli Íslandsbyggðar árið 1874'],
      dtype=object), 'answer_start': array([120, 104, 104])}"
nqii_3132,LungA,"LungA eða Listahátíð ungs fólks , Austurlandi er listahátíð fyrir ungt fólk haldin á Seyðisfirði í júlí ár hvert .",Hvenær er LungA ?,"{'text': array([' í júlí'], dtype=object), 'answer_start': array([96])}"
nqii_13320,Pýramídinn mikli í Gísa,"Pýramídinn mikli í Gísa er pýramídi í Gísa í Egyptalandi . Hann er hið elsta af sjö undrum veraldar og jafnframt það eina þeirra sem enn stendur . Þótt oft sé talað um alla þrjá pýramídana á Giza-svæðinu sem hluta af heimsundrunum sjö , er það samt aðeins sá stærsti sem telst til þeirra . Hann er ekki aðeins stærstur þeirra , heldur líka elstur . Hann er talinn vera frá 2580 f.Kr. og á að hafa verið um 20 ár í byggingu . Hann var stærsta mannvirki heims í meira en 40 aldir . Hann er byggður úr kalksteini með fínpússuðu yfirborðslagi , sem er þó að langmestu leyti horfið í dag .",Hvað eru margir pýramídar í Egyptalandi ?,"{'text': array([' þrjá'], dtype=object), 'answer_start': array([172])}"
nqii_15962,HAM,"HAM hóf æfingar laust fyrir áramót 1987 . Hljómsveitin spilaði sína fyrstu tónleika á skemmtistaðnum Tunglinu 10. mars 1988 . Fyrsta hljómplata sveitarinnar var stuttskífan "" Hold "" . Þá samanstóð hljómsveitin af Sigurjóni Kjartanssyni , Óttarri Proppé , Birni S. Blöndal og fyrsta trommaranum , Ævari Ísberg . Platan fékk nær enga spilun í útvarpi og var mjög umdeild . Gert var myndband við lagið „ Trúboðssleikjari “ en Sjónvarpið brenndi eina eintakið sem til var af því þar sem myndefnið þótti ekki við hæfi .",Hverjir eru meðlimir HAM ?,"{'text': array([' Þá samanstóð hljómsveitin af Sigurjóni Kjartanssyni , Óttarri Proppé , Birni S. Blöndal og fyrsta trommaranum , Ævari Ísberg',
       ' Þá samanstóð hljómsveitin af Sigurjóni Kjartanssyni , Óttarri Proppé , Birni S. Blöndal og fyrsta trommaranum , Ævari Ísberg'],
      dtype=object), 'answer_start': array([183, 183])}"
nqii_5649,Rómversk-kaþólska kirkjan,"Samkvæmt "" Annuario Pontificio "" ( Árbók kirkjunnar ) voru samtals um 1,098,366,000 safnaðarfélagar í kirkjunni í öllum heiminum í lok 2004 en það er um sjötti hluti íbúa jarðar . Á Íslandi voru skráðir 14.657 safnaðarfélagar árið 2020 . Rómversk-kaþólska kirkjan telur sig vera beinan erfingja fyrstu kristnu söfnuða postulanna tólf og sérlega heilags Péturs . Hún samanstendur af 23 kirkjudeildum , hver með sína helgisiði . Sú stærsta er hin latneska eða vestræna kirkja , og þá eru 22 austrænar kirkjudeildir sem allar líta á páfann í Róm sem leiðtoga og yfirmann sem og læriföður sinn í siðfræðilegum og andlegum efnum . Páfinn er einnig þjóðhöfðingi minnsta ríkis í heimi , Vatikansins .",Hvaða hlutverki þjónar páfinn ?,"{'text': array([' leiðtoga og yfirmann sem og læriföður sinn í siðfræðilegum og andlegum efnum'],
      dtype=object), 'answer_start': array([546])}"
nqii_8852,Elísabet 2. Bretadrottning,"Þar að auki er hún höfuð breska samveldisins , æðsti yfirmaður ensku biskupakirkjunnar og breska heraflans og lávarður Manar . Þessum embættum hefur hún gegnt síðan faðir hennar Georg 6. lést árið 1952 . Hún er þjóðhöfðingi um 125 milljón manna .",Hvenær varð Elísabet drottning ?,"{'text': array([' árið 1952'], dtype=object), 'answer_start': array([191])}"
nqii_4072,Papey,"Papey er stór eyja við austurströnd Íslands og tilheyrir Djúpavogshreppi . Eyjan er 2,0 ferkílómetrar að stærð , og er hæsti punktur hennar í um 58 metrar yfir sjávarmáli .",Hvar er Papey ?,"{'text': array([' við austurströnd Íslands', ' við austurströnd Íslands'],
      dtype=object), 'answer_start': array([18, 18])}"
nqii_16487,Söguljóð,"Söguljóð ( kviða , hetjuljóð , óðsaga eða epísk kvæði ) er oftar en ekki langt kvæði ( "" epos "" ) , sem er sagt af sögumanni , venjulega um hetjudáðir og atburði sem eru mikilvægir póstar einhvers menningarbrots eða þjóðar . Algengt er að söguljóð eigi sér rætur í munnlegri hefð og Albert Lord og Milman Parry hafa sett fram rök að því að klassísk söguljóð Forngrikkja hafi í grunninn verið til í munnlegri geymd og verið munnlega samin . Hvað sem um það er þá hafa söguljóð verið skrifuð niður síðan Hómerskviður voru ritaðar og verk Virgils , Dante Alighieri og John Miltons hefðu líklega ekki lifað hefðu þau ekki verið bókfest .",Hvað er söguljóð ?,"{'text': array([' kvæði ( "" epos "" ) , sem er sagt af sögumanni , venjulega um hetjudáðir og atburði sem eru mikilvægir póstar einhvers menningarbrots eða þjóðar .',
       ' oftar en ekki langt kvæði ( "" epos "" ) , sem er sagt af sögumanni'],
      dtype=object), 'answer_start': array([78, 58])}"
nqii_12866,Woodstock,"32 tónlistarmenn komu fram á hátíðinni og spiluðu þeir á sviði undir berum himni þar sem skiptust á skin og skúrir . Þar á meðal voru þekktir tónlistarmenn , til dæmis Janis Joplin , Jimi Hendrix , hljómsveitin the Who , Canned Heat og San Francisco hljómsveitin Jefferson Airplane .",Hvaða hljómsveitir spiluðu á Woodstock ?,"{'text': array([' til dæmis Janis Joplin , Jimi Hendrix , hljómsveitin the Who , Canned Heat og San Francisco hljómsveitin Jefferson Airplane'],
      dtype=object), 'answer_start': array([157])}"
nqii_8389,Pakistan,Pakistan er sambandslýðveldi myndað úr fjórum fylkjum og fjórum alríkishéruðum . Landið er menningarlega fjölbreytt og þar eru töluð yfir sextíu tungumál . Þrír fjórðu íbúa tala úrdú sem er eitt af tveimur opinberum tungumálum landsins . Pakistan er eina múslimaríki heims sem býr yfir kjarnorkuvopnum . Landið er aðili að Breska samveldinu .,Hvaða tungumál er talað í Pakistan ?,"{'text': array([' Þrír fjórðu íbúa tala úrdú sem er eitt af tveimur opinberum tungumálum landsins .',
       ' þar eru töluð yfir sextíu tungumál',
       ' Þrír fjórðu íbúa tala úrdú'], dtype=object), 'answer_start': array([155, 118, 155])}"
nqii_16231,Tölva,"Þegar fyrsta tölvan kom til landsins voru ýmis nöfn höfð um hana , eins og "" rafreiknir "" , "" rafheili "" , "" rafeindareiknir "" og einnig enska tökuorðið "" computer "" . Vilmundur Jónsson , landlæknir , hafði á sínum tíma stungið upp á orðinu "" hjarni "" ( = heili ) . Það var hins vegar ekki fyrr en árið 1965 að Sigurður Nordal prófessor við HÍ stakk upp á nafninu tölva . Orðið er samrunaorð frá orðunum ‚ tala ‘ og ‚ völva ‘ og fallbeygist orðið eins og ‚ völva ‘ , ‚ slöngva ‘ eða sérnafnið ‚ Röskva ‘ : Fyrsta tölvan sem kom til íslands hafði verið kölluð "" Rafeindaheilinn "" meðal margra innan Háskóla Íslands . Þorsteinn Gylfason hefur sagt frá því að hann var viðstaddur þegar Sigurður fékk hugmyndina , og að orðið hafi verið orðið alkunnugt á nokkrum vikum og öll hin nýyrðin dáið drottni sínum .",Úr hvaða örðum er orðið tölva samsett ?,"{'text': array([' Orðið er samrunaorð frá orðunum ‚ tala ‘ og ‚ völva ‘'],
      dtype=object), 'answer_start': array([371])}"
nqii_17745,Fyrri heimsstyrjöldin,"Þýskaland hafði samið við Austurríki-Ungverjaland árið 1883 , um samstöðu ef annað ríkið lenti í stríði . Þegar Franz Jósef , keisari Austurríkis-Ungverjalands , bað Þýskaland um stuðning í stríðinu við Serbíu , hét Vilhjálmur 2 . Þýskalandskeisari , þeim skilyrðislausum stuðningi , án þess að spyrjast fyrir um markmið eða áætlanir þeirra . Að stríðinu loknu litu bandamenn svo á að þessi skilyrðislausi stuðningur hafi haft úrslitaþýðingu varðandi allsherjarstríð og kenndu því Þjóðverjum um upphaf stríðsins .",Hver réði Þýskalandi þegar fyrri heimsstyrjöldin átti sér stað ?,"{'text': array([' Vilhjálmur 2 . Þýskalandskeisari'], dtype=object), 'answer_start': array([215])}"
nqii_12971,Bob Dylan,"Robert Allen Zimmerman fæddist inn í gyðingafjölskyldu sem var búsett í Duluth , Minnesota . Hann breytti síðar nafni sínu í Bob Dylan . Dylan sagði frá því seinna að það hafi verið vegna áhrifa frá velska ljóðskáldinu Dylan Thomas . Bob Dylan er söngvari , tónlistarmaður , lagahöfundur og skáld . Hann hefur haft mikil áhrif á tónlist seinustu 5 áratuga . Hann er þekktur fyrir texta sína á fyrri hluta feril síns , en þeir fjölluðu flestir um stjórnmál , þjóðfélagsádeilu , sálfræði og bækur sem hafa haft áhrif á hann . Dylan kemur fram á tónleikum með gítar , munnhörpu og hljómborð ásamt ýmsum tónlistarmönnum . Hann hefur unnið sér inn fjölda verðlauna og viðurkenninga , þar á meðal nokkur Grammy verðlaun og var tekinn inn í Rock and Roll frægðarhöllina ( Hall of Fame ) . Hann var á lista Time Magazine yfir 100 mestu áhrifavalda 20. aldarinnar .",Hvar fæddist Bob Dylan ?,"{'text': array([' í Duluth', ' í Duluth , Minnesota'], dtype=object), 'answer_start': array([69, 69])}"
nqii_7841,Vatn,"Vatn er fljótandi við stofuhita . Það frýs við 0 °C og suðumark þess er 100 °C við einnar loftþyngdar þrýsting . Eðlismassi vatns er háður hitastigi þess og er hann mestur þegar hitastig þess er 4 ° C . Heitara vatn flýtur ofan á kaldara vatni , nema að hitastigið sé undir 4 ° C , en þá flýtur kaldara vatn ofan á heitara . Þetta leiðir til þess að ísmyndun á sér stað við yfirborðið þegar vatn frýs . Ís er svo allmiklu eðlisléttari en vatn , þannig að hann flýtur ofan á . Vatn getur orðið undirkælt , það er að segja það getur haft hitastig undir frostmarki án þess að frjósa , en þá myndast stundum ís við botninn án þess að fljóta upp og kallast það botnstingull .",Hvenær var Íslenska kranavatnið soðið ?,"{'text': array([' suðumark þess er 100 °C'], dtype=object), 'answer_start': array([54])}"
nqii_7598,Friðrik Dór,"Friðrik Dór Jónsson ( fæddur 7. október 1988 ) er hafnfirskur R & B og popp-söngvari og lagahöfundur . Að loknum grunnskóla fór Friðrik Dór í Verzlunarskóla Íslands þar sem hann tók þátt í söngleiknum Welcome to the Jungle . Þar söng Friðrik Dór titillagið auk þess sem hann söng fjölmörg önnur lög , aðeins á fyrsta ári sínu í skólanum . Friðrik Dór tók þátt í fleiri söngleikjum á vegum Verzlunarskólans , þar má nefna söngleikinn Á Tjá og Tundri . Í menntaskóla var Friðrik Dór nokkuð áberandi í félagslífinu , hann tók þátt í fjölmörgum Morfískeppnum fyrir ræðulið skólans en þar var hann frummælandi . Hann tók einnig þátt í ýmsum verkefnum á vegum skólans , svo sem annál og þá var hann meðlimur í 12:00 á síðasta ári sínu í Verslunarskólanum .",Hvað er Friðrik Dór gamall ?,"{'text': array([' 7. október 1988'], dtype=object), 'answer_start': array([28])}"
nqii_9572,Guðni Th. Jóhannesson,"Guðni Thorlacius Jóhannesson ( fæddur í Reykjavík 26. júní 1968 ) er íslenskur sagnfræðingur . Hann var kjörinn forseti Íslands í forsetakosningunum 25. júní 2016 með 39,08% atkvæða og tók við embættinu 1. ágúst 2016 . Hann er sjötti forseti Íslands .",Hver er núverandi forseti Íslands ?,"{'text': array(['Guðni Thorlacius Jóhannesson', 'Guðni Thorlacius Jóhannesso'],
      dtype=object), 'answer_start': array([0, 0])}"
nqii_14540,Sólin,"Sólin er eina sólstjarna sólkerfisins og massamesta geimfyrirbæri þess . Reikistjörnurnar , að jörðinni meðtalinni , ganga á sporbaugum kringum sólina , ásamt smástirnum , loftsteinum , halastjörnum og geimryki . Varmi og ljós , sem frá henni stafar viðheldur lífi á jörðu . Sólin er rafgaskúla sem hefur massa í kringum 2 × 10 kg , og er því nokkuð stærri en meðalstjarna . Þvermál sólarinnar er um 1.392.000 km ( um 109 sinnum þvermál jarðarinnar ) . Um 73,46% af massa hennar er vetni , 24,85% helín , 0,77% súrefni , 0,29% kolefni , 0,16% járn , 0,12% neon og afgangurinn skiptist á milli örlítils magns af þyngri frumefnum . Sólin er talin vera um 4,5 milljarða ára gömul , og er um það bil komin hálfa leið í gegnum meginraðarferli sitt , þar sem kjarnasamruni í kjarna hennar bræðir saman vetni og myndar helín . Eftir um 5,5 milljarða ára mun sólin breytast í hringþoku .",Hvað er sólin gömul ?,"{'text': array([' Sólin er talin vera um 4,5 milljarða ára gömul',
       ' um 4,5 milljarða ára gömul',
       ' Sólin er talin vera um 4,5 milljarða ára gömul'], dtype=object), 'answer_start': array([629, 649, 629])}"
nqii_1148,Charles de Gaulle,"Charles André Joseph Marie de Gaulle ( 22. nóvember 1890 – 9. nóvember 1970 ) , sem í heimalandi sínu , Frakklandi , var iðulega kallaður "" général de Gaulle "" , var hershöfðingi og stjórnmálamaður . Hann leiddi hið frjálsa Frakkland í seinni heimsstyrjöldinni og var í forustu frönsku ríkistjórnarinnar 1944 - 1946 . Leitað var til hans um myndun ríkisstjórnar 1958 . Hann vann að gerð nýrrar stjórnarskrár , stjórnarskrá fimmta lýðveldisins , og varð fyrsti forseti fimmta lýðveldisins 1958 - 1969 . Stjórnmálaleg hugmyndafræði hans er þekkt sem gaullismi og hefur verið áberandi í frönskum stjórnmálum .",Fyrir hvað er Charles André Joseph Marie de Gaulle þekktur ?,"{'text': array([' Hann leiddi hið frjálsa Frakkland í seinni heimsstyrjöldinni og var í forustu frönsku ríkistjórnarinnar 1944 - 1946',
       'ar hershöfðingi og stjórnmálamaður . Hann leiddi hið frjálsa Frakkland í seinni heimsstyrjöldinni og var í forustu frönsku ríkistjórnarinnar 1944 - 1946'],
      dtype=object), 'answer_start': array([199, 163])}"
nqii_9316,Írland,"Skipting eyjunnar í „ norður “ og „ lýðveldi “ er tiltölulega nýleg þróun en sú skipan komst á árið 1920 eftir nokkur hundruð ár af kúgun og misheppnuðum byltingum gegn völdum Englendinga yfir eyjunni . Írland hefur verið í byggð í um það bil 9000 ár en lítið er þó vitað um tíman fyrir kristnitöku , einu heimildirnar eru nokkrar frásagnir Rómverja , írsk ljóð og þjóðsögur auk fornleifa . Fyrstu íbúarnir komu um 8000 f. Kr. á steinöld , þeir reistu mikla steina sem oft var raðað eftir stjörnufræðilegum mynstrum . Á bronsöld sem hófst um 2500 f. Kr. hófst framleiðsla á ýmsum munum og vopnum úr gulli og bronsi . Járnöldin á Írlandi er yfirleitt samtengd Keltum sem tóku að nema land á eyjunni í nokkrum bylgjum á milli 8. og 1. aldar f.Kr. Keltarnir skiptu eyjunni upp í 5 eða fleiri konungdæmi . Rómverjar kölluðu Írland : „ Hiberníu “ en lítið er vitað um samband þeirra við þjóðflokka Hiberníu . Árið 100 e. Kr. skrásetti Ptólemíus landafræði eyjunnar og þjóðflokka hennar af mikilli nákvæmni .",Hvenær varð Norður-Írland hluti af Stóra-Bretlandi ?,"{'text': array([' árið 1920'], dtype=object), 'answer_start': array([94])}"
nqii_11904,Bólu-Hjálmar,"Bólu-Hjálmar gerðist ágætlega sjálfmenntaður , einkum á forn fræði . Hann var rímnaskáld að hefðbundnum sið en kvað einnig minnisverð og hvassyrt kvæði um samtíð sína og eigin ævi . Frægust eru þar „ Þjóðfundarsöngur 1851 “ og „ Umkvörtun “ , þar sem hann kvað um heimasveit sína , Akrahrepp í Skagafirði , og hóf kvæðið með þessu erindi :",Eftir hvern er kvæðið Þjóðfundarsöngur 1851 ?,"{'text': array(['Bólu-Hjálmar', 'Bólu-Hjálmar', 'Bólu-Hjálmar'], dtype=object), 'answer_start': array([0, 0, 0])}"
nqii_4802,Moskva,"Moskva ( rússneska : "" Москва "" ) er borg í evrópska hluta Rússlands . Hún er höfuðborg landsins og fjölmennasta borg Evrópu . Í borginni búa 11.503.501 manns ( 14. október 2010 ) . Fyrstu heimildir um borgina í sögulegum gögnum eru frá árinu 1147 , þá sem hluta af furstadæminu Suzdal . Árið 1295 varð borgin að höfuðborg furstadæmisins Moskvu . Í gegnum borgina rennur Moskvuáin sem tengir borgina við Eystrasalt , Hvítahaf , Svartahaf og Kaspíahaf , auk Azovshafs .",Hvað er Moskva stór ?,"{'text': array([' Í borginni búa 11.503.501 manns ( 14. október 2010 )'],
      dtype=object), 'answer_start': array([126])}"
nqii_4584,Hallgrímur Pétursson,"Síðustu ár sín bjó Hallgrímur á Kalastöðum og loks á Ferstiklu á Hvalfjarðarströnd og dó þar . Hann hefur þá verið farinn að þjást af sjúkdómnum sem dró hann til dauða , en það var holdsveiki . Þau Guðríður áttu nokkur börn , en aðeins eitt þeirra komst upp og var það Eyjólfur , elsta barnið . Frá honum eru ættir og komu út á bók um eða eftir 1980 . Margar kirkjur eru kenndar við Hallgrím Pétursson : Hallgrímskirkja í Saurbæ á Hvalfjarðarströnd ( byggð 1954 – 1957 ) og Hallgrímskirkja á Skólavörðuholti í Reykjavík ( byggð 1945 – 1986 ) . Einnig er lítil en falleg kirkja : Hallgrímskirkja Vindáshlíðar í Kjós . Sú kirkja var áður í Hvalfirði en var flutt eftir að Vindáshlíðarkonur höfðu mikið beðið fyrir að fá kirkju .",Hvernig dó Hallgrímur Pétursson ?,"{'text': array([' það var holdsveiki', ' holdsveiki'], dtype=object), 'answer_start': array([172, 180])}"
nqii_7765,Abraham Lincoln,"Þann 14. apríl árið 1865 , fáeinum dögum eftir lok Þrælastríðsins , fór Lincoln ásamt konu sinni í Ford-leikhúsið í Washington til þess að horfa á gamanleikinn "" Our American Cousin "" . Klukkan tíu um kvöldið læddist John Wilkes Booth , frægur leikari og öfgafullur stuðningsmaður þrælahalds , inn í stúku forsetahjónanna og skaut Lincoln í hausinn . Booth stökk síðan niður á sviðið og hrópaði : „ Sic semper tyrannis ! “ ( „ Svona fer alltaf fyrir harðstjórum ! “ ) . Lincoln lést úr sárinu síðar sama kvöld .",Hvernig lést Abraham Lincoln ?,"{'text': array([' John Wilkes Booth , frægur leikari og öfgafullur stuðningsmaður þrælahalds , inn í stúku forsetahjónanna og skaut Lincoln í hausinn',
       ' læddist John Wilkes Booth , frægur leikari og öfgafullur stuðningsmaður þrælahalds , inn í stúku forsetahjónanna og skaut Lincoln í hausinn'],
      dtype=object), 'answer_start': array([216, 208])}"
nqii_2163,Kjarnorkuvopn,"Þau lönd sem fullvíst er að eiga kjarnorkuvopn eru Bandaríkin , Rússland , Bretland , Frakkland , Alþýðulýðveldið Kína , Indland og Pakistan . Auk þess er almennt talið að Ísrael eigi kjarnorkuvopn og að Norður-Kórea og Íran stefni að því . Suður-Afríka var með kjarnorkuvopnaáætlun í gangi á 8. áratugnum en hefur síðan hætt slíku .",Hversu mikið af kjarnavopnum eiga Suður-Kórea ?,"{'text': array(['Þau lönd sem fullvíst er að eiga kjarnorkuvopn eru Bandaríkin , Rússland , Bretland , Frakkland , Alþýðulýðveldið Kína , Indland og Pakistan .'],
      dtype=object), 'answer_start': array([0])}"
nqii_10146,Júlíus Caesar,"Gaius Julius Caesar ( latína : CAIVS IVLIVS CAESAR ) eða Júlíus Cæsar , stundum ritað Júlíus Sesar , 12. eða 13. júlí um 100 f.Kr. – 15. mars 44 f.Kr. ) var rómverskur herforingi , sagnaritari , stjórnmálamaður og síðar einvaldur í Róm .",Hvenær var Júlíus Sesar fæddur ?,"{'text': array([' 12. eða 13. júlí um 100 f.Kr.', ' 12. eða 13. júlí um 100 f.Kr'],
      dtype=object), 'answer_start': array([100, 100])}"
nqii_5158,Guðmundar- og Geirfinnsmálið,Lík Guðmundar og Geirfinns hafa aldrei fundist .,Hvað varð um Geirfinn ?,"{'text': array(['Lík Guðmundar og Geirfinns hafa aldrei fundist .',
       'Lík Guðmundar og Geirfinns hafa aldrei fundist .'], dtype=object), 'answer_start': array([0, 0])}"
nqii_3198,San Francisco,"San Francisco er fjórða stærsta borg Kaliforníuríkis og er á vesturströnd Bandaríkjanna . Hún liggur á milli San Francisco-flóa og Kyrrahafsins . Þar búa 805.235 manns 2010 ) en ef borgin San Jose , sem liggur þétt upp að San Francisco , er talin með búa um 7 milljónir á svæðinu og er það þá fjórða fjölmennasta svæði Bandaríkjanna . Helstu kennileiti eru Golden Gate-brúin , Alcatraz , Transamerica Pyramid-byggingin og sporvagnarnir .",Hvað búa margir í San Fransico ?,"{'text': array([' 805.235 manns', ' 805.235 manns'], dtype=object), 'answer_start': array([153, 153])}"
nqii_5443,Tölva,"Þegar fyrsta tölvan kom til landsins voru ýmis nöfn höfð um hana , eins og "" rafreiknir "" , "" rafheili "" , "" rafeindareiknir "" og einnig enska tökuorðið "" computer "" . Vilmundur Jónsson , landlæknir , hafði á sínum tíma stungið upp á orðinu "" hjarni "" ( = heili ) . Það var hins vegar ekki fyrr en árið 1965 að Sigurður Nordal prófessor við HÍ stakk upp á nafninu tölva . Orðið er samrunaorð frá orðunum ‚ tala ‘ og ‚ völva ‘ og fallbeygist orðið eins og ‚ völva ‘ , ‚ slöngva ‘ eða sérnafnið ‚ Röskva ‘ : Fyrsta tölvan sem kom til íslands hafði verið kölluð "" Rafeindaheilinn "" meðal margra innan Háskóla Íslands . Þorsteinn Gylfason hefur sagt frá því að hann var viðstaddur þegar Sigurður fékk hugmyndina , og að orðið hafi verið orðið alkunnugt á nokkrum vikum og öll hin nýyrðin dáið drottni sínum .",Hver bjó til orðið tölva ?,"{'text': array([' Sigurður Nordal', ' Sigurður Nordal', ' Sigurður Nordal',
       ' Sigurður Nordal'], dtype=object), 'answer_start': array([310, 310, 310, 310])}"
nqii_638,Sálfræði,"Hagnýtt sálfræði snýst um að nota sálfræðilegar aðferðir og kenningar til að leysa vandamál í öðrum greinum , eins og t.d. í starfsmannastjórnun , vöruhönnun , lækningum og menntun .",Hverjar eru undirgreinar sálfræði ?,"{'text': array(['Hagnýtt sálfræði'], dtype=object), 'answer_start': array([0])}"
nqii_12769,Prag,"Prag ( tékkneska "" Praha "" ; enska "" Prague "" ) er höfuðborg Tékklands og jafnframt stærsta borg landsins . Íbúar eru um 1,3 milljónir , en um 2,6 milljónir búa á stórborgarsvæðinu ( 2019 ) . Elstu hverfin , þar á meðal kastalinn í Prag , eru á heimsminjaskrá UNESCO . Prag er af mörgum talin ein fegursta borg Evrópu , en þangað streyma milljónir ferðamanna hvert ár .",Hvað búa margir í Prag ?,"{'text': array([' um 1,3 milljónir , en um 2,6 milljónir búa á stórborgarsvæðinu',
       ' Íbúar eru um 1,3 milljónir , en um 2,6 milljónir búa á stórborgarsvæðinu ( 2019 )',
       ' 1,3 milljónir'], dtype=object), 'answer_start': array([117, 107, 120])}"
nqii_3235,Spaugstofan,"Spaugstofan er grín-sjónvarpsþáttur sem hefur verið í gangi í Sjónvarpinu og síðan Stöð 2 með hléum síðan 21. janúar 1989 þegar hún hóf göngu sína undir nafninu "" 89 á stöðinni "" , árið eftir hét hún "" 90 á stöðinni "" og svo "" 91 á stöðinni "" og "" 92 á stöðinni . "" Þessir þættir gerðust á mestu leiti í fréttastofu lítillar fréttastofu "" Stöðin . "" Árið 1992 fóru þeir í hlé og nokkrir af þeim fóru í Imbakassann . Þeir mættu aftur 1996 með heitið "" Enn ein stöðin "" sem gekk til 1999 og þá tóku þeir hlé í þrjú ár . Hautið 1997 var Enn ein stöðin ekki á dagskrá heldur þættirnir Stöðvarvík með þeim . Þeir mættu svo aftur 2002 með nafnið "" Spaugstofan "" og störfuðu til 2010 á RÚV , þá flutti þátturinn á Stöð 2 . Þátturinn var á Stöð 2 í fjögur ár , eða til 2014 . Þátturinn hætti þá en þeir fóru á svið með aðra sýningu 2015 "" "" Yfir til Þín "" . "" Árið 2015 voru sýndir þættirnir "" Þett er bara spaug ... ... stofan "" , þar sem saga spaugstofunnar var rakin í tíu þáttum . 23. janúar 2016 fóru þeir á RÚV með allra síðasta þáttinn sem bar heitið "" Andspyrnuhreyfingin . "" Einnig fóru þeir með sýningu 1990 sem nefndist "" "" Örfá sæti laus "" "" .",Hvenær hóf Spaugstofan göngu sína ?,"{'text': array([' 21. janúar 1989'], dtype=object), 'answer_start': array([105])}"
nqii_12338,Bobby Fischer,"Hann bjó í Reykjavík til æviloka og lést eftir baráttu við alvarleg nýrnaveikindi . Fischer dvaldist á sjúkrahúsi í Reykjavík í október og nóvember 2007 , en síðan á heimili sínu . . Síðustu orð hans , samkvæmt Magnúsi Skúlasyni , sem sat hjá honum þeger hann lést voru : „ Ekkert linar þjáningar eins og mannleg snerting . “",Hvar lést Robert Fischer ?,"{'text': array(['Hann bjó í Reykjavík til æviloka og lést eftir baráttu við alvarleg nýrnaveikindi'],
      dtype=object), 'answer_start': array([0])}"
nqii_2558,Fjallkonan,"Fyrsta Fjallkonan á Íslandi var hin 18 ára gamla Kristjana Milla Thorsteinsson , barnabarn Hannesar Hafsteins og var hún valin til þess að flytja ávarp fjallkonunnar á Lýðveldishátíðinni á Þingvöllum árið 1944 en ekkert varð af ávarpi hennar þrátt fyrir að hún hafi beðið uppábúin eftir að verða kölluð á svið . Sú skýring var gefin að vegna veðurs hefði ekki verið unnt að flytja ávarpið og mun það hafa verið ákvörðun þeirra sem skipulögðu hátíðarhöldin og tekin án samráðs við Kristjönu sjálfa . Í umfjöllun fjölmiðla í kjölfar lýðveldishátíðarinnar var talsvert fjallað um fjarveru fjallkonunnar en þó skýrt tekið fram að ekki væri við hana sjálfa að sakast . Rannveig Kristjánsdóttir húsmæðrakennari og þekkt kvenréttindakona , taldi fjarveru fjallkonununnar táknræna fyrir stöðu kvenna og ósýnileika þeirra við stjórnun landsins . Árið 2019 varð Aldís Amah Hamilton , fyrst kvenna af erlendum uppruna , valin til að flytja ávarp Fjallkonunnar við hátíðarhöldin að Austurvelli . Áður höfðu konur af erlendum uppruna verið í hlutverki Fjallkonunnar við hátíðarhöld á 17. júní í öðrum bæjarfélögum , til dæmis árið 2002 er Brynja Muditha Dan Gunnarsdóttir flutti ávarp Fjallkonunnar í Hafnarfirði .",Hver var fyrsta Fjallkona Íslendinga ?,"{'text': array([' Kristjana Milla Thorsteinsson',
       'Fyrsta Fjallkonan á Íslandi var hin 18 ára gamla Kristjana Milla Thorsteinsson'],
      dtype=object), 'answer_start': array([48,  0])}"
nqii_2681,Harry Potter og viskusteinninn,"Harry Potter og viskusteinninn er fyrsta bókin um galdrastrákinn Harry Potter eftir J.K. Rowling . Bókin kom út á íslensku árið 1999 en heitir á frummálinu "" Harry Potter and the Philosopher's Stone "" og kom út árið 1997 í Bretlandi . Bókaútgáfan Bjartur gaf bókina út á Íslandi .",Hvenær var fyrsta bókin um Harry Potter gefin út ?,"{'text': array([' árið 1997 í Bretlandi'], dtype=object), 'answer_start': array([210])}"
nqii_8907,Ágústus,"Ágústus einnig nefndur Augustus , Cæsar Ágústus , Caesar Augustus , Octavíanus eða Octavíanus Ágústus ( Latína : ; 23. september 63 f.Kr. – 19. ágúst 14 e.Kr. ) , var fyrsti og einn mikilvægasti keisari Rómaveldis , enda þótt hann upphefði ekki stöðu sína og kysi fremur titilinn "" princeps "" , sem þekktist frá lýðveldistímanum og er venjulega þýddur „ fyrstur borgaranna “ . Nafn Ágústusar , sem hét raunverulega Octavíanus og þar áður Octavíus , var upphaflega virðingartitill ( myndaður af sögninni "" augeo "" , sem þýðir að auka eða upphefja , lofa eða dýrka ) , sem öldungaráð Rómar veitti honum árið 27 f.Kr. Sú venja er meðal sagnfræðinga að nota nafnið Octavíanus til að vísa til hans fyrir árið 27 f.Kr. en Ágústus eftir árið 27 f.Kr. Verður þeirri reglu fylgt hér .",Hver var fyrsti keisari rómaveldis ?,"{'text': array(['Ágústus'], dtype=object), 'answer_start': array([0])}"
nqii_959,Fyrri heimsstyrjöldin,"Japanir lýstu yfir stríði á hendur Þjóðverjum í ágúst 1914 . Japanir litu á stríðið sem tækifæri til að auka áhrif og umsvif sín á meginlandi Asíu og á Kyrrahafinu á kostnað Þjóðverja . Ítalía var fyrir stríðið í hernaðarbandalagi með Þýskalandi og Austurríki-Ungverjalandi , en kaus engu að síður að vera hlutlaus þegar stríðið braust út . Árið 1915 sömdu Ítalir svo við bandamenn um að berjast með þeim í stríðinu . Ítalía réðst gegn Austurríki-Ungverjalandi með það fyrir augum að leggja undir sig ítölsku-mælandi héruð landsins . Bandaríkin voru hlutlaus fram til 1917 en gengu til liðs við bandamenn 6. apríl það ár , m.a. vegna þess að Þjóðverjar höfðu þá sökkt sjö bandarískum kaupskipum . Rúmenía , Portúgal , Svartfjallaland , Grikkland , Armenía , Kína og Brasilía börðust einnig með bandamönnum auk nýlendna Breta og Frakka víðsvegar um heiminn . Fjölmörg önnur ríki lýstu yfir stríði á hendur Miðveldunum eða slitu stjórmálasambandi við þau .",Hvers vegna hófu Bandaríkin þátt í fyrri heimsstyrjöldinni ?,"{'text': array([' m.a. vegna þess að Þjóðverjar höfðu þá sökkt sjö bandarískum kaupskipum',
       ' m.a. vegna þess að Þjóðverjar höfðu þá sökkt sjö bandarískum kaupskipum'],
      dtype=object), 'answer_start': array([622, 622])}"
nqii_14477,Portúgal,"Farsímaeign í Portúgal er með því hæsta sem gerist í heiminum . Sú staðreynd að landið er eitt það þéttbýlasta í Evrópu gerði það einnig að verkum að þriðju kynslóðar farsímakerfið var fyrst tekið í notkun í landinu ( ásamt í Þýskalandi ) árið 2004 . Í dag eru 11 milljón manns áskrifendur að farsímanúmeri , heilli einni milljón meira en íbúafjöldi landsins . Stærstu farsímakerfin eru í eigu Portugal Telecom ( PT ) og Vodafone .",Hvað búa margir í Portúgal ?,"{'text': array([' Í dag eru 11 milljón manns áskrifendur að farsímanúmeri , heilli einni milljón meira en íbúafjöldi landsins'],
      dtype=object), 'answer_start': array([250])}"
nqii_10581,Reiknirit,"Reiknirit ( einnig algrím , sjaldnar reiknisögn eða algóriþmi ) er lausnaraðferð og skilgreint sem endanlegt mengi vel skilgreindra fyrirmæla til að leysa verkefni . Reiknirit skilar fyrirfram skilgreindri niðurstöðu að gefnu upphafsskilyrði . Reiknirit eru einkum notuð í stærðfræði og tölvunarfræði við lausn vandamála .",Hvað er algrím ?,"{'text': array([' endanlegt mengi vel skilgreindra fyrirmæla til að leysa verkefni',
       ' er lausnaraðferð og skilgreint sem endanlegt mengi vel skilgreindra fyrirmæla til að leysa verkefni',
       ' algrím , sjaldnar reiknisögn eða algóriþmi ) er lausnaraðferð og skilgreint sem endanlegt mengi vel skilgreindra fyrirmæla til að leysa verkefni'],
      dtype=object), 'answer_start': array([98, 63, 18])}"
nqii_11601,Kalda stríðið,"Kalda stríðið er hugtak notað um tímabilið um það bil á milli áranna 1947 - 1991 sem einkenndist af efnahagslegri , vísindalegri , listrænni og hernaðarlegri samkeppni á milli Bandaríkjanna og Sovétríkjanna og bandamanna þeirra . Bæði stórveldin stóðu fyrir stofnun hernaðarbandalaga . Hugmyndafræði sitt hvors var stillt upp sem andstæðum . Bæði stórveldin stunduðu njósnir um hitt ; hernaðaruppbyggingu , iðnaðar - og tækniþróun , þar á meðal geimkapphlaupið . Miklum fjármunum var varið til varnarmála , sem leiddi til vígbúnaðarkapphlaups og kjarnorkuvæðingar . Ekki kom til beinna hernaðarátaka milli Bandaríkjanna og Sovétríkjanna , þó stundum skylli hurð nærri hælum , en bæði ríkin tóku beint og óbeint þátt í styrjöldum bandamanna sinna um allan heim sem urðu þá eins konar leppstríð milli þeirra .",Hvenær hófst Kalda stríðið ?,"{'text': array([' 1947'], dtype=object), 'answer_start': array([68])}"
nqii_10433,Heilagur andi,"Heilagur andi er andi Guðs , eins og segir í biblíunni og hluti heilagrar þrenningar . Hans er fyrst getið í 1 . Mósebók 1. kafla og 2. versi . Þar segir að jörðin hafi verið auð og tóm og að andi Guðs hafi svifið yfir vötnunum .",Hvað er heilagur andi ?,"{'text': array(['Heilagur andi er andi Guðs , eins og segir í biblíunni og hluti heilagrar þrenningar',
       ' andi Guðs'], dtype=object), 'answer_start': array([ 0, 16])}"
nqii_10195,Hamborg,"Hamborg ( hágþýska : Hamburg , lágþýska : Hamborg ) er borg og næstminnsta sambandslandið í Þýskalandi með 755 km² . Aðeins Bremen er minna . Hún er hins vegar næststærsta borg Þýskalands með tæpa 1,7 milljón íbúa ( 31. des 2013 ) og jafnframt stærsta hafnarborg landsins . Hamborg var stofnborg og einn ötullasti meðlimur Hansasambandsins áður fyrr . Sérstakt við Hamborg eru hinar óteljandi brýr . Þær eru um 2500 , fleiri en í nokkurri annarri borg í Evrópu og reyndar fleiri en í Feneyjum , Amsterdam og London samanlagt .",Hvað eru margar brýr í Hamborg ?,"{'text': array([' um 2500'], dtype=object), 'answer_start': array([407])}"
nqii_1070,Stjórnarskrá,"Það nefnist stjórnarskrárbrot ef hún er brotin eða lög sett sem stangast á við hana . Í sumum löndum , t.d. í Frakklandi er sérstakur stjórnarskrárdómstóll sem sker úr því hvort svo sé . Annars staðar eins og í Bandaríkjunum geta allir dómstólar dæmt mál eftir stjórnarskránni en oftast lendir það í hlut hæsta rétts Bandaríkjanna .",Hvað gerist ef lög stangast á við stjórnarskrá ?,"{'text': array(['Það nefnist stjórnarskrárbrot'], dtype=object), 'answer_start': array([0])}"
nqii_6578,Sýklalyf,"Sýklalyf ( einnig fúkalyf eða fúkkalyf ) á vanalega við efni sem drepa eða hindra vöxt gerla ( "" baktería "" ) , og eru sýklalyf undirflokkur örverueyðandi efna . Fyrsta sýklalyfið sem fannst var penisillín en það var skoski líffræðingurinn Alexander Fleming sem fyrstur var til þess að finna efnið penisillin af tilviljun í myglu sem hafði ræktast upp í rannsóknarstofuni hjá honum árið 1928 .",Hvað drepa fúkalyf ?,"{'text': array([' baktería', ' gerla', ' gerla', ' gerla'], dtype=object), 'answer_start': array([96, 86, 86, 86])}"
nqii_3713,Hagfræði,"Stofnanahagfræði er í senn undirgrein hagfræði og sjálfstæður kenningaskóli . Stofnanahagfræði á rætur sínar að rekja til söguhyggju í hagfræði sem naut nokkurra vinsælda á 19. öld , sér í lagi í Þýskalandi . Báðar þessar nálganir leitast við að skilja hvernig þjóðfélagsstofnanir hafa áhrif á hagrænt atferli einstaklinga . Hinn bandaríski hagfræðingur Thorstein Veblen , sem skrifaði í byrjun 20. aldar , lýsti því hvernig kapítalískir framleiðsluhættir ýttu undir neysluhyggju og spáði vaxandi ítökum viðskiptalífsins í stjórnmálum . Gunnar Myrdal og Gary Becker skrifuðu um hagrænar ástæður og afleiðingar kynþáttamismununar í Bandaríkjunum , og Becker fjallaði jafnframt um hagræna eiginleika fjölskyldunnar sem stofnunar . Elinor Ostrom benti á að skilvirkar stofnanir geti með hagkvæmum hætti séð um ráðstöfun sameiginlegra náttúruauðlinda , þvert á spár nýklassískrar hagfræði .",Hvað er Gary Becker þekktur fyrir ?,"{'text': array([' Gunnar Myrdal og Gary Becker skrifuðu um hagrænar ástæður og afleiðingar kynþáttamismununar í Bandaríkjunum'],
      dtype=object), 'answer_start': array([536])}"
nqii_1289,Breiðholt,"Breiðholt er hverfi í austurhluta Reykjavíkur með um 21 þúsund íbúa . Nafnið er dregið af bænum Breiðholt , sem staðsettur var þar sem nú er Skógarsel . Hverfið skiptist í Efra-Breiðholt ( Fell , Berg , Hólar og Seljahverfið ) og Neðra-Breiðholt ( Bakkar , Stekkir , og Mjódd ) .",Hvað búa margir í Breiðholtinu ?,"{'text': array([' um 21 þúsund', ' um 21 þúsund íbúa', ' með um 21 þúsund íbúa'],
      dtype=object), 'answer_start': array([49, 49, 45])}"
nqii_13150,Versalasamningurinn,"Versalasamningurinn var friðarsáttmáli sem batt enda fyrri heimstyrjöldina . Samningurinn var undirritaður í Versölum utan við París árið 1919 þann 28. júní , fimm árum upp á dag eftir morðið á Franz Ferdinand erkihertoga . Hann var gerður milli Bandamanna og Þjóðverja og kvað á um að Þjóðverjar bæru ábyrgð á styrjöldinni . Þeim var gert að greiða háar stríðsskaðabætur til Bandamanna , láta lönd af hendi til Frakklands , Póllands , Tékkóslóvakíu , Danmerkur og Belgíu auk þess sem sum héröð voru sett undir stjórn Þjóðabandalagsins . Ennfremur var öllum nýlendum Þjóðverja skipt upp milli annarra nýlenduvelda og þeir mátti einungis hafa 100.000 manna herlið . Þeim var einnig bannað að hafa flugher og skipaflotinn var tekin af þeim . Samningurinn var einkar óvinsæll í Þýskalandi og var ein ástæðan fyrir því að nasistar náðu völdum í Þýskalandi 1933 .",Hvenær voru Versalasamningarnir undirritaðir ?,"{'text': array([' 1919 þann 28. júní', ' 1919 þann 28. júní',
       ' Samningurinn var undirritaður í Versölum utan við París árið 1919 þann 28. júní'],
      dtype=object), 'answer_start': array([137, 137,  76])}"
nqii_11673,Íslensku jólasveinarnir,"Algengast er í þjóðsögum að telja þá sveina annaðhvort 9 eða 13 . En alltaf komu þeir hver á eftir öðrum , einn á dag og sá síðasti á aðfangadag . Síðan hurfu þeir einn á eftir öðrum aftur til fjalla , sá fyrsti á jóladag . Líklega hefur talan 13 fest sig í sessi sökum þess að þá fór sá síðasti til fjalla á síðasta degi jóla , þrettándanum .",Hversu margir eru jólasveinarnir ?,"{'text': array(['Algengast er í þjóðsögum að telja þá sveina annaðhvort 9 eða 13',
       'Algengast er í þjóðsögum að telja þá sveina annaðhvort 9 eða 13'],
      dtype=object), 'answer_start': array([0, 0])}"
nqii_3655,Perú,"Perú er land í vesturhluta Suður-Ameríku , með landamæri að Ekvador og Kólumbíu í norðri , Brasilíu í austri , Bólivíu í austri , suðaustri og suðri og Chile í suðri . Í vestri liggur landið að Kyrrahafinu .",Við hvaða lönd á Ekvador landamæri ?,"{'text': array(['Perú er land í vesturhluta Suður-Ameríku , með landamæri að Ekvador'],
      dtype=object), 'answer_start': array([0])}"
nqii_3346,Jón Arnór Stefánsson,"Jón Arnór lék alla yngri flokka með KR áður en hann fór í "" high school "" í Bandaríkjunum . Skólinn sem hann var í úti fór hins vegar ekki alveg eftir settum reglum og því þurfti Jón Arnór að yfirgefa skólann fyrr en til stóð .",Með hvaða liðum eftur Jón Arnór spilað með ?,"{'text': array([' KR'], dtype=object), 'answer_start': array([35])}"
nqii_16502,Geðklofi,"Upprunalegt nafn sjúkdómsins merkir "" splundraður hugur "" og vísar til alvarlegrar röskunar á hugsunum sem eru helsta einkenni geðklofa . Íslenska nafn sjúkdómsins , geðklofi , veldur oft misskilningi . Algengt er að fólk telji geðklofa fela í sér einhvers konar breytingu á huganum , að einstaklingar sem þjást af geðklofa hafi klofinn huga og geti þannig jafnvel verið margir persónuleikar í einu . Sá sjúkdómur sem fólk á þar við kallast dissociative identity disorder . Sá sjúkdómur á enda afskaplega fátt sameiginlegt með geðklofa þar sem geðklofi felur langt í frá í sér að einstaklingurinn þrói með sér einhvern annan persónuleika . Rannsóknir manna á sjúkdóminum beinast í æ ríkari mæli að magni dópamíns í heila og því hvort orsök sjúkdómsins liggi þar . Lyf sem breyta upptöku dópamíns í heila minnka einkenni geðklofa . Einkenni geðklofa eru flokkuð í jákvæð og neikvæð einkenni",Hvað veldur geðklofa ?,"{'text': array([' magni dópamíns í heila', ' magni dópamíns í heila'], dtype=object), 'answer_start': array([697, 697])}"
nqii_10168,Þýskaland,"Þýskaland er samband 16 sambandsríkja sem kallast á þýsku "" Länder "" ( eintala : "" Land "" ) eða óformlega "" Bundesländer "" ( eintala : "" Bundesland "" ) . Sambandsríkin hafa mikið sjálfstæði og er öllum stjórnað skv. þingræði af þingkosinni ríkisstjórn ( "" Landesregierung "" , "" Staatsregierung "" eða "" Senat "" ) undir forsæti forsætisráðherra ( "" Ministerpräsident "" , "" Regierender Bürgermeister "" eða "" Präsident des Senats "" ) . Þing "" Länder "" ( "" Landtag "" , "" Abgeordnetenhaus "" eða "" Bürgerschaft "" ) eru kosin til fimm ára í öllum ríkjum nema Brímum . Kjörtímabil hafa verið lengd úr fjórum í fimm ár á árunum kringum þúsaldamót . Stjórn hvers sambandsríkis sendir 3 - 6 fulltrúa eftir íbúafjölda á sambandsráðinu ( "" Bundesrat "" ) , en það er fulltrúaráð sem er sambærilegt öldungadeildum sumra þjóðþinga .",Hvað eru mörg sambandsríki í Þýskalandi ?,"{'text': array([' 16', 'Þýskaland er samband 16 sambandsríkja', ' 16'],
      dtype=object), 'answer_start': array([20,  0, 20])}"
nqii_8860,Finnland,Lífslíkur kvenna eru 82 ár og karla 75 ár .,Hverjar eru lífslíkur karla í Finnlandi ?,"{'text': array([' 75 ár'], dtype=object), 'answer_start': array([35])}"
nqii_6286,Hekla,"Hekla hefur gosið árið 1104 , 1158 , 1206 , 1222 , 1300 , 1341 , 1389 , 1510 , 1597 , 1636 , 1693 , 1766 , 1845 , 1947 , 1970 , 1980 , 1991 og 2000 .",Hvenær gaus Hekla síðast ?,"{'text': array([' 2000'], dtype=object), 'answer_start': array([142])}"
nqii_17075,Lego,"Lego er danskur leikfangaframleiðandi í eigu fjölskyldu , með höfuðstöðvar í Billund . Upprunalega framleiddi fyrirtækið hágæðaleikföng úr tré en síðustu fjörutíu ár hefur það framleitt plastkubba . Fyrirtækið var stofnað árið 1932 .",Í hvaða landi var Legó stofnað ?,"{'text': array([' danskur', 'Lego er danskur leikfangaframleiðandi'], dtype=object), 'answer_start': array([7, 0])}"
nqii_6542,Ágústus,"Octavíanus var erfingi Júlíusar Cæsars , sem var ömmubróðir hans . Eftir morðið á Cæsari gekk Octavíanus í bandalag með Marcusi Antoniusi og Marcusi Lepidusi . Þegar slitnaði upp úr bandalaginu kom til átaka milli Marcusar Antoniusar og Octavíanusar , sem hafði betur . Í kjölfarið komst Octavíanus til valda í Róm . Hann viðhélt hefðum rómverska lýðveldisins að forminu til en var í reynd sjálfráður einvaldur í yfir 40 ár . Valdatími hans myndar skiptinguna á milli lýðveldistímans og keisaratímans í Róm en keisaratíminn er venjulega talinn hefjast árið 27 f.Kr. Hann batt enda á borgarastríð sem áður hafði geisað og leiddi Róm inn í nýjan tíma hagsælda og friðar , "" Pax Romana "" eða "" Rómarfriðarins "" . Hann var giftur Liviu Drusillu í 51 ár .",Hvaða ár varð Ágústus keisari ?,"{'text': array([' 27 f.Kr', ' 27 f.Kr.',
       ' keisaratíminn er venjulega talinn hefjast árið 27 f.Kr.'],
      dtype=object), 'answer_start': array([556, 556, 509])}"
nqii_16536,Enheduanna,Enheduanna var hofgyðja í Úr í Súmer sem var uppi um 2300 f.Kr. Enheduanna var dóttir Sargonar fyrsta keisara í Súmer . Sargon var frá Akkadíu en réðst inn í Súmer og sameinaði ríkin og myndaði þannig fyrsta keisararíki sem sögur fara af . Varðveist hafa þrjú ljóð Enheduönnu en þau eru ákall til gyðjunnar Inönnu sem og safn trúarlegra sálma .,Hvað skrifaði Enheduanna ?,"{'text': array([' Varðveist hafa þrjú ljóð Enheduönnu'], dtype=object), 'answer_start': array([239])}"
nqii_8192,Finnska,"Finnska virðist eiga rætur að rekja langt aftur til fortíðar . Sú finnska , sem töluð er af innfæddum í dag , er hinsvegar nokkuð nýleg smíð en ritmálið var búið til á 16. öld . Nútímafinnska kom til sögunnar á 19. öld og er sprottin af sterkri hreyfingu þjóðernissinna . Þegar Finnland varð sjálfstætt ríki árið 1917 varð Finnland að ríki þar sem töluð eru tvö tungumál , finnska og sænska . Þessi tvö tungumál teljast nú bæði opinber tungumál Finnlands þrátt fyrir að finnska sé ríkjandi en um 290.000 hafa sænsku að móðurmáli í landinu .",Í hvaða landi er sænska töluð ?,"{'text': array([' Finnland að ríki þar sem töluð eru tvö tungumál , finnska og sænska'],
      dtype=object), 'answer_start': array([322])}"
nqii_16471,Holland,"Konungsríkið Holland ( hollenska : "" Koninkrijk der Nederlanden "" ) er vesturevrópskt land staðsett við Norðursjó . Það er 41.548 km² að stærð og er stór hluti landsins er neðan sjávarmáls . Landið var efnahagslegt stórveldi frá 16. öld til 18. aldar . Holland er í Evrópusambandinu . Höfuðborgin er Amsterdam , þó svo að stjórnsýsla landsins sé í Haag .",Hver er höfuðborg Hollands ?,"{'text': array([' Höfuðborgin er Amsterdam , þó svo að stjórnsýsla landsins sé í Haag',
       ' Höfuðborgin er Amsterdam', ' Amsterdam'], dtype=object), 'answer_start': array([284, 284, 299])}"
nqii_7961,Inkaveldið,"Inkaveldið var keisaraveldi indíána í Andesfjöllum , þar sem nú er Perú , og stofnað af Manco Capac . Veldi Inka stóð frá tólftu öld og fram á þá sextándu . Íbúar keisaraveldisins kölluðu land sitt Tawantinsuyu ( sem þýðir „ land fjórðunganna “ ) , og var það orðið meira en milljón ferkílómetrar að stærð á 15. öld og þá bjuggu þar meira en tíu milljónir íbúa . Veldinu var skipt í fernt ; Chinchaysuyu ( NV ) , Antisuyu ( NA ) , Qontisuyu ( SV ) , og Qollasuyu ( SA ) , en í miðjunni var höfuðborgin Cusco , þaðan sem veldinu var stjórnað . Til að tengja saman landið byggðu þeir vegi og brýr , en Inkar áttu afbragðs verkfræðinga . Um vegina fóru hraðboðar sem ferðuðust allt að 250 km á dag með skilaboð . Þannig gat inkinn , sem var æðsti leiðtoginn og jafnframt dýrkaður sem guð , komið mikilvægum boðum sínum til íbúanna og þannig hjálpuðu hraðboðarnir við stjórnun landsins . Inkar notuðu mjög öflugan her til þess að ná undir sig landi og sigra óvini sína og inkinn hafði jafnframt óskorað vald til þess að gera hvað sem hann vildi . < / onlyinclude >",Hver var Manco Capac ?,"{'text': array(['Inkaveldið var keisaraveldi indíána í Andesfjöllum , þar sem nú er Perú , og stofnað af Manco Capac'],
      dtype=object), 'answer_start': array([0])}"
nqii_1889,Fellibylur,"Fellibylur ( fellistormur eða felliveður ) er sérlega kröpp lægð sem myndast í hitabeltinu og fær kraft sinn úr uppstreymi lofts í kringum stormaugað . Mikið af raka þéttist í uppstreyminu og skilar við það varmaorku sem nýtist við að knýja vindinn . Í öðrum heimshlutum eru ýmis orð notuð um fellibyl . Til dæmis nefnast fellibyljir austurlanda fjær "" týfónar "" . Fellibyljir valda oft mjög miklu tjóni .",Af hverju myndast fellibylir ekki í tempruðum beltum ?,"{'text': array([' Mikið af raka þéttist í uppstreyminu og skilar við það varmaorku sem nýtist við að knýja vindinn'],
      dtype=object), 'answer_start': array([151])}"
nqii_4410,John Forbes Nash,"John Forbes Nash ( fæddur 13. júní 1928 ; d. 23. mai 2015 ) var stærðfræðingur sem fékkst við leikjafræði og diffurrúmfræði . Hann deildi nóbelsverðlaununum í hagfræði árið 1994 með tveimur öðrum leikjafræðingum , Reinhard Selten og John Harsanyi .",Hvað er John Nash þekktur fyrir ?,"{'text': array([' leikjafræði'], dtype=object), 'answer_start': array([93])}"
nqii_30,Hannes Hafstein,"Hannes Þórður Hafstein ( f. 4. desember 1861 , d. 13. desember 1922 ) var íslenskt skáld , sýslumaður og fyrsti ráðherra Íslands .",Hver var Hannes Hafsteins ?,"{'text': array([' íslenskt skáld , sýslumaður og fyrsti ráðherra Íslands',
       ' íslenskt skáld , sýslumaður og fyrsti ráðherra Íslands',
       'Hannes Þórður Hafstein ( f. 4. desember 1861 , d. 13. desember 1922 ) var íslenskt skáld , sýslumaður og fyrsti ráðherra Íslands'],
      dtype=object), 'answer_start': array([73, 73,  0])}"
nqii_1784,Heimspeki,Epikúrisminn var heimspeki Epikúrosar en Epikúros var undir miklum áhrifum frá Demókrítosi . Epikúros hélt fram rammri efnishyggju og varði eindahyggjuna ( atómismann ) sem Levkippos og Demókrítos höfðu fyrstir sett fram . Hann hélt því einnig fram að ánægjan væri hin æðstu gæði en Epikúros taldi að andleg ánægja væri æðri líkamlegri ánægju og að í öllu skyldi gæta hófs .,Hvaða áhrif hafði epikúrismi á gríska heimspeki ?,"{'text': array([' Epikúros taldi að andleg ánægja væri æðri líkamlegri ánægju og að í öllu skyldi gæta hófs .'],
      dtype=object), 'answer_start': array([282])}"
nqii_16861,Hong Kong,"Hong Kong ( kínverska : 香港 ) , opinberlega Sérstjórnarhérað Alþýðulýðveldisins Kína Hong Kong , er sérstakt sjálfstjórnarhérað í Kínverska alþýðulýðveldinu , á austurbakka árósa Perluár í suðurhluta Kína . Hong Kong er einn af þéttbýlustu stöðum heims , með 7,4 milljón íbúa af margvíslegum uppruna á 1.104 ferkílómetra svæði .",Hvað búa margir í Hong Kong ?,"{'text': array([' 7,4 milljón', ' 7,4 milljón',
       ' Hong Kong er einn af þéttbýlustu stöðum heims , með 7,4 milljón íbúa'],
      dtype=object), 'answer_start': array([257, 257, 205])}"
nqii_10608,Sorp,"Sorp ( einnig þekkt sem rusl , skran eða drasl ) er óæskilegt eða ónytsamlegt efni . Í lífverum kallast ónytsamleg efni eða eiturefni sem þær gefa frá sér "" úrgangur "" .",Hvaða efni eru eiturefni ?,"{'text': array([' Í lífverum kallast ónytsamleg efni eða eiturefni sem þær gefa frá sér "" úrgangur'],
      dtype=object), 'answer_start': array([84])}"
nqii_3711,Háskólinn á Akureyri,"Háskólinn á Akureyri var stofnaður 5. september 1987 og starfaði hann fyrst í stað í húsnæði Verkmenntaskólans á Akureyri að Þingvallastræti 23 . Fyrsti rektor skólans var Haraldur Bessason . Fyrstu útskriftarnemarnir voru 10 iðnrekstrarfræðingar , útskrifaðir 1989 . Fyrstu framhaldsnemarnir voru útskrifaðir með M.Sc. í hjúkrunarfræðum 26. febrúar 2000 .",Hver er rektor HA ?,"{'text': array([' Fyrsti rektor skólans var Haraldur Bessason'], dtype=object), 'answer_start': array([145])}"
nqii_16800,Hong Kong,"Hong Kong ( kínverska : 香港 ) , opinberlega Sérstjórnarhérað Alþýðulýðveldisins Kína Hong Kong , er sérstakt sjálfstjórnarhérað í Kínverska alþýðulýðveldinu , á austurbakka árósa Perluár í suðurhluta Kína . Hong Kong er einn af þéttbýlustu stöðum heims , með 7,4 milljón íbúa af margvíslegum uppruna á 1.104 ferkílómetra svæði .",Hvar er Hong Kong staðsett ?,"{'text': array([' á austurbakka árósa Perluár í suðurhluta Kína',
       ' í suðurhluta Kína',
       ' á austurbakka árósa Perluár í suðurhluta Kína'], dtype=object), 'answer_start': array([157, 185, 157])}"
nqii_2181,Freddie Mercury,"Freddie hneigðist að báðum kynjum en kom aldrei út úr skápnum . Vinkona hans og kærasta í sex ár var Mary Austin , en sambandi þeirra lauk er hann sagði henni frá kynhneigð sinni . Þau voru samt nánir vinir áfram og hann arfleiddi hana að húsinu sínu , sem metið var á 18 milljónir punda er hann lést sem og stefgjöldum af lögum hans . Síðasti karlkyns kærasti hans var Jim Hutton . Þeir bjuggu saman í síðustu átta árin , sem Freddie lifði . Jim hjúkraði honum í veikindum og var hjá honum þegar hann dó .",Hvenær kom Freddie Mercury úr skápnum ?,"{'text': array(['Freddie hneigðist að báðum kynjum en kom aldrei út úr skápnum'],
      dtype=object), 'answer_start': array([0])}"
nqii_2415,Donald Trump,"Donald Trump tók við embætti Bandaríkjaforseta þann 20. janúar árið 2017 . Í fyrstu viku sinni í embætti gaf Trump út tólf tilskipanir og fyrirmæli , meðal annars um að minnka útgjöld til heilbrigðatryggingakerfis Baracks Obama , um framkvæmdir við umdeildar olíuleiðslur frá Kanada til Bandaríkjanna og bann við styrkingu Bandaríkjanna við samtök sem bjóða upp á fóstureyðingar . Einnig velti upp hugmyndum um að leggja 20% toll af vörum frá Mexíkó sem liður í því að láta landið borga undir múr á landamærum ríkjanna . Enrique Peña Nieto , forseti Mexíkó , aflýsti fundi sínum með Trump í kjölfarið . Trump hóf einnig aðgerðir til að banna fólki frá nokkrum löndum þar sem múslímar eru í meirihluta , að koma til Bandaríkjanna : Sýrlandi , Írak , Íran , Líbíu , Súdan , Sómalíu og Jemen . Trump ritaði undir tilskipun um úrsögn Bandaríkjanna úr TPP ( Trans Pacific Partnership ) , viðskipasamningi Kyrrhafsríkja .",Hve lengi hefur hans forsetatíð verið ?,"{'text': array(['Donald Trump tók við embætti Bandaríkjaforseta þann 20. janúar árið 2017'],
      dtype=object), 'answer_start': array([0])}"
nqii_2573,Landsdómur,"Landsdómur er sérdómstóll sem gert er ráð fyrir í 14. grein stjórnarskrár Lýðveldisins Íslands . Hann fer með og dæmir mál sem Alþingi ákveður að höfða gegn ráðherrum út af embættisrekstri þeirra og starfar eftir lögum nr. 3 / 1963 . Hann er skipaður 15 dómurum . Dómurinn hafði aldrei verið kallaður saman frá stofnun hans árið 1905 , en þann 28. september 2010 ákvað Alþingi að ákæra Geir H. Haarde , fyrrverandi forsætisráðherra , fyrir vanrækslu í starfi og fela Saksóknara Alþingis að sækja málið fyrir Landsdómi .",Hvaða völd hefur Landsdómur ?,"{'text': array([' Hann fer með og dæmir mál sem Alþingi ákveður að höfða gegn ráðherrum út af embættisrekstri þeirra'],
      dtype=object), 'answer_start': array([96])}"
nqii_13009,Tékkland,"Fram til 1918 var austurríska krónan gjaldmiðill í landinu . Þegar Tékkóslóvakía var stofnuð sem ríki var búinn til nýr gjaldmiðill , tékkóslóvakíska krónan . 1993 klofnaði landið í Tékkland og Slóvakía . Tékkland tók þá upp eigin mynt , tékknesku krónuna . 1 króna eru 100 Haleru ( þýska : Heller ) . Þegar Tékkland gekk í Evrópusambandið var ætlunin að innleiða evruna árið 2010 . Af þessu hefur þó ekki orðið enn þá en stjórnin hefur skuldbundið sig til að taka upp evruna á allra næstu árum .",Hver er gjaldmiðill Tékklands ?,"{'text': array([' tékknesku krónuna', ' tékknesku krónuna'], dtype=object), 'answer_start': array([237, 237])}"
nqii_1214,Jónas frá Hriflu,"Jónas Jónsson ( fæddur á Hriflu í Suður-Þingeyjarsýslu , 1. maí 1885 , dáinn í Reykjavík 19. júlí 1968 ) , oftast kenndur við fæðingarstaðinn og nefndur Jónas frá Hriflu , var íslenskur stjórnmálamaður sem naut mikilla áhrifa í íslensku þjóðfélagslífi á fjórða og fimmta áratugnum . Jónas var formaður Framsóknarflokksins í tíu ár og dóms - og kirkjumálaráðherra 1927 — 1932 . Jónas var mjög umdeildur maður á sinni tíð . Ekki má rugla Jónasi frá Hriflu við Jónas frá Hrafnagili , höfund "" Íslenskra þjóðhátta "" .",Hvenær fæddist Jónas frá Hriflu ?,"{'text': array([' 1. maí 1885', ' 1. maí 1885',
       ' fæddur á Hriflu í Suður-Þingeyjarsýslu , 1. maí 1885'],
      dtype=object), 'answer_start': array([56, 56, 15])}"
nqii_2467,Saga Ítalíu,"Gallar hófu að leggja landsvæði Etrúra í Toskana undir sig á 4. öld f.Kr. Etrúrar óskuðu eftir aðstoð frá Róm sem sendi her gegn Göllunum . Fylkingarnar , undir stjórn Gallans Brennusar annars vegar og Rómverjans Quintusar Sulpiciusar hins vegar , mættust í orrustunni við Allium 18. júlí 380 f.Kr. Rómverjar biðu mikinn ósigur og leifar hersins flúðu til Rómar með Gallana á hælunum . Gallarnir rændu Róm en voru reknir burt af herforingjanum Camillusi . Ósigurinn leiddi til þess að Rómverjar endurskipulögðu her sinn og reistu Servíusarmúrinn til varnar . Hundrað árum síðar biðu Rómverjar aftur ósigur gegn Göllum í orrustunni við Aretíum og það var ekki fyrr en eftir orrustuna við Telamon 225 f.Kr. sem þeim tókst að leggja Norður-Ítalíu undir sig . Þegar Hannibal gerði innrás yfir Alpafjöll 218 f.Kr. gengu Gallar í lið með honum gegn Rómverjum . Síðustu gallversku bæirnir á Norður-Ítalíu gáfust ekki upp fyrr en á 1. öld f.Kr.",Hvaða hlutverki gegndi Hannabal í stríðum Karþagó ?,"{'text': array([' Hannibal gerði innrás yfir Alpafjöll 218 f.Kr. gengu Gallar í lið með honum gegn Rómverjum',
       ' Hannibal gerði innrás yfir Alpafjöll 218 f.Kr.'], dtype=object), 'answer_start': array([761, 761])}"
nqii_6569,Kelvin,"Kelvin er SI-mælieining fyrir hita og ein af sjö grunneiningum SI-kerfisins , táknuð með K. Er skilgreind út frá núllpunkti sínum sem samsvarar alkuli og einu kelvin sem er er 1 / 273,16 af þrípunkti vatns .",Hvað er alkul mörg Kelvin ?,"{'text': array([' núll', ' núllpunkti sínum sem samsvarar alkuli'], dtype=object), 'answer_start': array([112, 112])}"
nqii_13044,Júlíus Caesar,"Gaius Júlíus Cæsar var fæddur í Róm um 100 f.Kr. Hann var af júlísku ættinni sem var ein tignasta og elsta patríseaættin í Róm til forna . Cæsar var upphaflega auknefni manna af júlíönsku ættinni . Síðan hefur nafnbótin Cæsar verið höfð um alla Rómarkeisara . Faðir Cæsars hét einnig Gaius Júlíus Cæsar og var meðal annars landstjóri í skattlandinu Asiu . Móðir Cæsars hét Aurelia Cotta . Föðursystir Cæsars , Júlía , var eiginkona Gaiusar Maríusar sem var einn valdamesti maður Rómar þegar Cæsar var að vaxa úr grasi . Árið 85 f.kr. lést faðir Cæsars og varð hann þá höfuð fjölskyldunnar . Stuttu síðar giftist Cæsar Corneliu sem var dóttir Luciusar Corneliusar Cinna , en hann var helsti stuðningsmaður Gaiusar Mariusar . Í æsku Cæsars geisaði borgarastríð á milli Mariusar og Luciusar Corneliusar Sullu . Marius lést árið 86 f.Kr. en stuðningsmenn hans héldu völdum í Rómaborg til ársins 83 f.Kr. , en þá hertók Sulla borgina og tók sér alræðisvald . Sulla hóf að taka fjölmarga stuðningsmenn Mariusar af lífi og senda aðra í útlegð . Tengsl Cæsars við Marius settu hann í hættu og var honum skipað að skilja við Corneliu en Cæsar neitaði og flúði borgina . Cæsar gekk í herinn og hélt til Anatólíu , en Rómverjar stóðu þá í landvinningum á því svæði .",Hvað hét móðir Júlíus Sesar ?,"{'text': array([' Aurelia Cotta', ' Aurelia Cotta'], dtype=object), 'answer_start': array([372, 372])}"
nqii_2622,Bretland,"Hið sameinaða konungsríki Stóra-Bretlands og Norður-Írlands ( enska : "" United Kingdom of Great Britain and Northern Ireland "" ) oftast þekkt á Íslandi sem Bretland eða Stóra-Bretland er land í Vestur-Evrópu . Landið nær yfir megnið af Bretlandseyjum fyrir utan Ermarsundseyjar , Mön og meirihluta Írlands . Bretland skiptist í England , Wales , Skotland og Norður-Írland . Bretland á ekki landamæri að öðrum löndum , nema þar sem landamæri Norður-Írlands liggja að Írska lýðveldisins , en er umkringt Atlantshafi , Norðursjó , Ermarsundi og Írlandshafi . Ermarsundsgöngin tengja Bretland og Frakkland .",Hvaða lönd eru á Bretlandi ?,"{'text': array([' Bretland skiptist í England , Wales , Skotland og Norður-Írland'],
      dtype=object), 'answer_start': array([307])}"
nqii_3871,Kristján frá Djúpalæk,Kristján frá Djúpalæk ( 16. júlí 1916 í Skeggjastaðahreppi í N-Múlasýslu – 15. apríl 1994 á Akureyri ) var íslenskt skáld . Fullt nafn hans var Jónas Kristján Einarsson .,Hvað er Kristján frá Djúpalæk þekktur fyrir ?,"{'text': array([' var íslenskt skáld',
       'Kristján frá Djúpalæk ( 16. júlí 1916 í Skeggjastaðahreppi í N-Múlasýslu – 15. apríl 1994 á Akureyri ) var íslenskt skáld'],
      dtype=object), 'answer_start': array([102,   0])}"
nqii_4174,Blandað hagkerfi,"Hagkerfi kallast blandað þegar efnahagur lands er skipulagður með þeim hætti að á sumum sviðum eru gæði framleidd á frjálsum markaði en öðrum úthlutað af ríkinu . Á frjálsum markaði eru það fyrirtæki í einkaeigu , sem framleiða vörur og veita þjónustu . Á hinn bóginn framleiða opinberar stofnanir eða fyrirtæki í eigu ríkisins samkvæmt miðstýrðari framleiðsluháttum .",Hvað er blandað hagkerfi ?,"{'text': array([' á sumum sviðum eru gæði framleidd á frjálsum markaði en öðrum úthlutað af ríkinu'],
      dtype=object), 'answer_start': array([79])}"
nqii_9641,Berlín,"Flestar þekktar byggingar Berlínar eru í borgarhlutanum Mitte , enda var hann miðborg Berlínar fyrir skiptingu , en einnig miðborg Austur-Berlínar fyrir sameiningu . Þekktasta bygging borgarinnar er Brandenborgarhliðið . Það er jafnframt orðið að þjóðartákni Þjóðverja eftir fall Berlínarmúrsins . Múrinn var aðeins í nokkra metra fjarlægð frá hliðinu , sem stóð austan við múrinn , þannig að það myndaði nokkurs konar botnlanga í miðborg Austur-Berlínar . Skammt norður af hliðinu stendur hið fræga ríkisþinghús ( "" Reichstag "" ) . Það var reist sem þinghús á keisaratíma Prússlands og þar var Weimar-lýðveldið stofnað . Þegar bruninn í húsinu átti sér stað 1933 , notaði Hitler sér hann sem átyllu til að auka völd sín og mynda þriðja ríkið . Þinghús þetta er næstvinsælasti ferðamannastaður Þýskalands , á eftir dómkirkjunni í Köln . Við Friedrichstrasse stóð varðstöðin Checkpoint Charlie . Hún var landamærastöð milli bandaríska og sovéska hernámssvæðanna á tíma kalda stríðsins . Safnaeyjan Museumsinsel er eyja í ánni Spree í miðborginni . Þar eru fjöldi safnhúsa , svo sem Pergamonsafnið ( "" Pergamonmuseum "" ) , Bodesafnið ( "" Bodemuseum "" ) , Altes Museum og Alte Nationalgalerie . Einnig er á eyjunni dómkirkjan í Berlín ( Berliner Dom ) og gamla þinghús Austur-Þýskalands ( "" Palast der Republik "" ) , sem var rifið 2008 . Gendarmenmarkt er stórt bílalaust torg rétt sunnan við breiðgötuna Unter den Linden . Það er af mörgum talið fegursta torg borgarinnar . Þar eru franska dómkirkjan ( "" Französischer Dom "" ) , þýska dómkirkjan ( "" Deutscher Dom "" ) og tónlistarhúsið Konzerthaus . Alexanderplatz er stórt og mikið umferðartorg í austurhluta borgarinnar . Þar stendur sjónvarpsturninn en hann er hæsta bygging borgarinnar . Þar nálægt er einnig rauða ráðhúsið ( "" Rotes Rathaus "" ) , sem var ráðhús Austur-Berlínar meðan borgin var skipt . Það þjónar enn sem aðalráðhús borgarinnar . Aðra markverða staði og byggingar í Austur-Berlín má nefna Nicolai-hverfið , bænahús gyðinga ( Neue Synagoge ) , stríðsminnisvarðann Neue Wache og leifar Berlínarmúrsins við aðaljárnbrautarstöðina .",Hver er hæsta byggingin í Berlín ?,"{'text': array([' sjónvarpsturninn', ' sjónvarpsturninn',
       ' Þar stendur sjónvarpsturninn en hann er hæsta bygging borgarinnar'],
      dtype=object), 'answer_start': array([1683, 1683, 1671])}"
nqii_636,London,"Í kjölfar sigurs í orrustunni við Hastings var Vilhjálmur bastarður , þáverandi hertogi af Normandy , krýndur konungur Englands , í nýlega kláruðu Westminster klaustri , á jóladag 1066 . Vilhjálmur veitti borgurum London ákveðin forréttindi á meðan á byggingu kastala í suðvestur horni borgarinnar stóð , til að halda borgurunum góðum . Þessi kastali var síðar stækkaður af öðrum konungum sem Tower of London og gegndi fyrst hlutverki sem konunglegt aðsetur en síðar sem fangelsi .",Hvenær var Tower of London byggt ?,"{'text': array([' 1066'], dtype=object), 'answer_start': array([179])}"
nqii_12047,Þrjátíu ára stríðið,"Matthías keisari og konungur Bæheims , sem verið hafði umburðarlyndur gagnvart framsókn mótmælendatrúar , tilnefndi árið 1617 Ferdinand af Styrju sem eftirmann sinn í embætti . Ferdinand þótti óbilgjarn kaþólikki og hafði bælt niður mótmælendur í hertogadæmi sínu . Í Bæheimi voru á þessum tíma margir kalvínistar auk hússíta og útrakista sem voru umbótahreyfingar innan kaþólsku kirkjunnar en litnar hornauga af henni . Þótt Habsborgarar hefðu ríkt sem konungar í Bæheimi óslitið frá 1526 var konungurinn samt kosinn af háaðlinum . Þegar Ferdinand sendi tvo sendimenn til Prag árið 1618 til að undirbúa kjör sitt , var þeim hent út um glugga á konungshöllinni af mótmælendum . Þeir lentu að vísu mjúklega í heyi ( eða skít , í sumum heimildum ) . Aðallinn kaus svo Friðrik V , kjörfursta í Pfalz , sem konung yfir Bæheimi . < / onlyinclude > Bæheimska uppreisnin breiddist út til nærliggjandi héraða , Slésíu , Mæri og Lausitz og furstinn í Transylvaníu , Bethlen Gábor réðist inn í Ungverjaland til stuðnings mótmælendum . Í Bæheimi flýðu kaþólikkar til borgarinnar Pilsen og bjuggust til varnar . Hershöfðinginn Ernst von Mansfeld tók borgina 21. nóvember 1618 . Mansfeld hafði verið sendur til aðstoðar uppreisnarmönnum af hertoganum af Savoja sem einnig óttaðist innrás Spánverja . Friðrik var greifi af Pfalz og kalvínisti og því álitinn sjálfsagður útvörður mótmælenda á Rínarfljóti gegn yfirvofandi innrás Spánverja . Auk þess þótti ljóst að Ferdinand myndi ekki sætta sig við að missa konungdóm í Bæheimi . En þótt Friðrik væri lattur til þess , hélt hann engu að síður til Prag til að taka við konungdómi um haustið 1619 . Hann ríkti sem konungur um veturinn 1619 - 1620 ( hann var síðar kallaður „ vetrarkonungurinn “ ) en krýning hans fór fram haustið eftir . Í millitíðinni hafði Ferdinand verið kosinn keisari , eftir málamyndamótmæli frá fulltrúa Pfalz , og gert bandalag við hinn kaþólska Maximilian I af Bæjaralandi . Með blessun hins lútherska Jóhanns Georgs af Saxlandi , sendu þeir saman herlið til Bæheims undir stjórn Tillys hershöfðingja . Mansfeld var sigraður í orrustu við Sablat og hvarf af vettvangi með leifar liðs síns . Herir keisarans unnu síðan endanlegan sigur yfir uppreisnarmönnum í orrustunni við Hvítufjöll 8. nóvember 1620 , einungis tveimur mánuðum eftir krýningu Friðriks . Friðrik þurfti að flýja í útlegð og eyddi næstu árum í að afla stuðnings við kröfu sína um konungdóm í Bæheimi . Í Bæheimi fóru fram svo umfangsmiklar trúarhreinsanir að mótmælendaaðallinn hvarf algerlega og Bæheimur varð rómversk-kaþólskur eftir . Lönd mótmælendafursta voru tekin og seld kaþólskum aðalsmönnum eins og Albrecht von Wallenstein . Her Tillys hélt áfram herför sinni til Pfalz og lagði Rínarhéruðin undir sig með stuðningi Spánverja 1623 . Maximilian af Bæjaralandi var gerður að kjörfursta sama ár .",Hvernig hófst þrjátíu ára stríðið ?,"{'text': array([' Þegar Ferdinand sendi tvo sendimenn til Prag árið 1618 til að undirbúa kjör sitt , var þeim hent út um glugga'],
      dtype=object), 'answer_start': array([532])}"
nqii_17816,Saga Íslands,"Norðmaðurinn Naddoður er sagður hafa komið til Íslands og sagði hann frá landi sem hann nefndi Snæland þegar hann sneri aftur heim . Svíinn Garðar Svavarson og Náttfari , frjálsir menn , eiga einnig að hafa komið til landsins samkvæmt Landnámu . Garðar sneri aftur heim en Náttfari varð eftir ásamt ambátt einni og þræl og urðu því fyrstu eiginlegu landnámsmenn Íslands .",Hvað hét Ísland áður ?,"{'text': array([' Snæland'], dtype=object), 'answer_start': array([94])}"
nqii_6879,Charles Darwin,Charles Darwin ( 12. febrúar 1809 — 19. apríl 1882 ) var breskur náttúrufræðingur sem þekktastur er fyrir kenningu sína um þróun lífvera vegna náttúruvals .,Hvaðan er Darwin ?,"{'text': array([' var breskur'], dtype=object), 'answer_start': array([52])}"
nqii_3560,Búnaðarbálkur (Eggert Ólafsson),"Búnaðarbálkur er 160 erinda kvæði sem Eggert Ólafsson orti á 18. öld . Það tilheyrir upplýsingaröldinni og er hugsað sem leiðbeiningar um búskaparhætti og tileinkaði Eggert mági sínum , séra Birni Halldórssyni í Sauðlauksdal verkið .",Hversu langur er Búnaðarbálkurinn ?,"{'text': array([' 160 erinda', ' 160 erinda kvæði'], dtype=object), 'answer_start': array([16, 16])}"
nqii_8316,Fýll,"Fýll ( eða múkki ) ( fræðiheiti : "" Fulmarus glacialis "" ) er pípunefur af fýlingaætt og er ein algengasta fuglategund Íslands . Hann er hvítur á höfði , hálsi og að neðanverðu , grár á síðu , stéli og ofan á vængjum og hefur dökkgráa vængbrodda . Augun eru svört og fætur grábleikir . Goggurinn er gulgrár með pípunasir ofaná og ef honum er ógnað spýtir hann illa lyktandi gumsi úr lýsi og hálfmeltum mat á andstæðinginn . Fýlinn er að finna í klettum og björgum allt í kringum landið bæði við sjó og inn á landi , jafnvel marga tugi kílómetra frá sjó á varptímum . Hann er hér á landi mest frá janúar og allt fram í byrjun september en fer eitthvað á flakk á haustin .",Af hvaða ætt er fýll ?,"{'text': array([' fýlingaætt', ' fýlingaætt', ' fýlingaætt'], dtype=object), 'answer_start': array([74, 74, 74])}"
nqii_15038,Noregur,"Noregur er land á Skandinavíuskaganum í Norður-Evrópu , á landamæri að Svíþjóð , Finnlandi og Rússlandi og er eitt Norðurlandanna . Í Noregi búa rúmlega 5 milljónir . Höfuðborg landsins er Ósló . Tungumál Norðmanna er norska ( sem hefur tvenns konar opinbert ritmál , bókmál og nýnorsku ) , ásamt samískum tungumálum . Norskt talmál einkennist af miklum mállýskumun . Að nota mállýsku í venjulegu talmáli er jafn algengt hjá þeim sem rita bókmál eins og þeim sem nota nýnorsku sem ritmál . Noregur var sagður friðsælasta land í heimi , árið 2007 samkvæmt Global Peace Index .",Hver er íbúafjöldi Noregs ?,"{'text': array([' rúmlega 5 milljónir', ' Í Noregi búa rúmlega 5 milljónir'],
      dtype=object), 'answer_start': array([144, 131])}"
nqii_17693,Finnland,"Stærstu minnihlutamálin í Finnlandi eru sænska ( 5,2% ) , rússneska ( 1,4% ) og eistneska ( 0,9% ) . Tæplega 2000 samar hafa samísku að móðurmáli , einkum í norðurhluta landsins . Samísku málin eru einnig finnsk-úgrísk mál . Alls eru þrjú samísk mál töluð í Finnlandi : norðursamíska , inarisamíska og skoltsamíska .",Hvað búa margir Samar í Finnlandi ?,"{'text': array([' 2000'], dtype=object), 'answer_start': array([108])}"
nqii_610,Hebreska,"Elstu heimildir um hebresku er að finna í Deboraljóðinu í Dómarabókinni frá ca. 1250 - 1000 f.Kr. Klassíska málið stóð með blóma frá 1000 - 538 f.Kr. en hebreska mun hafa verið upphaflegt tungumál Gyðinga enda er Gamla testamentið skrifað á því máli . Gyðingar munu þó almennt hafa talað annað semítískt tungumál við Krists burð , arameísku , en þeir héldu hebresku sem helgimáli , líklega svipað og latína hefur löngum verið notuð í kaþólsku kirkjunni . Þannig hélst hebreska sem ritmál fræðimanna og fram á okkar tímatal er verið að skrifa rit í Júdeu á hebresku og arameísku , samanber Mishnah , Talmud og Qumran-handritin .",Hver var upphaflegt tungumál biblíunnar ?,"{'text': array([' hebreska'], dtype=object), 'answer_start': array([152])}"
nqii_799,Abraham Lincoln,"Þann 14. apríl árið 1865 , fáeinum dögum eftir lok Þrælastríðsins , fór Lincoln ásamt konu sinni í Ford-leikhúsið í Washington til þess að horfa á gamanleikinn "" Our American Cousin "" . Klukkan tíu um kvöldið læddist John Wilkes Booth , frægur leikari og öfgafullur stuðningsmaður þrælahalds , inn í stúku forsetahjónanna og skaut Lincoln í hausinn . Booth stökk síðan niður á sviðið og hrópaði : „ Sic semper tyrannis ! “ ( „ Svona fer alltaf fyrir harðstjórum ! “ ) . Lincoln lést úr sárinu síðar sama kvöld .",Hver drap Lincoln ?,"{'text': array([' John Wilkes Booth , frægur leikari og öfgafullur stuðningsmaður þrælahalds'],
      dtype=object), 'answer_start': array([216])}"
nqii_4676,Nas,"Nas ( Nasir Jones , f. 14. september 1973 í Queens , New York ) , einnig þekktur sem Nasty Nas , Nas Escobar og Nastradamus , er bandarískur tónlistarmaður og rappari .",Hvað er Nas þekktur fyrir ?,"{'text': array([' er bandarískur tónlistarmaður og rappari'], dtype=object), 'answer_start': array([125])}"
nqii_115,Coco Chanel,"Gabrielle Bonheur Chanel oftast nefnd Coco Chanel ( 19. ágúst 1883 – 10. janúar 1971 ) var franskur brautryðjandi á sviði kventískuhönnunar . Nútímaleg viðhorf hennar , innblástur frá herratísku og eftirsókn eftir þokkafullum einfaldleika gerðu hana eina af mikilvægustu persónum í fatahönnun 20. aldar . Chanel lagði áherslu á látlausan glæsileika í fatnaði . Það var þó ekki einungis fatahönnunin sem skóp henni sérstöðu heldur einnig persónulegur stíll hennar . Í stað þess að vera eins og hin dæmigerða föla , síðhærða og holduga kona síns tíma hafði Chanel strákslegan vöxt , var stuttklippt og sólbrún . Hún setti ný viðmið í fegurð og glæsileika sem hafa gríðarleg áhrif enn í dag .",Hver var Coco Chanel ?,"{'text': array([' franskur brautryðjandi á sviði kventískuhönnunar',
       ' franskur brautryðjandi á sviði kventískuhönnunar',
       ' franskur brautryðjandi á sviði kventískuhönnunar',
       ' var franskur brautryðjandi á sviði kventískuhönnunar'],
      dtype=object), 'answer_start': array([90, 90, 90, 86])}"
nqii_17083,Íslenska,"Í forníslensku var raddað blísturshljóð / z / , sem afraddaðist og styttust forliggjandi sérhljóðar ( "" Özur "" → "" Össur "" , "" Gizur "" → "" Gjissur "" ) . Milli 1100 og 1200 urðu "" s "" að "" r "" - um ( samanber "" vas "" → "" var "" og "" es "" → "" er "" ) .",Hver vegna er z ekki lengur notuð í íslenskri stafsetningu ?,"{'text': array(['Í forníslensku var raddað blísturshljóð / z / , sem afraddaðist og styttust forliggjandi sérhljóðar'],
      dtype=object), 'answer_start': array([0])}"
nqii_13670,Þekkingarfræði,"< onlyinclude > Þekkingarfræði er undirgrein heimspekinnar sem fjallar um eðli og uppsprettu þekkingar og um skyld hugtök svo sem skoðun , skynjun , skynsemi , huglægni , hlutlægni og vitnisburð . Þeir sem fást við þekkingarfræði kallast þekkingarfræðingar . < / onlyinclude >",Um hvað er þekkingarfræði ?,"{'text': array([' um eðli og uppsprettu þekkingar og um skyld hugtök svo sem skoðun , skynjun , skynsemi , huglægni , hlutlægni og vitnisburð',
       ' undirgrein heimspekinnar sem fjallar um eðli og uppsprettu þekkingar og um skyld hugtök'],
      dtype=object), 'answer_start': array([70, 33])}"
nqii_11656,Bjór á Íslandi,"Á stríðsárunum fékk Ölgerðin undanþágu til þess að framleiða áfengan bjór , Polar Ale , fyrir breska setuliðið og þegar Varnarliðið tók við Keflavíkurstöðinni var íslenskur bjór framleiddur til sölu þar með sérstakri undanþágu . Þessi bjór var 4,5% að styrkleika og nefndist einfaldlega Export Beer en landsmenn nefndu hann Egil sterka til 1960 þegar hann var nefndur Polar Beer . 1966 hóf Sana hf. á Akureyri einnig framleiðslu áfengs öls til útflutnings sem nefndist Thule Export . 1984 kom síðan Viking Beer á markað . Þessi bjór var mest fluttur út auk þess sem erlend sendiráð höfðu undanþágu frá bjórbanninu og hægt var að kaupa hann í fríhöfninni á Keflavíkurflugvelli til neyslu á staðnum . 1965 var áhöfnum flugvéla og flutningaskipa leyft að taka með sér takmarkað magn bjórs inn í landið . 15. desember 1979 keypti Davíð Scheving Thorsteinsson kassa af bjór í fríhöfninni á leið sinni til landsins og bar fyrir sig jafnræðisreglu þegar hann var stöðvaður í tollinum . Eftir það var öllum ferðamönnum til landsins leyft að taka með sér ákveðið magn bjórs en það ár ( 1980 ) fengust þar einungis þrjár tegundir af innfluttum bjór : Löwenbräu , Beck's og Carlsberg . Íslenskur bjór hafði ekki fengist þar um nokkurt skeið .",Hver var fyrsti innflutti bjórinn ?,"{'text': array(["" Löwenbräu , Beck's og Carlsberg""], dtype=object), 'answer_start': array([1140])}"
nqii_11949,Galdra–Loftur,"Galdra–Loftur er leikrit frá 1914 eftir Jóhann Sigurjónsson sem byggir á samnefndri þjóðsögu um Loft Þorsteinsson , sem uppi var á 18. öld . Leikritið birtist sama ár á dönsku og heitir "" Ønsket "" eða „ Óskin “ á þeirri tungu . Leikritið fjallar um skólapiltinn Loft sem fæst við galdur og barnar vinnukonu á staðnum . Til þess að bjarga eigin orðstír drepur hann vinnukonuna með galdri . Hann sækist í meiri galdrakunnáttu og í þeim tilgangi særir hann Gottskálk biskup grimma til þess að ná af honum galdrabókinni Rauðskinnu , sem mun gera hann enn öflugri . Loftur verður hins vegar vitfirrtur og deyr .",Eftir hvern er leikritið Galdra-Loftur ?,"{'text': array([' eftir Jóhann Sigurjónsson', ' Jóhann Sigurjónsson',
       ' Jóhann Sigurjónsson'], dtype=object), 'answer_start': array([33, 39, 39])}"
nqii_1257,Tyrkland,"Asíuhluti Tyrklands , sem er 97% landsins , greinist frá Evrópuhlutanum við Bospórussund , Marmarahaf og Dardanellasund . Evrópuhluti Tyrklands , Austur-Þrakía , er 3% landsins . Tyrkland er ferhyrningslaga , yfir 1600 km á lengd og 800 km á breidd . Það liggur milli 35. og 43. breiddargráðu norður og 25. og 45. lengdargráðu austur . Landið er 783.562 km² að stærð . Þar af eru 755.688 km² í Asíu og 23.764 km² í Evrópu . Tyrkland er 37. stærsta land heims . Þrjú stór innhöf liggja að því : Svartahaf í norðri , Eyjahaf í vestri og Miðjarðarhaf í suðri . Marmarahaf er lítið innhaf á milli Eyjahafs og Svartahafs í norðvestri .",Hvað er Tyrkland stórt ?,"{'text': array([' 783.562 km²', ' 783.562 km²',
       ' Landið er 783.562 km² að stærð . Þar af eru 755.688 km² í Asíu og 23.764 km² í Evrópu .'],
      dtype=object), 'answer_start': array([345, 345, 335])}"
nqii_12055,Endurreisnin,"Endurreisn eða endurreisnartímabilið var tímabil í mannkynssögu , sem tók við af miðöldum . Það var blómaskeið í listum og vísindum , sem hafði töluverða hliðsjón af listum og hugmyndum Forn-Grikkja og Rómverja . Endurreisnin er venjulega talin hefjast á Ítalíu á 14. öld og hafi síðan borist þaðan um Evrópu allt til síðari hluta 16. aldar og því staðið frá síðmiðöldum fram á nýöld . Ítalska skáldið Dante Alighieri er oft talinn standa á mörkum miðalda og endurreisnar og skáldið Francesco Petrarca hefur verið kallaður fyrsti endurreisnarmaðurinn . Stundum hefur endurreisnin verið nefnd Endurlífgunaröld eða Endurfæðingin á íslensku . Það er þó sjaldgæft .",Hvenær hófst endurreisn í Evrópu ?,"{'text': array([' á 14. öld',
       ' Endurreisnin er venjulega talin hefjast á Ítalíu á 14. öld og hafi síðan borist þaðan um Evrópu',
       ' á 14. öld',
       ' Endurreisnin er venjulega talin hefjast á Ítalíu á 14. öld',
       ' 14. öld', ' á 14. öld'], dtype=object), 'answer_start': array([261, 212, 261, 212, 263, 261])}"
nqii_11248,Þjóðarmorð Tyrkja á Armenum,Þjóðarmorð Tyrkja á Armenum eru voðaverk Tyrkja á árunum 1915 til 1917 . Árið 1915 hófust aðgerðir tyrkneskra stjórnvalda sem leiddu til dauða hundraða þúsunda Armena . Þessar aðgerðir voru fjöldamorð og nauðungarflutningar á Armenum í austurhluta Tyrklands til svæðis þar sem Sýrland er nú og Írak .,Hvað dóu margir í Armensku þjóðarmorðunum ?,"{'text': array([' Árið 1915 hófust aðgerðir tyrkneskra stjórnvalda sem leiddu til dauða hundraða þúsunda Armena .'],
      dtype=object), 'answer_start': array([72])}"
nqii_12564,Gyðingar,"Gyðingar eru þjóð , menningarhópur og trúarlegur söfnuður sem á rætur að rekja til Hebrea í Austurlöndum nær til forna . Menningarheimur Gyðinga , þjóðarvitund þeirra og trú eru tengd nánum böndum . Zíonismi á djúpar rætur í gyðingdómi . Algengast er nú á dögum að fólk fæðist inn í gyðingdóm , enda eru ströng skilyrði fyrir því að taka trúna . Gyðingar eru minnihlutahópur í öllum löndum fyrir utan Ísrael . Þeir hafa verið ofsóttir í aldanna rás og náðu þær ofsóknir hámarki með helförinnni . Fyrir stofnun Ísraelsríkis árið 1948 höfðu Gyðingar í tvígang átt eigið ríki . Sökum flókinna tengsla þjóðarvitundar , trúar og ætternis er vandkvæðum bundið að kasta tölu á Gyðinga sem þjóð en áætlaður fjöldi Gyðinga í dag eru um 18 milljónir , þar af búa flestir í Bandaríkjunum og Ísrael .",Hvað eru margir Gyðingar í heiminum ?,"{'text': array([' áætlaður fjöldi Gyðinga í dag eru um 18 milljónir',
       ' áætlaður fjöldi Gyðinga í dag eru um 18 milljónir',
       ' áætlaður fjöldi Gyðinga í dag eru um 18 milljónir'], dtype=object), 'answer_start': array([689, 689, 689])}"
nqii_16556,Kjarnorkuárásirnar á Hiroshima og Nagasaki,Kjarnorkurárásirnar á Hiroshima og Nagasaki eru árásir sem bandaríski flugherinn gerði á japönsku borgirnar Hiroshima og Nagasaki undir lok seinni heimsstyrjaldarinnar í ágúst árið 1945 . Þær voru fyrstu og einu kjarnorkusprengingarnar sem gerðar hafa verið í stríði .,Hvenær voru kjarnavopn síðast notuð ?,"{'text': array([' í ágúst árið 1945'], dtype=object), 'answer_start': array([167])}"
nqii_9701,Grágás,"Grágás er forn lagaskrá og lögskýringarrit Íslendinga , ritað einhvern tímann á þjóðveldisöld . Fleiri lög en í henni stóðu kunna að hafa verið í gildi og sum lög hennar kunna að hafa verið úrelt . Segir í henni „ það skulu vera lög í landi hér sem á skrám standa “ . Vígslóði nefnist sá hluti Grágásar sem fjallar um víg .",Hvað er Grágás ?,"{'text': array([' forn lagaskrá og lögskýringarrit Íslendinga , ritað einhvern tímann á þjóðveldisöld'],
      dtype=object), 'answer_start': array([9])}"
nqii_18,Alzheimer-sjúkdómur,"Samkvæmt kenningu um Amyloid útfellingar orsakast Alzheimer af útfellingum og uppsöfnun af amyloid beta ( Aβ ) skellum utan um taugafrumur og veldur eitrunaráhrifum . Önnur meinafræðileg einkenni Alzheimer sem og taugaþráðaflækjur ( e. neurofibrillary tangles ) innan í taugafrumum , minnkuð virkni átfrumna , frumudauði , æðskemmdir og vitglöp orsakist af uppsöfnun Aβ skellna . Krufningar á heila Alzheimer-sjúklinga hafa sýnt fram á óeðlilegrar uppsöfnunar af Aβ skellum og taugaþráðaflækjum og að magn og dreifð skellnanna og taugaþráðaflækjanna hefur háa fylgni við framrás sjúkdómsins . Þessi kenning er þó ekki staðfest en fræðimenn deila um hvort Aβ skellur sé í raun orsök Alzheimer , en lyfjameðferðir sem minnka Aβ skellur í heila virðast ekki minnka einkenni Alzheimer .",Hvað veldur Alzheimers ?,"{'text': array([' af útfellingum og uppsöfnun af amyloid beta ( Aβ ) skellum utan um taugafrumur og veldur eitrunaráhrifum',
       'Samkvæmt kenningu um Amyloid útfellingar orsakast Alzheimer af útfellingum og uppsöfnun af amyloid beta ( Aβ ) skellum utan um taugafrumur',
       'amkvæmt kenningu um Amyloid útfellingar orsakast Alzheimer af útfellingum og uppsöfnun af amyloid beta ( Aβ ) skellum utan um taugafrumur'],
      dtype=object), 'answer_start': array([59,  0,  1])}"
nqii_8812,Nokia,Nokia er finnskt fyrirtæki sem var leiðandi í heimi fjarskipta og farsíma á alþjóðamarkaði .,Frá hvaða landi er Nokia ?,"{'text': array(['Nokia er finnskt fyrirtæki'], dtype=object), 'answer_start': array([0])}"
nqii_16119,Majaveldið,"Majaveldið var mesóamerísk siðmenning sem átti uppruna sinn í Mið-Ameríku , þar sem nú er Mexíkó , Gvatemala , Belís , vesturhluta Hondúras og El Salvador . Majar voru þekktir fyrir ritmál sitt , list , byggingarlist og uppgötvanir í stærðfræði og stjörnufræði . Saga Majaveldis hefur verið skipt í þrjú tímabil ; forklassíska , klassíska og síðklassíska . Forklassíska tímabilið stóð yfir frá árinu 2000 f.Kr. til 250 e.Kr. Á þessu tímabili komst siðmenning Maja á fót . Klassíska tímabilið stóð yfir frá árinu 250 til ársins 900 . Majaveldið var í mestum blóma á þeim tíma . Árið 1000 hófst hnignun veldisins og stöðnun en ástæður þess eru okkur enn ókunnar . Þrátt fyrir mikla hnignun og fólksfækkun í stórum borgum , voru Majar enn uppi á síðklassíska tímabilinu sem stóð yfir frá árinu 950 til 1539 . Að lokum var hver borgin á eftir annari yfirgefin og veldi Maja , sem náði yfir 1000 ára tímabil , leið undir lok .",Hvenær voru Majar uppi ?,"{'text': array([' 2000 f.Kr'], dtype=object), 'answer_start': array([399])}"
nqii_2705,Landsbókasafn Íslands,"Landsbókasafn Íslands var þjóðbókasafn Íslands frá stofnun þess ( sem "" Íslands Stiftisbókasafn "" ) árið 1818 þar til það sameinaðist bókasafni Háskóla Íslands og myndaði Landsbókasafn Íslands - Háskólabókasafn í Þjóðarbókhlöðunni 1. desember 1994 .",Hvenær var Landsbókasafnið stofnað ?,"{'text': array([' árið 1818'], dtype=object), 'answer_start': array([99])}"
nqii_99,Sólstafir,"Sólstafir er íslensk Þungarokkshljómsveit sem stofnuð var árið 1995 . Á þeim tíma sem hún hefur verið starfandi hefur hún gefið út tvær breiðskífur , fjórar smáskífur og þrjá „ promo “ diska .",Hvað er sólstafur ?,"{'text': array([' íslensk Þungarokkshljómsveit'], dtype=object), 'answer_start': array([12])}"
nqii_13294,Sfinxinn í Gíza,"Arabíski sagnfræðingurinn al-Maqrīzī , skrifaði á 15. öld að Súfí-múslimi sem hét Múhameð Sa'im al-Dahr hafi eyðilagt nefið . Al-Dahr varð var við að bændur voru að færa Sfinxinum fórnir í von um að auka uppskeru sína . Hann varð ósáttur við það og hjó nefið af Sfinxinum , en var síðar hengdur fyrir skemmdarverk . Al-Maqrīzī lýsir Sfinxinum jafnframt sem „ Verndargrip Nílar “ , þar sem heimamenn töldu að flóð Nílar væru honum að þakka .",Hvað kom fyrir nefið á Sfinxinum ?,"{'text': array([""Arabíski sagnfræðingurinn al-Maqrīzī , skrifaði á 15. öld að Súfí-múslimi sem hét Múhameð Sa'im al-Dahr hafi eyðilagt nefið"",
       "" Múhameð Sa'im al-Dahr hafi eyðilagt nefið""], dtype=object), 'answer_start': array([ 0, 81])}"
nqii_6316,Fundur Íslands,"Yfirleitt er talað um þrjár undirstöðugreinar fornleifafræðinnar sem að notaðar eru til aldurgreiningar og er það formgerðarfræði , geislakolsaldurgreining og gjóskulagafræði . Formgerðarfræðin nýtist vel er það þarf að tímasetja til dæmis skartgripi og vopn þar sem að það má yfirleitt tímasetja þá gripi af stíleinkennum . Elstu skartgripir sem að hafa fundist hér á landi eru frá fyrri hluta 9. aldar og hafa þeir einkum fundist í gröfum kvenna . Peningar þykja oft vera sú tegund forngripa sem að þægilegast er að aldursgreina þar sem að þeir voru mótaðir á ríkisárum tiltekins höfðingja eða konungs . Geislakolsaldursgreining er önnur helsta aldursákvörðunaraðferðin og er hún einnig þekkt sem C - 14 greining . Geislakol finnast í öllum lífverum þar sem þau myndast stöðugt í andrúmsloftinu . Þegar lífvera deyr þá minnkar styrkur geislakola í henni sem gerir það að verkum að þessi aðferð hentar vel í aldursgreiningu . Síðast en ekki síst er gjóskulagafræði sem virkar í raun sem ákveðið tímatal sem að byggist á notkun eldfjallagjósku .",Hverjar eru elstu minjar sem hafa fundist á Íslandi ?,"{'text': array([' Elstu skartgripir sem að hafa fundist hér á landi eru frá fyrri hluta 9. aldar'],
      dtype=object), 'answer_start': array([324])}"
nqii_17960,Jemen,"Frá árinu 2011 hefur ríkt stjórnarkreppa í Jemen . Hún hófst með götumótmælum gegn fátækt , spillingu , atvinnuleysi og fyrirætlunum Salehs um að breyta stjórnarskrá Jemen þannig að takmarkanir á tímalengd valdatíðar forseta væru afnumdar og gerast forseti til lífstíðar . Í kjölfarið sagði Saleh af sér og Abdrabbuh Mansur Hadi tók við en hann var formlega kosinn forseti í febrúar 2012 þar sem hann var einn í framboði . Vopnuð átök í landinu mögnuðust upp á þessum tíma þar sem miðstjórnarvaldið var ekki til staðar meðan á valdatilfærslunni stóð . Átök stóðu milli Hútífylkingarinnar og Islah-hreyfingarinnar auk þess sem Al-Kaída hafði sig í frammi . Í september 2014 hertók Hútífylkingin höfuðborgina Sana með aðstoð Salehs og lýstu sig stjórn landsins . Saleh var myrtur af leyniskyttu í Sana í desember 2017 . Þetta leiddi til nýrrar borgarastyrjaldar og hernaðaraðgerða Sádi-Araba sem stefna að því að endurreisa stjórn Hadis . Að minnsta kosti 56.000 hafa látið lífið í átökunum frá því í janúar 2016 .",Hver er höfuðborg Jemen ?,"{'text': array([' Sana'], dtype=object), 'answer_start': array([706])}"
nqii_8132,Hekla,Fjallið er í Rangárvallasýslu og sést víða að og er auðþekkjalegt – eins og bátur á hvolfi með breiðar axlir og háan toppgíg . Síðast gaus Hekla í febrúar 2000 . Þá var spáð fyrir um eldgosið 15 mínútum áður en það hófst .,Hversu oft hefur Hekla gosið á síðustu öld ?,"{'text': array([' 2000', ' Síðast gaus Hekla í febrúar 2000'], dtype=object), 'answer_start': array([154, 126])}"
nqii_18100,Ský,"Ský skiptast í háský , miðský , lágský og háreist ský . Háský eru í 6 - 12 km hæð , til þeirra teljast :",Hvernig eru ský flokkuð ?,"{'text': array(['Ský skiptast í háský , miðský , lágský og háreist ský'],
      dtype=object), 'answer_start': array([0])}"
nqii_2097,Grænland,"< onlyinclude > Grænland ( grænlenska : "" Kalaallit Nunaat "" ; danska : "" Grønland "" ) er stærsta eyja jarðar sem ekki telst heimsálfa útaf fyrir sig , 2,2 milljónir km. Grænland liggur milli Norður-Íshafsins og Atlantshafsins , austan við Kanadíska eyjaklasann . Landfræðilega tilheyrir Grænland heimsálfunni Norður-Ameríku , en menningar - og stjórnarfarslega Evrópu , nánar tiltekið Íslandi , Noregi og Danmörku . Höfuðborgin er Nuuk , á dönsku "" Godthåb "" . Grænland er sjálfsstjórnarsvæði innan dönsku ríkisheildarinnar . Um 81 prósent landsins er þakið jökli . Nánast allir Grænlendingar búa í byggðum við firði á suðvesturhluta eyjunnar þar sem veðurlag er talsvert mildara en annars staðar . Grænland hlaut heimastjórn frá Dönum árið 1979 og í nóvember árið 2008 var samþykkt í þjóðaratkvæðagreiðslu að landið fengi aukna sjálfstjórn . < / onlyinclude >",Hvað heitir höfuðborg Grænlands ?,"{'text': array([' Nuuk', ' Höfuðborgin er Nuuk', ' Nuuk', ' Höfuðborgin er Nuuk'],
      dtype=object), 'answer_start': array([431, 416, 431, 416])}"
nqii_3764,Mósambík,"Mósambík ( portúgalska : "" Mozambique "" , chichewa : "" Mozambiki "" , svahílí : "" Msumbiji "" , tsonga : "" Muzambhiki "" ) er land í sunnanverðri Afríku með landamæri að Suður-Afríku , Svasílandi , Tansaníu , Malaví , Sambíu og Simbabve . Landið fékk sjálfstæði 1975 , eftir vopnaða baráttu , og var í bandalagi við Sovétríkin á tímum Kalda stríðsins . Árið 1982 hófst borgarastyrjöld sem stóð til 1992 . Mósambík er frá 1995 hluti af breska samveldinu þótt það hafi ekki verið bresk nýlenda , heldur portúgölsk .",Hvar er Mósambík ?,"{'text': array([' í sunnanverðri Afríku'], dtype=object), 'answer_start': array([127])}"
nqii_15267,Kólesteról,Kólesteról er fituefni í líkamanum . Efnið tilheyrir flokkinum sterólum ( umbreyttra stera ) . Lifrin framleiðir það kólesteról sem þarf fyrir starfsemi líkamans en kólesteról kemur einnig beint úr fæðu . Hátt kólesteról í blóði er talið áhættuvaldur í hjarta - og æðasjúkdómum . Talið er að neysla á mettaðri fitu hækki magn kólesteróls í blóði .,Hvað er kólesteról ?,"{'text': array([' fituefni í líkamanum'], dtype=object), 'answer_start': array([13])}"
nqii_3889,Halldór Laxness,"Á ferli sínum skrifaði Halldór skáldsögur , smásögur , margar blaðagreinar , samdi ljóð , leikrit , þýddi bækur yfir á íslensku og fleira . Halldór hlaut Nóbelsverðlaun í bókmenntum árið 1955 .",Hvenær fékk Halldór Laxness Nóbelsverðlaunin ?,"{'text': array([' Halldór hlaut Nóbelsverðlaun í bókmenntum árið 1955', ' 1955',
       ' árið 1955',
       ' Halldór hlaut Nóbelsverðlaun í bókmenntum árið 1955 .'],
      dtype=object), 'answer_start': array([139, 186, 181, 139])}"
nqii_17238,Júlíus Caesar,"Nokkrir fyrrum félagar Cæsars óttuðust að hann ætlaði sér að afnema lýðveldið og skipa sjálfan sig konung . Þeir lögðu því á ráðin með að ryðja honum úr vegi áður en að það yrði um seinan . Í mars 44 f.Kr. , þegar Cæsar var á leið inn í öldungaráðið , var honum veitt fyrirsát og hann stunginn til bana . Helstu samsærismenn um víg Cæsars voru Brútus og Cassius . Brutus var sonur Serviliu Cæpionis sem var hjákona Cæsars og var orðrómur á kreiki um að Brutus hafi í raun verið sonur Cæsar , en það verður að teljast ólíklegt þar sem Cæsar var líklega ekki nema fimmtán árum eldri en Brutus . Sagan segir að þegar Cæsar sá Brútus meðal samsærismanna hafi hann mælt á forngrísku „ και συ τεκνον ? “ , sem útleggst á íslensku „ "" einnig þú , barn ? "" “ . en samkvæmt öðrum heimildum féll hann án þess að mæla orð . Shakespeare leggur Cæsari í munn lokaorðin ódauðlegu „ "" Et tu , Brute ? "" “ , sem er latína og þýða má „ "" þú líka , Brútus ? "" “ .",Hver var Brutus ?,"{'text': array([' Brutus var sonur Serviliu Cæpionis sem var hjákona Cæsars'],
      dtype=object), 'answer_start': array([363])}"
nqii_2034,Íslensk matargerð,"Vegna hins stutta vaxtartímabils eru varðveisluaðferðir svo sem þurrkun , kæsing , reyking og súrsun einkennandi fyrir íslenskan mat .",Af hverju er skata kæst ?,"{'text': array(['Vegna hins stutta vaxtartímabils eru varðveisluaðferðir svo sem þurrkun , kæsing , reyking og súrsun einkennandi fyrir íslenskan mat'],
      dtype=object), 'answer_start': array([0])}"
nqii_7698,Andrés Guðmundsson,"Andrés Guðmundsson ( um 1440 – 1508 ) var íslenskur sýslumaður og bóndi á 15. öld og bjó fyrst lengi á Felli í Kollafirði og síðan í Saurbæ á Rauðasandi . Hann var launsonur Guðmundar Arasonar ríka , auðugasta manns á Íslandi á sinni tíð , en móðir hans er óþekkt .",Eftir hvern er skáldsagan Virkisvetur ?,"{'text': array(['Andrés Guðmundsson'], dtype=object), 'answer_start': array([0])}"
nqii_2371,Forseti Argentínu,"Forseti Argentínu eða forseti argentínsku þjóðarinnar ( spænska : "" Presidente de la Nación Argentina "" ) er þjóðhöfðingi Argentínu . Samkvæmt stjórnarskrá Argentínu er hann jafnframt stjórnarleiðtogi alríkisstjórnarinnar og æðsti yfirmaður Argentínuhers . Núverandi forseti Argentínu er Alberto Fernández sem var kosinn árið 2019 .",Hvað heitir núverandi forseti Argentínu ?,"{'text': array([' Núverandi forseti Argentínu er Alberto Fernández sem var kosinn árið 2019'],
      dtype=object), 'answer_start': array([256])}"
nqii_1226,Saarland,"Saarland er minnsta sambandsland Þýskalands utan borgríkjanna Berlín , Hamborg og Bremen , aðeins 2.569 km² að flatarmáli . Íbúarnir eru aðeins rétt rúmlega ein milljón , sem gerir Saarland að næstfámennasta sambandslandi Þýskalands . Aðeins Bremen er fámennari . Saarland hefur lengi verið bitbein milli Þýskalands og Frakklands , rétt eins og Elsass ( Alsace ) og Lothringen ( Lorraine ) .",Hvað er minnsta sambandslandið í Þýskalandi ?,"{'text': array(['Saarland er minnsta sambandsland Þýskalands utan borgríkjanna Berlín , Hamborg og Bremen',
       'Saarland',
       'Saarland er minnsta sambandsland Þýskalands utan borgríkjanna Berlín , Hamborg og Bremen'],
      dtype=object), 'answer_start': array([0, 0, 0])}"
nqii_5710,Belgía,"Belgía ( hollenska : "" België "" ; franska : "" Belgique "" ; þýska : "" Belgien "" ) er konungsríki í Vestur-Evrópu sem á landamæri að Hollandi , Þýskalandi , Lúxemborg og Frakklandi . Auk þess liggur strönd Belgíu að Norðursjó . Belgía liggur á mörkum germönsku og rómönsku Evrópu og skiptist sjálf á milli þessara menningarheima , þar sem í norðurhluta landsins , Flæmingjalandi ( "" Vlaanderen "" ) , er töluð hollenska , en í suðri hlutanum , Vallóníu ( "" Wallonie "" ) er töluð franska . Þýska er töluð í austurhluta landsins . Brussel , hin tvítyngda höfuðborg landsins , liggur í Flandri , nálægt mörkum að Vallóníu . Belgía er ein af stofnþjóðum Evrópusambandsins og eru höfuðstöðvar þess í Brussel . Evrópskar höfuðstöðvar NATÓ eru einnig staðsettar í landinu og EFTA samtökin eru með stórt útibú þar . Í Belgíu búa rúmlega 10,8 milljónir manna á um 30 þús km svæði .",Hvað búa margir í Belgíu ?,"{'text': array([' rúmlega 10,8 milljónir manna', ' rúmlega 10,8 milljónir',
       ' rúmlega 10,8 milljónir',
       ' Í Belgíu búa rúmlega 10,8 milljónir manna', ' 10,8 milljónir'],
      dtype=object), 'answer_start': array([817, 817, 817, 804, 825])}"
nqii_14537,Alzheimer-sjúkdómur,"Samkvæmt kenningu um Amyloid útfellingar orsakast Alzheimer af útfellingum og uppsöfnun af amyloid beta ( Aβ ) skellum utan um taugafrumur og veldur eitrunaráhrifum . Önnur meinafræðileg einkenni Alzheimer sem og taugaþráðaflækjur ( e. neurofibrillary tangles ) innan í taugafrumum , minnkuð virkni átfrumna , frumudauði , æðskemmdir og vitglöp orsakist af uppsöfnun Aβ skellna . Krufningar á heila Alzheimer-sjúklinga hafa sýnt fram á óeðlilegrar uppsöfnunar af Aβ skellum og taugaþráðaflækjum og að magn og dreifð skellnanna og taugaþráðaflækjanna hefur háa fylgni við framrás sjúkdómsins . Þessi kenning er þó ekki staðfest en fræðimenn deila um hvort Aβ skellur sé í raun orsök Alzheimer , en lyfjameðferðir sem minnka Aβ skellur í heila virðast ekki minnka einkenni Alzheimer .",Hvað orsakar Alzheimer ?,"{'text': array([' útfellingum og uppsöfnun af amyloid beta ( Aβ ) skellum utan um taugafrumur og veldur eitrunaráhrifum'],
      dtype=object), 'answer_start': array([62])}"
nqii_1700,Hafnarfjörður,"< onlyinclude > Hafnarfjörður er bær á höfuðborgarsvæðinuÞar bjuggu tæplega 30.000 manns árið 2018 og hefur bærinn vaxið gríðarlega á síðustu árum og áratugum líkt og önnur sveitarfélög á höfuðborgarsvæðinu hafa gert . Höfnin sem bærinn er kenndur við var ein stærsta verslunarhöfn landsins allt frá 16. öld og mikil útgerð hefur verið stunduð þaðan í sögunni . Á 18. öld var rætt um að gera Hafnarfjörð að höfuðstað Íslands , en slæm samgönguskilyrði þangað , lítil mótekja og lítið undirlendi urðu helstu ástæður þess að Reykjavík varð ofan á í valinu . 29. febrúar 2008 náði íbúafjöldi Hafnarfjarðar upp í 25.000 manns , og gaf bæjarstjórinn Lúðvík Geirsson 25 þúsundasta Hafnfirðinginum gjöf og heiðursskjal . < / onlyinclude >",Hvað búa margir í Hafnarfirði ?,"{'text': array([' tæplega 30.000', ' 30.000 manns',
       'Þar bjuggu tæplega 30.000 manns árið 2018'], dtype=object), 'answer_start': array([67, 75, 57])}"
nqii_14438,Tékkland,"Tékkar nota orðið Česko um land sitt . Hugtakið kom fyrst fram 1777 en var aldrei eða sárasjaldan notað fyrir 1993 . Meðan Tékkóslóvakía var til hét landið allt Československo . Þegar Tékkóslóvakíu var skipt í tvö ríki 1993 varð heitið Česko ofan á en það merkir Tékkar eða tékkneska þjóðin . Tékkneska heitið fyrir Bæheim er Čechy en oftast er það notað fyrir landið allt ( líka Mæri og Slésíu ) . Þjóðsagan segir að forfaðirinn Čech hafi verið stofnandi tékknesku þjóðarinnar . Önnur tungumál , svo sem enska og þýska , hafa tekið síðara orðið að láni og myndað heitið Czech ( enska ) og Tschech ( þýska ) síðan Tékkóslóvakía var mynduð 1918 . Það hafa Íslendingar einnig gert . Þó eru íbúar Mæris og Slésíu ekki allir sáttir við síðara heitið , enda útilokar það á vissan hátt íbúa þess en setur íbúa Bæheims ofar hinum . Tékkar sjálfir nota ekki neitt stuttheiti á landi sínu . Alþjóðlega heitir landið Česká republika . Þó er til styttri útgáfa í flestum öðrum málum . Í íslensku er heitið Tékkland gjarnan notað í staðinn fyrir Tékkneska lýðveldið .",Hvaða tungumál er talað í Tékklandi ?,"{'text': array([' Czech'], dtype=object), 'answer_start': array([570])}"
nqii_2563,Vladímír Pútín,Pútín fæddist þann 7. október 1952 í Leníngrad í Sovétríkjunum og var yngstur þriggja barna foreldra sinna . Þegar hann var tólf ára byrjaði hann að æfa sambó og júdó . Hann er í dag með svart belti í júdó og er landsmeistari í са ́ мбо ( stafsett á latnesku letri : sambó ) . Pútín lærði þýsku í gagnfræðiskóla í Sankti Pétursborg og talar hana reiprennandi .,Hvaðan er Vladímír Pútín ?,"{'text': array(['Pútín fæddist þann 7. október 1952 í Leníngrad í Sovétríkjunum'],
      dtype=object), 'answer_start': array([0])}"
nqii_10551,Bessastaðir,"Bessastaðir á Álftanesi í Garðabæ á Suðvesturlandi eru aðsetur forseta Íslands . Á Bessastöðum er þyrping nokkurra húsa : Bessastaðastofa , Norðurhús , þjónustuhús og Suðurálma eru portbyggðar byggingar . Suðurálma samanstendur af móttökuhúsi , bókhlöðu og tengibyggingu við þjónustuhús . Bessastaðastofa er elsta húsið á jörðinni . Móttökuhús er byggt við hana árið 1941 og tengt á milli með blómaskála sem nemur við suðurgafl Bessastaðstofu og gerður er eftir hugmynd ríkisstjórafrúarinnar , Georgíu Björnsson . Samsíða móttökuhúsinu er bókhlaðan , sem byggð var árið 1968 og gengt er úr henni í borðsal Bessastaðastofu . Bessastaðakirkja stendur fremst en handan portbyggðu húsanna eru forsetahús og ráðsmannshús . Fjær stendur bílageymsla , sem áður var fjós . Sambyggð hlaða gegnir enn sama hlutverki og áður en hlöðuloftið er nú geymsla . Búskapur var á Bessastöðum til ársins 1968 .",Hvað heitir kirkjan á Bessastöðum ?,"{'text': array([' Bessastaðakirkja', ' Bessastaðakirkja'], dtype=object), 'answer_start': array([623, 623])}"
nqii_3787,Margaret Thatcher,"Margrét Thatcher ( eða að fullu Margaret Hilda Thatcher , Baroness Thatcher of Kesteven ; 13. október 1925 – 8. apríl 2013 ) var forsætisráðherra Bretlands á árunum 1979 - 1990 og leiðtogi breska Íhaldsflokksins 1975 - 1990 . Hún varð fyrst kvenna til að gegna þessum tveimur stöðum og sat einnig lengst allra samfellt sem forsætisráðherra Bretlands á 20. öld . Hún var í senn einhver dáðasti og hataðasti stjórnmálamaður lands síns . Thatcher lagði ríka áherslu á að draga úr hvers kyns ríkisafskiptum , sem og á frjálsan markað og frjálst framtak . Áhrifa Thatchers gætir enn innan Breska íhaldsflokksins .",Hvað var Margét Thatcher lengi forsætisráðherra Bretlands ?,"{'text': array([' var forsætisráðherra Bretlands á árunum 1979 - 1990'],
      dtype=object), 'answer_start': array([124])}"
nqii_1391,Vesturfarar,"Vesturfarar voru Íslendingar sem héldu til Brasilíu , Kanada og Bandaríkjanna á ofanverðri 19. öld og stóðu fólksflutningarnir allt fram að fyrri heimstyrjöld eða frá 1870 til 1914 . Mestir voru þeir þó á seinni hluta 19. aldar . Ástæður fólksflutninganna voru margvíslegar , oftast voru þær fjárhagslegar , veðurfarslegar og tengdust skort á landrými ( eða vistarbandinu ) , óánægja með gang sjálfstæðisbaráttunnar og stundum einnig ævintýraþrá . Talið er að um 15 þúsund Íslendingar eða 20% þjóðarinnar hafi farið vestur og ekki snúið aftur .",Hvenær hófst fólksflutningur til Kanada ?,"{'text': array([' 1870', ' 1870', ' 1870'], dtype=object), 'answer_start': array([166, 166, 166])}"
nqii_4205,Fyrri heimsstyrjöldin,"Fyrri heimsstyrjöldin ( sem nefnt var heimsstríðið fyrir seinni heimsstyrjöldina ) var mannskætt stríð sem geysaði í Evrópu í fjögur ár . Stríðið hefur verið nefnt „ stríðið mikla “ og „ stríðið sem enda átti öll stríð “ . Sá atburður sem miðað er við að marki upphaf stríðsins var morðið á Frans Ferdinand erkihertoga og ríkisarfa Austurríkis í Sarajevó þann 28. júní 1914 . Átök hófust í ágúst 1914 og breiddust hratt út . Þegar upp var staðið lágu um tíu milljónir manna í valnum , um tuttugu milljónir höfðu særst og ótal manns misst heimili sín og lifibrauð . Stríðinu lauk með uppgjöf Þjóðverja 11. nóvember 1918 . Að stríðinu loknu funduðu fyrrum fjandmenn í Versölum í Frakklandi þar sem Versalasamningurinn var gerður .",Hvaða ár hófst fyrri heimsstyrjöldin ?,"{'text': array([' 1914', ' 28. júní 1914'], dtype=object), 'answer_start': array([368, 359])}"
nqii_17147,Hippókratesareiðurinn,""" Ég sem rita nafn mitt hér undir , lofa því og legg við drengskap minn að beita kunnáttu minni með fullri alúð og samviskusemi að láta mér ávallt annt um sjúklinga mína án manngreinarálits að gera mér far um að auka kunnáttu mína í læknafræðum að kynna mér og halda vandlega öll lög og fyrirmæli er lúta að störfum lækna """,Hver er Hippokratesareiðurinn ?,"{'text': array(['"" Ég sem rita nafn mitt hér undir , lofa því og legg við drengskap minn að beita kunnáttu minni'],
      dtype=object), 'answer_start': array([0])}"
nqii_13698,Kóreupopp,"BoA eða Kwon Bo-Ah , er einn þekktasti tónlistarmaður stefnunnar í dag . Hún hóf feril sinn árið 2000 eftir að SM Entertainment uppgötvaði hana . Það sem gerir BoA svona einstaka er að hún er fyrsta stjarnan sem risafyrirtæki tók að sér og gerði fræga víðsvegar um heiminn . Segja mætti að BoA sé ástæðan fyrir því að kóreupopp sé þekkt út fyrir Suður Kóreu . Þessi söngkona gerði garðinn frægann með albúminu sínu "" Don’t Start Now "" , en þar syngur hún bæði á japönsku og kóresku . Með þessu tókst henni að komast á topp vinsældalistans í báðum löndum samtímis , og setti jafnframt sölumet í Kóreu .",Hver er frægasta K-pop stjarna Suður-Kóreu ?,"{'text': array(['BoA eða Kwon Bo-Ah'], dtype=object), 'answer_start': array([0])}"
nqii_2331,Tjörnin,"Tjörnin er dæmi um sjávarlón þar sem sandur og möl hefur myndað malarrif sem lokar smám saman af lónið . Gamli miðbærinn í Reykjavík stendur á rifinu . Rifið var ekki fullmyndað fyrr en fyrir um það bil 1200 árum og þá hófst lífræn setmyndun í Tjörninni en undir þeim setlögum eru sand - og malarlög . Þegar lífræn efni tóku að safnast saman á botni Tjarnarinnar gætti lítilla seltuáhrifa og grunnvatn hefur streymt þangað frá Vatnsmýrinni og holtunum í kring . Tjarnarbakkarnir voru grónir gulstör ( carex lyngbyei ) og öðrum tegundum af hálfgrasaætt en svo komu tímabil þegar seltan verður meiri þá hörfuðu háplöntur . Um 1900 mun engum fugli hafa verið vært á Tjörninni , allir fuglar voru drepnir . Andaveiðar voru eitthvað stundaðar á Tjörninni allt fram á annan áratug síðustu aldar . Með lögreglusamþykkt frá 19. apríl 1919 var bannað að skjóta í borgarlandinu . Um sama leyti var sett siglingabann en áður höfðu margir átt báta og vegna umferðar þreifst ekkert kríuvarp í Tjarnarhólmanum fyrir 1919 . Með skotveiðibanninu og siglingabanninu fjölgaði mikið stokköndum og kríum . Tveir hólmar eru í Tjörninni . Annar þeirra er í suðurenda tjarnarinnar , en hinn , sem er í norðurhlutanum , og mest ber á frá miðborginni séð , gengur venjulega undir nafninu "" Tjarnarhólminn "" . Í Tjarnarhólmanum hefur löngum verið varp , en um miðja 19. öld var hólminn notaður sem miðpunktur í hringekju sem svo var kölluð . Segir svo frá henni í Lesbók Morgunblaðsins 1933 :",Hvenær varð Tjörn Reykjavíkur til ?,"{'text': array([' fyrir um það bil 1200 árum', ' fyrir um það bil 1200 árum'],
      dtype=object), 'answer_start': array([185, 185])}"
nqii_2695,Sovétríkin,"Sovétríkin eða Советский Союз á rússnesku ( einnig kallað Ráðstjórnarríkin eða "" Союз Советских Социалистических Республик ( СССР ) "" á rússnesku , umritað "" Sojúz Sovétskikh Socialistíčeskikh Respúblik ( SSSR ) "" , í íslenskri þýðingu "" Sambandsríki sósíalískra sovíetlýðvelda "" ) var sambandsríki með sósíaslíska stjórnarskrá í Austur-Evrópu og Asíu sem sett var á laggirnar árið 1922 og leystist upp 1991 .",Hvenær urðu Sovétríkin til ?,"{'text': array([' 1922'], dtype=object), 'answer_start': array([381])}"
nqii_9334,Napóleon Bónaparte,"Napóleon Bónaparte ( franska Napoléon Bonaparte ) eða Napóleon I ( 15. ágúst 1769 – 5. maí 1821 ) , nefndur hinn mikli , var herforingi í frönsku byltingunni og þjóðarleiðtogi Frakklands , fyrst sem aðalræðismaður franska lýðveldisins frá 1799 til 1804 og síðan sem Frakkakeisari og konungur Ítalíu til ársins 1814 . Hann var giftur tvisvar og átti soninn Napóleon II með seinni konu sinni . Napóleon lagði mestalla Evrópu undir Frakka í Napóleonsstyrjöldunum en var að endingu sigraður og sendur í útlegð til eyjarinnar Elbu árið 1814 . Hann slapp þaðan og réði aftur yfir Frakklandi um stutt skeið árið 1815 þar til hann tapaði í orrustunni við Waterloo . Hann lést árið 1821 í útlegð á bresku eyjunni Sankti Helenu . Ýmist er talið að hann hafi framið sjálfsmorð eða , eins og sumir vilja meina , að eitrað hafi verið fyrir honum . Opinber skýring var að hann hafi dáið úr magakrabbameini .",Hvers vegna var Napóleon sendur í útlegð ?,"{'text': array([' Napóleon lagði mestalla Evrópu undir Frakka í Napóleonsstyrjöldunum en var að endingu sigraður og sendur í útlegð'],
      dtype=object), 'answer_start': array([391])}"
nqii_17202,Júlíus Caesar,"Gaius Julius Caesar ( latína : CAIVS IVLIVS CAESAR ) eða Júlíus Cæsar , stundum ritað Júlíus Sesar , 12. eða 13. júlí um 100 f.Kr. – 15. mars 44 f.Kr. ) var rómverskur herforingi , sagnaritari , stjórnmálamaður og síðar einvaldur í Róm .",Hvenær fæddist Caesar ?,"{'text': array([' 12. eða 13. júlí um 100 f.Kr.', ' 12. eða 13. júlí um 100 f.Kr.',
       ' 12. eða 13. júlí um 100 f.Kr'], dtype=object), 'answer_start': array([100, 100, 100])}"
nqii_5730,Rúnir,Einungis hafa tæplega hundrað rúnaristur fundist á Íslandi og eru þær elstu frá 10. eða 11. öld og þær yngstu frá síðari hluta 19. aldar . Um 50 af þessum ristum eru á rúnalegsteinum flestar sennilega frá 15. og 16. öld . Þegar á líður 17. öldina er notkun á rúnum almennt hætt en þær voru í nokkrum mæli notaðar til skrauts í útskurði allt til loka 19. aldar .,Hver eru fyrstu ummerki um rúnir á Íslandi ?,"{'text': array(['Einungis hafa tæplega hundrað rúnaristur fundist á Íslandi og eru þær elstu frá 10. eða 11. öld'],
      dtype=object), 'answer_start': array([0])}"
nqii_8815,Tókýó,"Í borginni eru óvenju fáir skýjakljúfar miðað við aðrar stórborgir en það útskýrist að mestu leyti af byggingareglum vegna jarðskjálfta . Hús eru yfirleitt ekki hærri en 12 hæðir en Tókýó Midtown er stærsti skýjakljúfur borgarinnar , 248 m hátt . Hæsta mannvirki borgarinnar er aftur Himnatréð ( Tokyo Skytree ) , 634 metra hátt , og slær þar með út Tókýó-turninn , en hann er ' einungis ' 333 m hár .",Hversu mörg hús eru í Tókýó ?,"{'text': array([' Tokyo Skytree'], dtype=object), 'answer_start': array([295])}"
nqii_10658,Ingólfur Arnarson,"Ingólfur Arnarson ( stundum nefndur Björnólfsson ) er jafnan talinn fyrsti landnámsmaður Íslands . Hann kom fyrst til Íslands ásamt systur sinni Helgu Arnardóttur og fóstbróður sínum og mági , Hjörleifi Hróðmarssyni , til landkönnunar í kringum 867 . Þeir komu svo til að nema land á Íslandi í kringum 870 , þó hefð sé að miða við 874 . Ingólfur hafði verið gerður útlægur frá heimkynnum sínum í Dalsfirði í Firðafylki í Noregi og ákvað því að flytja til Íslands .",Hvenær fann Ingólfur Arnarsson Ísland ?,"{'text': array([' í kringum 867'], dtype=object), 'answer_start': array([234])}"
nqii_5777,Grikkland hið forna,"Menn hafa ekki komið sér saman um nein ákveðin ártöl sem marki upphaf eða endi fornaldarmenningar Grikklands . Áður fyrr var miðað við upphaf Ólympíuleikanna árið 776 f.Kr. , en flestir nútímasagnfræðingar eru nú orðnir afhuga því . Flestir skilgreina tímabilið þannig að það nái aftur til Mýkenumenningarinnar , sem hófst um 1600 f.Kr. en leið undir lok um 1150 f.Kr. Aftur á móti telja margir að hin áhrifamikla mínóíska menning , sem blómstraði einkum á Krít ( og er einnig nefnd Krítarmenningin ) , en einnig á meginlandi Grikklands á undan Mýkenumenningunni , hafi verið svo frábrugðin grískri menningu síðari tíma að hana beri að flokka út af fyrir sig . Blómaskeiði mínóísku menningarinnar lauk á 14. öld f.Kr. , en menningin leið þó ekki endanlega undir lok fyrr en um 1200 f.Kr. , skömmu fyrir endalok Mýkenumenningarinnar . Eigi að síður er Mýkenumenningin gjarnan talin með Grikklandi hinu forna en ekki mínóísk menning .",Hvenær leið menning Mýkenumanna undir lok ?,"{'text': array([' um 1150 f.Kr.'], dtype=object), 'answer_start': array([354])}"
nqii_9056,Sjálfstæðisflokkurinn,Núverandi formaður flokksins er Bjarni Benediktsson og Þórdís Kolbrún Reykfjörð Gylfadóttir er varaformaður Áslaug Arna Sigurbjörnsdóttir ritari flokksins . Flokkurinn hefur nú 16 sæti á Alþingi eftir alþingiskosningarnar 2017 en hafði 21 þingsæti fyrir þær kosningar . Allir formenn flokksins hafa gegnt embætti forsætisráðherra á Íslandi .,Hver er núverandi formaður Sjálfstæðisflokksins ?,"{'text': array([' Bjarni Benediktsson'], dtype=object), 'answer_start': array([31])}"
nqii_7859,Eykt,"Eykt er heiti á tímalengd , sem er einn áttundi hluti sólarhringsins eða því sem næst þrjár klukkustundir hver . Eyktamörk eru þegar ein eykt endar og sú næsta byrjar . Eyktamörkin gengu undir ákveðnum heitum og voru helstu tímaviðmiðanir í daglegu tali .",Hvað þýðir eykt ?,"{'text': array(['Eykt er heiti á tímalengd , sem er einn áttundi hluti sólarhringsins eða því sem næst þrjár klukkustundir hver'],
      dtype=object), 'answer_start': array([0])}"
nqii_17683,Finnland,"Samar eru frumbyggjar sem búa í Finnlandi , Svíþjóð , Noregi og Rússlandi . Áður fyrr voru Samar oft kallaðir Lappar , en nú til dags telja margir Samar það vera niðrandi heiti . Auk eigin tungumála hafa Samar sinn eigin lífsstíl , yfirbragð og menningu . Svipuð saga , hefðir , lifnaðarhætti og siðir sameina Sama sem búa í mismunandi löndum . Samtals eru Samar um 75.000 til 100.000 en af þeim búa minna en 7.000 í Finnlandi , sem þýðir að Samar eru einungis 0,13% af íbúum Finnlands .",Hvað búa margir Samar í Finnlandi ?,"{'text': array([' minna en 7.000', ' 7.000 í Finnlandi'], dtype=object), 'answer_start': array([399, 408])}"
nqii_14131,Georgía,"Georgía ( georgíska საქართველო ; "" Sakartvelo "" ) er land í Kákasusfjöllum , við austurströnd Svartahafs . Georgía á landamæri að Rússlandi í norðri , Tyrklandi og Armeníu í suðri og Aserbaídsjan í austri . Georgía liggur í Austur-Evrópu og Vestur-Asíu en hefur flestöll stjórnmálaleg og menningarleg tengsl sín við Evrópu .",Hvaða lönd eru með landamæri að Georgíu ?,"{'text': array([' Rússlandi í norðri , Tyrklandi og Armeníu í suðri og Aserbaídsjan í austri',
       ' Georgía á landamæri að Rússlandi í norðri , Tyrklandi og Armeníu í suðri og Aserbaídsjan í austri .',
       ' Rússlandi í norðri , Tyrklandi og Armeníu í suðri og Aserbaídsjan í austri'],
      dtype=object), 'answer_start': array([129, 106, 129])}"
nqii_2623,Grænland,"Íbúar Grænlands voru tæp 56.000 árið 2019 og langflestir Inuítar , upprunir þaðan sem í dag er Kanada . Síðustu hópflutningarnir áttu sér stað um miðja 19. öld . Í höfuðstaðnum Nuuk á Vestur-Grænlandi búa allmargir sem eru af evrópskum ættum .",Hvar eru Inúítar í dag ?,"{'text': array(['Íbúar Grænlands voru tæp 56.000 árið 2019 og langflestir Inuítar'],
      dtype=object), 'answer_start': array([0])}"
nqii_2128,Bertrand Russell,"Bertrand Arthur William Russell ( 18. maí 1872 – 2. febrúar 1970 ) var breskur heimspekingur , rökfræðingur , stærðfræðingur og rithöfundur , sem skrifaði um mjög fjölbreytileg efni . Í heimspeki og stærðfræði er hann þekktastur fyrir að skrifa ásamt A.N. Whitehead bókina "" Principia Mathematica "" , sem kom út í þremur bindum á árunum 1910 til 1913 . Með verkinu hugðust þeir sýna fram á að hægt væri að leiða alla hreina stærðfræði út frá vissum rökfræðilegum frumsendum . Þeim tókst ekki ætlunarverkið en samt hefur verk þeirra reynst ákaflega áhrifaríkt . Russell er einnig mjög þekktur fyrir að uppgötva þversögnina , sem við hann er kennd : Russell-þversögnin ( "" the Russell paradox "" ) .",Hvaða verk samdi Bertrand ?,"{'text': array([' "" Principia Mathematica ""', ' Principia Mathematica'],
      dtype=object), 'answer_start': array([272, 274])}"
nqii_8766,Sviss,"Sviss er ekki land einnar þjóðar , heldur bandalag mismunandi héraða sem ákváðu að tengjast af pólitískum ástæðum . Upphaflegu kantónurnar voru þýskumælandi en eftir því sem fleiri héruð bættust við , bættust frönsku - og ítölskumælandi íbúar við . Af sömu ástæðu eru einnig fleiri en eitt tungumál talað í landinu . Þjóðtungurnar eru fjórar : þýska ( svissnesk þýska ) um allt miðbik landsins , franska í vestri , ítalska fyrir sunnan og rómanska fyrir austan . Síðastnefnda málið er minnst útbreitt af málum þessum og er sambland latínu og germönsku frá tímum Rómverja . Langflestir tala þó þýsku eða tæp 64% . Um 20% tala frönsku . Að mestu leyti eru málamörkin skýr , sérstaklega í sveitum . En í nokkrum borgum eru tvö mál töluð , til dæmis í Fribourg ( Freiburg ) , Neuchâtel ( Neuenburg ) og Biel ( Bienne ) , þar sem bæði er töluð þýska og franska .",Hvaða tungumál eru töluð í Sviss ?,"{'text': array([' þýska ( svissnesk þýska ) um allt miðbik landsins , franska í vestri , ítalska fyrir sunnan og rómanska fyrir austan'],
      dtype=object), 'answer_start': array([343])}"
nqii_11330,Guðríður Símonardóttir,"Guðríður Símonardóttir ( 1598 – 18. desember 1682 ) ( Tyrkja-Gudda ) var húsmóðir í Vestmannaeyjum sem var gift Eyjólfi Sólmundarsyni ( eða Sölmundarsyni ) ( d. 1636 ) , sem líklega hefur verið sjómaður þar . Árið 1627 komu svokallaðir Tyrkir og rændu í Vestmannaeyjum og víðar , meðal annars í Grindavík og á Djúpavogi . „ Tyrkirnir “ voru sjóræningjar frá Alsír og voru að líkindum allra þjóða kvikindi , en rán þetta er alltaf kallað Tyrkjaránið í Íslandssögunni . Rændu þeir bæði fólki og fé og var Guðríður ásamt Sölmundi , syni sínum , í hópi þeirra sem rænt var .",Hver var Tyrkja-Gudda ?,"{'text': array(['Guðríður Símonardóttir'], dtype=object), 'answer_start': array([0])}"
nqii_17434,Bandaríkin,"Bandaríkin ( eða Bandaríki Norður-Ameríku , skammstafað BNA ) eru sambandslýðveldi sem er næststærsta ríki Norður-Ameríku að flatarmáli ( 9,83 milljónir km² ) og jafnframt það fjölmennasta með yfir 324 milljónir íbúa ( árið 2017 ) . Þau eru ennfremur fjórða stærsta land heims og það þriðja fjölmennasta . Þau teygja sig milli Atlantshafs og Kyrrahafs og eiga landamæri að Kanada í norðri og Mexíkó í suðri . Bandaríkin samanstanda af 50 fylkjum sem njóta nokkurs sjálfræðis í eigin efnum og hafa eigin löggjöf sem þó má ekki stangast á við stjórnarskrá Bandaríkjanna . Auk sambandsríkjanna hafa Bandaríkin lögsögu yfir ýmsum hjálendum víða um heim .",Hver er fólksfjöldinn í Bandaríkjunum ?,"{'text': array([' yfir 324 milljónir íbúa ( árið 2017 )',
       ' yfir 324 milljónir íbúa', ' 324 milljónir íbúa ( árið 2017'],
      dtype=object), 'answer_start': array([192, 192, 197])}"
nqii_13935,Höfrungahlaup,"Helgi Hálfdánarson hélt því fram að það að "" brjóta hval "" væri forn leikur sem væri svipaður þeim sem nú er nefndur höfrungahlaup . Í bréfi til Gísla Jónssonar , þar sem hann reynir að útskýra línur í "" Hulduljóð "" i eftir Jónas Hallgrímsson , segir hann :",Eftir hvern er ljóðið Hulduljóð ?,"{'text': array([' Jónas Hallgrímsson'], dtype=object), 'answer_start': array([223])}"
nqii_12013,Varsjá,"Á pólsku þýðir orðið "" Warszawa "" ( einnig stafað "" Warszewa "" eða "" Warszowa "" ) „ í eigu Warsz “ . "" Warsz "" er stytting á slavnesku karlmannanafni Warcisław ( nafn borgarinnar Wrocław á líka rætur að rekja til þessa mannanafns ) . Samkvæmt þjóðsögu var Warsz fiskimaður giftur konu sem hét Sawa . Sawa var hafmeyja sem bjó í ánni Visla nálægt borginni , sem Warsz varð ástfanginn í . Í rauninni var Warsz aðalsmaður sem var uppi á 12. eða 13. öld sem átti þorp sem á svæðinu þar sem hverfið Mariensztat liggur í dag . Opinbera heiti borgarinnar á pólsku er "" miasto stołeczne Warszawa "" ( höfuðborgin Varsjá ) .",Hvað þýðir Warszawa á Pólsku ?,"{'text': array([' „ í eigu Warsz “',
       ' „ í eigu Warsz “ . "" Warsz "" er stytting á slavnesku karlmannanafni Warcisław'],
      dtype=object), 'answer_start': array([81, 81])}"
nqii_16887,Nýja-Sjáland,"Fyrstu Evrópumennirnir sem komu til Nýja-Sjálands svo vitað sé voru hollenski landkönnuðurinn Abel Tasman og áhöfn hans árið 1642 . Til átaka kom milli þeirra og innfæddra og fjórir áhafnarmeðlimir og einn Maóri voru drepnir . Engir Evrópumenn komu til landsins eftir það fyrr en árið 1769 þegar James Cook kortlagði nær alla strandlengjuna . Í kjölfar Cooks komu fjöldi evrópskra og norðuramerískra hvalveiði - , selveiði - og kaupskipa til landsins . Þeir versluðu við innfædda og seldu þeim meðal annars mat , járnhluti og byssur . Kartaflan og byssan höfðu mikil áhrif á samfélag Maóra . Kartaflan gaf af sér stöðugri og meiri matarbirgðir en áður höfðu þekkst og gerði þannig lengri styrjaldir mögulegar . Byssustríðin milli ættbálka Maóra stóðu frá 1801 til 1840 og urðu til þess að milli 30 og 40.000 Maórar týndu lífinu . Ásamt sjúkdómum sem Evrópumenn báru með sér urðu þessi átök til þess að fjöldi Maóra varð aðeins 40% af því sem hann hafði verið fyrir komu Evrópumanna . Snemma á 19. öld hófu trúboðar starfsemi á eyjunum og sneru meirihluta Maóra smám saman til kristni . Árið 1788 var Arthur Phillip skipaður landstjóri yfir nýlendunni Nýja Suður-Wales sem samkvæmt skipunarbréfi hans náði líka yfir Nýja-Sjáland . Árið 1832 skipaði breska ríkisstjórnin James Busby ráðherra á eyjunum í kjölfar bænarskjals frá Maórum á Norðurey . Þegar franski ævintýramaðurinn Charles de Thierry tilkynnti árið 1835 að hann hygðist stofna ríki á Nýja-Sjálandi sendu Sameinaðir ættbálkar Nýja-Sjálands Vilhjálmi 4 . Sjálfstæðisyfirlýsingu Nýja-Sjálands þar sem þeir báðu um vernd . Nýja-Sjálandsfélagið hóf um sama leyti að kaupa land af ættbálkahöfðingjunum til að stofna nýlendu . Þetta varð til þess að Breska nýlenduskrifstofan sendi William Hobson til að gera tilkall til eyjanna fyrir hönd Bretlands og semja við ættbálkahöfðingjana . Waitangi-samningurinn var fyrst undirritaður í Eyjaflóa 6. febrúar 1840 . Þann 21. maí sama ár lýsti Hobson því yfir að eyjarnar væru breskt yfirráðasvæði þótt enn ættu margir eftir að undirrita samninginn . Eftir undirritun samningsins jókst landnám fólks frá Bretlandi .",Hvaða löndum kom James Cook á kort ?,"{'text': array([' Nýja-Sjálands'], dtype=object), 'answer_start': array([35])}"
nqii_12551,Stjórnarskrá lýðveldisins Íslands,"1. kafli stjórnarskrárinnar er eingöngu 2 greinar og tilgreinir fyrri greinin það að Ísland eigi að vera lýðveldi og að ríkisstjórnin skuli vera þingbundin , en það merkir að ríkisstjórnin er bundin af ákvörðunum Alþingis . Í 2. grein er svo kveðið á um þrískiptingu ríkisvaldsins og hvernig henni skuli háttað . Löggjafarvaldið er í höndum Alþingis og forseta Íslands , framkvæmdavaldið er hjá forsetanum , en hann felur það ráðherrum og öðrum stjórnvöldum sem skilgreind eru í lögum . Dómsvaldið er hjá dómendum .",Hvenær var fyrsta greinin samin í stjórnarskránni ?,"{'text': array([' að Ísland eigi að vera lýðveldi og að ríkisstjórnin skuli vera þingbundin'],
      dtype=object), 'answer_start': array([81])}"
nqii_15756,Bolungarvík,"Bolungarvík er kaupstaður á Vestfjörðum og sjálfstætt sveitarfélag , við samnefnda vík , yst í Ísafjarðardjúpi . Hún er ein elsta verstöð landsins og er stutt í góð fiskimið . Áður en bærinn fékk kaupstaðarréttindi hét sveitarfélagið Hólshreppur . Þann 1. janúar 2016 var íbúarfjöldi Bolungarvíkur 904 manns . Bolungarvík er næstfjölmennasti bærinn á Vestfjörðum og þriðja fjölmennasta sveitarfélagið á eftir Vesturbyggð ( 1013 íbúar ) og Ísafjarðarbæ ( 3623 íbúar ) .",Hvað er Bolungarvík stór ?,"{'text': array([' Þann 1. janúar 2016 var íbúarfjöldi Bolungarvíkur 904 manns'],
      dtype=object), 'answer_start': array([247])}"
nqii_13659,Íslenski fáninn,Fáninn er svokallaður krossfáni eins og fánar allra hinna Norðurlandanna . Hann er heiðblár með mjallhvítum krossi og eldrauðum krossi innan í hvíta krossinum .,Hvað tákna litir íslenska fánans ?,"{'text': array([' Hann er heiðblár með mjallhvítum krossi og eldrauðum krossi innan í hvíta krossinum'],
      dtype=object), 'answer_start': array([74])}"
nqii_2560,Bretland,Bretland var eitt af tólf löndum sem stofnuðu Evrópusambandið árið 1992 þegar Maastrichtsáttmálinn var undirritaður . Fyrir stofnun ESB var Bretland aðildarríki Evrópubandalagsins frá 1973 . Árið 2016 ákvað Bretland hins vegar að segja sig úr sambandinu með þjóðaratkvæðagreiðslu . Bretar yfirgáfu sambandið í lok janúar 2020 .,Er England í Evrópusambandinu ?,"{'text': array([' Bretar yfirgáfu sambandið í lok janúar 2020'], dtype=object), 'answer_start': array([281])}"
nqii_2004,RMS Titanic,"RMS Titanic , almennt þekkt sem Titanic , var breskt , gufuknúið farþegaskip og stærsta skip sem byggt hafði verið fram að því . Skipið lagði af stað frá Southampton í jómfrúarferð sína 10. apríl 1912 . Skipið var á leiðinni til New York með stoppi í Frakklandi og Írlandi . Á fjórða degi siglingar 14. apríl kl. 23:40 sigldi skipið utan í borgarísjaka , rúmlega 600 km frá Nýfundnalandi . Klukkan 2:20 eftir miðnætti brotnaði skipið í tvennt og sökk .",Hvenær sökk Titanic ?,"{'text': array([' 14. apríl kl. 23:40',
       ' 14. apríl kl. 23:40 sigldi skipið utan í borgarísjaka , rúmlega 600 km frá Nýfundnalandi . Klukkan 2:20 eftir miðnætti brotnaði skipið'],
      dtype=object), 'answer_start': array([298, 298])}"
nqii_5208,Algebra,"Algebra eða merkjamálsfræði , er grein innan stærðfræðinnar sem snýst , í stuttu máli , um óþekktar stærðir og úrvinnslu úr þeim . Orðið er komið úr arabísku , en þetta er stytting á nafni rits eftir Al-Khwarizmi er hét "" Kitab al-mukhtasar fi Hisab Al-Jabr wa-al-Moghabalah "" sem þýðir "" Bók samantektar varðandi útreikning með hjálp tilfærslu og einföldunar "" ; en orðið "" Al-Jabr "" ( الىابر ) þýðir "" einföldun "" eða "" smækkun "" .",Hvað er algebra ?,"{'text': array(['Algebra eða merkjamálsfræði , er grein innan stærðfræðinnar sem snýst , í stuttu máli , um óþekktar stærðir og úrvinnslu úr þeim',
       ' grein innan stærðfræðinnar sem snýst , í stuttu máli , um óþekktar stærðir og úrvinnslu úr þeim',
       'Algebra eða merkjamálsfræði , er grein innan stærðfræðinnar sem snýst , í stuttu máli , um óþekktar stærðir og úrvinnslu úr þeim',
       ' grein innan stærðfræðinnar sem snýst , í stuttu máli , um óþekktar stærðir og úrvinnslu úr þeim',
       ' grein innan stærðfræðinnar sem snýst , í stuttu máli , um óþekktar stærðir og úrvinnslu úr þeim',
       ' er grein innan stærðfræðinnar sem snýst , í stuttu máli , um óþekktar stærðir og úrvinnslu úr þeim',
       ' grein innan stærðfræðinnar sem snýst , í stuttu máli , um óþekktar stærðir og úrvinnslu úr þeim',
       ' grein innan stærðfræðinnar sem snýst , í stuttu máli , um óþekktar stærðir og úrvinnslu úr þeim'],
      dtype=object), 'answer_start': array([ 0, 32,  0, 32, 32, 29, 32, 32])}"
nqii_9315,Landsbókasafn Íslands,1947 var skipuð nefnd um verkaskiptingu Landsbókasafns og Háskólabókasafns ( sem var formlega stofnað 1940 ) . 1956 skipaði Gylfi Þ. Gíslason menntamálaráðherra nefnd til að skoða möguleika á því að sameina söfnin tvö og í framhaldi af því var farið að tala um byggingu „ þjóðarbókhlöðu “ yfir bæði söfnin við háskólann . Upphaflega stóð til að vígja slíka bókhlöðu þjóðhátíðarárið 1974 en vegna fjárhagsörðugleika dróst það og framkvæmdir hófust ekki fyrr en árið 1978 . Landsbókasafn Íslands - Háskólabókasafn opnaði síðan í Þjóðarbókhlöðunni 1. desember 1994 .,Hvenær var Háskólabókasafnið stofnað ?,"{'text': array([' 1940', ' Háskólabókasafns ( sem var formlega stofnað 1940 )'],
      dtype=object), 'answer_start': array([101,  57])}"
nqii_17143,Hippókratesareiðurinn,"Hippókratesareiðurinn er samviskueiður lækna sem talið er að hinn forngríski læknir Hippókrates hafi skrifað . Flestar sögulegar heimildir benda til þess að Hippókrates hafi fært hann í letur sjálfur , en það er einnig mögulegt að einhver af stúdentum hans hafi skrifað hann með hliðsjón af viðhorfi Hippókratesar til læknavísindanna - og síðan kennt eiðinn við hann . Hippókratesareiðurinn , eða læknaeiðurinn eins og hann er einnig kallaður , er siðferðilegur leiðarvísir fyrir lækna sem snýr aðallega að því að áminna þá um að óvirða ekki sjúklinginn , að þeir bregðist ekki trúnaði hans og komi eins fram við alla , óháð kyni eða kynþætti . Í upprunalegri mynd sinni er hann litaður af klíkustarfsemi eins og því að aðeins synir lækna og þeirra nánustu skuli læra fræðin , svona eins og til að vernda fagið með því að takmarka kennsluna aðeins við þá sem hægt er að treysta fyrir leyndardóminum .",Hver er Hippokratesareiðurinn ?,"{'text': array([' samviskueiður lækna sem talið er að hinn forngríski læknir Hippókrates hafi skrifað',
       ' samviskueiður lækna'], dtype=object), 'answer_start': array([24, 24])}"
nqii_5711,Rúnir,"Elsta rúnastafrófið sem nefnt er eldri rúnaröðin eða fuþark hið eldra samanstóð af 24 táknum og samsvöruðu þau sennilega nokkurn veginn hljóðkerfi frumnorrænu . Hljóðgildi nokkurra rúnanna er ekki vitað með öruggri vissu en flest táknin eru áþekk samsvarandi latneskum bókstöfum og er framburður þeirra flestra þekktur með nokkuð öruggri vissu . Form táknanna — bein strik sem standa lóðrétt eða hallandi — benda til að þau hafi upphaflega verið ætluð til að vera skorin , rist eða höggvin í fremur harðan flöt en ekki skrifuð á skinn eða pappír . Engar rúnaristur í tré hafa varðveist frá tímum fornnorrænu þó það hafi sennilegast verið algengasta ristunarefnið og má ætla að það sé vegna þess að tré er forgengilegt . Allar varðveittar áletranir eru ristar í stein , málm , horn eða bein . Elstu rúnaristurnar eru frá 150 til 200 e. Kr. og fundust í suðurhluta Danmerkur . Í Skandinavíu hafa fundist um 370 af þeim samtals um 700 rúnaristum með eldri rúnaröð sem fundist hafa . Rúnaristur frá því fyrir árið 800 hafa fundist allt frá Búrgundar-héraði í Frakklandi í vestri til Rúmeníu í austri og frá Norður-Þrændalögum í norðri til Bosníu í suðri . Þessar ristur er að finna á vopnum , skartgripum , steinum og áhöldum . Textarnir eru oftast afar stuttir , nöfn , áheit eða stuttir textar ( til dæmis ristan á gullhorninu frá Gallehus á Jótlandi : ek hlewagastiR ÷ holtijaR ÷ horna ÷ tawido ÷ Það er : "" Ek Hlewagastiz Holtijaz horna tawido "" sem þýðir "" Ég HlewagastiR HoltijaR "" ( "" frá Holti eða sonur Holta "" ) "" gerði hornið "" .",Hvað eru margar rúnir í rúnastafrófinu ?,"{'text': array([' 24'], dtype=object), 'answer_start': array([82])}"
nqii_14403,Portúgal,"Lýðveldið Portúgal ( portúgalska : "" República Portuguesa "" ) , er land í Suðvestur-Evrópu á vesturströnd Íberíuskagans . Portúgal á landamæri að Spáni og strönd þess liggur að Atlantshafi . Nokkrir eyjaklasar á Atlantshafi tilheyra einnig Portúgal , þeirra stærstir eru Azoreyjar og Madeira .",Hvernig ríkisstjórn er í Portúgal ?,"{'text': array(['Lýðveldið'], dtype=object), 'answer_start': array([0])}"
nqii_3364,Þrjátíu ára stríðið,Þrjátíu ára stríðið var röð styrjalda sem átti sér stað í Þýskalandi á árunum 1618 til 1648 . Öll helstu stórveldi Evrópu drógust inn í átökin . Lengi vel var stríðsins minnst sem skæðustu styrjaldar sem Evrópa hafði háð fram til Napóleonsstyrjaldanna . Herfarir hluteigandi og plágur sem þeim fylgdu lögðu mörg héruð Þýskalands því sem næst í auðn .,Hverjir tóku þátt í Þrjátíu ára stríðinu ?,"{'text': array([' Öll helstu stórveldi Evrópu drógust inn í átökin'], dtype=object), 'answer_start': array([93])}"
nqii_4609,Bolungarvík,"Bolungarvík er kaupstaður á Vestfjörðum og sjálfstætt sveitarfélag , við samnefnda vík , yst í Ísafjarðardjúpi . Hún er ein elsta verstöð landsins og er stutt í góð fiskimið . Áður en bærinn fékk kaupstaðarréttindi hét sveitarfélagið Hólshreppur . Þann 1. janúar 2016 var íbúarfjöldi Bolungarvíkur 904 manns . Bolungarvík er næstfjölmennasti bærinn á Vestfjörðum og þriðja fjölmennasta sveitarfélagið á eftir Vesturbyggð ( 1013 íbúar ) og Ísafjarðarbæ ( 3623 íbúar ) .",Hvað búa margir í Bolungarvík ?,"{'text': array([' 904', ' 904 manns', ' 904'], dtype=object), 'answer_start': array([297, 297, 297])}"
nqii_742,Sálfræði,"Það mikilvægasta var að aðferðir og viðhorf Wilhelms Wundt og William James voru laus við yfirskilvitlegar trúarlegar útskýringar á hugsun manna eða hegðun , sem losaði sálfræðina undan viðjum heimspeki og guðfræði , og lagði grunninn að nútíma sálfræði sem vísindagrein .",Hver kom fyrstur með hugtakið sálfræði ?,"{'text': array([' Wilhelms Wundt'], dtype=object), 'answer_start': array([43])}"
nqii_5451,Kílógramm,Kílógrammið var upphaflega skilgreint sem massi 1 lítra af vatni við 4° Celsius og 1 atm ( staðalaðstæður þrýstings ) . Þessi skilgreining olli nokkrum vandkvæðum þar sem þéttleiki vatns er háður þrýstingi og þrýstingur er háður massa ( og þannig er skilgreiningin á mælieiningunni orðin háð sjálfri sér ) .,Hver er skilgreiningin á kílói ?,"{'text': array(['Kílógrammið var upphaflega skilgreint sem massi 1 lítra af vatni við 4° Celsius og 1 atm'],
      dtype=object), 'answer_start': array([0])}"
nqii_3514,Hestur,"Folöld fæðast venjulega á vorin eftir 336 daga langa meðgöngu og kallast það að merin "" kasti "" . Folöldin kallast "" merfolald "" og "" hestfolald "" eftir kynjum . Fleirburar eru sjaldgæfir , en þó koma tvíburar fyrir . Merar eru þeim eiginleikum gæddar að geta gengið lengur með folaldið ef hart er í ári og gengið þá allt að 365 daga meðgöngu . Þetta er algengt á kaldari svæðum , svo sem á Íslandi , vegna þess hve vorhret eru algeng .",Hvað ganga hryssur lengi með folöld sín ?,"{'text': array(['Folöld fæðast venjulega á vorin eftir 336 daga langa meðgöngu'],
      dtype=object), 'answer_start': array([0])}"
nqii_14849,Völuspá,"Völuspá er kvæði tengt norrænni goðafræði og í dag ein helsta heimild um hana . Í ritinu er sagt frá sögu heimsins , allt frá sköpun til ragnaraka . Boðskapurinn birtist lesanda í gegn um samtal Völvu og Óðins þar sem Völvan segir frá ýmsum fróðleik sem varðar sköpun heims og mannfólks . Völvan rekur atburðarás veraldarinnar frá því að Sól og Máni , Æsir og Vanir , mannfólk og jötnar voru sköpuð , og hvernig þessar verur drífa heiminn til ragnarraka með mistökum og spillingu sín á milli . Eftir ragnarök segir Völvan þó að líf muni rísa á ný , hreint og óspillt , og hvernig menn og verur muni græða heiminn á ný . Völuspá samanstendur af 58 - 67 vísum sem ortar eru undir fornyrðislagi , en fjöldi kvæða fer eftir útgefanda . Völuspá er hluti Eddukvæða og varðveitt í Konungsbók Eddukvæða frá árinu 1270 . Þrátt fyrir að Völuspáin sé almennt tengd goðafræðinni má sjá fjölda tilvitnana í kristna trú , s.s. um fæðingu Jesú Krists . Því má leiða líkum að því að höfundur kunni að hafa velt fyrir sér bæði norrænu goðafræðinni og kristnu trúnni .",Hvar er völuspá geymd ?,"{'text': array([' Völuspá er hluti Eddukvæða og varðveitt í Konungsbók Eddukvæða frá árinu 1270',
       ' Konungsbók Eddukvæða'], dtype=object), 'answer_start': array([731, 773])}"
nqii_16817,Kínverska,"Aðrar algengar mállýskur eru kantónska ( 广东话 ; "" Guǎngdōnghuà "" ) sem er t.d. töluð í Kanton-héraðinu og Hong Kong , Sichuan-mállýska ( 四川话 "" ; Sìchuānhuà "" ) sem er töluð í Sichuan-héraði og Shanghai-mállýskan ( 上海话 ; "" Shànghǎihuà "" ) sem er aðallega bundin við borgina Sjanghæ .",Hvaða kínverska mállýska er töluð í Hong Kong ?,"{'text': array([' kantónska',
       ' kantónska ( 广东话 ; "" Guǎngdōnghuà "" ) sem er t.d. töluð í Kanton-héraðinu og Hong Kong'],
      dtype=object), 'answer_start': array([28, 28])}"
nqii_11068,Sófistar,"Sófistar ( forngríska : σοφιστής , "" sofistēs "" ) eða fræðarar voru viskukennarar og róttæklingar í Grikklandi til forna . Hugtakið er dregið af gríska lýsingarorðinu σοφός , "" sofos "" , sem merkir „ vitur “ . Sófistar ferðuðust borga á milli og héldu námskeið og þénuðu sumir vel á kennslunni . Þeir voru sannfærðir um að margt sem talið var heilagt að gömlum sið og talið liggja í eðli hluta væri í raun merki um mannlega hagsmuni og árangur af mannlegum ákvörðunum . Þeir gagnrýndu kynþáttafordóma , þrælahald og kvennakúgun . Hafa ber í huga að sófistarnir voru sundurleitur hópur sem hafði ólíkar skoðanir um margt .",Hverjir voru Sófistarnir ?,"{'text': array(['Sófistar ( forngríska : σοφιστής , "" sofistēs "" ) eða fræðarar voru viskukennarar og róttæklingar í Grikklandi til forna'],
      dtype=object), 'answer_start': array([0])}"
nqii_1195,Reykjavík,"< onlyinclude > Reykjavík er höfuðborg Íslands , fjölmennasta sveitarfélag landsins og eina borgin . Þannig er Reykjavík efnahagsleg , menningarleg og stjórnmálaleg þungamiðja landsins . Tæplega 131.000 manns búa í Reykjavík ( 2019 ) , þar af eru um 11% innflytjendur . Íbúar höfuðborgarsvæðisins eru yfir 220 þúsund í sjö sveitarfélögum . Opinbert heiti sveitarfélagsins Reykjavíkur er Reykjavíkurborg .",Hvað búa margir í Reykjavík ?,"{'text': array([' Tæplega 131.000 manns', ' yfir 220 þúsund',
       ' Tæplega 131.000 manns búa í Reykjavík ( 2019 )',
       ' Tæplega 131.000 manns', ' 131.000 manns',
       ' Tæplega 131.000 manns'], dtype=object), 'answer_start': array([186, 300, 186, 186, 194, 186])}"
nqii_9764,Íslensku jólasveinarnir,"Í fyrstu útgáfu af Þjóðsögum Jóns Árnasonar koma nöfn jólasveinana fyrst fyrir á prenti . Jón hafði kringum 1860 fengið þrjár nafnarunur með heitum á jólasveinum . Ekki er alveg ljóst í hvaða röð hann fær þær , en hér eru þær nefndar eftir aldri heimildarmanna hans . Hinn elsti þeirra er síra Páll Jónsson , fæddur 1812 og alinn upp fram yfir tvítugt vestur í Dölum , en hafði verið prestur norður í Eyjafirði í næstum 20 ár , á Myrká og Völlum í Svarfaðardal , þegar hann sendi Jóni þessi 13 nöfn :",Hversu margir eru íslensku jólasveinarnir ?,"{'text': array([' 13'], dtype=object), 'answer_start': array([490])}"
nqii_12767,Kárahnjúkavirkjun,Kárahnjúkavirkjun öðru nafni Fljótsdalsstöð er 690 MW vatnsaflsvirkjun á hálendi Íslands norðan Vatnajökuls .,Hvar er Kárahnjúkavirkjun ?,"{'text': array([' á hálendi Íslands norðan Vatnajökuls',
       ' á hálendi Íslands norðan Vatnajökuls', ' norðan Vatnajökuls'],
      dtype=object), 'answer_start': array([70, 70, 88])}"
nqii_17105,Búrfell upp af Hafnarfirði,"Búrfell upp af Hafnarfirði er eldstöð af þeirri gerð sem kallast eldborg . Eldborgir einkennast af því að gos hefur átt sér stað á stuttri sprungu eða pípulaga gosrás og myndar því stakan aðalgíg og stundum smærri gíga þar hjá . Engir hliðargígar eru hjá Búrfelli , það stendur eitt og stakt , 180 m hátt yfir sjó , hlaðið úr gjalli og hraunkleprum . Hraunstraumarnir sem runnu frá gígnum nefnast einu nafni Búrfellshraun en hafa fjölmörg sérnöfn eftir einstökum hlutum hraunsins , svo sem Smyrlabúðarhraun , Gráhelluhraun , Lækjarbotnahraun , Urriðakotshraun , Hafnarfjarðarhraun , Garðahraun og Gálgahraun .",Hversu hátt er Búrfell í Grímsnesi ?,"{'text': array([' 180 m hátt yfir sjó', ' 180 m hátt yfir sjó'], dtype=object), 'answer_start': array([293, 293])}"
nqii_3570,Kim Jong-un,"Kim Jong-un ( f. 8. janúar 1984 ) er æðsti leiðtogi og einræðisherra Norður-Kóreu . Hann er sonur forvera síns , Kims Jong-il , og sonarsonur stofnanda Norður-Kóreu , Kims Il-sung . Kim Jong-un tók við sem leiðtogi Norður-Kóreu eftir dauða föður síns árið 2011 . Kim Jong-un er fyrsti leiðtogi Norður-Kóreu sem er fæddur eftir stofnun ríkisins árið 1945 .",Hver er höfuðborg Bólivíu ?,"{'text': array([' Kim Jong-un tók við sem leiðtogi Norður-Kóreu'], dtype=object), 'answer_start': array([181])}"
nqii_5971,Beijing,"Beijing er næstfjölmennasta borg landsins , næst á eftir Sjanghæ . Um 19 milljónir búa þar og allt að 24 milljónir á stórborgarsvæðinu ( 2017 ) . Beijing er miðpunktur mennta og menningar auk þess sem stjórnvöld stýra landinu þaðan . Sjanghæ og Hong Kong eru hins vegar meira áberandi hvað varðar efnahagsleg umsvif . Borgin er kunn fyrir ríkulegar hallir , hof og gríðarstóra steinveggi og hlið . Listasöfn borgarinnar og háskólar hennar gera hana að menningarmiðstöð landsins .",Hvað búa margir í Peking ?,"{'text': array([' Um 19 milljónir búa þar og allt að 24 milljónir á stórborgarsvæðinu ( 2017 )',
       ' allt að 24 milljónir'], dtype=object), 'answer_start': array([66, 93])}"
nqii_13993,Sigvaldi Kaldalóns,"Meðal þekktustu laga Sigvalda eru t.d. Ísland ögrum skorið ; Á Sprengisandi ; Suðurnesjamenn ; Svanasöngur á heiði ; Erla , góða Erla ; Ave María ; Draumur hjarðsveinsins , Þú eina hjartans yndið mitt og Ég lít í anda liðna tíð .",Eftir hvern er ljóðið Svanasöngur á heiði ?,"{'text': array([' Sigvalda'], dtype=object), 'answer_start': array([20])}"
nqii_2483,Efnavopn,"Það að eitra vatnsból andstæðinga manns og slíkar aðgerðir gætu hæglega flokkast undir notkun efnavopn og slíkar frumstæðar aðfarir við efnahernað hafa tíðkast frá örófi alda . Sömuleiðis hefur það lengi verið stundað , að bera eitur á örvar , spjót , byssukúlur og annað til að gera viðkomandi vopn banvænni . Einnig þekkjast dæmi þess að líkum þeirra sem létust af smitsjúkdómum hafi verið varpað inn fyrir virkisveggi til að smita setuliðið . Meiri háttar notkun efnavopna á kerfisbundinn hátt var hins vegar fyrst reynd í fyrri heimsstyrjöldinni og hafa þau aldrei síðan verið notuð á slíkum skala . Þar var efnavopnum beitt mikið af báðum stríðandi fylkingum",Hvert var fyrsta efnavopnið ?,"{'text': array([' frumstæðar aðfarir við efnahernað hafa tíðkast frá örófi alda'],
      dtype=object), 'answer_start': array([112])}"
nqii_15894,Andrés Björnsson,"Guðs Hönd , Móðurmálið , Son Guðs , Konungstign Jesú og Heilræðavísur eftir Hallgrím Pétursson ( 1614 - 1674 ) .",Eftir hvern eru Heilræðavísur ?,"{'text': array([' Hallgrím Pétursson', ' Hallgrím Pétursson',
       ' Hallgrím Pétursson', ' Hallgrím Pétursson'], dtype=object), 'answer_start': array([75, 75, 75, 75])}"
nqii_2905,Woodstock,"Woodstock var tónlistarhátíð sem haldin var í Bethel í New York-fylki dagana 15. – 18. ágúst árið 1969 . Hátíðin hefur oft verið kölluð „ Hátíð tónlistar og friðar “ og er hún talin einn merkasti viðburður tónlistarsögunnar . Hátíðin var kynnt á þennan hátt : „ Woodstock Music Festival ; An Aquarian Exposition : Three Days of Peace and Music “ . Ekki leikur vafi á öðru en að slagorðið hafi haft áhrif því að á hátíðina mættu um hálf milljón manns . Allt þetta fólk var mætt á 600 ekru bóndabýli í þeim tilgangi að vera í tengingu við náttúruna , hlusta á tónlist og njóta friðarins . Á þessum tímum var hugtakið friður mjög áberandi í samfélaginu og fólk lagði mikið upp úr því að halda hann . Atburðir eins og Víetnamstríðið spiluðu þar virkan þátt en hátíðin hefur með tíð og tíma orðið eins konar táknmynd fyrir hippatímabilið . Skipuleggjendur hátíðarinnar voru fjórir ungir menn John Roberts , Joel Rosenman , Artie Kornfeld og Mike Lang , sá yngsti var þá 27 ára gamall .",Í hvaða fylki er Woodstock haldin ?,"{'text': array([' í New York-fylki'], dtype=object), 'answer_start': array([52])}"
nqii_7087,Kaupmannahöfn,"Árið 2018 bjuggu um 1.6 milljónir á stórkaupmannahafnarsvæðinu , þar af 616.000 ( 2018 ) í Kaupmannahöfn sjálfri . Flatarmál hennar er 400 - 455 km² og þéttleiki byggðar er 2.500 - 2.850 / km² .",Hvað búa margir í Kaupmannahöfn ?,"{'text': array(['Árið 2018 bjuggu um 1.6 milljónir á stórkaupmannahafnarsvæðinu , þar af 616.000 ( 2018 ) í Kaupmannahöfn sjálfri',
       ' 1.6 milljónir', ' 1.6 milljónir',
       'Árið 2018 bjuggu um 1.6 milljónir á stórkaupmannahafnarsvæðinu , þar af 616.000 ( 2018 ) í Kaupmannahöfn sjálfri'],
      dtype=object), 'answer_start': array([ 0, 19, 19,  0])}"
nqii_7136,Berg,"Berg er í bergfræði náttúrulegt samansafn steinda og / eða steindlíkja , berg er flokkað eftir steinda og efnainnihaldi þess , eftir því hvernig það var myndað og eftir áferð þess .",Hvernig er berg skilgreint ?,"{'text': array(['Berg er í bergfræði náttúrulegt samansafn steinda og / eða steindlíkja',
       ' náttúrulegt samansafn steinda og / eða steindlíkja'],
      dtype=object), 'answer_start': array([ 0, 19])}"
nqii_12979,Spánn,Spánn var einræðisríki undir stjórn Franciscos Franco einræðisherra frá 1939 til 1975 . Jóhann Karl 1. var konungur Spánar frá 1975 til 2014 . Núverandi konungur er Filippus 6 .,Hver er konungur Spánar ?,"{'text': array([' Filippus 6 .', ' Filippus 6 .'], dtype=object), 'answer_start': array([164, 164])}"
nqii_4103,Morgunblaðið,"Morgunblaðið er íslenskt dagblað sem kemur út alla daga vikunnar á Íslandi , nema á sunnudögum . Það kom fyrst út 2. nóvember 1913 og hefur verið gefið út af Árvakri síðan 1924 . Stofnendur Morgunblaðsins voru þeir Vilhjálmur Finsen og Ólafur Björnsson , yngri bróðir Sveins Björnssonar forseta . Árið 1997 hóf svo Morgunblaðið útgáfu fréttavefs á netinu næstfyrst allra fréttastofa á Íslandi , en RÚV hóf útgáfu á netinu árið 1996 .",Hvenær var Morgunblaðið stofnað ?,"{'text': array([' 2. nóvember 1913', ' Það kom fyrst út 2. nóvember 1913',
       ' 2. nóvember 1913'], dtype=object), 'answer_start': array([113,  96, 113])}"
nqii_9364,Háskólinn í Reykjavík,Saga HR hefst með stofnun Tækniskóli Íslands árið 1964 . Með tilvist hans var ætlað að brúa bilið milli iðnmenntunar og háskólanáms . Tækniskólinn var færður á háskólastig árið 2002 og tók þá upp nafnið Tækniháskóli Íslands . Þann 4. mars árið 2005 sameinuðust Tækniháskóli Íslands og Háskólinn í Reykjavík undir nafni Háskólans í Reykjavík . HR hafði verið starfræktur frá 4. september árið 1998 og var starfsemi hans byggð á Tölvuháskóla Verzlunarskóla Íslands ( TVÍ ) sem stofnaður var í janúar 1988 . Háskólinn í Reykjavík var settur í fyrsta sinn undir nafninu Viðskiptaháskólinn í Reykjavík . TVÍ varð önnur tveggja deilda hins nýja háskóla . Í janúar árið 2000 var ákveðið að breyta nafni skólans í Háskólinn í Reykjavík þar sem gamla nafnið þótti ekki nógu lýsandi fyrir starfsemi skólans .,Hvenær var HR stofnaður ?,"{'text': array([' Þann 4. mars árið 2005 sameinuðust Tækniháskóli Íslands og Háskólinn í Reykjavík undir nafni Háskólans í Reykjavík'],
      dtype=object), 'answer_start': array([225])}"
nqii_8334,Grikkland hið forna,"Tvítugur sonur Filippusar , Alexander , tók við af föður sínum . Hann hóf þegar í stað undirbúning að því að hrinda í framkvæmd áformum föður síns . Hann fór til Kórintu þar sem grísku borgríkin viðurkenndu hann sem leiðtoga Grikkja en hélt síðan norður til að gera her sinn reiðubúinn . Herinn sem hann hélt með til Persíu var í meginatriðum makedónskur , en margir hugsjónamenn frá öðrum borgríkjum gengu í hann . En þegar Alexander var önnum kafinn í Þrakíu barst honum fregn um uppreisn grísku borgríkjanna . Hann hélt suður í skyndi , hertók Þebu og jafnaði borgina við jörðu , öðrum grískum borgum til viðvörunar .",Afkomendur hvaða hershöfðingja réðu fyrir Makedóníu ?,"{'text': array([' Alexander'], dtype=object), 'answer_start': array([27])}"
nqii_4054,Íslensk króna,"Íslensk króna ( ISO 4217 kóði : ISK , oft skammstöfuð "" kr. "" ) er opinber gjaldmiðill á Íslandi . Íslensk króna var fyrst gefin út af Landsbankanum árið 1876 á föstu gengi gagnvart dönsku krónunni og var hún þannig tengd verði á gulli með aðild að norræna myntbandalaginu . Seðlabanki Íslands var stofnaður árið 1961 og frá árinu 1966 hefur hann haft einkarétt til útgáfu lögeyris á Íslandi . Árið 1981 var gerð myntbreyting þar sem felld voru brott tvö núll af verðgildi krónunnar , þannig að 100 gamlar krónur urðu að 1 nýrri krónu . Ein króna jafngilti upprunalega 100 aurum , en síðan 1. október 2003 hefur minnsta einingin verið 1 króna , og er auramynt nú verðlaus auk þess sem 100 , 50 og 10 krónu seðlar hafa verið innkallaðir . Árið 2014 voru eftirtaldar einingar gildur lögeyrir á Íslandi :",Hversu gömul er íslenska krónan ?,"{'text': array([' Íslensk króna var fyrst gefin út af Landsbankanum árið 1876'],
      dtype=object), 'answer_start': array([98])}"
nqii_17489,Mongólía,"Mongólía er hálf önnur milljón ferkílómetra að stærð , sem jafngildir ríflega fimmtánfaldri stærð Íslands , og eins og Ísland er Mongólía afar fámennt land . Einungis tvær milljónir af 5 ½ milljón Mongóla , búa í Mongólíu , hinir búa í ýmsum héröðum nágrannalandanna . Þetta fámenni gerir landið allnokkru strjálbýlla , með 1,7 íbúa á ferkílómetra , en til dæmis Ísland , sem hefur 3,4 íbúa á ferkílómetra . Í höfuðborginni , Ulaanbataar , búa um 700.000 manns . Aðrar borgir eru öllu minni . Landið liggur beggja vegna við 46° N sem þýðir að hnattstaða þess er svipuð og Frakklands .",Hvert er flatarmál Mongólíu ?,"{'text': array([' hálf önnur milljón ferkílómetra',
       'Mongólía er hálf önnur milljón ferkílómetra að stærð'],
      dtype=object), 'answer_start': array([11,  0])}"
nqii_15680,Napóleon Bónaparte,"Í erfðaskrá sinni hafði Napóleon beðið um að vera grafinn á bökkum Signufljóts en landstjóri Sankti Helenu , Hudson Lowe , ákvað þess í stað að láta grafa hann á eyjunni . Napóleon var grafinn á Sankti Helenu til ársins 1840 , en þá fékk Loðvík Filippus Frakkakonungur , að undirlagi Adolphe Thiers forsætisráðherra , leyfi til að flytja lík hans til Frakklands . Napóleon fékk ríkisútför í París í desember þetta ár og var að endingu grafinn í Invalide-hvelfingu Parísarborgar . Grafarminnismerki fyrir Napóleon var vígt í hvelfingunni árið 1861 í valdatíð bróðursonar Napóleons , Napóleons III .",Hvar dó Napóleon ?,"{'text': array([' landstjóri Sankti Helenu , Hudson Lowe , ákvað þess í stað að láta grafa hann á eyjunni .'],
      dtype=object), 'answer_start': array([81])}"
nqii_8403,Hagfræði,"Hagfræði er félagsvísindagrein sem fæst við það hvernig einstaklingar , fyrirtæki og samfélög ráðstafa takmörkuðum auðlindum og gæðum . Hagfræðingar rannsaka meðal annars hvernig framleiðendur og neytendur skiptast á gæðum og framleiðsluþáttum , hvernig hagrænir hvatar hafa áhrif á ákvarðanatöku , hvernig starfsemi í samfélögum þróast yfir tíma og hvernig yfirvald getur haft áhrif á ráðstöfun aðfanga og gæða .",Hvað gera hagfræðingar ?,"{'text': array([' Hagfræðingar rannsaka meðal annars hvernig framleiðendur og neytendur skiptast á gæðum og framleiðsluþáttum , hvernig hagrænir hvatar hafa áhrif á ákvarðanatöku',
       ' rannsaka meðal annars hvernig framleiðendur og neytendur skiptast á gæðum og framleiðsluþáttum'],
      dtype=object), 'answer_start': array([135, 148])}"
nqii_2001,Knattspyrnufélag Reykjavíkur,"Tímabilið þar á eftir var tímabil vonbrigða hjá KR . Því þó svo að liðið hafi lent í öðru sæti í deildinni , vantaði greinilega eitthvað í liðið og endaði það þannig að KR datt út í fyrstu umferð úrslitakeppninnar gegn ÍR , 1 - 2 . Fyrir tímabilið hafði Helgi Már Magnússon komið aftur til KR frá Sviss , sem hann hafði verið að spila körfubolta áður . Ljóst var að miklar breytingar þurftu að eiga sér stað , ætti KR að halda áfram á sigurbraut . Sú varð síðar raunin . Rúmum mánuði fyrir tímabilið 2008 - 2009 var það tilkynnt að Jón Arnór Stefánsson og Jakob Örn Sigurðarson höfðu gengið til liðs við KR frá liðum sínum á Ítalíu og Ungverjalandi . Auk þess hafði nýr Bandaríkjamaður gengið til liðs við KR-inga .",Með hvaða liði spilar Jón Arnór í dag ?,"{'text': array([' KR'], dtype=object), 'answer_start': array([603])}"
nqii_1442,Siðaskiptin á Íslandi,"Siðaskiptin á Íslandi urðu um miðja 16. öld og eru gjarnan miðuð við aftöku Jóns Arasonar biskups á Hólum haustið 1550 , en hann var tekinn af lífi ásamt sonum sínum í Skálholti . Siðbreytingin hófst þó töluvert fyrir líflát Jóns , en aftakan markaði þáttaskil vegna þess að biskupinn hafði verið helsti andstæðingur hennar á Íslandi og þegar hann var úr sögunni varð miklu auðveldara að koma breytingum í kring .",Hvenær áttu siðaskiptin sér stað ?,"{'text': array([' um miðja 16. öld og eru gjarnan miðuð við aftöku Jóns Arasonar biskups á Hólum haustið 1550',
       ' haustið 1550'], dtype=object), 'answer_start': array([ 26, 105])}"
